:020000040800F2
:10000000B00B0020F1020008B75F0008ED560008B1
:10001000B55F000835290008F174000800000000F1
:1000200000000000000000000000000093630008D2
:100030003729000800000000B95F00089563000838
:100040000B0300080B0300080B0300080B03000858
:100050000B0300080B0300080B0300080B03000848
:100060000B0300080B0300080B0300080B03000838
:100070000B0300080B0300080B0300080B03000828
:100080000B030008000000000B0300080B0300082E
:100090000B0300080B0300080B0300080B03000808
:1000A0000B0300080B0300080B0300080B030008F8
:1000B0000B030008156400080B0300080B0300087D
:1000C0000B0300080B0300080B0300080B030008D8
:1000D0000B030008E57400080B0300080B0300087D
:1000E0000B0300080B0300080B0300080B030008B8
:1000F0000B0300080B0300080B03000800000000BE
:10010000000000000B030008000000000B030008C3
:100110000B030008000000000B0300080B0300089D
:100120000B0300080B0300080B0300080B03000877
:100130000B03000800000000000000000B03000893
:100140000B0300080B030008000000000000000083
:10015000000000000000000000000000000000009F
:100160000000000000000000000000000B03000879
:100170000B03000800000000000000000000000069
:10018000000000000B030008000000000000000059
:10019000000000000000000000000000000000005F
:1001A00000000000000000000B0300080B03000823
:1001B0000B0300080B0300080B03000800000000FD
:1001C000000000000B030008000000000000000019
:1001D0000B0300080B03000800F002F800F078F8A9
:1001E0000AA090E8000C82448344AAF10107DA4592
:1001F00001D100F06DF8AFF2090EBAE80F0013F06C
:10020000010F18BFFB1A43F00103184790A3000029
:10021000B0A300000A444FF0000C10F8013B13F0AB
:10022000070408BF10F8014B1D1108BF10F8015B4F
:10023000641E05D010F8016B641E01F8016BF9D142
:1002400013F0080F1EBF10F8014BAD1C0C1B09D199
:100250006D1E58BF01F801CBFAD505E014F8016B0B
:1002600001F8016B6D1EF9D59142D6D3704700009D
:100270000023002400250026103A28BF78C1FBD8AF
:10028000520728BF30C148BF0B607047662908F08D
:10029000AA87642900F02881632900F06E867329FB
:1002A00000F07386002070471FB508F08FFF01F043
:1002B00031F904000020002108F03EFA401C606083
:1002C0000020002108F022FAE0601FBD10B510BD2B
:1002D00001F0E6FB1146FFF7E7FF08F02FF801F009
:1002E00043FE03B4FFF7F2FF03BC01F059FE000028
:1002F0000948804709480047FEE7FEE7FEE7FEE7BA
:10030000FEE7FEE7FEE7FEE7FEE7FEE704480549F5
:10031000054A064B7047000005640008D901000833
:10032000B0050020B00B0020B0070020B00700206F
:1003300053EA020C00F069802DE9F04B4FF0000603
:10034000002B1FBFB3FA83F503FA05F424FA05F670
:100350005E4012BF1643B2FA82F502FA05F4C5F107
:1003600020051EBF22FA05FC44EA0C04203556EA9B
:10037000044C4FEA144418BF641C4FF000084FF0BF
:100380000009904271EB030C39D3002919BFB1FA6F
:1003900081F701FA07F6B0FA80F700FA07F6C7F11D
:1003A00020071EBF20FA07FC46EA0C062037B6FBE2
:1003B000F4FCA7EB0507103F07F01F0BCBF120065D
:1003C0000CFA0BFB2CFA06F644BFB3460026202F8E
:1003D000A4BF5E464FF0000B5BEA060C08BF4FF06F
:1003E000010B19EB0B09ABFB027C48EB0608C01BA9
:1003F00006FB02CC0BFB03CC71EB0C01C1E70B46F7
:10040000024641464846BDE8F08B13B54FF0000068
:100410004FF00001AFF30080BDE81C4070470000C2
:100420000FB41CB5074B06AA7B446946009005989B
:1004300000F081FD0020694600F090FD1CBC5DF8D5
:1004400014FB0000310B000070B50446856900689C
:10045000C10601D5302600E02026C00707D070BDB8
:10046000D4E9012130469047206A401C20626D1E6D
:10047000F6D570BD70B5044685690078C00707D110
:1004800070BDD4E9012120209047206A401C2062E1
:100490006D1EF6D570BD70B50C460546012A05D017
:1004A0002878800600D5EA69002302E0012305E0F0
:1004B0005B1C934202D2E05C0028F9D1A869E618DF
:1004C000C01AA861286A184428622846FFF7BCFFB2
:1004D00004E0D5E9012114F8010B9047B442F8D3A8
:1004E0002846FFF7C7FF70BD2DE9F04106460024FE
:1004F00010687529314616A510D0AFF3008000288A
:1005000002DA404213A507E031688A0701D512A537
:1005100002E0490704D511A5012401E0AFF30080F2
:1005200000210A2206F1240709E0B0FBF2FCB0FB2F
:10053000F2F302FB1C00303078541846491C0028A6
:10054000F3D123462A463046BDE8F04100F085BA93
:10055000000000002D0000002B0000002000000023
:100560002DE9F05F894604464FF0000ADFF824B118
:10057000FB44C0F820A02046E168884700287DD0D1
:10058000252806D0D4E901219047206A401C20622A
:10059000F1E700255F462046E168884720280646A7
:1005A00007DB312E05D2B81910F8200C08B105432D
:1005B000F1E7A80701D525F00405C4F81CA0002721
:1005C000C4F818A02A2E09D0304607F0D4F838B362
:1005D00004EB8708303EC8F8186019E059F8041B8E
:1005E000204604EB87029161E1688847012F0646A7
:1005F00018D1E069002820DA25F020051DE0D8F8A0
:10060000180000EB800006EB40003038C8F81800F6
:100610002046E1688847064607F0ADF80028EED18D
:10062000012F0AD02E2E08D12046E16888477F1C72
:100630000646022F45F02005C4DBA069002803DA36
:10064000404245F00105A061E80701D025F0100502
:10065000A6B1A6F14100192802D8203645F400655C
:100660004A463146204625604D46FFF70FFE60B1F1
:10067000012807D0ED1D25F0070000E007E000F19C
:10068000080978E705F1040975E730467AE7206A3A
:10069000BDE8F09F829F00000FB400B58DB010A997
:1006A000099000910B904FF0FF300A9000200C90C1
:1006B000064878440690064878446A4607900F99A1
:1006C00009A800F0F7FE0DB05DF814FB1F0E000046
:1006D000370E00002DE9FF5F1D464FF0FF3B9146AE
:1006E0004FF000085F46D5E90146A96901987F1CD3
:1006F0008847296A824688470028F6D1BAF1FF3F29
:100700000CD0002E24F4C06419DD600614D5BAF1B3
:100710002B0F09D0BAF12D0F0ED103E0584604B0CB
:10072000BDE8F09F44F48064A96901987F1C884764
:10073000761E8246002E02DDBAF1300F03D0B9F1E9
:10074000000F26D032E0A969761E01987F1C44F480
:1007500000748847002E824605DDBAF1780F06D076
:10076000BAF1580F03D0B9F1000F10D01EE0B9F163
:10077000000F02D0B9F1100F18D1A969761E0198A7
:100780007F1C24F4007488478246102002E0082071
:1007900000E00A20814609E0A96908FB0908761EE5
:1007A00001987F1C44F4007488478246002E05DDC2
:1007B0004946504600F0EDFB0028EDDAE969019862
:1007C0008847A00502D46FF00100A8E7E00725D113
:1007D000600613D5600502D5C8F1000000E0404670
:1007E00029680A1D2A600968220501D5087015E0EC
:1007F000220701D5088011E008600FE02868011D7C
:1008000029600068210502D580F8008006E02107F4
:1008100002D5A0F8008001E0C0F8008038467EE7ED
:100820002DE9FF5F4FF0000899461446464691694E
:10083000D2E901A7DDF838B001988847054659EAA2
:100840000B0005D009E0A1690198761C8847054690
:10085000216A284688470028F5D1681C03D05FEA42
:10086000CA7005D015E04FF0FF3004B0BDE8F09F2E
:100870002068011D2160D0F800800AE05FEACA709C
:1008800001D108F8015BA169761C01987F1E884799
:100890000546002F1ADD681C18D0B9F1000F0DD0E5
:1008A000E81705EBD060421120F01F0059F8221024
:1008B0002A1A012090400142E0D107E0BBF1000F6D
:1008C000DCD12846216A88470028D7D0E169019801
:1008D0008847BBF1000F07D1002E05DD5FEACA7023
:1008E00002D1002188F80010A068B84203DDBBF1F6
:1008F000000F03D017B16FF00100B6E73046B4E740
:1009000040EA0103024630B59B0710D14FF0013495
:1009100000E008C208C91D1B9D4315EAC41FF8D09A
:1009200013F0FF0102F8011B0DD01B0AF8E711F8C4
:10093000013B002B02F8013B05D011F8013B002BD5
:1009400002F8013BF3D130BD10B5431C02E010F8B2
:10095000011B71B18107FAD14FF0013202C88C1A24
:100960008C4314EAC211F9D0C01A0A0603D0C01E83
:1009700010BDC01A10BD0A0401D0801E10BD0902AE
:10098000FCD0401E10BD4FF0000200B51346944647
:100990009646203922BFA0E80C50A0E80C50B1F1D7
:1009A0002001BFF4F7AF090728BFA0E80C5048BFEB
:1009B0000CC05DF804EB890028BF40F8042B08BF89
:1009C000704748BF20F8022B11F0804F18BF00F885
:1009D000012B70474FF0013C50F8042B51F8043BB9
:1009E0009A4221D1A2EB0C03934313EACC1317D103
:1009F00050F8042B51F8043B9A4215D1A2EB0C039A
:100A0000934313EACC130BD150F8042B51F8043B59
:100A10009A4209D1A2EB0C03934313EACC13DBD027
:100A20004FF00000704700BFD01A01BAB1FA81F14F
:100A300001F0180122FA01F0CB40C1F12001DBB234
:100A4000C0B2C01A2CFA01F3D11A914311EAC311B2
:100A5000E6D170477047704770472DE9F0470D4663
:100A600099469246044600F124080168880604D598
:100A7000E06921F01001216000E00120A84201DDC1
:100A8000471B00E00027A1697A1902EB0900081A48
:100A9000A0612078C00602D42046FFF7D5FC0026CE
:100AA00008E0D4E901211AF806009047206A401CAA
:100AB000761C20624E45F4DB2078C0060AD520461D
:100AC000FFF7C2FC06E0D4E9012130209047206AFC
:100AD000401C2062381EA7F10107F4DC07E0D4E9CE
:100AE000012118F805009047206A401C2062281E4A
:100AF000A5F10105F3DC2046FFF7BCFC20780006D9
:100B000002D50220BDE8F0870120FBE770472DE900
:100B1000FF4F0C461E464FF0FF378BB0D2E9000165
:100B2000DDF860800A908A46C1F30A5505B93D4652
:100B3000002108464FF00000BAF1000F00F4400019
:100B400005DA00EB80004FF4400101EA50004FEA63
:100B50009059B9F1010F00DDB9460A9850EA4A00F0
:100B60000ED044F61050A5F2FF3545432F14B8F1CE
:100B7000000F1ED07542291E1EDDC9F100021CE0C7
:100B8000B8F1010F4FF0000001D0302103E0F24333
:100B900005E02154401CB042FBDB3046002200211E
:100BA00021540B99C1F80880C1E900200FB0BDE8BD
:100BB000F08FBD1B6D1CDEE74A4600DA694206A8CD
:100BC00000F0F8FE06AB93E8070003AB83E80700EC
:100BD00050460A9901F0EBF98DE80700A0F50050A6
:100BE0001F3800900398002D0ADD42F21F014A468B
:100BF0000844002303A90390684601F097FC09E02C
:100C0000A0F500504A461F38002303A90390684608
:100C100001F0B6FC8DE807000004000C03D04FF093
:100C2000FF30410800E01046B8F1000F03D0002269
:100C3000009215461EE0751E05D400F073FC30329C
:100C400062556D1EF9D5B3460122084302D0002239
:100C50007F1C04E02078302801D100227F1E002A6A
:100C6000099784D01DE0112D07DA00F05BFC3032CB
:100C700062556D1C50EA0102F5D1084302D000987C
:100C8000C8B10EE00021681E05E0235C625C63547D
:100C90002254401E491C8142F7DBAB46A81B401E74
:100CA0000990002004F80B000B98099AC0F80880FE
:100CB000C0E9002B7AE711264FF0000857E72DE92D
:100CC000F04F88460446D21D22F0070191B0D1E9C9
:100CD0000001CDE90A0106F00CFC02460B98C00F9A
:100CE00001D02D2007E02068810701D52B2002E0EC
:100CF000202101EAC000032A099001D0072A05DB60
:100D000003464146204600F05BFC0BE1207880065C
:100D100001D5E06900E00620B8F1650F814606D0F4
:100D2000B8F1660F18D0B8F1670F70D131E000202C
:100D3000B9F1110F009001DB112301E009F101036A
:100D40000AAA01A90CA8FFF7E2FEDDE90C70002653
:100D500009F10105834647E001204B4600904FF022
:100D600000470AAA01A90CA8FFF7D1FEDDE90DB0E2
:100D70000C995D46002610B909F101000D18B9EB78
:100D8000050003D4C0F1FF3609F10105A5EB090008
:100D90002BE0B9F1010F01DA4FF001090020B9F1A0
:100DA000110F0090484601DD112300E003460AAA16
:100DB00001A90CA8FFF7ABFEDDE90C704D4600263B
:100DC0008346207800070AD4AB4500DA5D4601A8C7
:100DD000012D04DD411911F8011C302907D04F45C0
:100DE00002DA17F1040F04DA012082460FE06D1ECB
:100DF000EEE7002F02DCED1B3E4403E0781CA84226
:100E000000DD7D1CB81B00F1010A4FF0004720787F
:100E1000000703D4AA4501DB4FF0FF3A0021B7F1E8
:100E2000004F0DF143088DF8431024D002202B23EE
:100E3000002F01DA7F422D230A21021EA0F10100BA
:100E400000DC5FB197FBF1FC97FBF1F201FB1C7C2E
:100E500017460CF1300C08F801CDEEE7A8F10100BF
:100E600003702188090501D5452100E06521A0F125
:100E7000010800F8011C09980FA9A1EB0807FF1D44
:100E800000B10120411901EBEA70A1693844081A48
:100E9000401EA0612078C00602D42046FFF7D4FA95
:100EA000099828B1D4E901219047206A401C2062AA
:100EB0002078C00622D52046FFF7C6FA1EE0002E95
:100EC00004DBB34502DD01A8805D00E03020D4E9F9
:100ED00001219047206A401C2062761CAAF1010083
:100EE0005FEA000A0AD100F015FBC0680168405CA7
:100EF000D4E901219047206A401C2062281EA5F1F8
:100F00000105DCDC07E0D4E9012118F8010B90476A
:100F1000206A401C2062381EA7F10107F3DC20463E
:100F2000FFF7A8FA032011B041E6000001694A1C4E
:100F300002610878704700B58FB0CDE9013100211A
:100F4000059105497944CDE9031011466846FFF73C
:100F500007FB0FB000BD0000E5FFFFFF0A6802F8C5
:100F6000010B0A60704710B5436913B1AFF30080FD
:100F700001E0FFF790FA012010BD127800F1240182
:100F80000A7000224A700122EDE711684FF0FF322B
:100F9000E9E73A2800D2303820F02002412A01D374
:100FA000A2F13700884201D34FF0FF3070470000B4
:100FB0002DE9FF4F06468BB00878FF2806D0491C64
:100FC0002D2805D000244FF0000908E000200CE097
:100FD0000124F8E709EB8903491C00EB4309087871
:100FE000FF28F7D114B1C9F100008146107800251F
:100FF0002C46AA4629462D2801D02B2804D1521C64
:101000002D2813D0002082468B461078FF280FD061
:101010004FF0000C0A21521CA5FB017804FB018152
:1010200005FB0C11C5194BEB0104EEE70120EAE7C3
:10103000002108464FF00000BAF1000F02D000EB8B
:1010400080004008C0F38157012F01DD4FF0FF37CA
:101050000E9955EA040009EB01080BD04FF0020984
:1010600018F5FA7F16DA4FEACA70002F706008DDB3
:10107000012007E04FEACA70C6E900B00FB0BDE832
:10108000F08F0020306000F049FAC0F8009018217D
:10109000084616E0B8F5FA7F18DD002F02DAF748A7
:1010A000784401E0F6487844D0E90010C6E9001021
:1010B00040EACA70706000F031FAC0F80090142164
:1010C00008460FB0BDE8F04F08F08AB80021084686
:1010D0004FF00000B8F10001099002DAC7F10002F8
:1010E00000E03A4601DAC8F1000106A800F062FC0F
:1010F00006AB93E8070003AB83E8070044F23E0029
:101100005BEA04010090584604D144F21E012C46CB
:101110005D460091210C0904014306D10099240485
:1011200044EA15442D041039009104F07F41014335
:1011300006D10099240244EA15642D020839009171
:1011400004F07041014306D10099240144EA15746A
:101150002D01091F009104F04041014306D100997F
:10116000A40044EA9574AD00891E009104F000418A
:10117000084304D100986D196441401E00904FF05F
:1011800001033A466846B8F1000FCDE9014503A9CD
:1011900002DD01F00AFA01E001F0DDF9BAF1000F19
:1011A00004460D4601D084F00044002108464FF06B
:1011B0000000099940F2FF77484010F00C0F07D16A
:1011C00024F00040284303D0C4F30A50B84212D19F
:1011D00000F0A4F9C0F80090C4F30A50B8420AD154
:1011E000A8487844D0E90010C6E9001004F0004196
:1011F0000843706042E7C6E900543FE72DE9FF4F1E
:101200001F464FF0000A4FF0FF38454691B0D7E92E
:101210000146CDF83CA000F07DF9C0680168405C53
:101220001090B96912986D1C8847396A81468847C1
:101230000028F6D1B9F1FF3F0AD0002E24F4D06483
:1012400011DDB9F12B0F08D0B9F12D0F0BD102E050
:10125000404615B013E744F48064B96912986D1CD8
:101260008847761E8146600504A901D52D2000E03F
:101270002B20002E01F1010B0DF130088DF810002C
:101280003FDDB9F1690F08D0B9F1490F05D0B9F1C7
:101290006E0F02D0B9F14E0F1CD13B4601A800954C
:1012A00080E85002DDE912126FF0020008F001F848
:1012B000C11CCED10EE0B96912986D1C88478146D9
:1012C0001398761E44F4007405600F98401C002E9D
:1012D0000F9016DDB9F1300FEDD0B9F1780F02D0D3
:1012E000B9F1580F0DD10F9801280AD13B46CDE92D
:1012F0000054DDE91212001F029607F0D8FFC11C4E
:10130000A7D1109989453ED144F0800406E0139995
:10131000681CAAF1010A44F400740860B9696D1CE4
:101320001298761E884730288146F0D02BE010991D
:10133000894505D1200603D4761E44F0800418E0C8
:10134000484606F018FA08B3761E0DF123018B45C6
:1013500044F4007408D2A9F130000BF8010B200608
:1013600007D5AAF1010003E0200602D40AF101002A
:101370008246A00502D51399681C0860B9691298C5
:101380006D1C88478146002ED1DC53E0002E51DDD4
:10139000B9F1650F02D0B9F1450F4BD1A00549D580
:1013A000B9696D1C1298761E24F440748847002E8B
:1013B00081460CDD2B2804D0B9F12D0F07D144F460
:1013C0008074B96912986D1C8847761E8146E005C5
:1013D00001D52D2100E02B2108F8011BCDF800805C
:1013E00021E0761E0DF13901884544F400740CD2D9
:1013F000A9F1300010F0FF0088F8000002D1009938
:10140000884509D908F1010806E0E00501D51E4824
:1014100001E042F20F708246B96912986D1C88474C
:10142000814613980560002E04DD484606F0A3F9B6
:101430000028D6D1F96912988847FF2053468BF8C7
:10144000000088F8000000200A900B9004AA0CA964
:101450000AA8FFF7ADFDA00502D46FF00100F8E681
:1014600014F0240F12D0E0071CD13868DDE90A120D
:10147000031D3B600068C0E9001213E020950000E6
:1014800012950000D6930000F1D8FFFF0AA9684624
:1014900006F05EF9E00705D13868009A011D396051
:1014A000006802602846D4E602681144137801609F
:1014B00018467047D160054979445161044979441F
:1014C000116200211161114600F0BAB8EDFFFFFF73
:1014D000ED000000426842B1016811F8013B23B100
:1014E000521EC0E90012184670470121C160881ED3
:1014F000704742685AB1C368016843B983688B4238
:1015000005D0491E521CC0E90012002070474FF060
:10151000FF307047004870476C0500200048704756
:101520004C05002030B5B0F10A024FEA900E71F17F
:1015300000034EEA817EB0EB0E0061EB91014FEAB1
:10154000101E4EEA017E10EB0E0041EB11114FEA26
:10155000102E4EEA016E10EB0E0041EB11214FEA06
:10156000104E4EEA014E10EB0E0041EB11414018B7
:1015700041F100014FEAD00040EA41704FEAD10149
:1015800010EB80054FEA810444EA907444EB0104B7
:101590006D1944EB0404521BA3414FF0000348BFF4
:1015A0000A3200D530BD401C41F1000130BD10B5FC
:1015B000044600F09BFA0068005D00F0010010BDD9
:1015C0002DE9F0411F46044603260168072A01F46D
:1015D000006004DB08B116A505E016A503E008B11C
:1015E00015A500E015A521F010002060A069C01E1F
:1015F000A0610FB1401EA0612046FEF725FF4FB14C
:10160000D4E9012138469047206A401C2062C01C62
:10161000206206E0206AFAE7D4E9012115F8010BFF
:101620009047761EF8D22046FEF724FFBDE8F081F1
:101630004E414E006E616E00494E4600696E660076
:101640002DE9F34F4FF0000A0C4656468DB00120AD
:101650000C9001F10C000B9062690B9801219047EE
:10166000051E2DD0252D2CD0216A8847C0B1626976
:101670000B9801219047216A88470028F7D16269B9
:10168000411E0B98904700E0761CA1690D98884791
:10169000216A88470028F7D1E1690D988847DBE780
:1016A000A1690D988847A842074601D1761CD3E767
:1016B000E1690D9888477F1C02D1BAF1000F6FD005
:1016C0006BE162690B9800273D46394690472A280E
:1016D00004D162690B98012190470125DFF8D0827F
:1016E00062690B9801219047A0F130010A290AD2C2
:1016F0004745E5DC07EB870100EB4107303FDFD4CE
:1017000045F01005ECE7E90601D46FF000476C28BE
:101710000AD04C2814D0682815D06A280DD0742817
:101720001CD07A281AD01DE062690B9801219047DD
:101730006C2802D045F0040514E045F002050DE0E8
:1017400045F020050AE062690B980121904768285E
:1017500002D045F0080505E045F4006562690B9884
:1017600001219047C4E9015765283DD019DC58286C
:101770007AD00CDC452837D004DC252826D0412837
:101780009ED131E046282FD0472899D12CE05B2804
:1017900077D0612828D063287CD0642823D15AE0F0
:1017A000F6E06F2848D008DC66281DD067281BD0DB
:1017B000692821D06E2816D127E0702845D07328DB
:1017C00068D0752847D078280DD14DE0A1690D98D3
:1017D0008847252805463FF469AFE1690D98884799
:1017E0006D1C3FF46AAFD8E00D9923466A466FF04E
:1017F000010007F05AFDC5E045F0400023464FF0D8
:1018000000026060A80736D43EE0E8077FF447AFE7
:101810002068011D21600068290501D506701BE7BD
:10182000290701D5068017E7A90703D5F117C0E9F5
:10183000006111E706600FE745F0400023464FF0D6
:1018400008026060A80716D41EE040F60E0125EAE3
:101850000100606016E045F0400023464FF00A02A8
:101860006060A80707D40FE045F040006060A8075B
:1018700008D5234610220D996FF00100AFF30080C8
:1018800080E007E0102223460D996FF00100FEF77B
:1018900021FF77E04FF0000963284F46C8464B46CA
:1018A000CB4602D05B2806D038E0E80601D4012000
:1018B000A060012732E06269D4F80CB00B980121D6
:1018C00090475E2807D14FF0010949466269D4F874
:1018D0000CB00B989047216939B900210A4603AB37
:1018E00043F82120491C0829FADBD8B3216949B300
:1018F00008F1010862690B98012190475D28F4D135
:10190000B9F1000F09D0002003A951F82020D243DB
:1019100041F82020401C0828F7DB03AB2069002891
:1019200020794FEA40701ED05B462246CDF80080F9
:10193000CDE901970D9900286FF0010020DAAFF38F
:1019400000801FE0C11703AA00EBD1614B1121F009
:101950001F0102EB8302411A1368012088400343F0
:101960001360C7E719E00D99224600286FF00100C7
:10197000009702DAAFF3008004E0FEF751FF01E0C8
:10198000AFF3008000280ADA401C06D10C9820B181
:101990004FF0FF300FB0BDE8F08F5046FAE7E9078F
:1019A00001D10AF1010A064400200C9054E600001F
:1019B000CCCCCC0C2DE9F047814616468AB0354890
:1019C00078440DC88DE80D0032487844801C03AC83
:1019D0000DC884E80D0041F69B300844372190FB88
:1019E000F1F290FBF1F5A5F1800501FB12041B3C1F
:1019F00002D56442012000E00020DFF898A0804674
:101A00000027FA44AAF1BE0A0EE0E0070AD03246E7
:101A1000684607EB470101230AEB810100F0B0FDA6
:101A20008DE8070064107F1C002CEED1194F7F4415
:101A3000AE3F19E0E80715D007EB04100DF1180AC6
:101A400090E80E008AE80E00C068F04201D19819B3
:101A500008903246012306A903A800F091FD03ABCC
:101A600083E807006D10641C002DE3D14FF00103E3
:101A700032466946B8F1000F03A802D000F056FDC7
:101A800001E000F07DFDC9E90001C9F808200AB0B5
:101A9000BDE8F087C08B0000004870474C0500206F
:101AA0007546FFF7F9FFAE4605006946534620F03C
:101AB0000700854618B020B5FEF728FCBDE8204099
:101AC0004FF000064FF000074FF000084FF0000BFA
:101AD00021F00701AC46ACE8C009ACE8C009ACE8AD
:101AE000C009ACE8C0098D467047000010B5FFF78B
:101AF00011FD001D10BD00BF416C000010B5FFF7C7
:101B00000DFD006810BD10B50446FFF707FD046029
:101B100010BD00002DE9FF4F1F464FF03C0987B074
:101B20004FF00042DDE9141001F10108DDF858A082
:101B300002EA405003900020059083460546044683
:101B40000490B969461E08988847AAF1010A0290D4
:101B5000BAF1000F3BDD02982E2815D01021FFF7B7
:101B600018FA00282EDB4FF0010B0599014317D01E
:101B7000B9F1000F0BDB4A46C11700F0FEF905432F
:101B80000C43A9F1040905E0012004900BE008B121
:101B900045F0010501200590049820B9361D02E0AA
:101BA000049800B1361FB969089808F10108884700
:101BB000BBF1000FAAF1010A0290C9D00999C1F83E
:101BC0000080C5E70298702808D0502806D0F9692F
:101BD00008988847BBF1000F14D04FE00020029016
:101BE0000120BBF1000F049009D0B969089808F1F1
:101BF00001088847AAF10109B9F1000F07DCF9696A
:101C0000089888476FF001000BB0BDE8F08F2B28D3
:101C100004D02D280CD14FF0FF300490B9690898FA
:101C200008F101088847A9F10109B9F1000FE6DDC3
:101C3000411CE4D00A21FFF7ACF90028DFDB029950
:101C400008F1010801EB810100EB41000290B96944
:101C5000089888470A21FFF79CF9099AA9F1010918
:101C6000B9F1000FC2F8008001DD0028E7DAF96958
:101C7000089888470499029800FB016655EA040019
:101C800004D004F04041090002D006E0039898E037
:101C9000A40044EA9574AD00B61E04F000410800AB
:101CA00002D16D196441761E159810F0240F03D0EF
:101CB0004FF00B095C4803E04FF028096FF07D00FE
:101CC0008246564507DAAAEB06018944B9F1410F6D
:101CD00001DD4FF0410901200021A9F1010200F0CE
:101CE0004CF9024628400B462140084301D001210F
:101CF00000E00021501E029143F1FF3128402140B5
:101D0000084301D0012000E000200299834651EAF7
:101D10000B014FD0002108464FF00000039900F45A
:101D2000400039B100EB80004FF4400100EBD0706F
:101D300001EA60008015012802DD4FF0FF3000E06D
:101D400013D0401C36D0029860B3BBF1000F0CD109
:101D50004A460120002100F010F9284021400843A4
:101D600001D0012000E00020E0B101204A4600211E
:101D700000F003F9034640190A4661412D1A8C41CF
:101D800011D3B9F1400F09DD159810F0240F02D0DE
:101D9000AAF1340603E0AAF1170600E0761C00253C
:101DA0004FF0004406E05B1E42F1FF3220EA0305DB
:101DB00021EA0204CAF10100B04206DA1B49039885
:101DC00008430190002000900EE0039AC4F3D32151
:101DD000E80A0A43164940EA44500A433146CDE92D
:101DE0000002684605F0BDFC159810F0240F0BD0DA
:101DF0001598C00715D13868DDE90012031D3B6056
:101E00000068C0E900120CE002A8694605F0A0FCD9
:101E10001598C00705D13868029A011D396000681D
:101E200002604046F0E6000002FCFFFF0000F07F89
:101E30000000F03F2DE9FF4F92461D4685B04FF060
:101E40000041DDE9124BDDE914727F1E01EA4B50BF
:101E5000414940F0FF4940EA0108002122F02000FA
:101E60004928049102D04E2828D04CE03BA00126FE
:101E700007C88DE80700A9690698641C88477F1E7B
:101E8000014606D41DF8060018B121F02001814258
:101E90000BD0E96906988847032E34D0082E32D03B
:101EA0006FF0010009B0BDE8F08F761C032E01D061
:101EB000082EE0D1601CCAF80000DCE7A96906988A
:101EC000641C88477F1E2AD420F02000412826D198
:101ED000A9690698641C88477F1E20D420F0200042
:101EE0004E281CD1A9690698641C88477F1E48F4B7
:101EF000002849F48009CAF8004001D4282806D0F7
:101F0000E969069888475FEACB7012D022E0A96998
:101F10000698641C88477F1E01D4002803DAE9690B
:101F200006988847BCE72928F1D1641CCAF800400C
:101F3000E9E71BF0240F07D028680499031D2B60E4
:101F40000068C0E9001805E02868021D2A600068E2
:101F5000C0F800902046A5E70000F07F494E4649B2
:101F60004E4954590000000010B50446AFF30080FC
:101F70002046BDE81040FEF7B4B9B2F120030AD5FF
:101F8000C2F1200301FA02F120FA03F300FA02F091
:101F900041EA0301704700FA03F14FF00000704777
:101FA00001491820ABBEFEE72600020070475FEA39
:101FB000400C08BF91F0000F4FEA8C234FEAC1227A
:101FC00043EA51514FEA1C5018BF00F5F0404FEA68
:101FD000300018BF41F000415FEA6C5C00F02980DE
:101FE000BCF1FF3F08BF40F080407047130C06BFB4
:101FF00012044FF0100C4FF0000C130E04BF12022D
:102000000CF1080C130F04BF12010CF1040C930F18
:1020100004BF92000CF1020CD30F04BF52000CF16C
:10202000010C11464FF00002A0F11F00A0EB0C00C4
:10203000704711F0004F08BF704731F000413FF486
:10204000D5AF0B0C06BF09044FF0100C4FF0000C7D
:102050000B0E04BF09020CF1080C0B0F04BF0901A1
:102060000CF1040C8B0F04BF89000CF1020CCB0F98
:1020700004BF49000CF1010CCCF12003A0EB0C00D3
:1020800022FA03F302FA0CF241EA030100F1010023
:10209000704720F07F4C80EA030023F07F47ACEBD1
:1020A000070303F57C5300F0004003F1FF032DE923
:1020B00080494FEA154B09B44FEA144325EA0B4E09
:1020C00024EA03480FF2042606EB132749083E785A
:1020D0005FEA320203FB0667C7F5000707FB06F657
:1020E0004FEA54374FEAD64606F1020607FB066C64
:1020F000CCF1005C4FEA1C472CEA074C07FB06F4C6
:102100000CFB06F504EB15464FEA961634BF00208B
:102110004FF000404FEAD13706FB07FC4FEA1C4C5A
:102120000CFB0BF7D21B03FB0CF761EB07010CFB5D
:102130000EF7B0EB074072EB17420CFB08F734BF09
:10214000A2EB0742B2EB074261EB17414FEA0C44A6
:102150004FEA910706FB07FC4FEA1C4C0CFB0BF700
:10216000B0EBC74072EB573203FB0CF734BFA2EB66
:10217000C742B2EBC74261EB57310CFB0EF7B0EB35
:10218000C70072EB57720CFB08F734BFA2EBC70213
:10219000B2EBC70261EB5771039F4FEA816141EADD
:1021A000921104EBCC044FEAD1374FEA826206FB6E
:1021B00007FC42EA90124FEA80604FEA1C4C0CFB8D
:1021C0000BF7D21B03FB0CF761EB07010CFB0EF7BF
:1021D000B0EB074072EB17420CFB08F734BFA2EBE1
:1021E0000742B2EB074261EB17414FEA8C554FEAC9
:1021F000910704EB9C2406FB07FC4FEA1C4C0CFBEC
:102200000BF7B0EBC74072EB573203FB0CF734BF50
:10221000A2EBC742B2EBC74261EB57310CFB0EF7A2
:10222000B0EBC70072EB57720CFB08F734BFA2EBA0
:10223000C702B2EBC70261EB577115EB4C254FEAB1
:10224000816141EA92114FEA82624FEAD13742EA54
:10225000901206FB07FC44F100044FEA80604FEA4D
:102260001C4C0CFB0BF7D21B03FB0CF761EB0701BB
:102270000CFB0EF7B0EB074072EB17420CFB08F7B4
:1022800034BFA2EB0742B2EB074261EB174115EBFB
:102290001C154FEA813141EA92414FEA823242EA0B
:1022A00090424FEA80304FEA0C7644F1000448EA4D
:1022B00003434EEA0B484FF0000EB2EB080C71EBF3
:1022C000030724BF624639464EEB0E0E4FF0000B5B
:1022D0000018524149414BEB0B0BB2EB080C71EB70
:1022E00003077BF1000B24BF624639464EEB0E0E0E
:1022F0004FF0000B0018524149414BEB0B0BB2EB76
:10230000080C71EB03077BF1000B24BF62463946D2
:102310004EEB0E0E51EA020718BF46F0010616EB0F
:102320000E7655F1000254F1000103D5BDE8890194
:10233000BDE80088BDE88901BDE80048B6195241F2
:1023400041EB0101A3F10103704780807F7E7D7C1A
:102350007B7A7978777676757473727171706F6E37
:102360006E6D6C6C6B6A6A696868676666656464E2
:10237000636362616160605F5F5E5E5D5D5C5C5B6C
:102380005B5A5A59595858575756565555555454DB
:10239000535352525251515050504F4F4F4E4E4D39
:1023A0004D4D4C4C4C4B4B4B4A4A4A494949484885
:1023B00048474747474646464545454444444443C5
:1023C00043434342424242414141000046EA0646FD
:1023D000A3F570534FEA164646EA42564FEAD22218
:1023E00042EA415210B54FEAD121A3F1010300F0B6
:1023F0002FF820F0004000F1020C00F0004701EB44
:1024000000501146BCF5006F40EA070000D210BD35
:10241000BAF1000F0AD01CB503B44FF004004FF01E
:1024200004014FF000000FBCBDE810404FF0000168
:10243000BBF1010FB9BF04484FF0FF310348002141
:1024400040EA070010BD00BFFFFFEF7F0000F07FF4
:10245000002B9C4630D477002BD01CB54FEA3707B1
:1024600003B44FF010004FF01001BAF1000F06D086
:10247000BCF1000FDCBF40F0080040F008014FF055
:1024800000000FBCBDE810400BF1010BBBF1010FC8
:1024900008BF5FEA170722BF12F1010211F1010123
:1024A0004FF0004143F1000300F0004043EA000018
:1024B0007047F9D35708D0E746EA064613F1400FB4
:1024C0004FEA16461FDD13F1200FDFBF16430A4601
:1024D000002120335B42BED0C3F1200746EA064606
:1024E00002FA07F74FEA164646EA0706C3F1200745
:1024F00022FA03F201FA07F721FA03F14FF0000381
:1025000042EA0702A7E746EA020646EA06464FEA1B
:10251000164646EA0106BCBF46EA0646360C4FF0B0
:1025200000034FF000024FF0000194E72DE9804CCA
:102530009A46934670B491E8380007C831EA400CD7
:1025400048BF34EA430C03D5FFF7A3FDFFF780FF34
:10255000F0BCBDE8008C2DE9804C9A46934670B4DF
:1025600091E8380007C831EA400C48BF34EA430C10
:1025700003D5FFF78EFDFFF729FFF0BCBDE8008C07
:102580002DE9804C9A46934670B491E8380007C80C
:1025900010F0804F08BF13F0804F03D100F01AF8FD
:1025A000FFF756FFF0BCBDE8008C2DE9804C9A4641
:1025B000934670B491E8380007C810F0804F08BF08
:1025C00013F0804F03D100F005F8FFF7FFFEF0BCD9
:1025D000BDE8008C20F07F4780EA030023F07F4CA9
:1025E00007EB0C03A3F57C5300F00040A3F1FE03BE
:1025F00092F0000F00F0B38095F0000F00F07780AC
:102600002DE901494FEA11404FEA144621EA0048FA
:1026100000FB06FC24EA064708FB06F607FB08F861
:1026200000FB07F718EB06484CEB164C4FEA124B31
:1026300018EB07484FEA15464CEB174022EA0B4EC1
:102640000BFB06FC25EA06470EFB06F607FB0EFE13
:102650000BFB07F71EEB064E4CEB164C4FF000063B
:102660001EEB074E4CEB174B18EB0B0840F100002C
:1026700018EB0E0B58EB000840F100008F1A4FF0DA
:1026800000013CBFC943661B14BFB5EB040C00211D
:102690003CBFC943F61B4FEA17444EEA8E0E27EAA9
:1026A00004454FEA1C4704FB07622CEA074C05FB74
:1026B00007F70CFB05F604FB0CFC16EB074642EB98
:1026C000174216EB0C4642EB1C421BEB060658EB7E
:1026D0000202414146EA9E0601D5BDE80189B619CC
:1026E000524141EB0101A3F10103BDE801894FEA29
:1026F00014454FEA114724EA054621EA074C05FB39
:1027000007F406FB07F70CFB06F105FB0CFC11EBCD
:10271000074144EB17444FEA124711EB0C4144EBDD
:102720001C4422EA074C05FB07F206FB07F70CFBEB
:1027300006F605FB0CFC16EB074642EB174216EBC0
:102740000C4642EB1C456A1854F1000148BF704723
:10275000B619524141EB0101A3F10103704795F015
:10276000000F37D04FEA11424FEA144721EA0246E0
:1027700024EA074C02FB07F106FB07F70CFB06F403
:1027800002FB0CFC14EB074441EB17414FEA1547E1
:1027900014EB0C4441EB1C4125EA074C02FB07F506
:1027A00006FB07F70CFB06F602FB0CFC16EB0746D4
:1027B00045EB174516EB0C4645EB1C42121951F13F
:1027C000000148BF7047B619524141EB0101A3F126
:1027D000010370474FEA14454FEA114724EA0546C2
:1027E00021EA074C05FB07F106FB07F70CFB06F295
:1027F0004FF0000605FB0CFC12EB074241EB1741C2
:1028000012EB0C4251EB1C4148BF7047921841EB50
:102810000101A3F10103704770B5044600688168A7
:102820008268C1F3400112F0010F28D039BB8168E2
:1028300001F00D01012914D18168124A1140891C4F
:10284000816021680320086000F060FF054612E007
:1028500000F05CFF401B02280DD920688068C0078B
:1028600009D0E06D40F01000E065206E40F00100FE
:102870002066012070BD20688068C007E8D1002074
:1028800070BD0000C0FFFF7FF8B504460020009037
:102890002068816811F0010F41D18168214A1142FD
:1028A0002ED18168D5432940491C81601E4880682B
:1028B00000F0E07000020DD51C481D490068B0FB17
:1028C000F1F0401C00EB4000800000E0401E009052
:1028D0000028FBD100F01AFF06461BE0816811F0CA
:1028E000010F03D181682940491C816000F00EFF6F
:1028F000801B02280ED920680068C043C00709D099
:10290000E06D40F01000E065206E40F001002066B0
:102910000120F8BD20680168C943C907DED1002045
:10292000F8BD00003F000080000300507C01002043
:10293000400D0300FEE77047002240F6B83306E082
:102940000021491C89B29942FBD3521C92B28242A7
:10295000F6D3704772B6FEE7F8B500260446009637
:1029600090F858000D4601280BD0012084F858003B
:102970002046FFF751FF0100E06D04D040F0100049
:102980002AE00220F8BD20F4885040F00200E06503
:1029900020688268134B1A4005F080431A4342F0C6
:1029A00000428260104A20680EE0009B5B1C00938E
:1029B000934209D3E06D20F0020040F01000E06582
:1029C00084F858600120F8BD8368DB0FEDD1E06D1D
:1029D00020F0020040F00100E06584F858600846ED
:1029E000F8BD0000C0FFFF3F02DE04002DE9F04704
:1029F000044690F858009CB00E464FF0000901289C
:102A000015D0012084F858000025179518952068E6
:102A10004FF0A04840450ED1284F0097384603F0AC
:102A200051F88246206803F04DF860B10EE00220B4
:102A30001CB0BDE8F087E06D40F02000E06584F850
:102A400058500120F4E7BAF1000F09D0E06D40F0D2
:102A50002000E0654FF0010984F858504846E7E748
:102A60001748326840F61F71002A826822F46042DB
:102A700016D094F8383042EA433273681A438260C1
:102A8000D8F80820BB6802F0010203F001031A43E2
:102A9000E2D1B36832681A4383688B431A430BE070
:102AA0008260D8F80820BB6802F0010203F001033D
:102AB0001A43D1D182688A438260CDE70001005079
:102AC000000300502DE9F84F00270446009790F8C6
:102AD0005800DFF8E0930D46B846012811D00126D2
:102AE00084F85860206802F0E9FF60B1E06D40F0C2
:102AF0002000E0655FF0010784F858803846BDE8A3
:102B0000F88F0220FBE7D5E900210C23206803EAB7
:102B100091131844036B01F01F014FF01F0C0CFAC6
:102B200001FCC2F3846223EA0C038A40134303636B
:102B3000206802F0C3FF8246206802F0BBFF5AEA19
:102B400000003CD1AA6829682068B2F1004F37D054
:102B500002F0C4FF2068416921F000414161206812
:102B60006969C268C2F3C102520091402A69042A0D
:102B700031D000EB82002B68026EDFF83CC303F01B
:102B8000F84302EA0C020B431A4342F0004101668B
:102B900020682A69A96900EB8200026E22F0807227
:102BA0000A430266297F22682869012910D0002182
:102BB00002EB8000026E22F000720A4302667DE0A2
:102BC000002202F08BFF2068416941F00041C5E717
:102BD0004FF00071ECE7002102F066FF400320682F
:102BE0004FF0000172D002F05FFF90FAA0F0B0FA4F
:102BF00080F1286842036ED090FAA0F0B0FA80F01D
:102C0000814204D100221146206802F076FF0121A2
:102C1000206802F049FF400320684FF001015DD0B9
:102C200002F042FF90FAA0F0B0FA80F12868420367
:102C300059D090FAA0F0B0FA80F0814204D100227D
:102C40000121206802F059FF0221206802F02CFFC8
:102C5000400320684FF0020148D002F025FF90FAAF
:102C6000A0F0B0FA80F12868420344D090FAA0F0B6
:102C7000B0FA80F0814204D100220221206802F0E3
:102C80003CFF0321206802F00FFF400320684FF053
:102C9000030133D002F008FF90FAA0F0B0FA80F1FF
:102CA000286842032FD090FAA0F0B0FA80F0814259
:102CB00004D100220321206802F01FFF20688168F0
:102CC00011F0010F22D0ACE000E004E002F0ECFED5
:102CD000C0F384618DE7C0F3846091E702F0E4FE05
:102CE000C0F38461A2E7C0F38460A6E702F0DCFED3
:102CF000C0F38461B7E7C0F38460BBE702F0D4FEA1
:102D0000C0F38461CCE7C0F38460D0E72A7B2968F4
:102D100050F8B03FC1F3120C23EA0C0302F0180C78
:102D2000664A22FA0CF20A4013430360E9684945F7
:102D300077D1286841031CD090FAA0F1B1FA81F153
:102D4000491C01F01F0109294FEA403132D80029FE
:102D500012D000BF90FAA0F1B1FA81F101F10101A6
:102D600001F01F0106FA01F609D100BFC0F384612A
:102D700009E0C0F38461E3E7C0F38461EEE790FA11
:102D8000A0F1B1FA81F101F1010101F01F0146EA60
:102D9000816102D1C0F3846003E090FAA0F0B0FA40
:102DA00080F000F1010000F01F0000EB400041EA5C
:102DB000005132E000290ED090FAA0F1B1FA81F171
:102DC00001F1010101F01F0106FA01F606D100BF71
:102DD000C0F3846106E0C0F38461F1E790FAA0F1EA
:102DE000B1FA81F101F1010101F01F0146EA8161AF
:102DF00002D1C0F3846003E090FAA0F0B0FA80F052
:102E000000F1010000F01F002D4A00EB400002EB32
:102E1000005041EA000141F00071AA68206802F008
:102E20005DFE28482A6802423FF466AE2648816863
:102E3000264B01F0E0719A4202D0254B9A421CD1F8
:102E40000B021AD42268B2F1A04F7FF455AE82680B
:102E500041F4000122F0E0720A4382601D481E49DD
:102E60000068B0FBF1F0401C00EB4000800000E087
:102E7000401E00900028FBD13EE6184D184BAA4298
:102E800007D1CD0105D422689A42F5D041F0807176
:102E900009E0144DAA42EFD14A02EDD422689A42C9
:102EA000EAD041F48001826822F0E0720A43826035
:102EB00022E6000000007F4000F0FF03FFFF070054
:102EC000000020FE0000088000030050000021C325
:102ED0001000C0907C010020400D0300000052C78C
:102EE00000010050000084CB0068006C70470000B7
:102EF000F8B54FF0000504002E46009502D0E06DB5
:102F000010B107E00120F8BD204600F0EBF826667E
:102F100084F8586020688168C1F3407119B18168F4
:102F2000684A1140816020688168C1F3007189B9E5
:102F30008168654A114041F080518160634864496D
:102F40000068B0FBF1F04000801C00E0401E0090E3
:102F50000028FBD120688168C1F3007141B9E16D9F
:102F600041F01001E165216E41F00101216601256A
:102F700002F0A4FDE16DC90600D430B1E06D40F06F
:102F80001000E06501252846F8BDE06D20F4807052
:102F900040F00200E0652068806810F0010F11D158
:102FA0004FF0A04080684B4900F00100896801F0B3
:102FB0000101084306D148486168826822F47C1206
:102FC0000A438260E168E06B627F0843A16841EADE
:102FD0004231084394F8241040EA0140012904D109
:102FE000218D3E4A02EB41410843E16A29B101F4D7
:102FF0007871226B014342EA01002268D168384BA4
:1030000019400143D16020680169626B21F0406181
:1030100011430161206802F04DFD70BB207F94F8E0
:103020003810800340EA41022168C86844F2020374
:1030300098431043C86020690028206801690AD0BD
:1030400041F480310161206850F8C01F22696FF39C
:103050000D01114307E021F480310161206850F82F
:10306000C01F6FF30D01016094F8400001280CD0DF
:103070002068016921F0010101616069012820686F
:10308000016B21F00F0111D013E0D4E911010843C5
:10309000D4E913121143084321680A6940F2FC7312
:1030A0009A43104340F001000861E6E7226A521E8D
:1030B00011430163E06D20F0020040F00100E06583
:1030C00061E70000C0FFFF5FC0FFFF7F7C010020C1
:1030D000400D030000010050000300500000FEFFFF
:1030E0000740F0FF2DE9F04397B00446142111A8E2
:1030F000FDF749FC44216846FDF745FC4FF00050C0
:1031000021682D4D0327DFF8B49086132C4C4FF027
:103110000008B1F1A04F10D02A4A914248D1009640
:103120000F90684600F0F0FB08B1FFF713FC286829
:10313000401C2860012824D02BE000960F906846A0
:1031400000F0E2FB08B1FFF705FC2868401C28608E
:10315000012807D1E06C40F40050E064E06C00F41A
:1031600000501690E06C40F00200E064E06C11A9A1
:1031700000F0020016904FF4805081E8810148462B
:1031800014E0E06C40F40050E064E06C00F40050A7
:103190001690E06C40F00200E064E06C11AA00F0D0
:1031A0000200169082E8C00111A9484600F08AF991
:1031B00017B0BDE8F08300006C0100200004004857
:1031C00000100240000100502DE9F04104463B4848
:1031D0000F46816801F01F05A16908290FD085B14C
:1031E000052D0ED0092D0CD0806800F4604060B130
:1031F000E06D40F02000E0650120BDE8F081082688
:1032000004E02068C068C007F1E7042600F07EFAF9
:10321000804615E0781C13D000F078FAA0EB080087
:10322000B84200D867B920680068304208D1E06D24
:1032300040F00400E065002084F858000320DCE73B
:10324000206800683042E5D0E06D40F40070E06531
:10325000206802F03BFC80B1607F70B92068006894
:1032600000070AD5E06D20F48070E065E06DC004D1
:1032700003D4E06D40F00100E065114A20684FF092
:10328000A041904201D10B4600E00346834210D09A
:103290007DB1052D0DD0092D0BD0904200D00146F7
:1032A000C968082E07D0490401D40C210160002010
:1032B000A3E7C168F5E70821F8E700000003005024
:1032C000000100502DE9F04104463848806800F0C4
:1032D0001F05206802F0F2FB18B102210846BDE884
:1032E000F08194F8580001280CD0012084F858008F
:1032F0002046FFF7C9FA01004FF0000304D084F81C
:103300005830EBE70220EAE7E06D40F601629043B7
:1033100040F48070E065264A20684FF0A046904255
:1033200001D1374600E00746874200D01DB9E76D5E
:1033300027F48017E765E76DFF0404D5276E27F0B3
:103340000607276600E023661C27076084F85830CC
:103350002068904201D1334600E00346834215D0F5
:10336000A5B1052D12D0092D10D0E36D43F48013C3
:10337000E365904200D13046C0688001AED5E06D73
:1033800020F4005040F48050E065A7E7C268920145
:1033900005D5E26D22F4005242F48052E265826863
:1033A000044B1A40121D826098E700000003005091
:1033B00000010050C0FFFF7F10B5002140B190F820
:1033C00025300122022B05D00421C163012124E014
:1033D000012010BD03681C6824F001041C60036810
:1033E0001C6824F00E041C60836C1C6824F4807438
:1033F0001C6090F84430046C03F01F0302FA03F3DE
:103400006360D0E913345C60436D33B11C6824F40D
:1034100080741C60D0E916345C6080F8252000229E
:1034200080F82420084610BD70B590F825200024AF
:1034300001212346022A07D00422C26380F8251006
:1034400080F82430012429E00268156825F0010580
:1034500015600268156825F00E051560826C156808
:1034600025F48075156090F84420056C02F01F0269
:1034700001FA02F26A60D0E913255560426D32B15B
:10348000156825F480751560D0E91625556080F81B
:10349000251080F82430816B01B18847204670BD2B
:1034A00070B5044600F032F90546601C02D00448AD
:1034B0004068044400F02AF9401BA042FAD370BDD2
:1034C000700100202DE9F04FDFF80C920023012657
:1034D0000325A9F1040B85B00F2709F1040AABF10C
:1034E000040EF1E006FA03FC12EA0C027ED00C791D
:1034F00004F00304012C01D0022C20D18468009434
:103500005C0005FA04F80494009C24EA0804009482
:10351000D1F80C80049C08FA04F8009C48EA0408DE
:10352000C0F80880446824EA0C0491F804C0CCF385
:10353000001C0CFA03FC4CEA040CC0F804C00C7923
:10354000E443A40702D18C68012C0ED0C4684FEA72
:10355000430805FA08FC24EA0C04D1F808C00CFA68
:1035600008FC4CEA040CC0F80CC00C7904F003040D
:10357000022C16D1DC0800EB840CCDF808C0DCF876
:1035800020C05C074FEAD46807FA08F42CEA040C60
:103590000C6904FA08F444EA0C04DDF808C0CCF81D
:1035A000204004684FEA430805FA08FC24EA0C04AA
:1035B00091F804C00CF0030C0CFA08FC4CEA040C63
:1035C000C0F800C04C6814F4403F7CD0434CD4F8A1
:1035D00060C04CF0010CC4F860C0246E23F0030CF2
:1035E00004F0010400943E4C644400E06BE002945B
:1035F000A4684FEA837C4FEA1C7807FA08FC24EAA7
:103600000C04B0F1904F06D0DFF8D8C0604505D16A
:103610004FF0010C20E04FF0000C1DE0DFF8C8C0B7
:10362000604502D14FF0020C16E0DFF8C0C06045E3
:1036300002D14FF0030C0FE0DFF8B4C0604502D1B7
:103640004FF0040C08E0DFF8ACC0604502D14FF049
:10365000050C01E04FF0060C0CFA08FC4CEA040CD7
:10366000029CC4F808C0D9F80040CC46D1F80480C8
:1036700094435FEAC82800D51443CCF80040DAF838
:103680000040D446D1F8048094435FEA882800D5EE
:103690001443CCF80040DBF80040DC46D1F804804D
:1036A00094435FEA883800D51443CCF80040DEF834
:1036B0000040F446D1F8048094435FEAC83800D54E
:1036C0001443CCF800405B1C0C682246DC407FF4BD
:1036D00009AF05B0BDE8F08F0804014000100240BA
:1036E000000001400004004800080048000C0048A9
:1036F00000100048001400480069084000D0012074
:1037000070470AB1816170478162704701488068E3
:10371000704700007001002002488168426811442F
:10372000816070477001002010B50024032000F074
:1037300073F80F2000F008F808B1012401E000F050
:1037400025F8204610BD000070B50E4E0546002439
:10375000706898B14FF47A71B1FBF0F00A490968CA
:10376000B1FBF0F000F0F8FE40B9102D06D20022B7
:103770002946501E00F030F8356000E00124204654
:1037800070BD0000700100207C0100200A4882B05A
:10379000016E41F001010166016E01F0010100912D
:1037A000816D41F080518165806D00F08050009006
:1037B00002B000F0A1B8000000100240002809DBB0
:1037C00000F01F02012191404009800000F1E0203B
:1037D000C0F8001170470000F0B40E4B1B680C4697
:1037E000C3F30223C3F10705042D00D90425191DD5
:1037F000072901D2002300E0DB1E012606FA05F1AD
:10380000491E214099409E40761E16403143F0BC2F
:1038100003F087BE0CED00E0064900F007020868DF
:103820004FF6FF03184040EA0220034A10430860A5
:10383000704700000CED00E00000FA052B492C4B0E
:103840000A6832214A432B4940B1B0F5007F08682D
:1038500029D020F4C06040F480602CE00868C0F3F8
:103860004120022804D051F8800F20F4807022E01B
:10387000D1F8800020F48070C1F88000086820F43E
:10388000C06040F400700860B2FBF3F0401C00E040
:10389000401E4A69520501D50028F9D14869400502
:1038A0000AD503207047C0F34120022806D051F802
:1038B000800F40F48070086000207047D1F88000CD
:1038C00040F48070C1F88000086820F4C06040F4C3
:1038D00000700860B2FBF3F0401C00E0401E4A6933
:1038E0005205DBD50028F9D1D8E700007C01002083
:1038F00040420F00007000400248816841F480415E
:1039000081607047007000402DE9F843044600686C
:1039100000269D4D00035ED5A86D0027C00008D489
:10392000A86D40F08050A865A86D012700F0805078
:103930000090DFF85892D9F8001041F48071C9F86E
:103940000010FFF7E3FE804606E000BFFFF7DEFE53
:10395000A0EB080002282BD8D9F80000C005F5D547
:10396000D5F8900010F4407014D0216C814211D031
:10397000D5F89000D5F8901020F4407041F48031D3
:10398000C5F89010D5F8901021F48031C5F890104A
:10399000C5F89000C00711D0FFF7B8FE804641F28D
:1039A000883907E0FFF7B2FEA0EB0801494501D9CD
:1039B00003260BE0D5F890008007F3D5D5F89000EA
:1039C000216C20F440700843C5F890001FB1A86D29
:1039D00020F08050A8652078C00707D0D5F888006F
:1039E000616820F003000843C5F88800207880074C
:1039F00007D5D5F88800A16820F00C000843C5F869
:103A000088002078400707D5D5F88800E16820F0C5
:103A100030000843C5F888002078000707D5D5F89E
:103A20008800216920F0C0000843C5F8880020788C
:103A3000800607D5D5F88800616920F44060084306
:103A4000C5F888002078400607D5D5F88800A16918
:103A500020F440500843C5F888002078000607D5B8
:103A6000D5F88800E16920F440400843C5F8880093
:103A70002088C00507D5D5F88800216A20F4403099
:103A80000843C5F888002088800507D5D5F8880048
:103A9000616A20F440200843C5F88800208840056A
:103AA0000FD5D5F88800A16A20F440100843C5F866
:103AB0008800A06AB0F5801F03D1E86840F4801048
:103AC000E860208800050FD5D5F88800E16A20F469
:103AD00040000843C5F88800E06AB0F5800F03D1C4
:103AE000E86840F48010E8602088C0040FD5D5F85D
:103AF0008800216B20F040700843C5F88800206BD7
:103B0000B0F1807F03D1E86840F48010E86020883D
:103B10004FF0006180040ED5D5F88800626B20F06C
:103B200040601043C5F88800606B884203D1E868A4
:103B300040F48010E860208840040ED5D5F8880055
:103B4000A26B20F040601043C5F88800A06B88424B
:103B500003D1E86840F48010E860208800040FD5A5
:103B6000D5F88800E16B20F040500843C5F8880084
:103B7000E06BB0F1805F03D1E86840F48030E8602A
:103B80003046BDE8F883000000100240007000409D
:103B90002DE9F0470E4605004FF0000725D0DFF86D
:103BA000AC81D8F8000000F00F00B0420CD2D8F879
:103BB000001021F00F013143C8F80010D8F80000C0
:103BC00000F00F00B04210D12968614CC80741F2E3
:103BD000883A5AD06868DFF87C91032808D0022818
:103BE00020682DD0400500282CDB0120BDE8F0879F
:103BF00020688001F9D5E06800F00302E068C0F3B6
:103C00000310401C032A19D0534A00BFB2FBF0F046
:103C1000E268C2F306225043E268C2F34162521CDA
:103C20005200B0FBF2F0484517D9A06810F0F00F31
:103C30000CD0880711D5A86840B10EE0474AE5E7E7
:103C40008003D0E700F0B6F8484506D9A06820F018
:103C5000F00040F08000A0608027A068696820F034
:103C600003000843A060FFF751FD814606E000BF56
:103C7000FFF74CFDA0EB090151453AD8A0686968EF
:103C800000F00C00B0EB810FF2D12868810714D549
:103C9000400703D5A06840F4E060A06028780007E2
:103CA00005D5A06820F4605040F4E060A060A068F2
:103CB000A96820F0F000084304E0802F03D1A06839
:103CC00020F0F000A060D8F80010404601F00F018D
:103CD000B14216D9016821F00F0131430160FFF7AD
:103CE00015FD074607E000BFFFF710FDC11B51455A
:103CF00001D903207AE7D8F8000000F00F00B042A5
:103D0000F2D12878400705D5A068E96820F4E06082
:103D10000843A0602878000706D5A068296920F428
:103D2000605040EAC100A06000F044F8A1680C4A6D
:103D3000C1F30311515C01F01F01C840094908603B
:103D400009480068BDE8F047FFF7FEBC00200240CC
:103D50000010024000B4C4040024F40000366E01D8
:103D6000DEA400087C0100207001002005480649FF
:103D700000688968054AC1F30221515C01F01F0106
:103D8000C84070477C01002000100240EEA40008EB
:103D90000548064900688968054AC1F3C221515C9B
:103DA00001F01F01C84070477C0100200010024054
:103DB000EEA40008184910B58868C0F381021748BE
:103DC000012A0BD08A68164BC2F38102022A06D060
:103DD0008A68C2F38102032A03D0002010BD18466E
:103DE00010BDCA6802F00304CA68C2F30312521C71
:103DF000032C02D0B0FBF2F001E0B3FBF2F0CA6892
:103E0000C968C2F306225043C1F34161491C49000D
:103E1000B0FBF1F010BD0000001002400024F400DF
:103E200000366E012DE9F84304007AD02078F84D71
:103E3000C00747D0A868E96800F00C0001F0030152
:103E40000C2802D0082817D001E0032914D060689C
:103E5000B0F5803F17D0B0F5A02F286817D020F418
:103E600080302860286820F4802028606068E0B1F5
:103E7000FFF74CFC064614E02868800322D56068F2
:103E80000028D2D01EE0286840F48030EDE740F4EE
:103E900080202860F7E700BFFFF738FC801B64280C
:103EA00070D828688003F7D50CE0FFF72FFC064692
:103EB00005E000BFFFF72AFC801B6428F0D82868C3
:103EC0008003F7D4207880074CD5A868E96800F013
:103ED0000C0001F003010C2802D004280DD001E0F1
:103EE00002290AD0E068002828682BD040F48070AE
:103EF0002860FFF70BFC064619E02868400502D54C
:103F0000E068002891D06868217C20F0FE4040EAFB
:103F100001606860BF480068FFF716FC002800D108
:103F200020E072E1FFF7F2FB801B0228B8D8286876
:103F30004005F7D56868217C20F0FE4040EA01602A
:103F400068600FE020F480702860FFF7DFFB064612
:103F500005E000BFFFF7DAFB801B0228A0D8286825
:103F60004005F7D42078000729D560690028D5F8E6
:103F7000940013D040F00100C5F89400FFF7C6FB91
:103F8000064606E090E000BFFFF7C0FB801B02285A
:103F900086D8D5F894008007F6D510E020F001000F
:103FA000C5F89400FFF7B2FB064604E0FFF7AEFB4E
:103FB000801B022878D8D5F894008007F6D42078A2
:103FC000400761D5A86D0026C00008D4A86D40F058
:103FD0008050A865A86D012600F0805000908E48A2
:103FE0000168C90511D40168804641F480710160FF
:103FF000FFF78CFB074604E0FFF788FBC01B022895
:1040000052D8D8F80000C005F6D5A068012815D010
:104010000528D5F8900016D020F00100C5F89000D2
:10402000D5F8900020F00400C5F89000A06841F297
:104030008838B8B1FFF76AFB07460EE0D5F8900064
:1040400040F00100F0E740F00400C5F89000F5E70B
:10405000FFF75CFBC11B414526D8D5F890008007CF
:10406000F6D50CE0FFF752FB074604E0FFF74EFBE6
:10407000C11B414518D8D5F890008007F6D41EB171
:10408000A86D20F08050A8652078800629D5A06909
:104090000028D5F8980013D040F00100C5F898002A
:1040A000FFF734FB064606E075E000BFFFF72EFB86
:1040B000801B02286FD8D5F898008007F6D510E04D
:1040C00020F00100C5F89800FFF720FB064604E049
:1040D000FFF71CFB801B02285DD8D5F898008007ED
:1040E000F6D4E069F0B3A968C1F3810103295DD07A
:1040F0000228286820F08070286003D0FFF706FBB4
:1041000004464BE0FFF702FB064604E0FFF7FEFA29
:10411000801B02283FD828688001F7D4F4E9080101
:104120006FF00F0202EB01110843218A5204490883
:1041300002EB4151A26841EA02210843217D4FF080
:104140007E42490802EB41610843217B40EAC1609D
:10415000E968324A11400843E860286840F08070FE
:10416000286000E05EE0E86840F08070E860FFF7FB
:10417000CDFA044605E000BFFFF7C8FA001B02288D
:1041800009D828688001F7D54CE000BFFFF7BEFAD8
:10419000001B022802D90320BDE8F88328688001AB
:1041A000F4D4E8681E490840E8603BE00128F3D0F9
:1041B000E868226A00F00301914226D1616A00F0AA
:1041C000F0020901103991421FD1A26A00F4FE41A8
:1041D000B1EB022F19D194F82C2000F07841B1EB0B
:1041E000C26F12D1218E00F4C00249084905A1F521
:1041F0000011914209D194F8341000F0C0604908D0
:104200004906A1F1007181420CD00120C4E70000F1
:104210000010024070010020007000400C809F01DF
:10422000FCFFEEFE0020B7E710B500680B464168C2
:104230000D480140080CD870C1F304245C7001F0F3
:104240003F049C70C1F34231197052B902F03FF83B
:10425000D870587802F03BF85870987802F037F828
:104260009870002010BD00003FFFFF0010B50B4606
:1042700001688968596001680969C1F30E01996094
:10428000006801680D480140C1F305401870C1F392
:1042900006245C7001F07F049C70890DD97052B9BE
:1042A00002F015F81870587802F011F858709878E4
:1042B00002F00DF89870002010BD00007F7F7F0095
:1042C00070B504004FF0010040D094F8250028B9E3
:1042D000002084F82400204600F040F8022084F8F2
:1042E00025002068C168C943C90630D5CA2141628A
:1042F000216853204862204601F0FEFF10BB206871
:104300008169154A11408161216888696268A369E1
:10431000104322691A43104388612189E06840EA0A
:10432000014021680861204602F00BF850B9D4E939
:104330000721114322686369956925F060452B4385
:10434000194391612268FF21516208B170BD0020BC
:10435000012184F8251070BDBFFF8FFB10B592B00E
:10436000044644216846FCF70EFB10492068884249
:1043700019D14FF400200090801210906846FFF78A
:10438000C3FA08B1FEF7E6FA094850F8901F41F465
:10439000004140F83819016841F48061016000680B
:1043A00000F48060119012B010BD000000280040A1
:1043B0000010024070B5044690F824000B46012816
:1043C0001BD0012684F82460022084F82500B2B1B5
:1043D0009878D97840EA014558781978000240EA7F
:1043E000413005432168CA20486221685320486251
:1043F000204601F081FFD0B120E0022070BD587846
:10440000C10603D500F0EF000A305870D87801F0EB
:1044100067FF0504587801F063FF45EA00259878A6
:1044200001F05EFF0543187845EA4035DAE70848B1
:10443000054020684560204601F083FF2268FF2187
:10444000516208B984F82560002184F8241070BDF9
:104450003FFFFF002DE9F041044690F8240090460C
:104460000D46012811D0012784F82470022084F819
:1044700025002168CA2048622168532048622046EE
:1044800001F03AFF002618B129E00220BDE8F081D2
:104490002068B8F1000F80694FEA406024D00028FE
:1044A00000DBEE70A8782978EA7840EA0140697864
:1044B000090241EA8251084318490840216808600E
:1044C0002068816921F480218161D5E903010843D5
:1044D00021688A6910438861204601F032FF226812
:1044E000FF215162A0B115E0002800DBEE702878B2
:1044F00001F0F6FE0304687801F0F2FE43EA0023BF
:10450000A87801F0EDFE0343E87843EA8050D3E752
:1045100084F8257084F82460B8E700007F7F7F006E
:1045200070B504460B482168C860FFF7EFF80546F0
:104530004FF47A7607E000BFFFF7E8F8401BB0427F
:1045400001D9032070BD2068C0688006F4D5002022
:1045500070BD00005F00010010B5401EB0F1807F0B
:1045600001D3012010BD4FF0E02460610F216017DE
:1045700002F0D7FF0020A06107202061002010BDBD
:10458000704770477047000030B590F83C20012A12
:1045900042D0012280F83C20CA688B6822F4407225
:1045A0001A434B6822F480621A430B6822F40062BB
:1045B0001A430B6922F480521A434B6922F40052C9
:1045C0001A430B6B22F480421A430B8B22F47022A5
:1045D00042EA0342CB6922F080521A430F4D03682E
:1045E0000024AB4202D00E4DAB4210D10D8D22F40F
:1045F000700242EA05520D6A22F080722A434D6A27
:1046000022F000722A43C96A22F000520A435A6417
:1046100080F83C40002030BD022030BD002C01401D
:10462000003401407047704770470000F0B590F8C3
:104630003C20012A3AD0012580F83C50022280F823
:104640003D2003685A689C68194E1A4FB34201D046
:10465000BB4204D122F4700C4A6842EA0C02DFF833
:1046600058C002EA0C02D1F800C04CEA020CC3F8B0
:1046700004C00268B2420DD0B2F1804F0AD00F4B95
:104680009A4207D00E4B9A4204D0BA4202D00D4B48
:104690009A4204D1896824F080031943916080F81C
:1046A0003D50002180F83C100846F0BD0220F0BDCE
:1046B000002C0140003401408FFFFFFD000400404A
:1046C0000008004000400140704710B5040003D0CE
:1046D00094F83D0010B107E0012010BD002084F8DF
:1046E0003C00204600F022F8022084F83D00211D05
:1046F000206801F095FE012084F8480084F83E000F
:1047000084F83F0084F8400084F8410084F84200B7
:1047100084F8430084F8440084F8450084F8460097
:1047200084F8470084F83D00002010BD10B586B025
:10473000044614216846FCF726F9214A21682148DD
:10474000914225D1816D41F002018165816D01F0B9
:1047500002010591C16C41F00201C164C06C0021ED
:1047600000F002000590102000900220CDE9010128
:10477000CDE9031069461448FEF7A4FE0022114655
:104780001D20FFF729F81D20FFF718F806B010BD0F
:104790000E4A914207D1016E41F400310166006E6C
:1047A00000F4003009E00A4A9142EFD1016E41F471
:1047B00080210166006E00F480200590E6E700008D
:1047C0000004004000100240000400480044014082
:1047D0000048014070B5044690F83C0000250128CF
:1047E00014D0012684F83C60022084F83D00226841
:1047F0009068364B184020F47F409060086870281D
:104800002ED010DC10F00F0F03D021E04FF002008B
:1048100070BD4FEA2012072A1AD2DFE802F0525286
:1048200052524A3840002A4BC21A984249D009DCF9
:10483000B0F5805F0DD0B0F5005F1CD0B0F1101F57
:1048400006D13EE0102A3CD0202A3AD0502A38D057
:10485000012584F83D60002084F83C00284670BDA6
:10486000CB68D1E90121206801F043FE206881680E
:1048700041F0770109E0CB68D1E90121206801F01E
:1048800038FE2068816841F480418160E1E7CA68B0
:104890004968206801F0E2FF5021206806E0CA68FC
:1048A0004968206802F054F86021206801F02CFE6D
:1048B000CFE7CA684968206801F0D0FF402120682E
:1048C000F4E7226801461046F0E7000088FFCEFFBB
:1048D000200010000B4910B5884212D1007F01283A
:1048E0000FD10021074800F0D6FB074C074A0021F2
:1048F000A06211600649B1FBF0F004F0F9F9C4E9D7
:104900001C0110BDD4030020080000202404004036
:1049100040420F002DE9F047054690F83C00002684
:104920000C46012813D0012085F83C008AB1042AE6
:104930001FD04B49DFF82C91082A2CD00C2A5AD0D2
:104940000126002085F83C003046BDE8F0870220B3
:10495000FBE7D4E90012E368286801F0ADFF28689E
:10496000816921F00C01816128688169A268114385
:104970000FE0D4E90012E368286802F009F828681B
:10498000816921F44061816128688169A26841EAF6
:1049900002218161D5E72868D4E90073E268D0F884
:1049A00020C0D0F8208028F48078C0F82080884289
:1049B00001D0484503D1016A21F480610162C169D7
:1049C00021F00301194321F0F003110743EA1161BB
:1049D0004FF420622CF4206302EA07221A43C161DB
:1049E00002622868C16921F00C01C1612868C169AF
:1049F000A268114332E02868D4E90073E268D0F875
:104A000020C0D0F8208028F48058C0F82080884248
:104A100001D0484503D1016A21F480410162C16996
:104A200021F4407141EA032121F470434FF6FF71F4
:104A300001EA023119434FF420422CF4204302EAE8
:104A400007321A43C16102622868C16921F44061DA
:104A5000C1612868C169A26841EA0221C16170E7A9
:104A6000002C01400034014010B5040003D094F83C
:104A70003D0010B107E0012010BD002084F83C008B
:104A8000204600F022F8022084F83D00211D206815
:104A900001F0C6FC012084F8480084F83E0084F848
:104AA0003F0084F8400084F8410084F8420084F814
:104AB000430084F8440084F8450084F8460084F8F4
:104AC000470084F83D00002010BD704730B5044613
:104AD000002571B1042911D0082914D00C2917D050
:104AE000102918D094F8430094F84720012817D1D2
:104AF00014E094F83E0094F84420F7E794F83F005F
:104B000094F84520F2E794F8400094F84620EDE749
:104B100094F84100E8E794F84200E5E7012A01D063
:104B2000012030BD022079B1042916D008291DD0FA
:104B30000C2949D010294AD084F8430084F8470052
:104B40000C2947D001253DE084F83E0084F844005C
:104B50002068C26842F0020210E084F83F0084F846
:104B600045002068C26842F0040207E084F8400073
:104B700084F846002068C26842F00802C260012240
:104B8000206801F0A9FC1649206888420ED0B0F1D7
:104B9000804F0BD01349884208D01349884205D072
:104BA0001249884202D01249884207D18168114ACD
:104BB0001140062906D0B1F5803F03D0016841F0CD
:104BC00001010160284630BD84F84100B6E784F851
:104BD0004200B3E72068C26842F01002CEE700004E
:104BE000002C014000040040000800400034014057
:104BF00000400140070001002DE9F0410446006833
:104C0000C66805694FF00007A90713D5B10711D58C
:104C1000F91E016101202077206880698007204605
:104C200002D0FFF757FE04E000F0F0F8204600F055
:104C3000B2F92777680716D5700714D521686FF089
:104C400004000861022020772068806910F4407F0A
:104C5000204602D0FFF73EFE04E000F0D7F82046E1
:104C600000F099F92777280715D5300713D5216863
:104C70006FF008000861042020772068C069800771
:104C8000204602D0FFF726FE04E000F0BFF82046E1
:104C900000F081F92777E80616D5F00614D52168CB
:104CA0006FF010000861082020772068C06910F4B8
:104CB000407F204602D0FFF70DFE04E000F0A6F88A
:104CC000204600F068F92777E80708D0F00706D0FB
:104CD00021686FF001000861204600F0DBF928062A
:104CE00001D4A80408D5300606D521686FF4025017
:104CF00008612046FFF745FCE80508D5300606D5D3
:104D000021686FF4807008612046FFF739FC68065F
:104D100008D5700606D521686FF04000086120466E
:104D200000F0CEF9A80608D5B00606D521686FF0C8
:104D3000200008612046FFF725FCE80208D5F002B4
:104D400006D521686FF4801008612046FFF76BFCE0
:104D5000A80208D5B00206D521686FF400100861DA
:104D60002046FFF75FFC680208D5700206D521686F
:104D70006FF4800008612046FFF756FC28020AD530
:104D8000300208D521686FF4000008612046BDE8B4
:104D9000F041FFF799BCBDE8F081000070B586B026
:104DA000044614216846FBF7EEFD154E25680022E7
:104DB0001449022401234FF09040B54209D1CD6C33
:104DC00045F00105CD64C96C01F001010591402158
:104DD0000BE00D4EB54210D1CD6C45F00105CD6410
:104DE000C96C01F00101059180210091CDE90142DA
:104DF0006946CDE90323FEF765FB06B070BD0000F0
:104E0000004401400010024000480140704770B566
:104E1000044690F83C0000260D4601280BD00120E6
:104E200084F83C000C2A4AD007DC82B1042A20D046
:104E3000082A06D131E0022070BD102A53D0142A6E
:104E400063D00126002084F83C00304670BD206805
:104E500001F064FB2068816941F0080181612068EC
:104E6000816921F004018161206881692A69114307
:104E700011E0206801F0A4FB2068816941F4006121
:104E800081612068816921F4806181612068816984
:104E90002A6941EA02218161D4E7206801F0DAFB46
:104EA0002068C16941F00801C1612068C16921F031
:104EB0000401C1612068C1692A69114311E02068B9
:104EC00001F012FC2068C16941F40061C1612068F1
:104ED000C16921F48061C1612068C1692A6941EA20
:104EE0000221C161AEE7206801F048FC2068016D35
:104EF00041F0080101652068016D21F004010165A0
:104F00002068016D2A69114311E0206801F06EFCF0
:104F10002068016D41F4006101652068016D21F494
:104F2000806101652068016D2A6941EA02210165FD
:104F300088E710B5040003D094F83D0010B107E0F5
:104F4000012010BD002084F83C00204600F022F82B
:104F5000022084F83D00211D206801F061FA012043
:104F600084F8480084F83E0084F83F0084F840004C
:104F700084F8410084F8420084F8430084F8440037
:104F800084F8450084F8460084F8470084F83D0022
:104F9000002010BD7047704730B50446022269B149
:104FA000042912D0082917D00C291CD0102921D08F
:104FB00094F84300012824D0012030BD94F83E002D
:104FC0000128F9D184F83E201DE094F83F00012823
:104FD000F2D184F83F2016E094F840000128EBD18C
:104FE00084F840200FE094F841000128E4D184F8CF
:104FF000412008E094F842000128DDD184F84220E5
:1050000001E084F843200122206801F065FA194B81
:1050100020681949194A984209D0884207D090421D
:1050200005D0174DA84202D0164DA84203D1456CB9
:1050300045F400454564206898420CD0B0F1804F9B
:1050400009D0114B984206D0104B984203D08842A9
:1050500001D0904207D181680D4A1140062906D03F
:10506000B1F5803F03D0016841F0010101600020EB
:1050700030BD0000002C01400034014000400140E0
:105080000044014000480140000400400008004086
:105090000700010070470246002041B1042909D0F1
:1050A00008290AD00C2901D11068006C70471068DB
:1050B000406B70471068806B70471068C06B70471A
:1050C000704790F88410012918D0012180F88410CD
:1050D0002421C0F8881001680A680B6823F00103D6
:1050E0000B6022F000510022426603681960202103
:1050F000C0F8881080F8842010467047022070475E
:1051000070B50446D0F88C000025202801D002207C
:1051100070BD69B162B10120E066002020672046C1
:1051200002F00EF9E06E012804D00125284670BD7A
:10513000012070BD216810200862216851E8000F2D
:1051400040F0100041E80002002AF6D1EEE700002E
:10515000074A90420AD1074A0020505406490120CC
:105160006422C87003490248FFF7CABF70470000B5
:10517000B8040020E401002008000020704770B54A
:10518000044690F8840001281DD0012084F8840092
:105190002420C4F8880020680568026822F0010213
:1051A00002602068826822F060620A4382602046C2
:1051B00001F018FC206805602020C4F88800002059
:1051C00084F8840070BD022070BD70B5044690F86C
:1051D000840001281DD0012084F884002420C4F814
:1051E000880020680568026822F0010202602068D9
:1051F000826822F060420A438260204601F0F2FB9E
:10520000206805602020C4F88800002084F884000D
:1052100070BD022070BD7047704770472DE9F041A6
:1052200003680446D86919689A6840F60F05284251
:105230004FF000054FF002060AD187067ED501F037
:10524000200702F0805C57EA0C0777D0616F42E1DB
:10525000B64FDFF8DCC2174001EA0C0C57EA0C0C21
:105260006CD05FEAC07C0CD05FEAC15C09D54FF01E
:10527000010CC3F820C0D4F8903043F00103C4F807
:105280009030830709D5D30707D023681E62D4F86E
:10529000903043F00403C4F8903043070AD5D30795
:1052A00008D0266804233362D4F8903043F0020318
:1052B000C4F8903003070CD501F020033B4308D01D
:1052C000266808233362D4F8903043F00803C4F80A
:1052D000903003050BD54B0109D526684FF40063C8
:1052E0003362D4F8903043F02003C4F89030D4F8FF
:1052F0009030002B3DD0800609D501F0200002F04F
:105300008051084303D0616F09B120468847D4F823
:10531000900021688968490602D410F0280F2AD02D
:10532000204601F041FC2068806840061ED52068B8
:10533000083050E8001F21F0400100E021E040E883
:105340000012002AF3D1D4F8800078B17949816342
:10535000D4F88000FEF768F800280AD0D4F880005E
:10536000816B00E02046BDE8F04108472046FFF78A
:1053700054FFBDE8F0812046FFF74FFFC4F890507E
:10538000F7E7D4F86CC02027BCF1010F7ED15FEAAB
:10539000C06C7BD55FEAC16C78D51020186220689C
:1053A0008068400651D5D4F880100A68506800041F
:1053B000000C3ED0B4F85C3083423AD9A4F85E00C9
:1053C0000868006880062CD4216851E8000F20F49A
:1053D000807041E80002002AF6D12068083050E8C9
:1053E000001F21F0010140E80012002AF5D12068D9
:1053F000083050E8001F21F0400140E80012002A68
:10540000F5D1C4F88C70E566216851E8000F20F0F2
:10541000100041E80002002AF6D1D4F88000FDF720
:10542000CBFF2667B4F85C00B4F85E10401A81B276
:1054300007E0B4F85C1081429BD11068800698D5D3
:1054400026672046FFF784FE93E7B4F85C00B4F8C3
:105450005E10401A81B2B4F85E00002889D000299D
:1054600087D0226852E8000F20F4907042E80003D1
:10547000002BF6D12D4BDB432068083050E8002F7D
:105480001A4040E8002CBCF1000F00E00EE0F3D120
:10549000C4F88C70E5666567206850E8002F22F03C
:1054A000100240E80023002BF6D1C9E7C60209D557
:1054B000560207D54FF4801018622046BDE8F0412F
:1054C000FFF7AABE03060AD501F0800302F400022A
:1054D000134304D0A16F00297FF444AF49E742068B
:1054E00011D54A060FD52046016851E8002F22F059
:1054F000400241E80023002BF6D1C0F88870856790
:1055000000F0F3F835E7020206D54A0004D520463C
:10551000BDE8F041FFF77FBEC00195D5002993DAC1
:105520002046BDE8F041FFF729BE00000100001051
:10553000200100049D6B000810B5040003D0D4F8CE
:10554000880010B107E0012010BD002084F884001D
:10555000204600F027F82420C4F88800206801685D
:1055600021F001010160A06A10B1204601F05CFA4F
:10557000204601F0ABFD0128E6D02068416821F407
:10558000904141602068816821F02A018160206893
:10559000016841F0010101602046BDE8104001F0C2
:1055A000A7BA000010B598B00446142111A8FBF763
:1055B000EAF944216846FBF7E6F91B49206888426E
:1055C00030D101200024CDE900046846FEF79CF9A3
:1055D00008B1FDF7BFF91548016E41F4804101663D
:1055E000016E01F480411691C16C41F00101C1646A
:1055F000C06C11A900F0010016904FF4C06011902A
:105600000220CDE912040720CDE914404FF090406C
:10561000FDF758FF002211462520FEF7DDF8252072
:10562000FEF7CCF818B010BD003801400010024061
:10563000704700002DE9F84F0446D0F888009846DE
:1056400015460E46202802D00220BDE8F88F96B3FA
:105650008DB30020C4F890004FF02109C4F8889061
:105660001834FEF753F8A5878246E58754F8100CE6
:10567000183CB0F5805F01D1206910B13546002695
:1056800000E000255FF02007B4F8560053464FF0C5
:105690000002CDF80080D8B18021204601F0D8FE6C
:1056A000D8B955B115F8010B21688862D4F8881073
:1056B00039EA010006D00120C7E736F8020BC0F333
:1056C0000800F1E7B4F85600401EA4F85600DBE7E6
:1056D0004021204601F0BCFE18B1C4F888700320B8
:1056E000B3E7C4F888700020AFE77047FEE700001A
:1056F00000B585B014216846FBF745F94FF6FF70F9
:10570000009000200321CDE9020101906946024882
:10571000FDF7D8FE05B000BD0008004800B585B013
:1057200014216846FBF72FF94FF6FF700090012017
:105730000190032003900020029069460248FDF783
:10574000C1FE05B000BD00000008004870B500248F
:1057500006462146204600F003F900F041F94FF4D7
:105760009635304600F010F9641CAC42F9D370BD98
:1057700070B586B014216846FBF705F91E48C16C68
:1057800041F00401C164C16C01F004010591C16CD8
:1057900041F00101C164C16C01F001010591C16CCE
:1057A00041F00201C164C06C032500F002000590C5
:1057B0004FF448700124002603958DE85100694696
:1057C0000E48FDF77FFE200203958DE851004FF053
:1057D000904469462046FDF775FEFFF79FFFA069DC
:1057E00040F48070A06105481830016841F40871E8
:1057F000016006B070BD00000010024000040048C7
:10580000203AD2B2034B02EB420203EB021200F049
:1058100019B80000E6920008F0B50E4607460025CC
:1058200040F23F1407E021463846FFF7E9FF103CFD
:105830006D1CA4B2761C3278002A01D0142DF2D34C
:10584000F0BD00002DE9F04791468A460026044647
:1058500000F086F8DFF84080012700BF00F0C0F8B4
:105860005FF0000539F8160007FA05F108424046D6
:1058700001D1408800E0008800F086F86D1C102DF2
:10588000F0D3641CE4B25146204600F069F8761C5F
:10589000182EE3D3BDE8F0870000002010B5FFF715
:1058A00067FF002000F014F8084CA080A088A0F545
:1058B0000241303906D000F009FC002000F008F861
:1058C000A08010BD00F079FBF7E700000000002089
:1058D00070B51D490A6842F400720A600A6842F411
:1058E00080720A60184C103C226842F0200222604C
:1058F000164A1060086840F02000086000BF00BF32
:1059000000BF206840F020002060206840F48070D4
:105910002060FFF7EDFE4FF09041886A40F4807000
:10592000886200BF00BF00BF0848001F006885B242
:10593000886940F480708861FFF7F0FE206840F4C9
:1059400000702060284670BD2804004814080048F4
:1059500001B5BDF800000149488008BD00000020E5
:1059600010B50C460146202000F068F82146BDE83D
:105970001040212000F062B801B5BDF800000149D7
:10598000088008BD00000020134A116841F400712E
:105990001160114910390B6843F480730B600B6878
:1059A00043F020030B600D4B1860106840F020009E
:1059B000106000BF00BF00BF086840F02000086012
:1059C000086840F48070086000BF00BF00BF08682E
:1059D00040F400700860704728040048140800482C
:1059E0001449086840F400700860086840F480704A
:1059F000086010481038026842F0200202600E4B26
:105A000022221A600A6842F020020A6000BF00BF2A
:105A100000BF016841F020010160016841F480711C
:105A2000016000BF00BF00BF016841F40071016068
:105A3000704700002804004814080048184B10B5AF
:105A40001A6842F400721A601A6842F480721A608E
:105A5000134A103A146844F020041460114C20607A
:105A6000186840F02000186000BF00BF00BF106839
:105A700040F020001060106840F4807010602160D9
:105A8000186840F02000186000BF00BF00BF106819
:105A900040F020001060106840F48070106010BD6D
:105AA000280400481408004800EB8100006E00F054
:105AB000F84070478068C0F3C00070478068C0F34A
:105AC000800070478068C0F380007047C06810F4A1
:105AD000406F01D00020704701207047042303EA83
:105AE000D15310B518444369C1F3045107248C40C5
:105AF000A3438A401343436110BD00EB8100016E54
:105B000021F00041114301667047000030B58BB0B1
:105B1000002408940994202168460A94FAF733FF78
:105B20001C484FF0A041042501604FF40031C0E94A
:105B30000114C4600461C0E905450477447701217C
:105B4000016280F82440C462046380F83840C46372
:105B500080F84040FDF7CCF908B1FCF7FBFE08A93E
:105B60000C480894FCF742FF08B1FCF7F3FE0A4822
:105B700000900620CDE901047F200594CDE90305BE
:105B800069460448FCF79EFF002801D0FCF7E2FEBE
:105B90000BB030BDD40200200008302E30B589B0E3
:105BA00020216846FAF7EFFE1948184900240160E1
:105BB0004902C0E90114C46004250461C0E9054537
:105BC000047744770121016280F82440C4620463B1
:105BD00080F83840C46380F84040FDF789F908B187
:105BE000FCF7B8FE0B4800900620CDE901047F20A9
:105BF0000594CDE9030569460548FCF763FF0028D5
:105C000001D0FCF7A7FE09B030BD00000001005034
:105C1000400300200080F03EF0B587B014216846B4
:105C2000FAF7B1FE2D48C16C41F00401C164C16CAA
:105C300001F004010591C16C41F02001C164C16C07
:105C400001F020010591C16C41F00101C164C16CFA
:105C500001F001010591C16C41F00201C164C16C08
:105C600001F002010591C16C41F00801C164C06CF2
:105C70001B4E00F008004FF47F440590002221469F
:105C80003046FDF73EFD174F002204213846FDF750
:105C900038FD0125CDE900450024029469463046CF
:105CA0000394FDF70FFCCDE9005469464FF0904096
:105CB0000294FDF707FC0720CDE9000469460A4875
:105CC0000294FDF7FFFB04200090CDE901546946E2
:105CD00038460394FDF7F6FB07B0F0BD0010024014
:105CE00000080048000C00480004004810B586B0C9
:105CF00014216846FAF747FE214800241F490594FD
:105D0000C0E900147F218160FF21C0E903144FF036
:105D100080414461C0E906410462FEF7D1FA08B14E
:105D2000FCF718FE17208DF800003B208DF80100CD
:105D300032208DF802000194039400226946104835
:105D40000494FEF787FB08B1FCF704FE01208DF8F0
:105D5000140006208DF815000F208DF8160019206C
:105D60008DF81700002205A90548FEF723FB00283F
:105D700001D0FCF7EFFD06B010BD00000028004088
:105D8000AC03002010B594B01C210DA8FAF7FBFD60
:105D900034216846FAF7F7FD1F481E4900240160C8
:105DA0004F21C0E901144FF6FF71C0E903144461AB
:105DB0008461FEF78AFC08B1FCF7CCFD1648FFF7BA
:105DC000B8F808B1FCF7C6FD6020CDE90D040F94CA
:105DD00010941194129400220DA90F481394FFF708
:105DE00016F808B1FCF7B6FD00944FF40050CDE969
:105DF00004400194029403940694694606480C9466
:105E0000FEF7C2FB08B1FCF7A5FD0348FEF7C6FF8D
:105E100014B010BD004401402004002010B594B01F
:105E20001C210DA8FAF7AFFD34216846FAF7ABFD47
:105E30001F481E49002401604F21C0E9011464215C
:105E4000C0E9031444618461FEF73FFC08B1FCF72C
:105E500081FD1748FFF76DF808B1FCF77BFD602066
:105E6000CDE90D040F9410941194129400220DA901
:105E70000F481394FEF7CBFF08B1FCF76BFD0094BD
:105E80004FF40050CDE90440019402940394069429
:105E9000694607480C94FEF777FB08B1FCF75AFDFA
:105EA0000348FEF77BFF14B010BD0000004801401E
:105EB0006C04002010B58CB0002405942248049492
:105EC0000694079408940A94099400940194029407
:105ED0001C49039401604F21C0E901144FF6FF7182
:105EE000C0E903148461FEF7F0FB08B1FCF732FD52
:105EF0004FF48050049004A91348FEF76BFC08B1DE
:105F0000FCF728FD1048FEF7AFFD08B1FCF722FDB5
:105F1000089408A90C480A94FEF788FB08B1FCF71E
:105F200019FD0120CDE9004002940022694606488F
:105F30000394FEF7EFFC002801D0FCF70BFD0CB03A
:105F400010BD000000040040D4030020184810B524
:105F5000164901604FF416514160002181600C2206
:105F6000C160C0E904128161C16101624162816264
:105F7000FFF7E2FA08B1FCF7EDFC00210C48FFF74F
:105F800024F908B1FCF7E6FC00210948FFF7F7F80F
:105F900008B1FCF7DFFC0648FFF793F8002803D0B0
:105FA000BDE81040FCF7D6BC10BD00000038014031
:105FB000B8040020FEE7FEE7704730B5012100205D
:105FC000FFF73CFD4FF47A70FCF7B6FC002101208E
:105FD000FFF734FD41F290711020FFF72FFD4FF4D1
:105FE0001C516020FFF72AFD01216120FFF726FDEB
:105FF00002214620FFF722FD48F210011320FFF78F
:106000001DFD48F2FE011220FFF718FD4FF4A061BC
:106010000220FFF713FD41F230010320FFF70EFDD0
:1060200040F2033421463020FFF708FD214631209D
:10603000FFF704FD21463220FFF700FDE51E29464B
:106040003320FFF7FBFC03213420FFF7F7FC214648
:106050003520FFF7F3FC14213620FFF7EFFC214633
:106060003720FFF7EBFC21463820FFF7E7FC2146FD
:106070003920FFF7E3FC29463A20FFF7DFFC032134
:106080003B20FFF7DBFC21463C20FFF7D7FC4FF419
:10609000A0513D20FFF7D2FC4FF400719220FFF792
:1060A000CDFC21469320FFF7C9FC40F60D0190205E
:1060B000FFF7C4FC41F218010320FFF7BFFCBDE865
:1060C000304040F273110720FFF7B8BC10B543F21F
:1060D0000801E320FFF7B2FC1221E720FFF7AEFC36
:1060E00041F23121EF20FFF7A9FC00210120FFF749
:1060F000A5FC4FF4E0610220FFF7A0FC41F2300163
:106100000320FFF79BFC00210420FFF797FC40F2DF
:1061100007210820FFF792FC00210920FFF78EFCE1
:1061200000210A20FFF78AFC00210C20FFF786FCE3
:1061300000210D20FFF782FC00210F20FFF77EFCDD
:1061400000211020FFF77AFC07211120FFF776FCD1
:1061500000211220FFF772FC00211320FFF76EFCD4
:10616000C820FDF79DF941F290611020FFF766FC11
:1061700040F227211120FFF761FC3220FDF790F952
:106180001D211220FFF75AFC3220FDF789F94FF448
:1061900000611320FFF752FC14212920FFF74EFC69
:1061A0000B212B20FFF74AFC3220FDF779F9002163
:1061B0002020FFF743FC00212120FFF73FFC0721AF
:1061C0003020FFF73BFC40F207713120FFF736FC2F
:1061D00006213220FFF732FC40F204713520FFF730
:1061E0002DFC41F604713620FFF728FC04213720EE
:1061F000FFF724FC00213820FFF720FC40F2067155
:106200003920FFF71BFC40F201713C20FFF716FC20
:106210000F213D20FFF712FC00215020FFF70EFC5C
:10622000EF215120FFF70AFC00215220FFF706FC66
:1062300040F23F115320FFF701FC4FF41C51602046
:10624000FFF7FCFB01216120FFF7F8FB00216A202A
:10625000FFF7F4FB00218020FFF7F0FB00218120F5
:10626000FFF7ECFB00218220FFF7E8FB00218320F1
:10627000FFF7E4FB00218420FFF7E0FB00218520ED
:10628000FFF7DCFB10219020FFF7D8FB00219220C4
:10629000FFF7D4FB03219320FFF7D0FB4FF4887165
:1062A0009520FFF7CBFB00219720FFF7C7FB0021CC
:1062B0009820FFF7C3FB41F218010320FFF7BEFB54
:1062C000BDE8104040F273110720FFF7B7BB01098A
:1062D00001EB810100F00F0000EB4100C0B27047FC
:1062E0000022014602E00A39C9B2521C0A29FAD238
:1062F000100741EA106070472DE9F041044600683C
:106300000025C168490619D4C16841F08001C16007
:10631000FDF7FCF906464FF47A78032708E000BF42
:10632000FDF7F4F9801B404502D9032584F8257058
:106330002068C068400601D4032DF1D12846BDE88D
:10634000F08170B5044600680025C16821F0800125
:10635000C160206881694FF00306890607D4204692
:10636000FEF7DEF898B184F8256003250FE0816917
:1063700021F0200181612046FEF7D2F810B184F8A7
:10638000256003252068816941F02001816128464C
:1063900070BD7047FDF7C0B910B594B0382168469C
:1063A000FAF7F1FA14210EA8FAF7EDFA4FF400709B
:1063B000FDF744FA092000904FF48030019001204D
:1063C000059002200324CDE907041421CDE90A1029
:1063D0000C900D9009946846FDF724FD08B172B643
:1063E000FEE70F20CDE90E040020109011901290CE
:1063F00002210EA8FDF7CCFB002801D072B6FEE703
:1064000014B010BD0248016841F47001016070478A
:1064100088ED00E00148FEF7EFBB0000D403002048
:106420002DE9F0430268254B254D264E264C4FF0B2
:106430008049984207D0484505D0A84203D0B042D1
:1064400001D0A04203D122F070074A683A431F4F9F
:10645000DFF87CC0DFF87C8098420DD048450BD037
:10646000A84209D0B04207D0A04205D0B84203D01C
:10647000604501D0404503D122F44075CA682A43E3
:106480004D6922F080022A438D68C5620D688562DD
:10649000984207D0A04205D0B84203D0604501D051
:1064A000404501D109690163016841F004010160BF
:1064B000012141610260BDE8F0830000002C014031
:1064C000000400400008004000340140004001404A
:1064D000004401400048014010B501F01F030121B4
:1064E000046A99408C430462016A9A401143016234
:1064F00010BD10B5846842EA032224F47F440A43A5
:106500002243826010BD00008268034B1A400A4398
:1065100042F00701816070478FFFCFFF2DE9F04304
:10652000056A026A22F001020262436882691E4C17
:1065300025F0020522400C6822F0030214438A6809
:106540001B4E2A43194D1B4FDFF86CC0DFF86C90CF
:10655000A84207D0B04205D0B84203D0604501D070
:1065600048450AD1D0F8208028F00408C0F82080DF
:1065700022F00808CA6842EA0802A84207D0B042DE
:1065800005D0B84203D0604501D0484505D14D69DA
:1065900023F440731D438B692B4343608461496836
:1065A00041630262BDE8F0838FFFFEFF002C0140D3
:1065B00000340140004001400044014000480140D7
:1065C000F0B5056A026A22F010020262426883692D
:1065D0001A4C1C4E23400C6823F4407343EA0424F5
:1065E00025F020038D6843EA0513154DA84201D01C
:1065F000B04208D1076A27F040070762CF6823F04E
:10660000800343EA0713A8420AD0B04208D00E4DD7
:10661000A84205D00D4DA84202D00D4DA84207D189
:106620004D6922F4406242EA85028D6942EA8502A0
:1066300042608461496881630362F0BDFF8FFFFEA1
:10664000002C014000340140004001400044014062
:1066500000480140F0B5056A026A22F480720262C5
:106660004268C3691A4C1C4E23400C6823F0030394
:106670001C4325F400738D6843EA0523154DA84299
:1066800001D0B04208D1076A27F480670762CF685B
:1066900023F4006343EA0723A8420AD0B04208D09B
:1066A0000E4DA84205D00E4DA84202D00D4DA84275
:1066B00007D14D6922F4405242EA05128D6942EA3F
:1066C00005124260C4614968C1630362F0BD000005
:1066D0008FFFFEFF002C01400034014000400140CC
:1066E0000044014000480140F0B5056A026A22F406
:1066F000805202624268C3691A4C1C4E23400C68E7
:1067000023F4407343EA042425F400538D6843EADC
:106710000533154DA84201D0B04208D1076A27F4CD
:1067200080470762CF6823F4004343EA0733A84257
:106730000AD0B04208D00E4DA84205D00D4DA84257
:1067400002D00D4DA84207D14D6922F4404242EAE1
:1067500085128D6942EA85124260C461496801640C
:106760000362F0BDFF8FFFFE002C014000340140AA
:1067700000400140004401400048014030B5056A36
:10678000026A22F4803202624268036D114C234097
:106790000C681C4325F400330D8943EA05430E4D74
:1067A000A8420BD00D4DA84208D00D4DA84205D0EF
:1067B0000C4DA84202D00C4DA84204D14D6922F4E0
:1067C000803242EA052242600465496881640362BE
:1067D00030BD00008FFFFEFF002C0140003401405F
:1067E00000400140004401400048014030B5046AC7
:1067F000026A22F4801202624268036D114D24F491
:1068000000142B400D6843EA05230D8944EA055422
:106810000D4DA8420BD00D4DA84208D00C4DA842FA
:1068200005D00C4DA84202D00B4DA84204D14D69B1
:1068300022F4802242EA8522426003654968C164ED
:10684000046230BDFF8FFFFE002C01400034014088
:1068500000400140004401400048014010B5036A77
:10686000046A24F0010404620E4CA0420BD00E4CCA
:10687000A04208D00D4CA04205D00D4CA04202D041
:106880000C4CA04203D1046A24F00404046284691D
:1068900024F0F00444EA021423F00A020A4384615B
:1068A000026210BD002C0140003401400040014054
:1068B0000044014000480140F0B5056A046A24F034
:1068C000010404621B4E1C4FDFF870C0B04209D0B7
:1068D000B84207D0604505D0194CA04202D0194CEF
:1068E000A04203D1046A24F0040404628469B04223
:1068F0000CD0B0F1804F09D0134EB04206D0134EE9
:10690000B04203D0B84201D0604503D124F0030463
:10691000144301E044F001041A0724F0F00444EAAF
:10692000126225F00A0301F00A0119438261016233
:10693000F0BD0000002C0140003401400040014047
:1069400000440140004801400004004000080040AD
:1069500010B5036A046A24F0100404620A4CA042D1
:1069600002D00A4CA04203D1046A24F0400404621D
:10697000846923F0A00324F4704444EA023243EA19
:1069800001118261016210BD002C01400034014000
:1069900030B5046A056A25F0100505620F4DA8425E
:1069A00002D00F4DA84203D1056A25F040050562CB
:1069B000856925F4407545EA022222F470454FF6B8
:1069C000FF7202EA033224F0A0032A43A02404EA5F
:1069D000011119438261016230BD0000002C0140A9
:1069E0000034014030B5416EB9B1026891689268D7
:1069F000C1F342610B4B520F9C5CE50003F10804AC
:106A0000A25CB5FBF2F2A0F86A205A5C615CD2008D
:106A1000B2FBF1F1A0F8681030BD0121A0F86A10B6
:106A2000F8E70000CEA4000890F82810090706D562
:106A300001684A68836B22F400421A434A6090F866
:106A40002810C90706D001684A68C36A22F40032D8
:106A50001A434A6090F82810890706D501684A68E9
:106A6000036B22F480321A434A6090F828104907D9
:106A700006D501684A68436B22F480221A434A60B3
:106A800090F82810C90606D501688A68C36B22F4FD
:106A900080521A438A6090F82810890606D501684A
:106AA0008A68036C22F400521A438A6090F8281016
:106AB000490611D501684A68436C22F480121A43D2
:106AC0004A60416CB1F5801F06D101684A68836C49
:106AD00022F4C0021A434A6090F82810090606D52D
:106AE00001684A68C06C22F4002202434A60704781
:106AF0002DE9F84300260446C0F89060FCF706FE36
:106B00008046206800684FF0200500076FF07E4740
:106B100013D54346002229042046009700F098FC34
:106B200058B1216851E8000F20F0800041E80002D0
:106B3000002AF6D1C4F8885021E020680068400798
:106B400022D5434600224FF480012046009700F0F2
:106B50007FFCC8B1216851E8000F20F4907041E833
:106B60000002002AF6D12068083050E8001F21F00A
:106B7000010140E80012002AF5D1C4F88C5084F8D5
:106B800084600320BDE8F883C4F88850C4F88C50B2
:106B900044F86C6F666026760020F3E710B5806AD3
:106BA000FEF73BFB10BD000010B5026852E8001F65
:106BB00021F4907142E80013002BF6D10E4B0268CD
:106BC000083252E8001F194042E80014002CF6D1A8
:106BD000C16E012908D1016851E8002F22F010028E
:106BE00041E80023002BF6D12021C0F88C100021B1
:106BF000C166416710BD0000FEFFFFEF10B5B0F8A1
:106C00006020D0F88C300168222B04D0886940F0D5
:106C10000800886110BD496A836D11401980816D3B
:106C2000891C8165B0F85E10491EA0F85E10B0F8AE
:106C30005E100029EED1026852E8001F21F4907125
:106C400042E80013002BF6D10168083151E8002F0B
:106C500022F0010241E80023002BF5D12021C0F8E9
:106C60008C10002141670167154B02689A420BD0D6
:106C70005268120208D5036853E8002F22F08062A0
:106C800043E80024002CF6D1C26E012A02D0FEF7A0
:106C9000CFFC10BDC166026852E8001F21F0100150
:106CA00042E80013002BF6D10168CA69D243D2062C
:106CB00001D410220A62B0F85C10FEF749FA10BD48
:106CC000008000402DE9F0470446B0F8606000689D
:106CD000C569D0F800A0D0F80890D4F88C1022290B
:106CE00005D0816941F008018161BDE8F087B4F801
:106CF00068704FF0000844E02068406AA16D3040A1
:106D00000880A06D801CA065B4F85E00401EA4F849
:106D10005E002068C569690730D0E9070AD05FEADC
:106D2000CA5107D501210162D4F8900040F001005A
:106D3000C4F89000A8070BD55FEAC97008D0216895
:106D400002200862D4F8900040F00400C4F89000DB
:106D500068070BD55FEAC97008D021680420086273
:106D6000D4F8900040F00200C4F89000D4F89000ED
:106D700020B12046FEF751FAC4F89080B4F85E00C6
:106D800000B30FB1A806B7D4B4F85E000028ACD0A9
:106D9000B4F868108142A8D92068083050E8001F74
:106DA00021F0805140E80012002AF5D12A4860679E
:106DB000206850E8001F41F0200140E80012002A3E
:106DC000F6D192E7216851E8000F20F4807041E885
:106DD0000002002AF6D1214A2068083050E8001F3E
:106DE000114040E80013002BF6D12020C4F88C009D
:106DF000C4F874804046C4F87080194A21689142F2
:106E00000BD04968090208D5226852E8001F21F01A
:106E1000806142E80013002BF6D1E16E012903D016
:106E20002046FEF705FCAFE7E066216851E8000F59
:106E300020F0100041E80002002AF6D12068C16964
:106E4000C943C90601D410210162B4F85C10204680
:106E5000FEF77EF998E70000FD6B0008FEFFFFEFEC
:106E60000080004010B5B0F86020D0F88C30016888
:106E7000222B04D0886940F00800886110BD496A5F
:106E80001140826D1170816D491C8165B0F85E10F2
:106E9000491EA0F85E10B0F85E100029EED101681E
:106EA00051E8002F22F4907241E80023002BF6D124
:106EB0000168083151E8002F22F0010241E8002367
:106EC000002BF5D12021C0F88C100021416701670B
:106ED000154B02689A420BD05268120208D503681B
:106EE00053E8002F22F0806243E80024002CF6D102
:106EF000C26E012A02D0FEF79BFB10BDC16602687C
:106F000052E8001F21F0100142E80013002BF6D1D7
:106F10000168CA69D243D20601D410220A62B0F8CD
:106F20005C10FEF715F910BD008000402DE9F04718
:106F30000446B0F860600068C569D0F800A0D0F8D9
:106F40000890D4F88C10222905D0816941F00801FD
:106F50008161BDE8F087B4F868704FF0000844E044
:106F60002068406AA16D30400870A06D401CA0658B
:106F7000B4F85E00401EA4F85E002068C569690789
:106F800030D0E9070AD05FEACA5107D50121016272
:106F9000D4F8900040F00100C4F89000A8070BD589
:106FA0005FEAC97008D0216802200862D4F8900016
:106FB00040F00400C4F8900068070BD55FEAC97080
:106FC00008D0216804200862D4F8900040F0020044
:106FD000C4F89000D4F8900020B12046FEF71DF9C7
:106FE000C4F89080B4F85E0000B30FB1A806B7D41F
:106FF000B4F85E000028ACD0B4F868108142A8D97B
:107000002068083050E8001F21F0805140E800124D
:10701000002AF5D12A486067216851E8000F40F046
:10702000200041E80002002AF6D192E7216851E8E9
:10703000000F20F4807041E80002002AF6D1214AB6
:107040002068083050E8001F114040E80013002B72
:10705000F6D12020C4F88C00C4F874804046C4F8EF
:107060007080194A216891420BD04968090208D5FD
:10707000226852E8001F21F0806142E80013002BD3
:10708000F6D1E16E012903D02046FEF7D1FAAFE731
:10709000E066206850E8001F21F0100140E800126F
:1070A000002AF6D12068C169C943C90601D410215C
:1070B0000162B4F85C102046FEF74AF898E7000039
:1070C000656E0008FEFFFFEF008000402DE9F041F3
:1070D0000446016880682269E369104362690025FB
:1070E0001A431043DFF82CC20A688B4B1A40024344
:1070F0000A6020684168E26821F440511143416010
:107100002168A069614501D0226A10438A68834BD7
:107110001A4002438A602068C16A626A21F00F0146
:107120001143C1627E4923687E488B420DD1D0F85D
:10713000880010F0030006D0012855D0022842D064
:1071400003283FD152E001203DE077498B420BD12B
:10715000D0F8880010F00C0035D0042833D008286F
:1071600040D00C282ED141E070498B420BD1D0F891
:10717000880010F0300026D0102835D0202831D0DB
:1071800030281FD132E06A498B420BD1D0F88800F9
:1071900010F0C00017D0402826D0802822D0C02868
:1071A00010D123E063450DD1D0F8880010F4406081
:1071B00009D0B0F5806F17D0B0F5006F12D0B0F5E0
:1071C000406F13D010205B495B4F00264FF4004204
:1071D00063453BD160B1022813D004280BD00828A6
:1071E00072D10DE00220EEE70420ECE70820EAE788
:1071F000FCF7BCFD01E0FCF7DDFD010001D17CE006
:107200001146606A37F810206768B1FBF2F007EBAF
:107210004703834270D8B0EB073F6DD80023084680
:107220001946F9F785F8090241EA10610202780867
:10723000101871413A460023F9F77AF83F4AA0F551
:107240004071914258D82168C86056E0E3694FF612
:10725000EF7893422CD109284ED2DFE800F00508E0
:10726000114D0D4D4D4D1000FCF780FD01E0FCF778
:107270008FFD010004D140E0FCF79CFDF9E71146C9
:10728000606A37F81000B1FBF0F04100606801EB74
:107290005001B1FBF0F0A0F1100141452CD84FF6A0
:1072A000F0710140C0F3420001432068C16024E056
:1072B000092821D2DFE800F0050912200E20202045
:1072C0001100FCF753FD02E016E0FCF761FD010040
:1072D00004D112E0FCF76EFDF9E71146606A37F859
:1072E0001000B1FBF0F1606801EB5001B1FBF0F070
:1072F000A0F1100141450AD901250120A4F86A0036
:1073000024F8680F2846E6602661BDE8F08180B267
:1073100099E7000000800040F369FFCFFFF4FF1100
:107320000038014000100240004400400048004086
:10733000004C00400024F400B6A40008FFFC0F003D
:1073400070B58165A0F85C20A0F85E20002343673B
:1073500081684FF48056FF24B14204D10169F9B924
:1073600040F2FF1122E07F25C1B1B1F1805F1AD058
:10737000A0F86030C0F890302221C0F88C1001686D
:10738000083151E8003F43F0010341E80034002C8C
:10739000F5D1416EB1F1005F0ED031E0016941B924
:1073A000A0F86040E6E7016919B13F21A0F860103C
:1073B000E0E7A0F86050DDE7B0F8681091421FD810
:1073C0008168B14201D10169B9B11D4941670169C3
:1073D00041B1026852E8001F41F4807142E8001395
:1073E000002BF6D10168083151E8002F42F080529D
:1073F00041E80023002BF5D120E012494167F1E775
:107400008168B14201D1016969B10F4941670169E0
:1074100059B1026852E8001F41F4907142E800132C
:10742000002BF6D10AE009494167026852E8001FC3
:1074300041F0200142E80013002BF6D1002070BD7E
:107440002D6F0008C56C0008656E0008FD6B000814
:107450002DE9F047994617460D4604464FF00008BF
:10746000089E33E0701C31D0FCF750F9A0EB090006
:10747000B04218D8BEB120680168490726D5802DD2
:1074800024D0402D22D0C169C94309070DD4082555
:1074900005622046FFF788FBC4F8905084F884808A
:1074A0000120BDE8F0870320FBE7C069C043000569
:1074B0000CD421684FF4006008622046FFF774FB8B
:1074C0002020C4F8900084F88480ECE72068C0692C
:1074D00035EA000004D00020B842C3D00020E0E725
:1074E0000120F9E70148FDF799BE0000B80400202B
:1074F000FEE703B401984100009850EAC12018BF8C
:1075000004204A0D18BF40F0010040F2FF72B2EBB8
:10751000515F08BF40F00200012808BF052002B0FB
:1075200070470907090E002804DB00F1E02080F80D
:107530000014704700F00F0000F1E02080F8141DE7
:10754000704700000000000030B52DED048B81B0C5
:10755000B0EE408AF0EE608A6A4651EC180B00F0FB
:107560007FF900989FED329B7E300090002821DC4F
:1075700053EC192B51EC180B01F03AFB1AD00021F7
:1075800040F608004FF00000044651EC180B01F0E3
:10759000E9F808EE100A40F6080004EA00014FF08E
:1075A0000000B5EEC08AF1EE10FA04BF0220FAF72F
:1075B000AAFA2DE00098FF2830DB002108464FF0A2
:1075C000000000F4400553EC192B51EC180B01F0AE
:1075D000DDFC8CBF002401240220FAF794FA9FED11
:1075E000168A4DB1002C0CBF4FF400004FF4800000
:1075F000A84218BF9FED118A042108464FF00000F1
:10760000002C01BFB1EE480A01B0BDEC048B30BDC7
:10761000B0EE480A01B0BDEC048B30BD51EC180B44
:1076200001F0A0F801B000EE100ABDEC048B30BDF3
:1076300000000000000000000000807FFFFF7F7F4F
:1076400030B540F2FF742DED048BF0EE608A18EE39
:10765000901A85B0B0EE408A9FED2B9B05468DEDCC
:10766000008B34EA115147D053EC192B51EC180B15
:1076700001F0BEFA40D02A4651EC180B01F0E7FDAC
:1076800041EC180B18EE900A8DED008B34EA105087
:107690001CD053EC192B51EC180B01F0A9FA2BD18B
:1076A0000220FAF730FA00F043F810EE901A18EEC4
:1076B000900A8DED020B8DED008B61F31E0003909F
:1076C0009DED020B05B0BDEC048B30BD0220FAF736
:1076D0001AFA00F01DF810EE901A18EE900A8DEDCF
:1076E000020B8DED008B61F31E0003909DED020BEC
:1076F00005B0BDEC048B30BD05B0B0EE480AF0EE2D
:10770000680ABDEC048B30BD0000000000000000E2
:107710009FED050B10B553EC102B51EC100B01F045
:1077200037FB41EC100B10BD0000000000000070A2
:107730009FED050B10B553EC102B51EC100B01F025
:1077400027FB41EC100B10BD0000000000000010F2
:1077500010B5044691ED000BFFF7F6FE84ED000A2C
:1077600010BD10B5044690ED000B0846FFF768FF0A
:1077700084ED000B10BD30380A2801D2012070477B
:107780000020704770B528480168284C626A891A41
:10779000642948D3006860622548FBF793FD2548BB
:1077A000FBF790FD4FF47A7529462148FBF70CFD55
:1077B00029462048FBF708FD1E48FBF795FB01F022
:1077C00097FA9FED1D1B53EC112B01F0E1FA9FED91
:1077D0001C1B53EC112B01F0DBFA9FED1B1B53EC30
:1077E000112B01F0D5FA9FED1A1B53EC112B01F070
:1077F00003FCC4E91A010E48FBF776FBC0EB00203E
:10780000000B01F075FA41EC100B9FED131B84ED9A
:10781000180B53EC112B01F093F801F025FA04F545
:107820009071085C207470BD780100200800002071
:10783000D4020020400300206666666666660A4041
:10784000000000000000303FF1C1071F7CF07240D3
:107850000000000000407F400000000000002440C5
:1078600010B582B01446CDE900010023009A2360D0
:10787000194B21F0004098422ADA024328D0B0F593
:10788000801FA8BF226810DA9FED150B53EC102B58
:107890009DED000B51EC100B01F07AFACDE90001DF
:1078A0006FF0350221F0004022600F4B6FF31E5144
:1078B00003EB20501044206041F0FF5040F0005096
:1078C00001909DED000B00BF02B051EC100B10BDFC
:1078D0009DED000BF8E700000000F07F00000000C5
:1078E000000000000000504302FCFFFF2DE9FF5F95
:1078F000A4480168A44C6269891A0A2956D38046B3
:107900000068606100F072F901270025A07001286D
:1079100024D04FF0020B02282FD004F180069FEDF7
:107920009B0B9FED9C1B4FF0030903282CD00428D0
:1079300031D0052835D0062836D0607801280ED001
:1079400002281CD0032821D0042826D005282DD1B8
:10795000207800287ED002287DD010E16770207842
:107960000328FAD00020FDF7F1FE2078401CC0B2B9
:1079700020700228F1D9257001E184F801B0207847
:10798000B0B101281BD0FAE084F801902078F0B162
:10799000012875D0F3E0042060702078012870D0B1
:1079A000EDE005206070D3E706206070BDE8FF9F22
:1079B0007A4A606C217C1154401C6064DFE0A0793D
:1079C000401CC0B2A0710328C7D9A571D7E094EDBF
:1079D0001A0B53EC102B94ED1C0B51EC100B00F018
:1079E000F3FE9FED6F1B53EC112B00F0A9FFC4E9D0
:1079F0001E016D496948F8F7EDFFDFF8A0A10028E6
:107A00000AF13C0A84F800904FF000003AD0FDF7EC
:107A10009DFEE079401E10F0FF00E071D8F80010E4
:107A2000A16458D067715D49677278319AF8002077
:107A30000A709AF801304B709AF802008870216C35
:107A4000491C2164504994ED1E0B503186ED080B02
:107A50008E7801E085E08AE0CDE90230CDE9006270
:107A60004B78CA7851A14D48C838F8F7D9FC4B4932
:107A70004FF6FF736422C8395348FDF7DBFD7EE003
:107A80002CE04EE0FDF762FE2763D8F8000060634B
:107A9000657184F80790E06A4049A06327726431F9
:107AA0009AF800200A709AF801304B709AF8020098
:107AB0008870E16B491CE163334994ED1E0B503132
:107AC00086ED060B8E78CDE90230CDE900624B7869
:107AD000CA783EA1C7E784F805B0A4E7A07930B121
:107AE00001280DD0022814D0032848D114E053EC0B
:107AF000102B96ED000B51EC100B00F065FE22E010
:107B000096ED020B53EC112B51EC100B00F05CFEC8
:107B100024E0E06A401C0CE0207980F00100207134
:107B20002DE0A07938B1012810D00228DCD1E06A1C
:107B3000401EE06223E053EC102B96ED000B51EC5D
:107B4000100B01F059FAC6E9000118E096ED020B9E
:107B500053EC112B51EC100B01F04EFAC6E9020167
:107B60000DE01E210D48F8F70EFF656407E01E4882
:107B70000068012803D1657225722564E56365708C
:107B800014E7000078010020080000200000000039
:107B90000000F03F000000000000144048020020F8
:107BA0000000000000408F4042010020463A25308E
:107BB0003264253032642530326425303264253019
:107BC0003264253032640000B8040020533A253076
:107BD00032642530326425303264253032642530F9
:107BE0003264253032640000680100202DE9F0473E
:107BF000464C00254648A56061782E4601274FF087
:107C0000904921B1012918D002297BD14AE00121F4
:107C10008046FBF771FD70B102214046FBF76CFD19
:107C200048B104214046FBF767FD20B101214846D9
:107C3000FBF762FDA8B9677064E001218046FBF79D
:107C40005BFD80B102214046FBF756FD58B104218F
:107C50004046FBF751FD30B101214846FBF74CFD92
:107C600008B165704EE0012145464046FBF744FDF2
:107C700000B9012604212846FBF73EFD00B9032682
:107C800001214846FBF738FD00B9042602212846A9
:107C9000FBF732FD18B96068401C60602770022055
:107CA00060702FE001218046FBF726FD10B3022112
:107CB0004046FBF721FDE8B104214046FBF71CFDDF
:107CC000C0B101214846FBF717FD98B12078012883
:107CD0000FD16068C82801D2022605E0B0F5967F72
:107CE0004FF0050602D2A560656001E0C4E90157C6
:107CF0002570657002214046FBF7FEFC10B96068F4
:107D0000401C60603046BDE8F08700006001002044
:107D100000040048FEB5C24D2868C24CA169401A53
:107D200064285AD32868A0610022BF49BF48FCF7E5
:107D30009DFA002204F15001BC48FCF775FA207846
:107D400000284BD004F1800601287DD0022878D08D
:107D5000032842D104F1E4011820FDF75DFD6079AC
:107D600000286FD0002601286DD00120E073B0A15B
:107D7000B448F8F755FBB3494820FDF74DFDE279CB
:107D8000B1A1B048F8F74CFBAE496020FDF744FDC7
:107D90002868A16C401A4FF47A71B0FBF1F0C0F181
:107DA0000A02B0A1A748F8F73BFBA6497820FDF7E7
:107DB00033FD2868A16C401A42F2107188420CD938
:107DC00026700020FDF7C2FC0320E07196481E21BA
:107DD0003C38F8F7D8FD6664E673FEBD914918207B
:107DE000A831FDF719FD904AA5A13C3A9548F8F74E
:107DF00017FB94494820FDF70FFD8A4850308178E1
:107E000000914378C278A6A18E48F8F709FB8D4906
:107E10007820FDF701FD844881780091437802784D
:107E2000A6A18848F8F7FCFA86499020FDF7F4FCF3
:107E3000227CA9A18348F8F7F3FA8249A820C5E07B
:107E400002E030E085E0C6E076491820C631FDF753
:107E5000E3FC96ED000BA4A153EC102B7948F8F746
:107E6000DFFA78494820FDF7D7FC96ED020BA3A175
:107E700053EC102B7348F8F7D3FA72496020FDF7E2
:107E8000CBFCA2A16F48E26AF8F7CAFA6D497820E4
:107E9000FDF7C2FC207920B19FA16A48F8F7C0FA2B
:107EA00092E0A1A1F9E7A4491820FDF7B5FC207ADA
:107EB000002837D0A1A16348E26BF8F7B1FA614915
:107EC0004820FDF7A9FC584828308278417800788E
:107ED0008DE8070096ED060B9CA153EC102B59483A
:107EE000F8F79EFA57496020FDF796FC607A002863
:107EF00025D09CA15348226CF8F792FA514978207A
:107F0000FDF78AFC48483C308278417800788DE85B
:107F1000070096ED080B97A153EC102B4948F8F792
:107F20007FFA51E099A14748F8F77AFA4549482085
:107F3000FDF772FC9BA14348F8F772FAD2E79FA1C4
:107F40004048F8F76DFA3F497820FDF765FCA3A19A
:107F5000A3E7AAA13B48A26BF8F762FA3949482087
:107F6000FDF75AFC96ED000BA8A153EC102B3548F9
:107F7000F8F756FA33496020FDF74EFC96ED020BF8
:107F8000A7A153EC102B2F48F8F74AFA2D49782077
:107F9000FDF742FC94ED1A0B53EC102B94ED1C0BE7
:107FA00051EC100B00F010FC9FEDA21B53EC112BB9
:107FB00000F0C6FC41EC100BA0A184ED1E0B53ECAD
:107FC000102B2048F8F72CFA1E49902003B0BDE88A
:107FD000F040FDF721BC9EA11A48F8F721FA194993
:107FE0004820FDF719FCE27917A11648F8F718FAAE
:107FF00014496020FDF710FC2868A16C401A40F677
:10800000B83188427FF6E9AE26700020FDF79EFB6E
:1080100005481E213C38F8F7B6FC6664FEBD00003A
:10802000780100200800002084020020AC0300201A
:10803000202020202020204C4F434B202020202097
:1080400020200000800100202020202020205245F8
:108050005452593A2564202020202020202020201E
:1080600000000000202020202020574149543A25BC
:1080700030326420202020202020202020000000FA
:108080002020202020554E3A25732020202020201B
:108090002020202020202020202020202000000040
:1080A0002020202020253032642D253032642D25DB
:1080B00030326420202020202000000020202020BA
:1080C00020253032643A253032643A25303264203B
:1080D000202020202020000020202020205041535C
:1080E000533A2563202000002020202020463A25F6
:1080F0002E31664B487A20200000000020202020EE
:1081000020443A252E3066252520200020202020DE
:1081100020543A2564202000202020202043483A83
:108120005041372020000000202020202043483AE2
:1081300050413620200000000A0100202020534E2C
:108140003D256420202020200000000020205354E2
:108150003D252E31664025643A25643A2564202069
:10816000202020002020464E3D2564202020202075
:1081700000000000202046543D252E316640256435
:108180003A25643A25642020202020002020534EE8
:108190003D4E412020202020202020202020202073
:1081A00020202000202053543D4E4120202020201C
:1081B0002020202020202020202020002020464E8B
:1081C0003D4E412020202020202020202020202043
:1081D00020202020202020202000000020204654A5
:1081E0003D4E412020202020202020202020202023
:1081F00020202020202020202020000020202020BF
:1082000020543A25303264202020000020202020F5
:10821000204F463A252E31664B487A202020000018
:1082200020202020204F443A252E3066252520206E
:10823000200000000000000000408F40202020208F
:108240002043463A252E31664B487A2020200000F4
:10825000202020202020204641494C202020202082
:108260002020000070B5164C0025206B012807D097
:10827000A572E07B012806D0E572207830B10BE0D2
:108280000120A072F5E70220E072F6E701214FF02D
:108290009040FBF731FA50B12573A07AE17A084398
:1082A000217B08436073BDE8704000F01DB800F00A
:1082B00009F8A07B08B1002000E004202073ECE75F
:1082C0000800002006490A680648C36CD21AC82A6A
:1082D00005D30968C164817B81F001018173704716
:1082E000780100200800002070B5124D04460122DC
:1082F0004FF47F412846FBF704FA0F4E0122042178
:108300003046FBF7FEF9002204213046FBF7F9F96D
:10831000210200222846FBF7F4F90122042130460D
:10832000FBF7EFF93046BDE8704000220421FBF76F
:10833000E8B9000000080048000C0048FBF7F4F919
:10834000FEF72AF8FDF768FCFDF7E0FBFDF726FCD9
:10835000FDF7CCFCFDF7AEFDFDF714FDFDF75EFD6E
:10836000FDF7F4FDFDF79AFA0020FDF7EFF9002084
:10837000FDF7EEFA4FF6FF70FDF7FEFA642214499E
:108380001448FCF7BDFE7F211348FAF7E5FA7F2178
:108390001248FAF7E1FA00211148FCF797FB002197
:1083A0001048FCF7F9FD00210F48FCF7F5FD00200F
:1083B000FFF79AFFFFF79AFAFFF7E4F9FFF7AAFC35
:1083C00000F014F800F0ACF8FFF74CFFF2E7000003
:1083D000E4010020B8040020D40200204003002063
:1083E000D4030020200400206C0400202DE9F0417B
:1083F0002DED048B9FED3F0B404D53EC102B95ED75
:10840000000B51EC100B00F0C3FC41EC100B53ECD3
:10841000102B9FED3B0B51EC100B00F091FA41EC4F
:10842000180B394E85ED048BA5F18001374F0A6B8F
:1084300030680024F2B3884609799FED359BD1B3AB
:108440003868446351EC180B00F00EFC3168C862C8
:10845000F06095ED020B53EC192B51EC100B00F072
:108460006FFA53EC182B00F093FC00F0FDFB316821
:10847000486329480168D8F834204546891AB1F57F
:108480007A7F04D9A96B491EA96300686863A86B49
:1084900000280CD12C632878032808D12C700020E8
:1084A000FDF754F91E211D48F8F76DFA6C64BDEC18
:1084B000048B01E002E005E0BDE8F0814463386828
:1084C0004463F4E7446351EC180B00F0CDFB3968CA
:1084D000C862F86095ED020B53EC192B51EC100BB0
:1084E00000F02EFA53EC182B00F052FC00F0BCFB0D
:1084F0003968BDE70000000000408F408800002080
:108500000000000080842E416C0400202004002024
:1085100000000000000059407801002048020020BF
:108520002DE9F047594C2DED028B84B0E0780128FD
:108530006ED157480090431E821E56A1B638F8F7F8
:10854000ABF84FF6FF7A4FF0000903283AD05048B5
:1085500055A1B638F8F73EFA00283AD04C4A53A154
:10856000343AA2F18200F8F797F8012838D003A82E
:108570000090474802AB01AA4EA1B638F8F78CF834
:1085800003284AD004F1200741483B1F03F13C0275
:108590004DA1B6380097F8F77FF801269FED4E8B76
:1085A000DFF83C8104F18005032844D038483B1FA4
:1085B00003F13C024BA1B6380097F8F76DF8032899
:1085C0004DD01CE032490022891E4A48FBF742FF89
:1085D00011E04948F8F7B8F982B25346464911E02C
:1085E0002B483438F8F7B0F90A2808D82849424807
:1085F0003439F8F785F95346022240A102E0534688
:1086000005223FA14048FDF715F800BF84F803900C
:1086100004B0BDEC028BBDE8F0871C4801995430D2
:108620000022C1700299417003998170014631485E
:10863000FBF7C0FEDFE794ED160B53EC182B51EC63
:10864000100B00F07DF9C5E90001E06900F039FB8D
:10865000C5E90201206AA06384F8049011E094ED5A
:10866000160B53EC182B51EC100B00F069F9C5E90F
:108670000001E06900F025FBC5E90201206AA06362
:1086800026712663D8F800006063BFE70800002069
:108690009A02002054494D453A2530326425303243
:1086A00064253032640000003F0000005345543A16
:1086B00025730000444154453A2530326425303258
:1086C00064253032640000005041363A256C663A29
:1086D000256425253A2564000000000000408F40F5
:1086E000780100205041373A256C663A25642525EB
:1086F0003A256400AC030020420100204F4B0000EB
:108700004552524F52000000B804002010B5002915
:108710000AD00878002807D005487844F8F75AF9B5
:10872000002801D0002010BD0248784410BD000090
:10873000B21E0000AA1E000010B500290AD0087859
:10874000002807D005487844F8F744F9002801D0FC
:10875000002010BD0248784410BD0000A21E000099
:108760009A1E000021F00042A2F16052B2F5801F73
:1087700001F0004328BFD2F17F6C0BD95FEA001CE7
:1087800043EAC20242EB507018BF704728BF20F086
:1087900001007047B2F5801FBCBF184670474FEA12
:1087A000410C1CF5001F02D2084600F014BD70B544
:1087B00000F098FB00000089FFF7F6BF4FF0004083
:1087C000A0F580007047000010B591EA030F48BF84
:1087D00083F0004300F11884841A71EB030C05D276
:1087E000121943EB0C03001B61EB0C01DFF824E1D1
:1087F0004FEA1154A4EB135C1EEA430F18BF9EEA24
:10880000445F73D023EA0E03DCF1200E21EA045109
:1088100043F4801332D322FA0CFE10EB0E0023FA3D
:108820000CFE41EB0E01CCF1200E03FA0EFE10EB14
:108830000E0051F10001B1F5801FCCF1200E32D2B3
:1088400001EB045112FA0EF2BDE8104058BF704718
:10885000401C38BF5FEA420218BF7047002814BFAF
:1088600020F0010041F100014FEA410313F5001F20
:1088700038BF7047A1F1C04100F082BB012A43EB31
:108880000302ACF1200CDCF11F0E32BF4FF0000EE2
:1088900023FA0CF310EB030041EB0451B4EB115F2E
:1088A000D0D0A1EB045101F5801149085FEA3000F6
:1088B00001EB04510ED350F1000038BF12FA0EFE46
:1088C00008D1BDE81040C9E7401C38BF5FEA42024A
:1088D000CAD1C3E7BDE810404FEA410313F5001FBA
:1088E00038BF7047A1F1C04100F04ABB9EEA445F27
:1088F00008D011EA5E0FBDE8104004BF01F000414E
:1089000000207047BDE8104070B500F0EBFA00BFE2
:1089100064FBBE3E0000E0FF02494FF0000000F0A3
:1089200064BC00BF0000F87F491058BFC1F140414E
:108930005B1058BFC3F140438B42EFF30080704798
:108940002DE9C04130B4DFF8A0C23CEA111418BFD1
:108950003CEA131400F0EC8081EA03051CEA1114D0
:1089600044EAD57418BF1CEA131500F0C780A4EBC5
:1089700005044FF0004545EAC12145EAC32341EA19
:10898000505143EA525304F17F74994204F5003484
:108990004FEAC0204FEAC22208BF904200F09C80FC
:1089A0004FEA13650FF24016765D4FEA134506FB5A
:1089B00005F7C7F1807706FB07F74FEAD737A7FB24
:1089C00003687642C8F58038A7FB06CE38BFA8F109
:1089D000010807FB08E64FF0000EA6FB028CE6FB41
:1089E00003CEDCF1000CCEF1004E38BFAEF1010E2B
:1089F000A6FB0C584FF000074FF00005E6FB0E8772
:108A0000A1FB08C6A0FB07CE16EB0E0645F100053C
:108A1000E1FB076515F1E04E7EBFA4F580345FEA07
:108A200046066D4116F1800745F100054FEA17270C
:108A30004FEA066647EA0567A6F1DE46B6F1805FB3
:108A40004FEA15251FD9384624F0010C05EBC471F7
:108A5000BCF1FE6F01EB0C1102D8F0BCBDE8008147
:108A600024425CBF01F5801E9EEAC47F02D4F0BCA4
:108A7000BDE80081244238D4F0BCA1F1C041BDE87A
:108A8000004100F07DBA4FEAD22242EA43524FEA57
:108A9000D323A7FB02864FEAD02040EA415007FBD0
:108AA00003661EEA0E0F4FEAD12105FB026658BF8E
:108AB000A6EB0056B6EB00564FEA520E4EEAC37EC6
:108AC00018EB0E0E56EB530EBDD518EB02085E41A7
:108AD0007F1C55F10005B6E74FF480154FF00007F5
:108AE0004FF000064FF00008ADE7F0BC4FF000007B
:108AF00001F1C04101F00041BDE8008111EA0C1F05
:108B00000CEA131500D00CE013EA0C1F00F02580CE
:108B10004FF00000F0BC81EA030101F00041BDE824
:108B20000081F0BCBDE8004181EA030100F028BAF1
:108B3000F0BCBDE8004170B500F0D4F9097EFC3E00
:108B400000F007B881EA03014FF0000001F0004196
:108B5000704781EA030100F013BAF0BCBDE80041A0
:108B60004FF0000021497047FFFDFBF9F7F5F4F2E3
:108B7000F0EEEDEBE9E8E6E4E3E1E0DEDDDBDAD8B8
:108B8000D7D5D4D3D1D0CFCDCCCBCAC8C7C6C5C416
:108B9000C2C1C0BFBEBDBCBBBAB9B8B7B6B5B4B32D
:108BA000B2B1B0AFAEADACABAAA9A8A8A7A6A5A418
:108BB000A3A3A2A1A09F9F9E9D9C9C9B9A999998DC
:108BC0009797969595949393929191908F8F8E8E7F
:108BD0008D8C8C8B8B8A898988888787868585840C
:108BE00084838382828181800000FF070000F87FF8
:108BF00051EA030C17D41CF5801F58BFBCF5801F29
:108C000000F10680994218BF704708BF9042704734
:108C100007D711F5801F58BF13F5801F19D499424B
:108C20007047894270471CF5801F08D5BCF5801F2E
:108C3000F7D58B4218BF704708BF824270474FF488
:108C4000001C1CEB410F38BF1CEB430F01D28B42C1
:108C5000704770B500F046F9922449004FF000517A
:108C60004FF08053FFF760BE4FEA1153A3F58063C6
:108C7000D3F11E03A8BFD3F1200C08DB4FF0004254
:108C800042EAC12252EA505232FA03F070470942D6
:108C90000BD4102BC4BF0020704703F5787CBCF1C7
:108CA000FF3F05D04FF0FF3070474FF00000704796
:108CB00070B500F017F900BF49922480002070477A
:108CC000F0E710F0004248BF4042B0FA80F310FADB
:108CD00003F10AD0C3F11D0303F580634FEA41504D
:108CE00002EB035202EBD12170474FF000007047B6
:108CF000B0FA80F310FA03F10AD0C3F11D0303F5B3
:108D000080634FEA41504FEA035202EBD121704792
:108D10004FF000007047000051EA030C17D41CF517
:108D2000801F58BFBCF5801F00F10680994218BF14
:108D3000704708BF9042704707D711F5801F58BF92
:108D400013F5801F19D499427047894270471CF56A
:108D5000801F08D5BCF5801FF7D58B4218BF704720
:108D600008BF824270474FF4001C1CEB410F38BF14
:108D70001CEB430F01D28B42704770B500F0B2F884
:108D8000922449004FF000514FF08053FFF7CCBDC3
:108D9000DFF848C170B51CEA111E1EBF1CEA13158E
:108DA0009EEA0C0F95EA0C0F00F06F8081EA030435
:108DB00023EA4C134EEAD47E21EA4C1141F480118F
:108DC00043F48013AE44A1FB024CA0FB0365AEF15B
:108DD0007F7E361955EB0C05A1FB034C4CF10003CB
:108DE000A0FB021C16EB0C06654153F1000309427F
:108DF00018BF46F0010613F4007F0BD14FEA033190
:108E00004FEA0530340341EA155140EA16506FF03D
:108E100003020AE04FEAC3214FEAC520F40241EA07
:108E2000555140EA56506FF0020202EB2E4201EB20
:108E3000025585EACE710AD05FEA440C18BF24F0CF
:108E4000004450F1000041F1000120EAD47040F2EA
:108E5000FE7C624500D270BDA84214BF4FF0804432
:108E60004FF04044002E08BF0024BEF1806FA8BF21
:108E7000A1F1C041BDE8704080F282804FF0000057
:108E800001F1C04101F0004170479EEA0C0F0CEA6D
:108E9000131518BF95EA0C0F06D04FF0000081EAB9
:108EA000030E0EF0004170BD00F01CF88900013E79
:108EB00000F007B800F009B84FEA430C5FEA5C5CC9
:108EC00008D081EA030100F05BB84FEA410C5FEA89
:108ED0005C5CF6D14FF00000014970470000FF07CD
:108EE0000000F87F0EF1020E2EF0030E5EF8046B08
:108EF000364205D4012A43EB030515F5001F12D8AD
:108F0000012841EB010C1CF5001F0CD80ED14FEAD3
:108F1000D17C15F5001F0CEB4C0C0CF1020C08BFBA
:108F20004CEBD37C04E04FF0080C01E04FEAD37C1B
:108F30000CEB4C0526FA05F606F00706B6F1040C14
:108F400006D20EEB860CBDE870404CF0010C604779
:108F5000DFE80CF0090B02024FF000414FF0000077
:108F6000A1F5002170BD19461046012851EB0104FE
:108F700018BFD4F5001484BF002001F0004170BD7B
:108F80000808A0F500114FEA3101704753EA010CBF
:108F900017D41CF5801F58BFBCF5801F00F1068058
:108FA0008B4218BF704708BF8242704707D713F53E
:108FB000801F58BF11F5801F19D48B4270479B4208
:108FC00070471CF5801F08D5BCF5801FF7D5994266
:108FD00018BF704708BF904270474FF4001C1CEB4D
:108FE000430F38BF1CEB410F01D2994270470FB4B9
:108FF0000CBC03BCFFF7C1BE10B591EA030F48BF1C
:1090000083F000433FF5E8AB841A71EB030C07D201
:1090100012198CF0004C43EB0C03001B61EB0C01AC
:10902000DFF8A4E14FEA1154A4EB135C1EEA430FEE
:1090300018BF9EEA445F00F0B08023EA6E035242FC
:1090400021EA0451C3EB6E0338BF5B1EDCF1200E36
:1090500025D322FA0CFE10EB0E0043FA0CFE41EB76
:109060000E01CCF1200E03FA0EFE10EB0E0051F1B2
:109070000001CCF1200E29D412FA0EF201EB0451BA
:10908000BDE8104058BF7047401C1CBFB2F1004FF4
:10909000704700280CBF491C20F00100704712EBFC
:1090A000020E43EB030218BF4FF0010E4EEA4202DC
:1090B000ACF1200CDCF11E0E54D943FA0CFE10EB7F
:1090C0000E0051F1FF31CCF11E0ED5D50EF1010E7F
:1090D00012FA0EFE404141EB010101EB445C5FEAF4
:1090E0005C5C10D910EBDE7001EB045138BFBEF1AF
:1090F000004FBDE8104018BF704700280CBF491C46
:1091000020F00100704730D24FEAD42C11F5001145
:1091100024F400641BD0B1FA81F20B3AA41AA41E05
:10912000D2F12003914030FA03F31943904001EB50
:10913000CC71002C01EB0451BDE81040A8BF704772
:1091400001F1C0414FF0000001F000417047B0FA5A
:1091500080F310FA03F100D110BDE41A173C480562
:10916000C90AE4E701EB045110BD491001EB0451B9
:10917000BDE810404FEA300002E04FF000017047B8
:109180004A0008BF0042F8D0B2F5001F28BF704760
:1091900001F000414FF0000070479EEA445F07D0A5
:1091A00011EA5E0FBDE8104004BF002100207047A7
:1091B000BDE8104070B5FFF795FE00BF40DFF63EFA
:1091C00083F00041104670470000E0FF4FF0407010
:1091D000E1EE100A7047FF2141EAD050C005704708
:1091E0004FF000007047F7F76ABD0CF00F03092B32
:1091F00008BF082000F05F800A2B0BD0082B18BF97
:10920000704708BF1CF0400F0AD04FF000004FF02D
:10921000000170471CF0400F18BF4FF0004070472E
:109220001CF0100F08D020F0704300F07F4242EA9B
:10923000D3014FEA4370704700F0604021F07F4255
:1092400042EA000201F07F4040EA727070474FF03E
:10925000FF0C4CF4E06C1CEA11531CBF9CEA030C9D
:109260009445C2BFDA4201EB02517047002B0DD08A
:10927000BCF1000F0FD0002A01F00041A4BF41F063
:10928000E04141F07F614FF00000704701F0004184
:109290004FF00000704750EA01334FF09B0C18BFAD
:1092A0004CF0806C7FF438AB7047F7F7A7BFF8F746
:1092B00031BCF8F7BFBD1CF4801F11D01CF4E02FA7
:1092C00003D06FEACC31490070474FF04050EFF3C4
:1092D000008222F0704242EA000282F30088704766
:1092E0004FF0000070470000000000000000000088
:1092F000000000000000000000000000000000006E
:10930000000000000000000000000000000000005D
:109310000000000000000000800180018001800149
:109320008001800180018001800180018001800135
:1093300080010000000080018001000000000000AA
:1093400000000000000000000000CC00CC00CC00B9
:10935000CC00CC00CC0000000000000000000000A9
:1093600000000000000000000000000000000000FD
:1093700000000000000000000000000000000000ED
:109380000000600C600C600C30063006FE1FFE1FF3
:10939000300638071803FE1FFE1F180318038C0140
:1093A0008C018C01000000008000E003F80F9C0E8F
:1093B0008C1C8C188C009800F801E007800E801C33
:1093C0008C188C189C18B80CF00FE00380008000FB
:1093D0000000000000000000000000000E181B0C40
:1093E000110C11061106110311039B018E01C038E7
:1093F000C06C60446044304430441844186C0C38ED
:109400000000000000000000E001F003380718062B
:1094100018063003F001F000F8009C310E33061EF0
:10942000061C061C063FFC73F02100000000000033
:10943000000000000000000000000C000C000C0008
:109440000C000C000C0000000000000000000000F8
:10945000000000000000000000000000000000000C
:109460000000000000000000000200038001C000B6
:10947000C00060006000300030003000300030007C
:1094800030003000300060006000C000C00080018B
:10949000000300020000000020006000C000800106
:1094A0008001000300030006000600060006000617
:1094B0000006000600060003000380018001C000D2
:1094C000600020000000000000000000000000001C
:1094D0000000C000C000D806F807E00130033807DC
:1094E000000000000000000000000000000000007C
:1094F000000000000000000000000000000000006C
:10950000000080018001800180018001FC3FFC3F60
:1095100080018001800180018001000000000000C6
:10952000000000000000000000000000000000003B
:10953000000000000000000000000000000000002B
:109540000000000000000000800180010001000117
:10955000800000000000000000000000000000008B
:109560000000000000000000000000000000E00714
:10957000E007000000000000000000000000000004
:1095800000000000000000000000000000000000DB
:1095900000000000000000000000000000000000CB
:1095A0000000000000000000C000C000000000003B
:1095B0000000000000000000000C000C0006000687
:1095C0000006000300030003800380018001800186
:1095D000C000C000C000600060000000000000008B
:1095E0000000000000000000E003F007380E180C37
:1095F0000C180C180C180C180C180C180C180C184B
:109600000C18180C380EF007E003000000000000F2
:10961000000000000000000000018001C001F00116
:109620009801880180018001800180018001800112
:1096300080018001800180018001000000000000A5
:109640000000000000000000E003F80F180C0C18E8
:109650000C1800180018000C000600038001C00060
:10966000600030001800FC1FFC1F0000000000001C
:109670000000000000000000E001F807180E0C0CCC
:109680000C0C000C0006C003C007000C00180018EA
:109690000C180C18180CF807E0030000000000007C
:1096A0000000000000000000000C000E000F000F82
:1096B000800DC00C600C600C300C180C0C0CFC3FC6
:1096C000FC3F000C000C000C000C0000000000002F
:1096D0000000000000000000F80FF80F180018004C
:1096E0000C00EC03FC071C0E001C001800180018EE
:1096F0000C181C0C180EF807E00300000000000016
:109700000000000000000000C007F00F381C18180F
:1097100018000C00CC03EC0F3C0E1C1C0C180C1891
:109720000C18181C380EF007E003000000000000C1
:109730000000000000000000FC1FFC1F000C0006E1
:109740000006000380038001C001C000E00060004B
:1097500060007000300030003000000000000000A9
:109760000000000000000000E003F007380E180CB5
:10977000180C180C3806F007F007180C0C180C1809
:109780000C180C18380CF80FE00300000000000063
:109790000000000000000000E003F007380E1C0C81
:1097A0000C180C180C181C1C381EF81BE01900189B
:1097B000000C000C1C0EF807F00100000000000077
:1097C0000000000000000000000000000000000099
:1097D0000000800180010000000000000000000087
:1097E0000000000000008001800100000000000077
:1097F0000000000000000000000000000000000069
:109800000000800180010000000000000000000056
:1098100000000000000080018001000100018000C4
:109820000000000000000000000000000000000038
:109830000000000000000010001C800FE003F80092
:109840001800F800E003800F001C0010000000006A
:109850000000000000000000000000000000000008
:10986000000000000000F81F000000000000F81FCA
:1098700000000000000000000000000000000000E8
:1098800000000000000000000000000000000000D8
:1098900000000000000008003800F001C007001FB1
:1098A0000018001FC007F001380008000000000089
:1098B0000000000000000000E003F80F180C0C1876
:1098C0000C180018000C000600038001C000C00046
:1098D000C00000000000C000C00000000000000048
:1098E00000000000000000000000E007181804203D
:1098F000C229224A11440944094409440922111386
:10990000E20C024004201818E007000000000000EC
:10991000000000000000000080038003C006C006B5
:10992000C006600C600C301830183018F83FF83F53
:109930001C700C600C6006C006C000000000000037
:109940000000000000000000FC03FC0F0C0C0C18D1
:109950000C180C180C0CFC07FC0F0C180C300C30FD
:109960000C300C300C18FC1FFC070000000000003D
:109970000000000000000000C007F01F38381C3055
:109980000C700660060006000600060006000600D1
:1099900006600C701C30F01FE007000000000000A3
:1099A0000000000000000000FE03FE0F060E061877
:1099B000061806300630063006300630063006300F
:1099C00006180618060EFE0FFE0300000000000039
:1099D0000000000000000000FC3FFC3F0C000C00F9
:1099E0000C000C000C00FC1FFC1F0C000C000C00F9
:1099F0000C000C000C00FC3FFC3F000000000000CD
:109A00000000000000000000F83FF83F18001800B8
:109A1000180018001800F81FF81F18001800180088
:109A200018001800180018001800000000000000BE
:109A30000000000000000000E00FF83F3C780E60DE
:109A400006E007C00300030003FE03FE03C007C0D7
:109A500006C00EC03CF0F83FE00F00000000000020
:109A600000000000000000000C300C300C300C3006
:109A70000C300C300C30FC3FFC3F0C300C300C3008
:109A80000C300C300C300C300C30000000000000AA
:109A900000000000000000008001800180018001C2
:109AA00080018001800180018001800180018001AE
:109AB0008001800180018001800100000000000021
:109AC000000000000000000000060006000600067E
:109AD0000006000600060006000600060006000656
:109AE000180618063807F003E00100000000000027
:109AF000000000000000000006300618060C0606F4
:109B000006038601C60066007600DE008E010603AD
:109B10000606060C0618063006600000000000006D
:109B200000000000000000001800180018001800D5
:109B30001800180018001800180018001800180065
:109B4000180018001800F81FF81F0000000000009F
:109B500000000000000000000EE01EF01EF01EF0ED
:109B600036D836D836D836D866CC66CC66CCC6C69B
:109B7000C6C6C6C6C6C686C386C3000000000000AF
:109B800000000000000000000C301C303C303C3075
:109B90006C306C30CC30CC308C310C330C330C3618
:109BA0000C360C3C0C3C0C380C3000000000000063
:109BB0000000000000000000E007F81F1C380E70D5
:109BC000066003C003C003C003C003C003C003C0DA
:109BD00006600E701C38F81FE0070000000000004F
:109BE0000000000000000000FC0FFC1F0C380C30CF
:109BF0000C300C300C300C18FC1FFC070C000C0057
:109C00000C000C000C000C000C0000000000000018
:109C10000000000000000000E007F81F1C380E7074
:109C2000066003E003C003C003C003C003C007E035
:109C300006630E3F1C3CF83FE0F700C00000000048
:109C40000000000000000000FE0FFE1F0638063076
:109C5000063006300638FE1FFE0706030606060C11
:109C600006180618063006300660000000000000E6
:109C70000000000000000000E003F80F1C0C0C18AE
:109C80000C180C001C00F803E00F001E0038063012
:109C900006300E301C1CF80FE0070000000000002A
:109CA0000000000000000000FE7FFE7F80018001B8
:109CB000800180018001800180018001800180019C
:109CC000800180018001800180010000000000000F
:109CD00000000000000000000C300C300C300C3094
:109CE0000C300C300C300C300C300C300C300C3094
:109CF0000C300C301818F81FE007000000000000BE
:109D0000000000000000000003600630063006304E
:109D10000C180C180C18180C180C380E30063006DD
:109D2000700760036003C001C00100000000000074
:109D300000000000000000000360C361C361C36154
:109D40006633663366336633663366336C1B6C1B6F
:109D50006C1B2C1A3C1E380E380E00000000000050
:109D600000000000000000000FE00C7018303018F8
:109D7000700C600EC00780038003C003E006700C07
:109D8000301C18180C300E6007E0000000000000C6
:109D9000000000000000000003C006600C301C380A
:109DA0003818300C6006E007C00380018001800194
:109DB000800180018001800180010000000000001E
:109DC0000000000000000000FC7FFC7F006000300D
:109DD0000018000C000600038001C0006000300085
:109DE00018000C000600FE7FFE7F0000000000004F
:109DF0000000000000000000E003E00360006000DD
:109E00006000600060006000600060006000600052
:109E10006000600060006000600060006000600042
:109E2000E003E0030000000030003000600060004C
:109E30006000C000C000C000C0018001800180013E
:109E400000030003000300060006000000000000FD
:109E50000000000000000000E003E0030003000336
:109E600000030003000300030003000300030003DA
:109E700000030003000300030003000300030003CA
:109E8000E003E003000000000000C001C001600327
:109E90006003600330063006180C180C0000000048
:109EA00000000000000000000000000000000000B2
:109EB00000000000000000000000000000000000A2
:109EC0000000000000000000000000000000000092
:109ED0000000000000000000FFFFFFFF0000000086
:109EE00000000000000000000C000C000C000C0042
:109EF0000C000C000000000000000000000000004A
:109F00000000000000000000000000000000000051
:109F10000000000000000000000000000000000041
:109F20000000F003F8071C0C0C0C000FF00FF80CED
:109F30000C0C0C0C1C0FF80FF018000000000000B7
:109F400000000000000000001800180018001800B1
:109F50001800D803F80F380C181818181818181803
:109F600018181818380CF80FD8030000000000006B
:109F700000000000000000000000000000000000E1
:109F80000000C003F007300E180C1800180018006D
:109F90001800180C300EF007C0030000000000008D
:109FA0000000000000000000001800180018001851
:109FB0000018C01BF01F301C181818181818181893
:109FC00018181818301CF01FC01B000000000000FB
:109FD0000000000000000000000000000000000081
:109FE0000000C003F00F300C1818F81FF81F1800FD
:109FF00018003818301CF00FC007000000000000E7
:10A000000000000000000000800FC00FC000C00072
:10A01000C000F007F007C000C000C000C000C000D2
:10A02000C000C000C000C000C00000000000000070
:10A030000000000000000000000000000000000020
:10A040000000E00DF80F180E0C0C0C0C0C0C0C0C96
:10A050000C0C0C0C180EF80FE00D000C0C0C1C0670
:10A06000F807F001000000001800180018001800A0
:10A070001800D807F80F381C1818181818181818CE
:10A0800018181818181818181818000000000000E0
:10A090000000000000000000C000C0000000000040
:10A0A0000000C000C000C000C000C000C000C00070
:10A0B000C000C000C000C000C000000000000000E0
:10A0C0000000000000000000C000C0000000000010
:10A0D0000000C000C000C000C000C000C000C00040
:10A0E000C000C000C000C000C000C000C000C00070
:10A0F000F8007800000000000C000C000C000C00C0
:10A100000C000C0C0C060C038C01CC006C00FC0049
:10A110009C018C030C030C060C0C000000000000DA
:10A120000000000000000000C000C000C000C0002F
:10A13000C000C000C000C000C000C000C000C0001F
:10A14000C000C000C000C000C0000000000000004F
:10A1500000000000000000000000000000000000FF
:10A1600000007C3CFF7EC7E383C183C183C183C100
:10A1700083C183C183C183C183C10000000000008B
:10A1800000000000000000000000000000000000CF
:10A1900000009807F80F381C181818181818181805
:10A1A00018181818181818181818000000000000BF
:10A1B000000000000000000000000000000000009F
:10A1C0000000C003F00F300C1818181818181818D1
:10A1D00018181818300CF00FC00300000000000021
:10A1E000000000000000000000000000000000006F
:10A1F0000000D803F80F380C181818181818181879
:10A2000018181818380CF80FD80318001800180080
:10A21000180018000000000000000000000000000E
:10A220000000C01BF01F301C181818181818181838
:10A2300018181818301CF01FC01B00180018001840
:10A2400000180018000000000000000000000000DE
:10A250000000B007F0037000300030003000300024
:10A2600030003000300030003000000000000000FE
:10A2700000000000000000000000000000000000DE
:10A280000000E003F003380E180C3800F003C0079C
:10A29000000C180C380EF007E0030000000000006E
:10A2A000000000000000000000008000C000C000AE
:10A2B000C000F007F007C000C000C000C000C00030
:10A2C000C000C000C000C007800700000000000000
:10A2D000000000000000000000000000000000007E
:10A2E000000018181818181818181818181818181E
:10A2F00018181818381CF01FE019000000000000A2
:10A30000000000000000000000000000000000004D
:10A3100000000C18180C180C180C3006300630060B
:10A32000600360036003C001C00100000000000082
:10A33000000000000000000000000000000000001D
:10A340000000C141C141C361636363636363363627
:10A35000363636361C1C1C1C1C1C0000000000007D
:10A3600000000000000000000000000000000000ED
:10A3700000001C38381C300C60066003600360036A
:10A3800060036006300C381C1C3800000000000020
:10A3900000000000000000000000000000000000BD
:10A3A00000001830301830187018600C600CE00C89
:10A3B000C006C00680038003800380018001C001C5
:10A3C000F00070000000000000000000000000002D
:10A3D0000000FC1FFC1F000C000600038001C000F1
:10A3E000600030001800FC1FFC1F0000000000008F
:10A3F000000000000000000000038001C000C00059
:10A40000C000C000C000C0006000600030006000FC
:10A410004000C000C000C000C000C000C0008001FB
:10A420000003000000000000800180018001800125
:10A430008001800180018001800180018001800114
:10A440008001800180018001800180018001800104
:10A4500080018001000000006000C000C001800198
:10A4600080018001800180010003000300060003D9
:10A470000001800180018001800180018001C00015
:10A48000600000000000000000000000000000006C
:10A49000000000000000F010F81F080F000000008E
:10A4A00000000000000000000000000000000000AC
:10A4B0000000000000000100020004000600080087
:10A4C0000A000C0010002000400080000001010183
:10A4D0000103070100000804020408010101000053
:10A4E0000000000000000102030406070809000044
:10A4F0000000010203040400000800000000000046
:10A50000000200010000100002400000000000A056
:10A510000000000005400000000000C8000000002E
:10A520000C4000000000409C0000000019400000AA
:10A530000020BCBE0000000034400000BFC91B8EDC
:10A5400000000004B5400000504BCFD06607E2CFBA
:10A55000010000006C4100003E8251AADFEEA734EA
:10A5600001000000D9420000DCB5A0E23A301F979C
:10A57000FFFFFFFFB4450000FD25A0C8E9A3C14FC0
:10A58000FFFFFFFFFF3F0000000000800000000011
:10A59000FF3F00000000008000000000F8A6000857
:10A5A00000000020800100001402000858A70008E5
:10A5B00080010020300A0000700200080000000046
:10A5C0000000F07FFFFFFFFFFFFFEF7F1C00000098
:10A5D00043000000F8FFFFFF0C0000000E00000029
:10A5E0000F0000002E0000001001000043000000DA
:10A5F000F8FFFFFF004040404040404040404141A4
:10A600004141414040404040404040404040404047
:10A6100040404040400502020202020202020202E1
:10A6200002020202022020202020202020202002DE
:10A63000020202020202909090909090101010106E
:10A64000101010101010101010101010101010100A
:10A65000020202020202888888888888080808089E
:10A66000080808080808080808080808080808086A
:10A670000202020240000000000000000000000092
:10A6800000000000000000000000000000000000CA
:10A6900000000000000000000000000000000000BA
:10A6A00000000000000000000000000000000000AA
:10A6B000000000000000000000000000000000009A
:10A6C000000000000000000000000000000000008A
:10A6D000000000000000000000000000000000007A
:10A6E000000000000000000000000000000000006A
:10A6F000000000000000000021B3FFFF022403025D
:10A7000059056324405A34085A5908A14A20011DAA
:10A7100049444C450709151E0D18504152411E0D64
:10A72000184F5554501E0D11524543441E001F2A08
:10A730003031323334353637383941424344454677
:10A7400058595A40232425263D2B413335233210B6
:08A750007A01EF12F400000091
:04000005080001D915
:00000001FF
