ISO-10303-21;
HEADER;
FILE_DESCRIPTION (( 'STEP AP203' ),
    '1' );
FILE_NAME ('jeson.STEP',
    '2026-07-12T13:26:21',
    ( '' ),
    ( '' ),
    'SwSTEP 2.0',
    'SolidWorks 2024',
    '' );
FILE_SCHEMA (( 'CONFIG_CONTROL_DESIGN' ));
ENDSEC;

DATA;
#1 = CARTESIAN_POINT ( 'NONE',  ( 1000.000000000000000, 5.000000000000000888, -64.50000000000000000 ) ) ;
#2 = ORIENTED_EDGE ( 'NONE', *, *, #1940, .F. ) ;
#3 = LINE ( 'NONE', #2186, #3109 ) ;
#4 = CARTESIAN_POINT ( 'NONE',  ( 2.000000000000000000, 4.999999999999997335, -9.499999999999994671 ) ) ;
#5 = DIRECTION ( 'NONE',  ( 0.000000000000000000, 0.000000000000000000, 1.000000000000000000 ) ) ;
#6 = AXIS2_PLACEMENT_3D ( 'NONE', #1761, #2813, #676 ) ;
#7 = DIRECTION ( 'NONE',  ( 0.000000000000000000, 0.000000000000000000, -1.000000000000000000 ) ) ;
#8 = FACE_OUTER_BOUND ( 'NONE', #1663, .T. ) ;
#9 = EDGE_CURVE ( 'NONE', #1616, #568, #121, .T. ) ;
#10 = DIRECTION ( 'NONE',  ( -1.000000000000000000, 0.000000000000000000, 0.000000000000000000 ) ) ;
#11 = ORIENTED_EDGE ( 'NONE', *, *, #940, .F. ) ;
#12 = DIRECTION ( 'NONE',  ( -1.000000000000000000, 0.000000000000000000, 3.469446951953606300E-16 ) ) ;
#13 = ORIENTED_EDGE ( 'NONE', *, *, #3218, .F. ) ;
#14 = EDGE_CURVE ( 'NONE', #763, #2901, #1166, .T. ) ;
#15 = APPROVAL_STATUS ( 'not_yet_approved' ) ;
#16 = ORIENTED_EDGE ( 'NONE', *, *, #3503, .F. ) ;
#17 = VECTOR ( 'NONE', #78, 1000.000000000000000 ) ;
#18 = PLANE ( 'NONE',  #2199 ) ;
#19 = VERTEX_POINT ( 'NONE', #349 ) ;
#20 = LINE ( 'NONE', #1402, #3058 ) ;
#21 = LINE ( 'NONE', #932, #1097 ) ;
#22 = CARTESIAN_POINT ( 'NONE',  ( 0.000000000000000000, 34.99999999999999289, -84.50000000000000000 ) ) ;
#23 = AXIS2_PLACEMENT_3D ( 'NONE', #1089, #2720, #2173 ) ;
#24 = VECTOR ( 'NONE', #1003, 1000.000000000000000 ) ;
#25 = DIRECTION ( 'NONE',  ( -1.000000000000000000, -0.000000000000000000, -0.000000000000000000 ) ) ;
#26 = CARTESIAN_POINT ( 'NONE',  ( 1000.000000000000000, 5.000000000000000888, -29.50000000000000000 ) ) ;
#27 = CARTESIAN_POINT ( 'NONE',  ( 1000.000000000000000, 5.000000000000000888, -64.50000000000000000 ) ) ;
#28 = ORIENTED_EDGE ( 'NONE', *, *, #877, .T. ) ;
#29 = CARTESIAN_POINT ( 'NONE',  ( 0.000000000000000000, 34.99999999999999289, -84.50000000000000000 ) ) ;
#30 = AXIS2_PLACEMENT_3D ( 'NONE', #3019, #2194, #1930 ) ;
#31 = ORIENTED_EDGE ( 'NONE', *, *, #2892, .F. ) ;
#32 = LINE ( 'NONE', #896, #2863 ) ;
#33 = DIRECTION ( 'NONE',  ( 0.000000000000000000, -1.000000000000000000, 0.000000000000000000 ) ) ;
#34 = EDGE_LOOP ( 'NONE', ( #1733, #2249, #3332, #3342 ) ) ;
#35 = EDGE_CURVE ( 'NONE', #2118, #1686, #106, .T. ) ;
#36 = ORIENTED_EDGE ( 'NONE', *, *, #1011, .T. ) ;
#37 = EDGE_CURVE ( 'NONE', #1857, #948, #2314, .T. ) ;
#38 = LINE ( 'NONE', #1434, #308 ) ;
#39 = DIRECTION ( 'NONE',  ( 0.000000000000000000, 0.000000000000000000, 1.000000000000000000 ) ) ;
#40 = CARTESIAN_POINT ( 'NONE',  ( 2.000000000000001776, 5.000000000000000888, -44.50000000000000711 ) ) ;
#41 = EDGE_LOOP ( 'NONE', ( #2508, #1216, #566, #618 ) ) ;
#42 = CARTESIAN_POINT ( 'NONE',  ( 1000.000000000000000, 0.000000000000000000, -34.50000000000000000 ) ) ;
#43 = DIRECTION ( 'NONE',  ( -1.000000000000000000, -0.000000000000000000, -0.000000000000000000 ) ) ;
#44 = VECTOR ( 'NONE', #1903, 1000.000000000000000 ) ;
#45 = DIRECTION ( 'NONE',  ( 1.000000000000000000, -0.000000000000000000, 0.000000000000000000 ) ) ;
#46 = ORIENTED_EDGE ( 'NONE', *, *, #3154, .T. ) ;
#47 = CARTESIAN_POINT ( 'NONE',  ( 49.99999999999999289, 34.99999999999999289, -84.50000000000000000 ) ) ;
#48 = VECTOR ( 'NONE', #2192, 1000.000000000000000 ) ;
#49 = EDGE_LOOP ( 'NONE', ( #2003, #2596, #2989, #3229 ) ) ;
#50 = DIRECTION ( 'NONE',  ( 0.000000000000000000, 0.000000000000000000, 1.000000000000000000 ) ) ;
#51 = APPROVAL_STATUS ( 'not_yet_approved' ) ;
#52 = VERTEX_POINT ( 'NONE', #1184 ) ;
#53 = CC_DESIGN_APPROVAL ( #70, ( #617 ) ) ;
#54 = ADVANCED_FACE ( 'NONE', ( #3071 ), #3057, .F. ) ;
#55 = EDGE_LOOP ( 'NONE', ( #2219, #2883, #2531, #3201 ) ) ;
#56 = PLANE ( 'NONE',  #2218 ) ;
#57 = CARTESIAN_POINT ( 'NONE',  ( 1000.000000000000000, 32.00000000000000000, 0.000000000000000000 ) ) ;
#58 = EDGE_CURVE ( 'NONE', #1628, #763, #634, .T. ) ;
#59 = CARTESIAN_POINT ( 'NONE',  ( 1000.000000000000000, 5.000000000000000888, -24.50000000000000711 ) ) ;
#60 = ADVANCED_FACE ( 'NONE', ( #386 ), #2546, .T. ) ;
#61 = CARTESIAN_POINT ( 'NONE',  ( 107.0000000000000000, 4.999999999999997335, 0.000000000000000000 ) ) ;
#62 = PLANE ( 'NONE',  #23 ) ;
#63 = FACE_OUTER_BOUND ( 'NONE', #2338, .T. ) ;
#64 = EDGE_LOOP ( 'NONE', ( #1613, #1251, #1810, #1005 ) ) ;
#65 = AXIS2_PLACEMENT_3D ( 'NONE', #305, #1383, #2468 ) ;
#66 = CARTESIAN_POINT ( 'NONE',  ( 30.00000000000000000, 34.99999999999999289, -84.50000000000000000 ) ) ;
#67 = ORIENTED_EDGE ( 'NONE', *, *, #3005, .F. ) ;
#68 = LINE ( 'NONE', #1165, #2078 ) ;
#69 = EDGE_LOOP ( 'NONE', ( #3084, #716, #826, #2244 ) ) ;
#70 = APPROVAL ( #51, 'æœª' ) ;
#71 = AXIS2_PLACEMENT_3D ( 'NONE', #1299, #1824, #2140 ) ;
#72 = ORIENTED_EDGE ( 'NONE', *, *, #84, .F. ) ;
#73 = CARTESIAN_POINT ( 'NONE',  ( 104.9999999999999858, 32.00000000000000000, -9.499999999999994671 ) ) ;
#74 = VECTOR ( 'NONE', #1072, 1000.000000000000000 ) ;
#75 = CARTESIAN_POINT ( 'NONE',  ( 1000.000000000000000, 0.000000000000000000, -19.50000000000000355 ) ) ;
#76 = DIRECTION ( 'NONE',  ( -1.000000000000000000, -0.000000000000000000, -0.000000000000000000 ) ) ;
#77 = ADVANCED_FACE ( 'NONE', ( #790 ), #2405, .T. ) ;
#78 = DIRECTION ( 'NONE',  ( 0.000000000000000000, -1.000000000000000000, 0.000000000000000000 ) ) ;
#79 = CARTESIAN_POINT ( 'NONE',  ( 106.9999999999999858, 32.00000000000000000, -39.50000000000000000 ) ) ;
#80 = VECTOR ( 'NONE', #571, 1000.000000000000000 ) ;
#81 = LINE ( 'NONE', #1409, #158 ) ;
#82 = VERTEX_POINT ( 'NONE', #2855 ) ;
#83 = CARTESIAN_POINT ( 'NONE',  ( 1000.000000000000000, 5.000000000000000888, -49.50000000000000000 ) ) ;
#84 = EDGE_CURVE ( 'NONE', #477, #1532, #1514, .T. ) ;
#85 = AXIS2_PLACEMENT_3D ( 'NONE', #3335, #374, #3112 ) ;
#86 = ORIENTED_EDGE ( 'NONE', *, *, #3096, .T. ) ;
#87 = LINE ( 'NONE', #2496, #99 ) ;
#88 = CARTESIAN_POINT ( 'NONE',  ( 2.000000000000000000, 4.999999999999997335, 0.000000000000000000 ) ) ;
#89 = EDGE_LOOP ( 'NONE', ( #1963, #3478, #1750, #781 ) ) ;
#90 = DIRECTION ( 'NONE',  ( 0.000000000000000000, -1.000000000000000000, 0.000000000000000000 ) ) ;
#91 = CARTESIAN_POINT ( 'NONE',  ( 0.000000000000000000, 32.00000000000000000, -0.000000000000000000 ) ) ;
#92 = LINE ( 'NONE', #2223, #1808 ) ;
#93 = LINE ( 'NONE', #61, #691 ) ;
#94 = FACE_BOUND ( 'NONE', #2896, .T. ) ;
#95 = VECTOR ( 'NONE', #1500, 1000.000000000000000 ) ;
#96 = CARTESIAN_POINT ( 'NONE',  ( 0.000000000000000000, 37.00000000000000000, 0.000000000000000000 ) ) ;
#97 = EDGE_LOOP ( 'NONE', ( #13, #2049, #458, #3320 ) ) ;
#98 = EDGE_CURVE ( 'NONE', #2968, #1042, #1572, .T. ) ;
#99 = VECTOR ( 'NONE', #348, 1000.000000000000000 ) ;
#100 = LINE ( 'NONE', #873, #1800 ) ;
#101 = ORIENTED_EDGE ( 'NONE', *, *, #2106, .T. ) ;
#102 = LINE ( 'NONE', #2741, #1632 ) ;
#103 = PERSON_AND_ORGANIZATION ( #3099, #3276 ) ;
#104 = ADVANCED_FACE ( 'NONE', ( #1265 ), #2368, .T. ) ;
#105 = AXIS2_PLACEMENT_3D ( 'NONE', #1423, #2243, #396 ) ;
#106 = LINE ( 'NONE', #2266, #3137 ) ;
#107 = AXIS2_PLACEMENT_3D ( 'NONE', #3156, #461, #3403 ) ;
#108 = ORIENTED_EDGE ( 'NONE', *, *, #2412, .T. ) ;
#109 = ORIENTED_EDGE ( 'NONE', *, *, #1787, .F. ) ;
#110 = CARTESIAN_POINT ( 'NONE',  ( 1000.000000000000000, 32.00000000000000000, 0.000000000000000000 ) ) ;
#111 = CARTESIAN_POINT ( 'NONE',  ( 105.0000000000000000, 32.00000000000000000, 0.000000000000000000 ) ) ;
#112 = LINE ( 'NONE', #163, #1417 ) ;
#113 = DIRECTION ( 'NONE',  ( 0.000000000000000000, -1.000000000000000000, 0.000000000000000000 ) ) ;
#114 = FACE_BOUND ( 'NONE', #3377, .T. ) ;
#115 = VERTEX_POINT ( 'NONE', #3446 ) ;
#116 = LINE ( 'NONE', #1193, #2701 ) ;
#117 = ORIENTED_EDGE ( 'NONE', *, *, #3024, .F. ) ;
#118 = ADVANCED_FACE ( 'NONE', ( #2671 ), #1318, .F. ) ;
#119 = DIRECTION ( 'NONE',  ( 0.000000000000000000, 0.000000000000000000, -1.000000000000000000 ) ) ;
#120 = VECTOR ( 'NONE', #1656, 1000.000000000000000 ) ;
#121 = LINE ( 'NONE', #897, #1162 ) ;
#122 = ADVANCED_FACE ( 'NONE', ( #2387 ), #1282, .T. ) ;
#123 = ORIENTED_EDGE ( 'NONE', *, *, #2536, .F. ) ;
#124 = ORIENTED_EDGE ( 'NONE', *, *, #3018, .T. ) ;
#125 = ADVANCED_FACE ( 'NONE', ( #3200 ), #1037, .T. ) ;
#126 = DIRECTION ( 'NONE',  ( 0.000000000000000000, 0.000000000000000000, 1.000000000000000000 ) ) ;
#127 = CARTESIAN_POINT ( 'NONE',  ( 107.0000000000000000, 37.00000000000000000, -94.50000000000000000 ) ) ;
#128 = VECTOR ( 'NONE', #2837, 1000.000000000000000 ) ;
#129 = LINE ( 'NONE', #1203, #2442 ) ;
#130 = CARTESIAN_POINT ( 'NONE',  ( 104.9999999999999858, 32.00000000000000000, -44.50000000000000711 ) ) ;
#131 = DIRECTION ( 'NONE',  ( 0.000000000000000000, -1.000000000000000000, 0.000000000000000000 ) ) ;
#132 = VERTEX_POINT ( 'NONE', #2103 ) ;
#133 = CARTESIAN_POINT ( 'NONE',  ( 0.000000000000000000, 4.999999999999997335, -44.50000000000000711 ) ) ;
#134 = ORIENTED_EDGE ( 'NONE', *, *, #2379, .T. ) ;
#135 = DIRECTION ( 'NONE',  ( -1.000000000000000000, 0.000000000000000000, 1.923451982994741773E-16 ) ) ;
#136 = VERTEX_POINT ( 'NONE', #981 ) ;
#137 = VECTOR ( 'NONE', #1013, 1000.000000000000000 ) ;
#138 = DIRECTION ( 'NONE',  ( -1.000000000000000000, -0.000000000000000000, -0.000000000000000000 ) ) ;
#139 = EDGE_LOOP ( 'NONE', ( #975, #3407, #3396, #899 ) ) ;
#140 = ADVANCED_FACE ( 'NONE', ( #1860 ), #240, .T. ) ;
#141 = ORIENTED_EDGE ( 'NONE', *, *, #1264, .T. ) ;
#142 = DIRECTION ( 'NONE',  ( -1.000000000000000000, -0.000000000000000000, -0.000000000000000000 ) ) ;
#143 = LINE ( 'NONE', #2056, #95 ) ;
#144 = ADVANCED_FACE ( 'NONE', ( #2653 ), #737, .T. ) ;
#145 = DIRECTION ( 'NONE',  ( -1.000000000000000000, 0.000000000000000000, -0.000000000000000000 ) ) ;
#146 = CARTESIAN_POINT ( 'NONE',  ( 1000.000000000000000, 5.000000000000000888, 0.000000000000000000 ) ) ;
#147 = CARTESIAN_POINT ( 'NONE',  ( 2.000000000000000000, 37.00000000000000000, -92.50000000000000000 ) ) ;
#148 = EDGE_LOOP ( 'NONE', ( #3439, #2935, #1737, #2275 ) ) ;
#149 = DIRECTION ( 'NONE',  ( 0.000000000000000000, 0.000000000000000000, -1.000000000000000000 ) ) ;
#150 = VERTEX_POINT ( 'NONE', #2123 ) ;
#151 = CARTESIAN_POINT ( 'NONE',  ( 105.0000000000000000, 37.00000000000000000, 0.000000000000000000 ) ) ;
#152 = CARTESIAN_POINT ( 'NONE',  ( 1000.000000000000000, 5.000000000000000888, -9.499999999999994671 ) ) ;
#154 = LINE ( 'NONE', #3398, #1513 ) ;
#153 = CARTESIAN_POINT ( 'NONE',  ( 0.000000000000000000, 32.00000000000000000, -0.000000000000000000 ) ) ;
#155 = VECTOR ( 'NONE', #2335, 1000.000000000000000 ) ;
#156 = ORIENTED_EDGE ( 'NONE', *, *, #2758, .T. ) ;
#157 = ORIENTED_EDGE ( 'NONE', *, *, #651, .T. ) ;
#158 = VECTOR ( 'NONE', #3016, 1000.000000000000000 ) ;
#159 = EDGE_CURVE ( 'NONE', #948, #2879, #2895, .T. ) ;
#160 = LINE ( 'NONE', #2587, #365 ) ;
#161 = CARTESIAN_POINT ( 'NONE',  ( 34.99999999999999289, 37.00000000000000000, -84.50000000000000000 ) ) ;
#162 = CC_DESIGN_SECURITY_CLASSIFICATION ( #281, ( #617 ) ) ;
#163 = CARTESIAN_POINT ( 'NONE',  ( 0.000000000000000000, 5.000000000000000888, -0.000000000000000000 ) ) ;
#164 = CARTESIAN_POINT ( 'NONE',  ( 107.0000000000000000, 4.999999999999997335, 0.000000000000000000 ) ) ;
#165 = LINE ( 'NONE', #1240, #944 ) ;
#166 = EDGE_LOOP ( 'NONE', ( #2373, #423, #1029, #2214 ) ) ;
#167 = VERTEX_POINT ( 'NONE', #2934 ) ;
#168 = CARTESIAN_POINT ( 'NONE',  ( 39.99999999999999289, 34.99999999999999289, -84.50000000000000000 ) ) ;
#169 = DIRECTION ( 'NONE',  ( 0.000000000000000000, -0.000000000000000000, -1.000000000000000000 ) ) ;
#170 = VERTEX_POINT ( 'NONE', #453 ) ;
#171 = ADVANCED_FACE ( 'NONE', ( #999 ), #3166, .T. ) ;
#173 = DIRECTION ( 'NONE',  ( 1.000000000000000000, 0.000000000000000000, -3.469446951953611231E-16 ) ) ;
#172 = DIRECTION ( 'NONE',  ( 1.000000000000000000, 0.000000000000000000, -0.000000000000000000 ) ) ;
#174 = VECTOR ( 'NONE', #1407, 1000.000000000000000 ) ;
#175 = ORIENTED_EDGE ( 'NONE', *, *, #663, .F. ) ;
#176 = VERTEX_POINT ( 'NONE', #510 ) ;
#177 = DIRECTION ( 'NONE',  ( 0.000000000000000000, -1.000000000000000000, 0.000000000000000000 ) ) ;
#178 = LINE ( 'NONE', #2552, #3330 ) ;
#179 = LINE ( 'NONE', #992, #1878 ) ;
#180 = DIRECTION ( 'NONE',  ( 0.000000000000000000, -1.000000000000000000, 0.000000000000000000 ) ) ;
#181 = DIRECTION ( 'NONE',  ( 1.000000000000000000, 0.000000000000000000, -0.000000000000000000 ) ) ;
#182 = VERTEX_POINT ( 'NONE', #2636 ) ;
#183 = ADVANCED_FACE ( 'NONE', ( #203 ), #1592, .F. ) ;
#184 = ORIENTED_EDGE ( 'NONE', *, *, #934, .T. ) ;
#185 = CARTESIAN_POINT ( 'NONE',  ( 39.99999999999999289, 34.99999999999999289, 0.000000000000000000 ) ) ;
#186 = DIRECTION ( 'NONE',  ( 1.000000000000000000, 0.000000000000000000, -0.000000000000000000 ) ) ;
#187 = EDGE_LOOP ( 'NONE', ( #175, #3472, #2806, #2737 ) ) ;
#189 = CARTESIAN_POINT ( 'NONE',  ( 1000.000000000000000, 0.000000000000000000, -64.50000000000000000 ) ) ;
#188 = DIRECTION ( 'NONE',  ( 0.000000000000000000, -1.000000000000000000, 0.000000000000000000 ) ) ;
#190 = AXIS2_PLACEMENT_3D ( 'NONE', #1622, #2698, #1086 ) ;
#191 = VERTEX_POINT ( 'NONE', #330 ) ;
#192 = ORIENTED_EDGE ( 'NONE', *, *, #2956, .F. ) ;
#193 = VECTOR ( 'NONE', #1562, 1000.000000000000000 ) ;
#194 = CARTESIAN_POINT ( 'NONE',  ( 24.99999999999999645, 34.99999999999999289, -84.50000000000000000 ) ) ;
#195 = LINE ( 'NONE', #1274, #2425 ) ;
#196 = ORIENTED_EDGE ( 'NONE', *, *, #2074, .T. ) ;
#197 = CARTESIAN_POINT ( 'NONE',  ( 2.000000000000001776, 32.00000000000000000, -9.499999999999994671 ) ) ;
#198 = DIRECTION ( 'NONE',  ( -1.000000000000000000, 0.000000000000000000, 1.442588987246056576E-16 ) ) ;
#199 = CARTESIAN_POINT ( 'NONE',  ( 0.000000000000000000, 16.99999999999999645, -84.50000000000000000 ) ) ;
#200 = ORIENTED_EDGE ( 'NONE', *, *, #635, .F. ) ;
#201 = LINE ( 'NONE', #1607, #2957 ) ;
#202 = EDGE_CURVE ( 'NONE', #1850, #648, #2213, .T. ) ;
#203 = FACE_OUTER_BOUND ( 'NONE', #3426, .T. ) ;
#204 = VERTEX_POINT ( 'NONE', #2738 ) ;
#205 = ADVANCED_FACE ( 'NONE', ( #296 ), #2970, .T. ) ;
#206 = FACE_OUTER_BOUND ( 'NONE', #1837, .T. ) ;
#207 = EDGE_LOOP ( 'NONE', ( #1010, #2752, #2178, #2052 ) ) ;
#208 = ORIENTED_EDGE ( 'NONE', *, *, #3172, .F. ) ;
#209 = LOCAL_TIME ( 21, 26, 21.00000000000000000, #860 ) ;
#210 = DIRECTION ( 'NONE',  ( 0.000000000000000000, -1.000000000000000000, 0.000000000000000000 ) ) ;
#211 = PRODUCT ( 'jeson', 'jeson', '', ( #1059 ) ) ;
#212 = CARTESIAN_POINT ( 'NONE',  ( 79.99999999999998579, 16.99999999999999645, -12.34957498025365652 ) ) ;
#213 = VECTOR ( 'NONE', #2815, 1000.000000000000000 ) ;
#214 = ORIENTED_EDGE ( 'NONE', *, *, #1540, .F. ) ;
#215 = CARTESIAN_POINT ( 'NONE',  ( 107.0000000000000000, 37.00000000000000000, 0.000000000000000000 ) ) ;
#216 = CARTESIAN_POINT ( 'NONE',  ( 107.0000000000000000, 37.00000000000000000, 0.000000000000000000 ) ) ;
#217 = DIRECTION ( 'NONE',  ( 0.000000000000000000, 0.000000000000000000, 1.000000000000000000 ) ) ;
#218 = ORIENTED_EDGE ( 'NONE', *, *, #1378, .F. ) ;
#219 = LOCAL_TIME ( 21, 26, 21.00000000000000000, #1095 ) ;
#220 = CARTESIAN_POINT ( 'NONE',  ( -4.284619527316355824E-15, 16.99999999999999645, -12.34957498025363520 ) ) ;
#221 = DIRECTION ( 'NONE',  ( 1.000000000000000000, 0.000000000000000000, -3.469446951953601863E-16 ) ) ;
#222 = EDGE_CURVE ( 'NONE', #1912, #167, #1411, .T. ) ;
#223 = ORIENTED_EDGE ( 'NONE', *, *, #2990, .T. ) ;
#224 = CARTESIAN_POINT ( 'NONE',  ( 2.000000000000001776, 32.00000000000000000, -14.49999999999999822 ) ) ;
#225 = ORIENTED_EDGE ( 'NONE', *, *, #987, .F. ) ;
#226 = EDGE_CURVE ( 'NONE', #1133, #3360, #528, .T. ) ;
#227 = VECTOR ( 'NONE', #2486, 1000.000000000000000 ) ;
#228 = CARTESIAN_POINT ( 'NONE',  ( 0.000000000000000000, 37.00000000000000000, -84.50000000000000000 ) ) ;
#229 = CARTESIAN_POINT ( 'NONE',  ( 104.9999999999999858, 32.00000000000000000, -14.49999999999999822 ) ) ;
#230 = VERTEX_POINT ( 'NONE', #1335 ) ;
#231 = EDGE_CURVE ( 'NONE', #3041, #1932, #2952, .T. ) ;
#232 = LINE ( 'NONE', #520, #1594 ) ;
#233 = CARTESIAN_POINT ( 'NONE',  ( 30.00000000000000000, 37.00000000000000000, -12.34957498025365652 ) ) ;
#234 = CARTESIAN_POINT ( 'NONE',  ( 0.000000000000000000, 4.999999999999997335, -14.49999999999999822 ) ) ;
#235 = EDGE_LOOP ( 'NONE', ( #1929, #1793, #1865, #808 ) ) ;
#236 = DIRECTION ( 'NONE',  ( -0.000000000000000000, -0.000000000000000000, 1.000000000000000000 ) ) ;
#237 = DIRECTION ( 'NONE',  ( 0.000000000000000000, 0.000000000000000000, -1.000000000000000000 ) ) ;
#238 = EDGE_LOOP ( 'NONE', ( #2911, #407, #2485, #922 ) ) ;
#239 = APPLICATION_CONTEXT ( 'configuration controlled 3d designs of mechanical parts and assemblies' ) ;
#240 = PLANE ( 'NONE',  #2504 ) ;
#241 = ORIENTED_EDGE ( 'NONE', *, *, #1956, .T. ) ;
#242 = VECTOR ( 'NONE', #2914, 1000.000000000000000 ) ;
#243 = APPLICATION_PROTOCOL_DEFINITION ( 'international standard', 'config_control_design', 1994, #239 ) ;
#244 = VERTEX_POINT ( 'NONE', #66 ) ;
#245 = AXIS2_PLACEMENT_3D ( 'NONE', #146, #113, #1190 ) ;
#246 = EDGE_CURVE ( 'NONE', #132, #2788, #856, .T. ) ;
#247 = CARTESIAN_POINT ( 'NONE',  ( 105.0000000000000000, 34.99999999999999289, 0.000000000000000000 ) ) ;
#248 = ORIENTED_EDGE ( 'NONE', *, *, #3146, .F. ) ;
#249 = VECTOR ( 'NONE', #2995, 1000.000000000000000 ) ;
#250 = CARTESIAN_POINT ( 'NONE',  ( 2.000000000000001776, 32.00000000000000000, -79.50000000000000000 ) ) ;
#251 = LINE ( 'NONE', #555, #249 ) ;
#252 = EDGE_CURVE ( 'NONE', #2658, #136, #1110, .T. ) ;
#253 = ADVANCED_FACE ( 'NONE', ( #1946 ), #1372, .F. ) ;
#254 = DIRECTION ( 'NONE',  ( 1.000000000000000000, 0.000000000000000000, -3.469446951953601863E-16 ) ) ;
#255 = VERTEX_POINT ( 'NONE', #47 ) ;
#256 = DIRECTION ( 'NONE',  ( 0.000000000000000000, -1.000000000000000000, 0.000000000000000000 ) ) ;
#257 = CARTESIAN_POINT ( 'NONE',  ( 1000.000000000000000, 32.00000000000000000, -74.50000000000001421 ) ) ;
#258 = ADVANCED_FACE ( 'NONE', ( #1629 ), #2707, .T. ) ;
#259 = FACE_OUTER_BOUND ( 'NONE', #2525, .T. ) ;
#260 = VERTEX_POINT ( 'NONE', #3270 ) ;
#261 = CARTESIAN_POINT ( 'NONE',  ( 0.000000000000000000, 37.00000000000000000, 0.000000000000000000 ) ) ;
#262 = ORIENTED_EDGE ( 'NONE', *, *, #2567, .T. ) ;
#263 = PERSON_AND_ORGANIZATION_ROLE ( 'design_supplier' ) ;
#264 = VERTEX_POINT ( 'NONE', #3501 ) ;
#265 = VECTOR ( 'NONE', #3029, 1000.000000000000000 ) ;
#266 = CARTESIAN_POINT ( 'NONE',  ( 106.9999999999999858, 32.00000000000000000, -29.50000000000000000 ) ) ;
#267 = VECTOR ( 'NONE', #364, 1000.000000000000000 ) ;
#268 = ORIENTED_EDGE ( 'NONE', *, *, #1046, .F. ) ;
#269 = EDGE_CURVE ( 'NONE', #2968, #1036, #1680, .T. ) ;
#270 = CARTESIAN_POINT ( 'NONE',  ( 2.000000000000000000, 34.99999999999999289, 0.000000000000000000 ) ) ;
#271 = DIRECTION ( 'NONE',  ( 0.000000000000000000, -0.000000000000000000, -1.000000000000000000 ) ) ;
#272 = LINE ( 'NONE', #22, #434 ) ;
#273 = VECTOR ( 'NONE', #2595, 1000.000000000000000 ) ;
#274 = ADVANCED_FACE ( 'NONE', ( #1146 ), #3004, .T. ) ;
#275 = VECTOR ( 'NONE', #3063, 1000.000000000000000 ) ;
#276 = LINE ( 'NONE', #3231, #2393 ) ;
#277 = CARTESIAN_POINT ( 'NONE',  ( 107.0000000000000000, 0.000000000000000000, -94.50000000000000000 ) ) ;
#278 = CARTESIAN_POINT ( 'NONE',  ( 0.000000000000000000, -0.000000000000000000, -69.50000000000000000 ) ) ;
#279 = ORIENTED_EDGE ( 'NONE', *, *, #984, .T. ) ;
#280 = DIRECTION ( 'NONE',  ( 0.000000000000000000, 1.000000000000000000, 0.000000000000000000 ) ) ;
#281 = SECURITY_CLASSIFICATION ( '', '', #3506 ) ;
#282 = ORIENTED_EDGE ( 'NONE', *, *, #1197, .F. ) ;
#283 = PERSON_AND_ORGANIZATION_ROLE ( 'creator' ) ;
#284 = ORIENTED_EDGE ( 'NONE', *, *, #3060, .F. ) ;
#285 = LINE ( 'NONE', #1619, #1343 ) ;
#286 = ORIENTED_EDGE ( 'NONE', *, *, #35, .F. ) ;
#287 = EDGE_CURVE ( 'NONE', #432, #2133, #1877, .T. ) ;
#288 = DIRECTION ( 'NONE',  ( -1.000000000000000000, 0.000000000000000000, -0.000000000000000000 ) ) ;
#289 = CARTESIAN_POINT ( 'NONE',  ( 1000.000000000000000, 0.000000000000000000, -84.50000000000000000 ) ) ;
#290 = CARTESIAN_POINT ( 'NONE',  ( 0.000000000000000000, 5.000000000000000888, -49.50000000000000000 ) ) ;
#291 = CARTESIAN_POINT ( 'NONE',  ( 45.00000000000001421, 37.00000000000000000, -12.34957498025365830 ) ) ;
#292 = FACE_BOUND ( 'NONE', #64, .T. ) ;
#293 = DIRECTION ( 'NONE',  ( 0.000000000000000000, -1.000000000000000000, 0.000000000000000000 ) ) ;
#294 = EDGE_LOOP ( 'NONE', ( #925, #46, #983, #1633 ) ) ;
#295 = EDGE_CURVE ( 'NONE', #2835, #1260, #806, .T. ) ;
#296 = FACE_OUTER_BOUND ( 'NONE', #481, .T. ) ;
#297 = ORIENTED_EDGE ( 'NONE', *, *, #1732, .T. ) ;
#298 = DIRECTION ( 'NONE',  ( 0.000000000000000000, 0.000000000000000000, -1.000000000000000000 ) ) ;
#299 = EDGE_CURVE ( 'NONE', #3017, #1317, #1196, .T. ) ;
#300 = ORIENTED_EDGE ( 'NONE', *, *, #895, .F. ) ;
#301 = VECTOR ( 'NONE', #2522, 1000.000000000000000 ) ;
#302 = EDGE_CURVE ( 'NONE', #1917, #264, #2441, .T. ) ;
#303 = FACE_BOUND ( 'NONE', #41, .T. ) ;
#304 = ORIENTED_EDGE ( 'NONE', *, *, #2484, .F. ) ;
#305 = CARTESIAN_POINT ( 'NONE',  ( 1000.000000000000000, 0.000000000000000000, -74.50000000000001421 ) ) ;
#306 = FACE_OUTER_BOUND ( 'NONE', #2918, .T. ) ;
#307 = CARTESIAN_POINT ( 'NONE',  ( 79.99999999999998579, 16.99999999999999645, 0.000000000000000000 ) ) ;
#308 = VECTOR ( 'NONE', #90, 1000.000000000000000 ) ;
#309 = ORIENTED_EDGE ( 'NONE', *, *, #1749, .T. ) ;
#310 = DIRECTION ( 'NONE',  ( 0.000000000000000000, -1.000000000000000000, 0.000000000000000000 ) ) ;
#311 = DIRECTION ( 'NONE',  ( 0.000000000000000000, -1.000000000000000000, 0.000000000000000000 ) ) ;
#312 = LINE ( 'NONE', #278, #1345 ) ;
#313 = ORIENTED_EDGE ( 'NONE', *, *, #2655, .F. ) ;
#314 = DIRECTION ( 'NONE',  ( 0.000000000000000000, 0.000000000000000000, 1.000000000000000000 ) ) ;
#315 = ORIENTED_EDGE ( 'NONE', *, *, #3242, .F. ) ;
#316 = ADVANCED_FACE ( 'NONE', ( #2176 ), #1913, .F. ) ;
#317 = LINE ( 'NONE', #1413, #3488 ) ;
#318 = COORDINATED_UNIVERSAL_TIME_OFFSET ( 8, 0, .AHEAD. ) ;
#319 = VERTEX_POINT ( 'NONE', #681 ) ;
#320 = EDGE_CURVE ( 'NONE', #1825, #487, #1225, .T. ) ;
#321 = ORIENTED_EDGE ( 'NONE', *, *, #1270, .F. ) ;
#322 = CARTESIAN_POINT ( 'NONE',  ( 106.9999999999999858, 32.00000000000000000, -44.50000000000000711 ) ) ;
#323 = CARTESIAN_POINT ( 'NONE',  ( 104.9999999999999858, 32.00000000000000000, -24.50000000000000711 ) ) ;
#324 = LINE ( 'NONE', #1404, #2700 ) ;
#325 = CARTESIAN_POINT ( 'NONE',  ( 60.00000000000000000, 37.00000000000000000, -0.000000000000000000 ) ) ;
#326 = CARTESIAN_POINT ( 'NONE',  ( 85.00000000000000000, 16.99999999999999645, -1.634934185545530566E-14 ) ) ;
#327 = AXIS2_PLACEMENT_3D ( 'NONE', #2105, #2618, #2638 ) ;
#328 = DIRECTION ( 'NONE',  ( 0.000000000000000000, -1.000000000000000000, 0.000000000000000000 ) ) ;
#329 = EDGE_LOOP ( 'NONE', ( #2082, #858, #332, #523 ) ) ;
#330 = CARTESIAN_POINT ( 'NONE',  ( 0.000000000000000000, 32.00000000000000000, -9.499999999999994671 ) ) ;
#331 = VECTOR ( 'NONE', #2967, 1000.000000000000000 ) ;
#332 = ORIENTED_EDGE ( 'NONE', *, *, #3367, .T. ) ;
#333 = DIRECTION ( 'NONE',  ( 0.000000000000000000, 0.000000000000000000, -1.000000000000000000 ) ) ;
#334 = VERTEX_POINT ( 'NONE', #133 ) ;
#335 = EDGE_CURVE ( 'NONE', #115, #1560, #662, .T. ) ;
#336 = ORIENTED_EDGE ( 'NONE', *, *, #711, .T. ) ;
#337 = DIRECTION ( 'NONE',  ( -1.000000000000000000, 0.000000000000000000, 0.000000000000000000 ) ) ;
#338 = CARTESIAN_POINT ( 'NONE',  ( 0.000000000000000000, 2.000000000000000000, -92.50000000000000000 ) ) ;
#339 = DIRECTION ( 'NONE',  ( 0.000000000000000000, -1.000000000000000000, 0.000000000000000000 ) ) ;
#340 = ADVANCED_FACE ( 'NONE', ( #907 ), #1208, .T. ) ;
#341 = CARTESIAN_POINT ( 'NONE',  ( 1000.000000000000000, 32.00000000000000000, -14.49999999999999822 ) ) ;
#342 = LINE ( 'NONE', #1645, #1488 ) ;
#343 = CARTESIAN_POINT ( 'NONE',  ( -4.284619527316340835E-15, 37.00000000000000000, -12.34957498025362810 ) ) ;
#344 = ORIENTED_EDGE ( 'NONE', *, *, #2931, .T. ) ;
#345 = AXIS2_PLACEMENT_3D ( 'NONE', #2571, #2257, #1743 ) ;
#346 = CARTESIAN_POINT ( 'NONE',  ( 1000.000000000000000, 32.00000000000000000, -9.499999999999994671 ) ) ;
#347 = ORIENTED_EDGE ( 'NONE', *, *, #851, .T. ) ;
#348 = DIRECTION ( 'NONE',  ( 0.000000000000000000, -1.000000000000000000, 0.000000000000000000 ) ) ;
#349 = CARTESIAN_POINT ( 'NONE',  ( 0.000000000000000000, 32.00000000000000000, -64.50000000000000000 ) ) ;
#350 = AXIS2_PLACEMENT_3D ( 'NONE', #471, #3182, #1553 ) ;
#351 = VERTEX_POINT ( 'NONE', #939 ) ;
#352 = EDGE_CURVE ( 'NONE', #1042, #3037, #415, .T. ) ;
#353 = DIRECTION ( 'NONE',  ( -1.000000000000000000, 0.000000000000000000, 0.000000000000000000 ) ) ;
#354 = VECTOR ( 'NONE', #1460, 1000.000000000000000 ) ;
#355 = LINE ( 'NONE', #673, #1555 ) ;
#356 = CARTESIAN_POINT ( 'NONE',  ( 1000.000000000000000, 5.000000000000000888, -69.50000000000000000 ) ) ;
#357 = EDGE_CURVE ( 'NONE', #963, #2776, #1491, .T. ) ;
#358 = LINE ( 'NONE', #3250, #3011 ) ;
#359 = EDGE_CURVE ( 'NONE', #204, #170, #2310, .T. ) ;
#360 = FACE_OUTER_BOUND ( 'NONE', #2662, .T. ) ;
#361 = VECTOR ( 'NONE', #2680, 1000.000000000000000 ) ;
#362 = LINE ( 'NONE', #2767, #3157 ) ;
#363 = ORIENTED_EDGE ( 'NONE', *, *, #2812, .T. ) ;
#364 = DIRECTION ( 'NONE',  ( -1.000000000000000000, -0.000000000000000000, -0.000000000000000000 ) ) ;
#365 = VECTOR ( 'NONE', #2642, 1000.000000000000000 ) ;
#366 = ORIENTED_EDGE ( 'NONE', *, *, #2677, .T. ) ;
#367 = EDGE_CURVE ( 'NONE', #3434, #1846, #3374, .T. ) ;
#368 = CARTESIAN_POINT ( 'NONE',  ( 0.000000000000000000, 5.000000000000000888, -0.000000000000000000 ) ) ;
#369 = EDGE_CURVE ( 'NONE', #3053, #1207, #100, .T. ) ;
#370 = ORIENTED_EDGE ( 'NONE', *, *, #876, .T. ) ;
#371 = VECTOR ( 'NONE', #1531, 1000.000000000000000 ) ;
#372 = ORIENTED_EDGE ( 'NONE', *, *, #1356, .T. ) ;
#373 = ORIENTED_EDGE ( 'NONE', *, *, #2432, .F. ) ;
#374 = DIRECTION ( 'NONE',  ( 0.000000000000000000, 0.000000000000000000, -1.000000000000000000 ) ) ;
#375 = CARTESIAN_POINT ( 'NONE',  ( 1000.000000000000000, 32.00000000000000000, -24.50000000000000711 ) ) ;
#376 = EDGE_CURVE ( 'NONE', #477, #1258, #1962, .T. ) ;
#377 = CARTESIAN_POINT ( 'NONE',  ( 30.00000000000000000, 16.99999999999999645, 0.000000000000000000 ) ) ;
#378 = CARTESIAN_POINT ( 'NONE',  ( 2.000000000000001776, 5.000000000000000888, -24.50000000000000711 ) ) ;
#379 = DIRECTION ( 'NONE',  ( 0.000000000000000000, 0.000000000000000000, 1.000000000000000000 ) ) ;
#380 = ORIENTED_EDGE ( 'NONE', *, *, #1475, .F. ) ;
#381 = FACE_BOUND ( 'NONE', #2292, .T. ) ;
#382 = EDGE_CURVE ( 'NONE', #3302, #1788, #613, .T. ) ;
#383 = ORIENTED_EDGE ( 'NONE', *, *, #2939, .T. ) ;
#384 = CARTESIAN_POINT ( 'NONE',  ( 2.000000000000000000, 4.999999999999997335, 0.000000000000000000 ) ) ;
#385 = AXIS2_PLACEMENT_3D ( 'NONE', #508, #1646, #2721 ) ;
#386 = FACE_OUTER_BOUND ( 'NONE', #2014, .T. ) ;
#387 = EDGE_CURVE ( 'NONE', #3347, #2315, #2769, .T. ) ;
#388 = ORIENTED_EDGE ( 'NONE', *, *, #1722, .F. ) ;
#389 = ORIENTED_EDGE ( 'NONE', *, *, #1618, .F. ) ;
#390 = LINE ( 'NONE', #2270, #920 ) ;
#391 = EDGE_CURVE ( 'NONE', #1250, #191, #2262, .T. ) ;
#392 = CARTESIAN_POINT ( 'NONE',  ( 1000.000000000000000, 5.000000000000000888, 0.000000000000000000 ) ) ;
#393 = VECTOR ( 'NONE', #2246, 1000.000000000000000 ) ;
#394 = CARTESIAN_POINT ( 'NONE',  ( 65.00000000000000000, 16.99999999999999645, -84.50000000000000000 ) ) ;
#395 = DIRECTION ( 'NONE',  ( 1.923451982994741773E-16, 0.000000000000000000, 1.000000000000000000 ) ) ;
#396 = DIRECTION ( 'NONE',  ( 1.000000000000000000, 0.000000000000000000, -0.000000000000000000 ) ) ;
#397 = VERTEX_POINT ( 'NONE', #2510 ) ;
#398 = DIRECTION ( 'NONE',  ( -1.000000000000000000, -0.000000000000000000, -0.000000000000000000 ) ) ;
#399 = EDGE_LOOP ( 'NONE', ( #2672, #1279, #2754, #930 ) ) ;
#400 = DIRECTION ( 'NONE',  ( 0.000000000000000000, -1.000000000000000000, 0.000000000000000000 ) ) ;
#401 = VECTOR ( 'NONE', #2238, 1000.000000000000000 ) ;
#402 = EDGE_CURVE ( 'NONE', #519, #2296, #1443, .T. ) ;
#403 = ORIENTED_EDGE ( 'NONE', *, *, #488, .T. ) ;
#404 = ADVANCED_FACE ( 'NONE', ( #381, #2526, #892, #1980, #3054, #3085, #3341, #923 ), #1178, .T. ) ;
#405 = CARTESIAN_POINT ( 'NONE',  ( 105.0000000000000000, 37.00000000000000000, -9.499999999999994671 ) ) ;
#406 = ORIENTED_EDGE ( 'NONE', *, *, #2588, .T. ) ;
#407 = ORIENTED_EDGE ( 'NONE', *, *, #746, .T. ) ;
#408 = CARTESIAN_POINT ( 'NONE',  ( 70.00000000000000000, 37.00000000000000000, -12.34957498025365652 ) ) ;
#409 = CARTESIAN_POINT ( 'NONE',  ( 104.9999999999999858, 5.000000000000000888, -29.50000000000000000 ) ) ;
#410 = VECTOR ( 'NONE', #717, 1000.000000000000000 ) ;
#411 = PLANE ( 'NONE',  #3453 ) ;
#412 = PLANE ( 'NONE',  #2234 ) ;
#413 = CARTESIAN_POINT ( 'NONE',  ( 104.9999999999999858, 32.00000000000000000, -84.50000000000000000 ) ) ;
#414 = VERTEX_POINT ( 'NONE', #3068 ) ;
#415 = LINE ( 'NONE', #3322, #2164 ) ;
#416 = ORIENTED_EDGE ( 'NONE', *, *, #949, .F. ) ;
#417 = EDGE_CURVE ( 'NONE', #2017, #3485, #1731, .T. ) ;
#418 = FACE_OUTER_BOUND ( 'NONE', #1997, .T. ) ;
#419 = DIRECTION ( 'NONE',  ( 0.000000000000000000, -1.000000000000000000, 0.000000000000000000 ) ) ;
#420 = VECTOR ( 'NONE', #2259, 1000.000000000000000 ) ;
#421 = EDGE_CURVE ( 'NONE', #2280, #763, #116, .T. ) ;
#422 = PLANE ( 'NONE',  #2592 ) ;
#423 = ORIENTED_EDGE ( 'NONE', *, *, #2328, .F. ) ;
#424 = ORIENTED_EDGE ( 'NONE', *, *, #2220, .F. ) ;
#425 = EDGE_CURVE ( 'NONE', #2359, #1961, #696, .T. ) ;
#426 = CARTESIAN_POINT ( 'NONE',  ( 2.000000000000000000, 4.999999999999997335, -49.50000000000000000 ) ) ;
#427 = CARTESIAN_POINT ( 'NONE',  ( 1000.000000000000000, 32.00000000000000000, -54.50000000000000711 ) ) ;
#428 = DIRECTION ( 'NONE',  ( -1.000000000000000000, -0.000000000000000000, -0.000000000000000000 ) ) ;
#429 = PLANE ( 'NONE',  #245 ) ;
#430 = CARTESIAN_POINT ( 'NONE',  ( 105.0000000000000000, 37.00000000000000000, -29.50000000000000000 ) ) ;
#431 = ORIENTED_EDGE ( 'NONE', *, *, #3265, .T. ) ;
#432 = VERTEX_POINT ( 'NONE', #2044 ) ;
#433 = LINE ( 'NONE', #2651, #530 ) ;
#434 = VECTOR ( 'NONE', #2997, 1000.000000000000000 ) ;
#435 = VECTOR ( 'NONE', #2787, 1000.000000000000000 ) ;
#436 = DIRECTION ( 'NONE',  ( 0.000000000000000000, -1.000000000000000000, 0.000000000000000000 ) ) ;
#437 = ORIENTED_EDGE ( 'NONE', *, *, #581, .T. ) ;
#439 = LINE ( 'NONE', #986, #2650 ) ;
#438 = CARTESIAN_POINT ( 'NONE',  ( -4.284619527316352668E-15, 16.99999999999999645, -12.34957498025364586 ) ) ;
#440 = AXIS2_PLACEMENT_3D ( 'NONE', #1236, #2321, #2076 ) ;
#441 = ORIENTED_EDGE ( 'NONE', *, *, #417, .F. ) ;
#442 = ORIENTED_EDGE ( 'NONE', *, *, #1569, .T. ) ;
#443 = AXIS2_PLACEMENT_3D ( 'NONE', #660, #1678, #1746 ) ;
#444 = LINE ( 'NONE', #3402, #2235 ) ;
#445 = ADVANCED_FACE ( 'NONE', ( #3120 ), #957, .T. ) ;
#446 = CARTESIAN_POINT ( 'NONE',  ( 54.99999999999999289, 37.00000000000000000, -84.50000000000000000 ) ) ;
#447 = DIRECTION ( 'NONE',  ( 0.000000000000000000, 0.000000000000000000, 1.000000000000000000 ) ) ;
#448 = DIRECTION ( 'NONE',  ( 0.000000000000000000, 0.000000000000000000, 1.000000000000000000 ) ) ;
#449 = PLANE ( 'NONE',  #2483 ) ;
#450 = VERTEX_POINT ( 'NONE', #1998 ) ;
#451 = ORIENTED_EDGE ( 'NONE', *, *, #711, .F. ) ;
#452 = CARTESIAN_POINT ( 'NONE',  ( 1000.000000000000000, 5.000000000000000888, 0.000000000000000000 ) ) ;
#453 = CARTESIAN_POINT ( 'NONE',  ( 60.00000000000000000, 37.00000000000000000, -84.50000000000000000 ) ) ;
#454 = ORIENTED_EDGE ( 'NONE', *, *, #2867, .F. ) ;
#456 = CARTESIAN_POINT ( 'NONE',  ( 0.000000000000000000, 2.000000000000000000, 0.000000000000000000 ) ) ;
#455 = CARTESIAN_POINT ( 'NONE',  ( 107.0000000000000000, 37.00000000000000000, -39.50000000000000000 ) ) ;
#457 = VECTOR ( 'NONE', #2609, 1000.000000000000000 ) ;
#458 = ORIENTED_EDGE ( 'NONE', *, *, #1462, .T. ) ;
#459 = ORIENTED_EDGE ( 'NONE', *, *, #1399, .F. ) ;
#460 = DIRECTION ( 'NONE',  ( 0.000000000000000000, -1.000000000000000000, 0.000000000000000000 ) ) ;
#461 = DIRECTION ( 'NONE',  ( 3.469446951953606300E-16, 0.000000000000000000, 1.000000000000000000 ) ) ;
#462 = ORIENTED_EDGE ( 'NONE', *, *, #357, .T. ) ;
#463 = EDGE_CURVE ( 'NONE', #2294, #2263, #1683, .T. ) ;
#464 = CARTESIAN_POINT ( 'NONE',  ( 1000.000000000000000, 5.000000000000000888, 0.000000000000000000 ) ) ;
#465 = LINE ( 'NONE', #1546, #1550 ) ;
#466 = CARTESIAN_POINT ( 'NONE',  ( 107.0000000000000000, 37.00000000000000000, -79.50000000000000000 ) ) ;
#467 = ORIENTED_EDGE ( 'NONE', *, *, #2349, .T. ) ;
#468 = AXIS2_PLACEMENT_3D ( 'NONE', #452, #2615, #2598 ) ;
#469 = EDGE_CURVE ( 'NONE', #2658, #3041, #102, .T. ) ;
#470 = CARTESIAN_POINT ( 'NONE',  ( 39.99999999999999289, 16.99999999999999645, -84.50000000000000000 ) ) ;
#471 = CARTESIAN_POINT ( 'NONE',  ( 0.000000000000000000, 0.000000000000000000, 0.000000000000000000 ) ) ;
#472 = EDGE_CURVE ( 'NONE', #2773, #3485, #87, .T. ) ;
#473 = ORIENTED_EDGE ( 'NONE', *, *, #382, .T. ) ;
#474 = PLANE ( 'NONE',  #327 ) ;
#475 = VECTOR ( 'NONE', #1217, 1000.000000000000000 ) ;
#476 = ORIENTED_EDGE ( 'NONE', *, *, #3043, .F. ) ;
#477 = VERTEX_POINT ( 'NONE', #632 ) ;
#478 = VECTOR ( 'NONE', #1235, 1000.000000000000000 ) ;
#479 = CARTESIAN_POINT ( 'NONE',  ( 19.99999999999999645, 37.00000000000000000, -12.34957498025365652 ) ) ;
#480 = DIRECTION ( 'NONE',  ( 0.000000000000000000, 1.000000000000000000, 0.000000000000000000 ) ) ;
#481 = EDGE_LOOP ( 'NONE', ( #134, #1084, #3074, #3505 ) ) ;
#482 = AXIS2_PLACEMENT_3D ( 'NONE', #1355, #2230, #3303 ) ;
#483 = CC_DESIGN_PERSON_AND_ORGANIZATION_ASSIGNMENT ( #3238, #1358, ( #281 ) ) ;
#484 = CARTESIAN_POINT ( 'NONE',  ( 2.000000000000000000, 2.000000000000000000, 0.000000000000000000 ) ) ;
#485 = LINE ( 'NONE', #3160, #3130 ) ;
#486 = CARTESIAN_POINT ( 'NONE',  ( 0.000000000000000000, -0.000000000000000000, -24.50000000000000711 ) ) ;
#487 = VERTEX_POINT ( 'NONE', #597 ) ;
#488 = EDGE_CURVE ( 'NONE', #1667, #3443, #616, .T. ) ;
#489 = CARTESIAN_POINT ( 'NONE',  ( 1000.000000000000000, 32.00000000000000000, -84.50000000000000000 ) ) ;
#490 = EDGE_CURVE ( 'NONE', #1774, #2404, #1699, .T. ) ;
#491 = DIRECTION ( 'NONE',  ( 0.000000000000000000, 0.000000000000000000, 1.000000000000000000 ) ) ;
#492 = EDGE_LOOP ( 'NONE', ( #2709, #3152, #2383, #1936 ) ) ;
#493 = PLANE ( 'NONE',  #2590 ) ;
#494 = EDGE_LOOP ( 'NONE', ( #1783, #304, #124, #812 ) ) ;
#495 = EDGE_LOOP ( 'NONE', ( #2233, #631, #1868, #1901 ) ) ;
#496 = VECTOR ( 'NONE', #2974, 1000.000000000000000 ) ;
#497 = DIRECTION ( 'NONE',  ( 0.000000000000000000, 0.000000000000000000, 1.000000000000000000 ) ) ;
#498 = PRODUCT_DEFINITION_SHAPE ( 'NONE', 'NONE',  #3315 ) ;
#499 = LINE ( 'NONE', #212, #889 ) ;
#500 = VECTOR ( 'NONE', #2783, 1000.000000000000000 ) ;
#501 = VERTEX_POINT ( 'NONE', #2512 ) ;
#502 = FACE_OUTER_BOUND ( 'NONE', #509, .T. ) ;
#503 = LINE ( 'NONE', #2060, #977 ) ;
#504 = DIRECTION ( 'NONE',  ( -1.000000000000000000, -0.000000000000000000, -0.000000000000000000 ) ) ;
#505 = EDGE_LOOP ( 'NONE', ( #416, #1806, #1303, #279 ) ) ;
#506 = LINE ( 'NONE', #1873, #1542 ) ;
#507 = ORIENTED_EDGE ( 'NONE', *, *, #1703, .F. ) ;
#508 = CARTESIAN_POINT ( 'NONE',  ( 1000.000000000000000, 0.000000000000000000, -19.50000000000000355 ) ) ;
#509 = EDGE_LOOP ( 'NONE', ( #1730, #389, #2035, #2464 ) ) ;
#510 = CARTESIAN_POINT ( 'NONE',  ( 0.000000000000000000, 5.000000000000000888, -9.499999999999994671 ) ) ;
#511 = EDGE_LOOP ( 'NONE', ( #745, #1527, #670, #3430 ) ) ;
#512 = EDGE_CURVE ( 'NONE', #706, #2826, #317, .T. ) ;
#513 = PLANE ( 'NONE',  #1227 ) ;
#514 = ORIENTED_EDGE ( 'NONE', *, *, #1768, .F. ) ;
#515 = EDGE_CURVE ( 'NONE', #2359, #2630, #68, .T. ) ;
#516 = VECTOR ( 'NONE', #2719, 1000.000000000000000 ) ;
#517 = CARTESIAN_POINT ( 'NONE',  ( 105.0000000000000000, 4.999999999999997335, 0.000000000000000000 ) ) ;
#518 = DIRECTION ( 'NONE',  ( 0.000000000000000000, -0.000000000000000000, -1.000000000000000000 ) ) ;
#519 = VERTEX_POINT ( 'NONE', #859 ) ;
#520 = CARTESIAN_POINT ( 'NONE',  ( 105.0000000000000000, 37.00000000000000000, -79.50000000000000000 ) ) ;
#521 = PLANE ( 'NONE',  #534 ) ;
#522 = DIRECTION ( 'NONE',  ( -1.000000000000000000, -0.000000000000000000, -0.000000000000000000 ) ) ;
#523 = ORIENTED_EDGE ( 'NONE', *, *, #463, .T. ) ;
#524 = PLANE ( 'NONE',  #2898 ) ;
#525 = CARTESIAN_POINT ( 'NONE',  ( 1000.000000000000000, 0.000000000000000000, -34.50000000000000000 ) ) ;
#526 = CARTESIAN_POINT ( 'NONE',  ( 105.0000000000000000, 32.00000000000000000, -79.50000000000000000 ) ) ;
#527 = ORIENTED_EDGE ( 'NONE', *, *, #2744, .T. ) ;
#528 = LINE ( 'NONE', #595, #2466 ) ;
#529 = ORIENTED_EDGE ( 'NONE', *, *, #1182, .F. ) ;
#530 = VECTOR ( 'NONE', #2367, 1000.000000000000000 ) ;
#531 = DIRECTION ( 'NONE',  ( 0.000000000000000000, 0.000000000000000000, 1.000000000000000000 ) ) ;
#532 = EDGE_LOOP ( 'NONE', ( #1578, #2090, #3225, #67 ) ) ;
#533 = EDGE_CURVE ( 'NONE', #2879, #176, #2461, .T. ) ;
#534 = AXIS2_PLACEMENT_3D ( 'NONE', #733, #783, #1835 ) ;
#535 = LINE ( 'NONE', #1919, #496 ) ;
#536 = ORIENTED_EDGE ( 'NONE', *, *, #2069, .T. ) ;
#537 = VECTOR ( 'NONE', #709, 1000.000000000000000 ) ;
#538 = CARTESIAN_POINT ( 'NONE',  ( 0.000000000000000000, 5.000000000000000888, -69.50000000000000000 ) ) ;
#539 = PLANE ( 'NONE',  #190 ) ;
#540 = CARTESIAN_POINT ( 'NONE',  ( 45.00000000000001421, 16.99999999999999645, -12.34957498025365830 ) ) ;
#541 = LINE ( 'NONE', #1625, #1431 ) ;
#542 = DIRECTION ( 'NONE',  ( 0.000000000000000000, 1.000000000000000000, 0.000000000000000000 ) ) ;
#543 = CARTESIAN_POINT ( 'NONE',  ( 0.000000000000000000, -0.000000000000000000, -74.50000000000001421 ) ) ;
#544 = ORIENTED_EDGE ( 'NONE', *, *, #402, .T. ) ;
#545 = CARTESIAN_POINT ( 'NONE',  ( 0.000000000000000000, 16.99999999999999645, -84.50000000000000000 ) ) ;
#546 = VERTEX_POINT ( 'NONE', #1394 ) ;
#547 = EDGE_CURVE ( 'NONE', #1667, #947, #1949, .T. ) ;
#548 = ORIENTED_EDGE ( 'NONE', *, *, #3005, .T. ) ;
#549 = VECTOR ( 'NONE', #522, 1000.000000000000000 ) ;
#550 = DIRECTION ( 'NONE',  ( 0.000000000000000000, -0.000000000000000000, -1.000000000000000000 ) ) ;
#551 = VECTOR ( 'NONE', #1163, 1000.000000000000000 ) ;
#552 = ORIENTED_EDGE ( 'NONE', *, *, #98, .F. ) ;
#553 = EDGE_CURVE ( 'NONE', #1920, #2347, #875, .T. ) ;
#554 = CARTESIAN_POINT ( 'NONE',  ( 1000.000000000000000, 0.000000000000000000, -64.50000000000000000 ) ) ;
#555 = CARTESIAN_POINT ( 'NONE',  ( 105.0000000000000000, 37.00000000000000000, -64.50000000000000000 ) ) ;
#556 = CARTESIAN_POINT ( 'NONE',  ( 106.9999999999999858, 5.000000000000000888, -54.50000000000000711 ) ) ;
#557 = VECTOR ( 'NONE', #1349, 1000.000000000000000 ) ;
#558 = ORIENTED_EDGE ( 'NONE', *, *, #1669, .T. ) ;
#559 = EDGE_CURVE ( 'NONE', #1788, #2901, #32, .T. ) ;
#560 = CARTESIAN_POINT ( 'NONE',  ( 0.000000000000000000, 32.00000000000000000, -59.50000000000000000 ) ) ;
#561 = FACE_BOUND ( 'NONE', #1659, .T. ) ;
#562 = LINE ( 'NONE', #838, #1453 ) ;
#563 = ORIENTED_EDGE ( 'NONE', *, *, #515, .T. ) ;
#564 = DIRECTION ( 'NONE',  ( 0.000000000000000000, -1.000000000000000000, 0.000000000000000000 ) ) ;
#565 = VERTEX_POINT ( 'NONE', #1148 ) ;
#566 = ORIENTED_EDGE ( 'NONE', *, *, #2352, .T. ) ;
#567 = FACE_BOUND ( 'NONE', #791, .T. ) ;
#568 = VERTEX_POINT ( 'NONE', #3307 ) ;
#569 = VECTOR ( 'NONE', #3294, 1000.000000000000000 ) ;
#570 = PLANE ( 'NONE',  #65 ) ;
#571 = DIRECTION ( 'NONE',  ( -1.000000000000000000, -0.000000000000000000, -0.000000000000000000 ) ) ;
#572 = CARTESIAN_POINT ( 'NONE',  ( 2.000000000000001776, 5.000000000000000888, -79.50000000000000000 ) ) ;
#573 = EDGE_CURVE ( 'NONE', #2835, #487, #2528, .T. ) ;
#574 = DIRECTION ( 'NONE',  ( 0.000000000000000000, 0.000000000000000000, -1.000000000000000000 ) ) ;
#575 = CARTESIAN_POINT ( 'NONE',  ( 1000.000000000000000, 32.00000000000000000, -49.50000000000000000 ) ) ;
#576 = CARTESIAN_POINT ( 'NONE',  ( 0.000000000000000000, 32.00000000000000000, -44.50000000000000711 ) ) ;
#577 = ORIENTED_EDGE ( 'NONE', *, *, #2677, .F. ) ;
#578 = CARTESIAN_POINT ( 'NONE',  ( 2.000000000000000000, 37.00000000000000000, -79.50000000000000000 ) ) ;
#579 = ORIENTED_EDGE ( 'NONE', *, *, #2332, .F. ) ;
#580 = LINE ( 'NONE', #1181, #1150 ) ;
#581 = EDGE_CURVE ( 'NONE', #3394, #785, #580, .T. ) ;
#582 = VERTEX_POINT ( 'NONE', #2265 ) ;
#583 = VECTOR ( 'NONE', #3410, 1000.000000000000000 ) ;
#584 = ORIENTED_EDGE ( 'NONE', *, *, #2742, .T. ) ;
#585 = DIRECTION ( 'NONE',  ( -1.000000000000000000, 0.000000000000000000, 3.469446951953611724E-16 ) ) ;
#586 = CARTESIAN_POINT ( 'NONE',  ( 2.000000000000000000, 32.00000000000000000, 0.000000000000000000 ) ) ;
#587 = CARTESIAN_POINT ( 'NONE',  ( 25.00000000000000711, 16.99999999999999645, -12.34957498025365830 ) ) ;
#588 = APPROVAL ( #3040, 'æœª' ) ;
#589 = AXIS2_PLACEMENT_3D ( 'NONE', #1175, #919, #888 ) ;
#590 = LINE ( 'NONE', #325, #174 ) ;
#591 = CARTESIAN_POINT ( 'NONE',  ( 45.00000000000000000, 34.99999999999999289, -84.50000000000000000 ) ) ;
#592 = ADVANCED_FACE ( 'NONE', ( #909 ), #2725, .F. ) ;
#593 = LINE ( 'NONE', #1176, #3044 ) ;
#594 = EDGE_LOOP ( 'NONE', ( #3170, #2129, #2722, #2648 ) ) ;
#595 = CARTESIAN_POINT ( 'NONE',  ( 105.0000000000000000, 32.00000000000000000, 0.000000000000000000 ) ) ;
#596 = ORIENTED_EDGE ( 'NONE', *, *, #813, .T. ) ;
#597 = CARTESIAN_POINT ( 'NONE',  ( 0.000000000000000000, 5.000000000000000888, -79.50000000000000000 ) ) ;
#598 = EDGE_CURVE ( 'NONE', #1406, #1961, #842, .T. ) ;
#599 = ORIENTED_EDGE ( 'NONE', *, *, #3049, .T. ) ;
#600 = EDGE_CURVE ( 'NONE', #319, #3041, #3007, .T. ) ;
#601 = EDGE_LOOP ( 'NONE', ( #874, #2202, #86, #156 ) ) ;
#602 = VECTOR ( 'NONE', #2886, 1000.000000000000000 ) ;
#603 = LINE ( 'NONE', #1937, #3287 ) ;
#604 = VECTOR ( 'NONE', #646, 1000.000000000000000 ) ;
#605 = PLANE ( 'NONE',  #1152 ) ;
#606 = LINE ( 'NONE', #2240, #2250 ) ;
#607 = ORIENTED_EDGE ( 'NONE', *, *, #1167, .F. ) ;
#608 = CARTESIAN_POINT ( 'NONE',  ( 0.000000000000000000, -0.000000000000000000, -29.50000000000000000 ) ) ;
#609 = LINE ( 'NONE', #2472, #3191 ) ;
#610 = AXIS2_PLACEMENT_3D ( 'NONE', #438, #1248, #3415 ) ;
#611 = LINE ( 'NONE', #1441, #1975 ) ;
#612 = VERTEX_POINT ( 'NONE', #2215 ) ;
#613 = LINE ( 'NONE', #3102, #3035 ) ;
#614 = VECTOR ( 'NONE', #3033, 1000.000000000000000 ) ;
#615 = EDGE_LOOP ( 'NONE', ( #2853, #1605, #313, #2666 ) ) ;
#616 = LINE ( 'NONE', #2771, #3321 ) ;
#617 = PRODUCT_DEFINITION_FORMATION_WITH_SPECIFIED_SOURCE ( 'ä»', '', #211, .NOT_KNOWN. ) ;
#618 = ORIENTED_EDGE ( 'NONE', *, *, #559, .F. ) ;
#619 = ADVANCED_FACE ( 'NONE', ( #3290 ), #1528, .F. ) ;
#620 = EDGE_LOOP ( 'NONE', ( #1168, #1582, #1718, #2953 ) ) ;
#621 = EDGE_CURVE ( 'NONE', #679, #2247, #1195, .T. ) ;
#622 = CARTESIAN_POINT ( 'NONE',  ( -4.284619527316352668E-15, 37.00000000000000000, -12.34957498025364586 ) ) ;
#623 = DIRECTION ( 'NONE',  ( -1.000000000000000000, 0.000000000000000000, 3.469446951953606300E-16 ) ) ;
#624 = LINE ( 'NONE', #59, #275 ) ;
#625 = CARTESIAN_POINT ( 'NONE',  ( 19.99999999999999645, 16.99999999999999645, -12.34957498025365652 ) ) ;
#626 = DIRECTION ( 'NONE',  ( 1.000000000000000000, -0.000000000000000000, 0.000000000000000000 ) ) ;
#627 = DIRECTION ( 'NONE',  ( 0.000000000000000000, 0.000000000000000000, -1.000000000000000000 ) ) ;
#628 = ORIENTED_EDGE ( 'NONE', *, *, #1483, .F. ) ;
#629 = AXIS2_PLACEMENT_3D ( 'NONE', #464, #1602, #3226 ) ;
#630 = DIRECTION ( 'NONE',  ( 0.000000000000000000, -1.000000000000000000, 0.000000000000000000 ) ) ;
#631 = ORIENTED_EDGE ( 'NONE', *, *, #2936, .T. ) ;
#632 = CARTESIAN_POINT ( 'NONE',  ( 106.9999999999999858, 32.00000000000000000, -64.50000000000000000 ) ) ;
#633 = APPROVAL_ROLE ( '' ) ;
#634 = LINE ( 'NONE', #1735, #1387 ) ;
#635 = EDGE_CURVE ( 'NONE', #1337, #706, #3376, .T. ) ;
#636 = ORIENTED_EDGE ( 'NONE', *, *, #621, .T. ) ;
#637 = ORIENTED_EDGE ( 'NONE', *, *, #1849, .T. ) ;
#638 = CARTESIAN_POINT ( 'NONE',  ( 60.00000000000000000, 37.00000000000000000, -12.34957498025365652 ) ) ;
#639 = CARTESIAN_POINT ( 'NONE',  ( 45.00000000000001421, 34.99999999999999289, -8.655533923476340147E-15 ) ) ;
#640 = PLANE ( 'NONE',  #345 ) ;
#641 = CARTESIAN_POINT ( 'NONE',  ( 55.00000000000000711, 34.99999999999999289, -1.057898590647107995E-14 ) ) ;
#642 = ADVANCED_FACE ( 'NONE', ( #418 ), #2065, .T. ) ;
#643 = VECTOR ( 'NONE', #2782, 1000.000000000000000 ) ;
#644 = DIRECTION ( 'NONE',  ( 0.000000000000000000, -0.000000000000000000, -1.000000000000000000 ) ) ;
#645 = EDGE_LOOP ( 'NONE', ( #900, #3110, #2637, #2299 ) ) ;
#646 = DIRECTION ( 'NONE',  ( -1.000000000000000000, -0.000000000000000000, -0.000000000000000000 ) ) ;
#647 = VECTOR ( 'NONE', #1776, 1000.000000000000000 ) ;
#648 = VERTEX_POINT ( 'NONE', #683 ) ;
#649 = CARTESIAN_POINT ( 'NONE',  ( 0.000000000000000000, 5.000000000000000888, -0.000000000000000000 ) ) ;
#650 = DATE_TIME_ROLE ( 'classification_date' ) ;
#651 = EDGE_CURVE ( 'NONE', #2113, #1426, #978, .T. ) ;
#652 = DIRECTION ( 'NONE',  ( 0.000000000000000000, -0.000000000000000000, -1.000000000000000000 ) ) ;
#653 = EDGE_LOOP ( 'NONE', ( #514, #1045, #372, #1194 ) ) ;
#654 = ORIENTED_EDGE ( 'NONE', *, *, #872, .F. ) ;
#655 = DIRECTION ( 'NONE',  ( -1.000000000000000000, -0.000000000000000000, -0.000000000000000000 ) ) ;
#656 = DIRECTION ( 'NONE',  ( 0.000000000000000000, 1.000000000000000000, 0.000000000000000000 ) ) ;
#657 = ADVANCED_FACE ( 'NONE', ( #1807 ), #1210, .F. ) ;
#658 = FACE_OUTER_BOUND ( 'NONE', #1081, .T. ) ;
#659 = LINE ( 'NONE', #693, #643 ) ;
#660 = CARTESIAN_POINT ( 'NONE',  ( 45.00000000000001421, 16.99999999999999645, -8.655533923476340147E-15 ) ) ;
#661 = ORIENTED_EDGE ( 'NONE', *, *, #2521, .F. ) ;
#662 = LINE ( 'NONE', #2785, #2377 ) ;
#663 = EDGE_CURVE ( 'NONE', #334, #1564, #1493, .T. ) ;
#664 = EDGE_LOOP ( 'NONE', ( #1192, #1670, #1981, #3482 ) ) ;
#665 = VECTOR ( 'NONE', #1098, 1000.000000000000000 ) ;
#666 = FACE_OUTER_BOUND ( 'NONE', #2768, .T. ) ;
#667 = AXIS2_PLACEMENT_3D ( 'NONE', #1585, #1624, #766 ) ;
#668 = CARTESIAN_POINT ( 'NONE',  ( 1000.000000000000000, 32.00000000000000000, 0.000000000000000000 ) ) ;
#669 = LINE ( 'NONE', #3129, #2253 ) ;
#670 = ORIENTED_EDGE ( 'NONE', *, *, #3134, .F. ) ;
#671 = EDGE_CURVE ( 'NONE', #1649, #688, #1228, .T. ) ;
#672 = ORIENTED_EDGE ( 'NONE', *, *, #1497, .T. ) ;
#673 = CARTESIAN_POINT ( 'NONE',  ( 0.000000000000000000, 32.00000000000000000, -0.000000000000000000 ) ) ;
#674 = DIRECTION ( 'NONE',  ( 0.000000000000000000, 1.000000000000000000, 0.000000000000000000 ) ) ;
#675 = EDGE_CURVE ( 'NONE', #1477, #688, #2295, .T. ) ;
#676 = DIRECTION ( 'NONE',  ( 0.000000000000000000, 0.000000000000000000, 1.000000000000000000 ) ) ;
#677 = DIRECTION ( 'NONE',  ( 0.000000000000000000, -1.000000000000000000, 0.000000000000000000 ) ) ;
#678 = FACE_OUTER_BOUND ( 'NONE', #2319, .T. ) ;
#679 = VERTEX_POINT ( 'NONE', #3393 ) ;
#680 = EDGE_CURVE ( 'NONE', #612, #1649, #2560, .T. ) ;
#681 = CARTESIAN_POINT ( 'NONE',  ( 0.000000000000000000, 0.000000000000000000, -94.50000000000000000 ) ) ;
#682 = ORIENTED_EDGE ( 'NONE', *, *, #1554, .T. ) ;
#683 = CARTESIAN_POINT ( 'NONE',  ( 45.00000000000000000, 37.00000000000000000, -84.50000000000000000 ) ) ;
#684 = VECTOR ( 'NONE', #2976, 1000.000000000000000 ) ;
#685 = EDGE_LOOP ( 'NONE', ( #2922, #2874, #1713, #16 ) ) ;
#686 = LINE ( 'NONE', #2858, #24 ) ;
#687 = ORIENTED_EDGE ( 'NONE', *, *, #809, .T. ) ;
#688 = VERTEX_POINT ( 'NONE', #168 ) ;
#689 = CARTESIAN_POINT ( 'NONE',  ( 107.0000000000000000, 32.00000000000000000, 0.000000000000000000 ) ) ;
#690 = DIRECTION ( 'NONE',  ( 0.000000000000000000, -1.000000000000000000, 0.000000000000000000 ) ) ;
#691 = VECTOR ( 'NONE', #1421, 1000.000000000000000 ) ;
#692 = LINE ( 'NONE', #3404, #795 ) ;
#693 = CARTESIAN_POINT ( 'NONE',  ( 107.0000000000000000, 37.00000000000000000, -49.50000000000000000 ) ) ;
#694 = DIRECTION ( 'NONE',  ( 0.000000000000000000, -1.000000000000000000, 0.000000000000000000 ) ) ;
#695 = ORIENTED_EDGE ( 'NONE', *, *, #2990, .F. ) ;
#696 = LINE ( 'NONE', #1784, #720 ) ;
#697 = ORIENTED_EDGE ( 'NONE', *, *, #768, .T. ) ;
#698 = VECTOR ( 'NONE', #3194, 1000.000000000000000 ) ;
#699 = DIRECTION ( 'NONE',  ( 0.000000000000000000, 0.000000000000000000, -1.000000000000000000 ) ) ;
#700 = ORIENTED_EDGE ( 'NONE', *, *, #269, .T. ) ;
#701 = VECTOR ( 'NONE', #173, 1000.000000000000000 ) ;
#702 = ORIENTED_EDGE ( 'NONE', *, *, #2182, .F. ) ;
#703 = EDGE_CURVE ( 'NONE', #771, #150, #1244, .T. ) ;
#705 = CARTESIAN_POINT ( 'NONE',  ( 105.0000000000000000, 32.00000000000000000, 0.000000000000000000 ) ) ;
#704 = CARTESIAN_POINT ( 'NONE',  ( 1000.000000000000000, 5.000000000000000888, -59.50000000000000000 ) ) ;
#706 = VERTEX_POINT ( 'NONE', #3143 ) ;
#707 = EDGE_LOOP ( 'NONE', ( #2803, #3162, #2562, #1022 ) ) ;
#708 = ADVANCED_FACE ( 'NONE', ( #666 ), #2084, .T. ) ;
#709 = DIRECTION ( 'NONE',  ( -1.000000000000000000, -0.000000000000000000, -0.000000000000000000 ) ) ;
#710 = FACE_OUTER_BOUND ( 'NONE', #2327, .T. ) ;
#711 = EDGE_CURVE ( 'NONE', #1391, #3289, #2820, .T. ) ;
#712 = DIRECTION ( 'NONE',  ( 1.000000000000000000, 0.000000000000000000, -0.000000000000000000 ) ) ;
#713 = LINE ( 'NONE', #2361, #2120 ) ;
#714 = LINE ( 'NONE', #994, #2428 ) ;
#715 = ORIENTED_EDGE ( 'NONE', *, *, #3103, .F. ) ;
#716 = ORIENTED_EDGE ( 'NONE', *, *, #1475, .T. ) ;
#717 = DIRECTION ( 'NONE',  ( 1.923451982994741773E-16, 0.000000000000000000, 1.000000000000000000 ) ) ;
#718 = AXIS2_PLACEMENT_3D ( 'NONE', #970, #731, #2286 ) ;
#719 = ORIENTED_EDGE ( 'NONE', *, *, #2161, .T. ) ;
#720 = VECTOR ( 'NONE', #3390, 1000.000000000000000 ) ;
#721 = CARTESIAN_POINT ( 'NONE',  ( 0.000000000000000000, 16.99999999999999645, -84.50000000000000000 ) ) ;
#722 = ORIENTED_EDGE ( 'NONE', *, *, #1569, .F. ) ;
#724 = DIRECTION ( 'NONE',  ( 0.000000000000000000, 0.000000000000000000, -1.000000000000000000 ) ) ;
#723 = CARTESIAN_POINT ( 'NONE',  ( 104.9999999999999858, 5.000000000000000888, -19.50000000000000355 ) ) ;
#725 = AXIS2_PLACEMENT_3D ( 'NONE', #307, #3228, #3264 ) ;
#726 = ORIENTED_EDGE ( 'NONE', *, *, #553, .T. ) ;
#727 = EDGE_CURVE ( 'NONE', #582, #1406, #1476, .T. ) ;
#728 = EDGE_LOOP ( 'NONE', ( #309, #967, #1979, #1494 ) ) ;
#729 = VECTOR ( 'NONE', #902, 1000.000000000000000 ) ;
#730 = CARTESIAN_POINT ( 'NONE',  ( 107.0000000000000000, 37.00000000000000000, -84.50000000000000000 ) ) ;
#731 = DIRECTION ( 'NONE',  ( 0.000000000000000000, 0.000000000000000000, -1.000000000000000000 ) ) ;
#732 = FACE_BOUND ( 'NONE', #2408, .T. ) ;
#733 = CARTESIAN_POINT ( 'NONE',  ( 49.99999999999999289, 16.99999999999999645, 0.000000000000000000 ) ) ;
#734 = DIRECTION ( 'NONE',  ( 0.000000000000000000, -1.000000000000000000, 0.000000000000000000 ) ) ;
#735 = ORIENTED_EDGE ( 'NONE', *, *, #1709, .F. ) ;
#736 = CARTESIAN_POINT ( 'NONE',  ( 84.99999999999998579, 37.00000000000000000, -84.50000000000000000 ) ) ;
#737 = PLANE ( 'NONE',  #1887 ) ;
#738 = ORIENTED_EDGE ( 'NONE', *, *, #302, .T. ) ;
#739 = DIRECTION ( 'NONE',  ( 0.000000000000000000, 0.000000000000000000, 1.000000000000000000 ) ) ;
#740 = EDGE_LOOP ( 'NONE', ( #2527, #3286, #776, #2745 ) ) ;
#741 = ORIENTED_EDGE ( 'NONE', *, *, #1182, .T. ) ;
#742 = EDGE_CURVE ( 'NONE', #1391, #1616, #3105, .T. ) ;
#743 = DIRECTION ( 'NONE',  ( -0.000000000000000000, 1.000000000000000000, -0.000000000000000000 ) ) ;
#744 = CARTESIAN_POINT ( 'NONE',  ( 0.000000000000000000, 32.00000000000000000, -0.000000000000000000 ) ) ;
#745 = ORIENTED_EDGE ( 'NONE', *, *, #1940, .T. ) ;
#746 = EDGE_CURVE ( 'NONE', #244, #1544, #2577, .T. ) ;
#747 = LINE ( 'NONE', #484, #2825 ) ;
#748 = CARTESIAN_POINT ( 'NONE',  ( 1000.000000000000000, 5.000000000000000888, -39.50000000000000000 ) ) ;
#749 = FACE_OUTER_BOUND ( 'NONE', #69, .T. ) ;
#750 = ORIENTED_EDGE ( 'NONE', *, *, #1061, .F. ) ;
#751 = VECTOR ( 'NONE', #3070, 1000.000000000000000 ) ;
#752 = EDGE_CURVE ( 'NONE', #1406, #3261, #2046, .T. ) ;
#753 = CARTESIAN_POINT ( 'NONE',  ( 2.000000000000000000, 37.00000000000000000, -44.50000000000000711 ) ) ;
#754 = CARTESIAN_POINT ( 'NONE',  ( -4.284619527316346357E-15, 16.99999999999999645, -12.34957498025364231 ) ) ;
#755 = VERTEX_POINT ( 'NONE', #2854 ) ;
#756 = EDGE_CURVE ( 'NONE', #3075, #2054, #433, .T. ) ;
#757 = CARTESIAN_POINT ( 'NONE',  ( 106.9999999999999858, 32.00000000000000000, -54.50000000000000711 ) ) ;
#758 = VECTOR ( 'NONE', #1694, 1000.000000000000000 ) ;
#759 = ORIENTED_EDGE ( 'NONE', *, *, #3127, .T. ) ;
#760 = ORIENTED_EDGE ( 'NONE', *, *, #1222, .T. ) ;
#761 = DIRECTION ( 'NONE',  ( 1.000000000000000000, -0.000000000000000000, 0.000000000000000000 ) ) ;
#762 = CARTESIAN_POINT ( 'NONE',  ( 45.00000000000001421, 37.00000000000000000, -8.655533923476340147E-15 ) ) ;
#763 = VERTEX_POINT ( 'NONE', #3165 ) ;
#764 = CARTESIAN_POINT ( 'NONE',  ( 2.000000000000000000, 32.00000000000000000, 0.000000000000000000 ) ) ;
#765 = LINE ( 'NONE', #2664, #2789 ) ;
#766 = DIRECTION ( 'NONE',  ( 0.000000000000000000, -0.000000000000000000, -1.000000000000000000 ) ) ;
#767 = VERTEX_POINT ( 'NONE', #1351 ) ;
#768 = EDGE_CURVE ( 'NONE', #3086, #2658, #201, .T. ) ;
#769 = DIRECTION ( 'NONE',  ( 1.000000000000000000, -0.000000000000000000, 0.000000000000000000 ) ) ;
#770 = ORIENTED_EDGE ( 'NONE', *, *, #768, .F. ) ;
#771 = VERTEX_POINT ( 'NONE', #736 ) ;
#772 = DIRECTION ( 'NONE',  ( 0.000000000000000000, 0.000000000000000000, -1.000000000000000000 ) ) ;
#773 = EDGE_CURVE ( 'NONE', #1426, #3061, #3214, .T. ) ;
#774 = ORIENTED_EDGE ( 'NONE', *, *, #3018, .F. ) ;
#775 = DIRECTION ( 'NONE',  ( -0.000000000000000000, 1.000000000000000000, -0.000000000000000000 ) ) ;
#776 = ORIENTED_EDGE ( 'NONE', *, *, #3038, .F. ) ;
#777 = VECTOR ( 'NONE', #2125, 1000.000000000000000 ) ;
#778 = LINE ( 'NONE', #517, #3073 ) ;
#779 = DIRECTION ( 'NONE',  ( 0.000000000000000000, 0.000000000000000000, -1.000000000000000000 ) ) ;
#780 = VECTOR ( 'NONE', #379, 1000.000000000000000 ) ;
#781 = ORIENTED_EDGE ( 'NONE', *, *, #1664, .F. ) ;
#782 = FACE_BOUND ( 'NONE', #1828, .T. ) ;
#783 = DIRECTION ( 'NONE',  ( -1.000000000000000000, 0.000000000000000000, 0.000000000000000000 ) ) ;
#784 = LINE ( 'NONE', #2681, #3318 ) ;
#785 = VERTEX_POINT ( 'NONE', #2633 ) ;
#786 = DIRECTION ( 'NONE',  ( -1.000000000000000000, -0.000000000000000000, -0.000000000000000000 ) ) ;
#787 = DIRECTION ( 'NONE',  ( 0.000000000000000000, 0.000000000000000000, -1.000000000000000000 ) ) ;
#788 = DIRECTION ( 'NONE',  ( 0.000000000000000000, -0.000000000000000000, -1.000000000000000000 ) ) ;
#789 = ORIENTED_EDGE ( 'NONE', *, *, #202, .F. ) ;
#790 = FACE_OUTER_BOUND ( 'NONE', #886, .T. ) ;
#791 = EDGE_LOOP ( 'NONE', ( #1140, #3277, #3493, #441 ) ) ;
#792 = ADVANCED_FACE ( 'NONE', ( #1822 ), #2153, .F. ) ;
#793 = LINE ( 'NONE', #2954, #3494 ) ;
#794 = ORIENTED_EDGE ( 'NONE', *, *, #1969, .F. ) ;
#795 = VECTOR ( 'NONE', #447, 1000.000000000000000 ) ;
#796 = CARTESIAN_POINT ( 'NONE',  ( 0.000000000000000000, 5.000000000000000888, -84.50000000000000000 ) ) ;
#797 = EDGE_LOOP ( 'NONE', ( #2688, #941, #1346, #1610 ) ) ;
#798 = LINE ( 'NONE', #2960, #847 ) ;
#799 = LINE ( 'NONE', #2204, #2515 ) ;
#800 = CARTESIAN_POINT ( 'NONE',  ( 75.00000000000001421, 34.99999999999999289, -12.34957498025365830 ) ) ;
#801 = LINE ( 'NONE', #1892, #862 ) ;
#802 = CARTESIAN_POINT ( 'NONE',  ( 35.00000000000000711, 16.99999999999999645, -6.732081940481597980E-15 ) ) ;
#803 = LINE ( 'NONE', #3481, #834 ) ;
#804 = ORIENTED_EDGE ( 'NONE', *, *, #357, .F. ) ;
#805 = VECTOR ( 'NONE', #840, 1000.000000000000000 ) ;
#806 = LINE ( 'NONE', #578, #2996 ) ;
#807 = ORIENTED_EDGE ( 'NONE', *, *, #1338, .F. ) ;
#808 = ORIENTED_EDGE ( 'NONE', *, *, #3309, .F. ) ;
#809 = EDGE_CURVE ( 'NONE', #2760, #2406, #2703, .T. ) ;
#810 = VECTOR ( 'NONE', #1674, 1000.000000000000000 ) ;
#811 = LINE ( 'NONE', #1563, #44 ) ;
#812 = ORIENTED_EDGE ( 'NONE', *, *, #1709, .T. ) ;
#813 = EDGE_CURVE ( 'NONE', #3055, #2603, #2893, .T. ) ;
#814 = VECTOR ( 'NONE', #1154, 1000.000000000000000 ) ;
#815 = DIRECTION ( 'NONE',  ( 0.000000000000000000, -1.000000000000000000, 0.000000000000000000 ) ) ;
#816 = CARTESIAN_POINT ( 'NONE',  ( 24.99999999999999645, 16.99999999999999645, -84.50000000000000000 ) ) ;
#817 = PLANE ( 'NONE',  #3150 ) ;
#818 = ORIENTED_EDGE ( 'NONE', *, *, #1307, .T. ) ;
#819 = LINE ( 'NONE', #3050, #1830 ) ;
#820 = DIRECTION ( 'NONE',  ( 0.000000000000000000, -0.000000000000000000, -1.000000000000000000 ) ) ;
#821 = CARTESIAN_POINT ( 'NONE',  ( 2.000000000000000000, 4.999999999999997335, 0.000000000000000000 ) ) ;
#822 = ORIENTED_EDGE ( 'NONE', *, *, #1849, .F. ) ;
#823 = DIRECTION ( 'NONE',  ( 0.000000000000000000, 0.000000000000000000, 1.000000000000000000 ) ) ;
#824 = ORIENTED_EDGE ( 'NONE', *, *, #2973, .T. ) ;
#825 = PERSON_AND_ORGANIZATION ( #3099, #3276 ) ;
#826 = ORIENTED_EDGE ( 'NONE', *, *, #2702, .F. ) ;
#827 = EDGE_CURVE ( 'NONE', #136, #1932, #2436, .T. ) ;
#828 = LINE ( 'NONE', #762, #1119 ) ;
#829 = VERTEX_POINT ( 'NONE', #1088 ) ;
#830 = FACE_OUTER_BOUND ( 'NONE', #2124, .T. ) ;
#831 = DIRECTION ( 'NONE',  ( 0.000000000000000000, -1.000000000000000000, 0.000000000000000000 ) ) ;
#832 = EDGE_CURVE ( 'NONE', #1463, #1301, #1840, .T. ) ;
#833 = PLANE ( 'NONE',  #1503 ) ;
#834 = VECTOR ( 'NONE', #3001, 1000.000000000000000 ) ;
#835 = EDGE_CURVE ( 'NONE', #688, #1850, #3497, .T. ) ;
#836 = CARTESIAN_POINT ( 'NONE',  ( 106.9999999999999858, 32.00000000000000000, -74.50000000000001421 ) ) ;
#837 = FACE_BOUND ( 'NONE', #2157, .T. ) ;
#838 = CARTESIAN_POINT ( 'NONE',  ( 107.0000000000000000, 4.999999999999997335, 0.000000000000000000 ) ) ;
#839 = ORIENTED_EDGE ( 'NONE', *, *, #295, .T. ) ;
#840 = DIRECTION ( 'NONE',  ( 1.000000000000000000, -0.000000000000000000, 0.000000000000000000 ) ) ;
#841 = EDGE_LOOP ( 'NONE', ( #1412, #979, #380, #2252 ) ) ;
#842 = LINE ( 'NONE', #1933, #1945 ) ;
#843 = CARTESIAN_POINT ( 'NONE',  ( 1000.000000000000000, 32.00000000000000000, 0.000000000000000000 ) ) ;
#844 = EDGE_LOOP ( 'NONE', ( #891, #741, #300, #2126 ) ) ;
#845 = ORIENTED_EDGE ( 'NONE', *, *, #2779, .T. ) ;
#846 = EDGE_CURVE ( 'NONE', #2706, #1986, #276, .T. ) ;
#847 = VECTOR ( 'NONE', #3175, 1000.000000000000000 ) ;
#848 = CARTESIAN_POINT ( 'NONE',  ( 1000.000000000000000, 5.000000000000000888, -19.50000000000000355 ) ) ;
#849 = CARTESIAN_POINT ( 'NONE',  ( 39.99999999999999289, 37.00000000000000000, -84.50000000000000000 ) ) ;
#850 = DIRECTION ( 'NONE',  ( -0.000000000000000000, 1.000000000000000000, -0.000000000000000000 ) ) ;
#851 = EDGE_CURVE ( 'NONE', #1701, #82, #801, .T. ) ;
#852 = CARTESIAN_POINT ( 'NONE',  ( 70.00000000000000000, 34.99999999999999289, -12.34957498025365652 ) ) ;
#853 = PLANE ( 'NONE',  #1671 ) ;
#854 = CARTESIAN_POINT ( 'NONE',  ( 0.000000000000000000, -0.000000000000000000, -9.499999999999994671 ) ) ;
#855 = ORIENTED_EDGE ( 'NONE', *, *, #1378, .T. ) ;
#856 = LINE ( 'NONE', #29, #2632 ) ;
#857 = EDGE_CURVE ( 'NONE', #230, #1207, #1298, .T. ) ;
#858 = ORIENTED_EDGE ( 'NONE', *, *, #621, .F. ) ;
#859 = CARTESIAN_POINT ( 'NONE',  ( 107.0000000000000000, 4.999999999999997335, -49.50000000000000000 ) ) ;
#860 = COORDINATED_UNIVERSAL_TIME_OFFSET ( 8, 0, .AHEAD. ) ;
#861 = VERTEX_POINT ( 'NONE', #1551 ) ;
#862 = VECTOR ( 'NONE', #3480, 1000.000000000000000 ) ;
#863 = ORIENTED_EDGE ( 'NONE', *, *, #2109, .F. ) ;
#864 = CARTESIAN_POINT ( 'NONE',  ( -4.284619527316354246E-15, 16.99999999999999645, -12.34957498025364941 ) ) ;
#865 = LINE ( 'NONE', #2169, #2963 ) ;
#866 = LINE ( 'NONE', #1957, #265 ) ;
#867 = VECTOR ( 'NONE', #1728, 1000.000000000000000 ) ;
#868 = DIRECTION ( 'NONE',  ( 0.000000000000000000, 0.000000000000000000, 1.000000000000000000 ) ) ;
#869 = DIRECTION ( 'NONE',  ( 0.000000000000000000, -0.000000000000000000, -1.000000000000000000 ) ) ;
#870 = DIRECTION ( 'NONE',  ( 0.000000000000000000, -1.000000000000000000, 0.000000000000000000 ) ) ;
#871 = ORIENTED_EDGE ( 'NONE', *, *, #2109, .T. ) ;
#872 = EDGE_CURVE ( 'NONE', #397, #3239, #541, .T. ) ;
#873 = CARTESIAN_POINT ( 'NONE',  ( 0.000000000000000000, 5.000000000000000888, -0.000000000000000000 ) ) ;
#874 = ORIENTED_EDGE ( 'NONE', *, *, #1947, .F. ) ;
#875 = LINE ( 'NONE', #3324, #883 ) ;
#876 = EDGE_CURVE ( 'NONE', #945, #2706, #3180, .T. ) ;
#877 = EDGE_CURVE ( 'NONE', #767, #1589, #1570, .T. ) ;
#878 = EDGE_LOOP ( 'NONE', ( #1886, #2833, #241, #2363 ) ) ;
#879 = EDGE_CURVE ( 'NONE', #3075, #2118, #1035, .T. ) ;
#880 = ORIENTED_EDGE ( 'NONE', *, *, #3049, .F. ) ;
#881 = VECTOR ( 'NONE', #76, 1000.000000000000000 ) ;
#882 = LINE ( 'NONE', #270, #120 ) ;
#883 = VECTOR ( 'NONE', #1445, 1000.000000000000000 ) ;
#884 = DIRECTION ( 'NONE',  ( -1.000000000000000000, 0.000000000000000000, -0.000000000000000000 ) ) ;
#885 = DIRECTION ( 'NONE',  ( -1.000000000000000000, -0.000000000000000000, -0.000000000000000000 ) ) ;
#886 = EDGE_LOOP ( 'NONE', ( #2108, #863, #995, #218 ) ) ;
#887 = DIRECTION ( 'NONE',  ( 0.000000000000000000, 0.000000000000000000, 1.000000000000000000 ) ) ;
#888 = DIRECTION ( 'NONE',  ( 0.000000000000000000, 0.000000000000000000, -1.000000000000000000 ) ) ;
#889 = VECTOR ( 'NONE', #2112, 1000.000000000000000 ) ;
#890 = FACE_BOUND ( 'NONE', #1115, .T. ) ;
#891 = ORIENTED_EDGE ( 'NONE', *, *, #3038, .T. ) ;
#892 = FACE_BOUND ( 'NONE', #2048, .T. ) ;
#893 = VECTOR ( 'NONE', #2611, 1000.000000000000000 ) ;
#894 = ORIENTED_EDGE ( 'NONE', *, *, #295, .F. ) ;
#895 = EDGE_CURVE ( 'NONE', #1986, #2477, #506, .T. ) ;
#896 = CARTESIAN_POINT ( 'NONE',  ( 105.0000000000000000, 4.999999999999997335, 0.000000000000000000 ) ) ;
#897 = CARTESIAN_POINT ( 'NONE',  ( 105.0000000000000000, 37.00000000000000000, -44.50000000000000711 ) ) ;
#898 = ADVANCED_FACE ( 'NONE', ( #1588 ), #524, .F. ) ;
#899 = ORIENTED_EDGE ( 'NONE', *, *, #1242, .F. ) ;
#900 = ORIENTED_EDGE ( 'NONE', *, *, #376, .T. ) ;
#901 = LINE ( 'NONE', #2019, #3133 ) ;
#902 = DIRECTION ( 'NONE',  ( 0.000000000000000000, 0.000000000000000000, 1.000000000000000000 ) ) ;
#903 = PLANE ( 'NONE',  #2774 ) ;
#904 = CARTESIAN_POINT ( 'NONE',  ( 75.00000000000001421, 16.99999999999999645, -1.442588987246056586E-14 ) ) ;
#905 = FACE_BOUND ( 'NONE', #1288, .T. ) ;
#906 = ORIENTED_EDGE ( 'NONE', *, *, #1497, .F. ) ;
#907 = FACE_OUTER_BOUND ( 'NONE', #2431, .T. ) ;
#908 = ORIENTED_EDGE ( 'NONE', *, *, #2091, .T. ) ;
#909 = FACE_OUTER_BOUND ( 'NONE', #3389, .T. ) ;
#910 = ORIENTED_EDGE ( 'NONE', *, *, #3298, .F. ) ;
#911 = ORIENTED_EDGE ( 'NONE', *, *, #367, .F. ) ;
#912 = EDGE_CURVE ( 'NONE', #3435, #2032, #1331, .T. ) ;
#913 = VECTOR ( 'NONE', #769, 1000.000000000000000 ) ;
#914 = ORIENTED_EDGE ( 'NONE', *, *, #3363, .F. ) ;
#915 = FACE_OUTER_BOUND ( 'NONE', #2175, .T. ) ;
#916 = DIRECTION ( 'NONE',  ( 0.000000000000000000, 0.000000000000000000, 1.000000000000000000 ) ) ;
#917 = EDGE_CURVE ( 'NONE', #2630, #2018, #2453, .T. ) ;
#918 = CARTESIAN_POINT ( 'NONE',  ( 1000.000000000000000, 32.00000000000000000, -84.50000000000000000 ) ) ;
#919 = DIRECTION ( 'NONE',  ( 1.000000000000000000, -0.000000000000000000, 0.000000000000000000 ) ) ;
#920 = VECTOR ( 'NONE', #1689, 1000.000000000000000 ) ;
#921 = CARTESIAN_POINT ( 'NONE',  ( 30.00000000000000000, 16.99999999999999645, -12.34957498025365652 ) ) ;
#922 = ORIENTED_EDGE ( 'NONE', *, *, #2674, .F. ) ;
#923 = FACE_BOUND ( 'NONE', #2641, .T. ) ;
#924 = VECTOR ( 'NONE', #1866, 1000.000000000000000 ) ;
#925 = ORIENTED_EDGE ( 'NONE', *, *, #773, .T. ) ;
#926 = DIRECTION ( 'NONE',  ( 0.000000000000000000, -1.000000000000000000, 0.000000000000000000 ) ) ;
#927 = AXIS2_PLACEMENT_3D ( 'NONE', #545, #1129, #3288 ) ;
#928 = EDGE_LOOP ( 'NONE', ( #3190, #268, #871, #558 ) ) ;
#929 = VERTEX_POINT ( 'NONE', #2241 ) ;
#930 = ORIENTED_EDGE ( 'NONE', *, *, #742, .F. ) ;
#931 = EDGE_CURVE ( 'NONE', #450, #3144, #93, .T. ) ;
#932 = CARTESIAN_POINT ( 'NONE',  ( -4.284619527316352668E-15, 34.99999999999999289, -12.34957498025364586 ) ) ;
#933 = LINE ( 'NONE', #427, #1169 ) ;
#934 = EDGE_CURVE ( 'NONE', #2261, #2280, #1106, .T. ) ;
#935 = CARTESIAN_POINT ( 'NONE',  ( 106.9999999999999858, 32.00000000000000000, -34.50000000000000000 ) ) ;
#936 = CARTESIAN_POINT ( 'NONE',  ( 105.0000000000000000, 4.999999999999997335, -64.50000000000000000 ) ) ;
#937 = CARTESIAN_POINT ( 'NONE',  ( 0.000000000000000000, 34.99999999999999289, 0.000000000000000000 ) ) ;
#938 = VERTEX_POINT ( 'NONE', #1926 ) ;
#939 = CARTESIAN_POINT ( 'NONE',  ( 30.00000000000000000, 34.99999999999999289, -12.34957498025365652 ) ) ;
#940 = EDGE_CURVE ( 'NONE', #1701, #397, #2980, .T. ) ;
#941 = ORIENTED_EDGE ( 'NONE', *, *, #1415, .T. ) ;
#942 = VECTOR ( 'NONE', #2589, 1000.000000000000000 ) ;
#943 = CARTESIAN_POINT ( 'NONE',  ( 2.000000000000000000, 4.999999999999997335, 0.000000000000000000 ) ) ;
#944 = VECTOR ( 'NONE', #3406, 1000.000000000000000 ) ;
#945 = VERTEX_POINT ( 'NONE', #1158 ) ;
#946 = CARTESIAN_POINT ( 'NONE',  ( 0.000000000000000000, 5.000000000000000888, -59.50000000000000000 ) ) ;
#947 = VERTEX_POINT ( 'NONE', #1692 ) ;
#948 = VERTEX_POINT ( 'NONE', #2505 ) ;
#949 = EDGE_CURVE ( 'NONE', #1560, #501, #1142, .T. ) ;
#950 = APPROVAL ( #15, 'æœª' ) ;
#951 = DIRECTION ( 'NONE',  ( 0.000000000000000000, 0.000000000000000000, 1.000000000000000000 ) ) ;
#952 = FACE_OUTER_BOUND ( 'NONE', #1134, .T. ) ;
#953 = CARTESIAN_POINT ( 'NONE',  ( 106.9999999999999858, 32.00000000000000000, -69.50000000000000000 ) ) ;
#954 = CARTESIAN_POINT ( 'NONE',  ( 30.00000000000000000, 37.00000000000000000, -84.50000000000000000 ) ) ;
#955 = CARTESIAN_POINT ( 'NONE',  ( 104.9999999999999858, 5.000000000000000888, -39.50000000000000000 ) ) ;
#956 = ORIENTED_EDGE ( 'NONE', *, *, #2349, .F. ) ;
#957 = PLANE ( 'NONE',  #2418 ) ;
#958 = EDGE_CURVE ( 'NONE', #19, #1574, #819, .T. ) ;
#959 = VERTEX_POINT ( 'NONE', #560 ) ;
#960 = DIRECTION ( 'NONE',  ( -0.000000000000000000, 1.000000000000000000, -0.000000000000000000 ) ) ;
#961 = VECTOR ( 'NONE', #1954, 1000.000000000000000 ) ;
#962 = VERTEX_POINT ( 'NONE', #3316 ) ;
#963 = VERTEX_POINT ( 'NONE', #836 ) ;
#965 = PLANE ( 'NONE',  #1266 ) ;
#964 = LINE ( 'NONE', #455, #3090 ) ;
#966 = ORIENTED_EDGE ( 'NONE', *, *, #2993, .F. ) ;
#967 = ORIENTED_EDGE ( 'NONE', *, *, #2567, .F. ) ;
#968 = VECTOR ( 'NONE', #2087, 1000.000000000000000 ) ;
#969 = DIRECTION ( 'NONE',  ( 0.000000000000000000, 0.000000000000000000, -1.000000000000000000 ) ) ;
#970 = CARTESIAN_POINT ( 'NONE',  ( 1000.000000000000000, 0.000000000000000000, -24.50000000000000711 ) ) ;
#971 = VECTOR ( 'NONE', #960, 1000.000000000000000 ) ;
#972 = CARTESIAN_POINT ( 'NONE',  ( 1000.000000000000000, 0.000000000000000000, -54.50000000000000711 ) ) ;
#973 = CARTESIAN_POINT ( 'NONE',  ( 49.99999999999999289, 34.99999999999999289, 0.000000000000000000 ) ) ;
#974 = CARTESIAN_POINT ( 'NONE',  ( 104.9999999999999858, 32.00000000000000000, -59.50000000000000000 ) ) ;
#975 = ORIENTED_EDGE ( 'NONE', *, *, #671, .T. ) ;
#976 = ORIENTED_EDGE ( 'NONE', *, *, #58, .T. ) ;
#977 = VECTOR ( 'NONE', #1048, 1000.000000000000000 ) ;
#978 = LINE ( 'NONE', #384, #1773 ) ;
#979 = ORIENTED_EDGE ( 'NONE', *, *, #2635, .T. ) ;
#980 = EDGE_CURVE ( 'NONE', #3434, #2054, #1676, .T. ) ;
#981 = CARTESIAN_POINT ( 'NONE',  ( 107.0000000000000000, 37.00000000000000000, 0.000000000000000000 ) ) ;
#982 = VECTOR ( 'NONE', #1213, 1000.000000000000000 ) ;
#983 = ORIENTED_EDGE ( 'NONE', *, *, #635, .T. ) ;
#984 = EDGE_CURVE ( 'NONE', #3256, #501, #358, .T. ) ;
#986 = CARTESIAN_POINT ( 'NONE',  ( 0.000000000000000000, 37.00000000000000000, -84.50000000000000000 ) ) ;
#985 = CARTESIAN_POINT ( 'NONE',  ( -4.284619527316354246E-15, 16.99999999999999645, -12.34957498025363165 ) ) ;
#987 = EDGE_CURVE ( 'NONE', #3302, #1341, #2765, .T. ) ;
#988 = ORIENTED_EDGE ( 'NONE', *, *, #2875, .F. ) ;
#989 = ORIENTED_EDGE ( 'NONE', *, *, #252, .F. ) ;
#990 = LINE ( 'NONE', #730, #2684 ) ;
#991 = PLANE ( 'NONE',  #440 ) ;
#992 = CARTESIAN_POINT ( 'NONE',  ( 84.99999999999998579, 16.99999999999999645, -84.50000000000000000 ) ) ;
#993 = CARTESIAN_POINT ( 'NONE',  ( 1000.000000000000000, 5.000000000000000888, -24.50000000000000711 ) ) ;
#994 = CARTESIAN_POINT ( 'NONE',  ( 70.00000000000000000, 16.99999999999999645, -84.50000000000000000 ) ) ;
#995 = ORIENTED_EDGE ( 'NONE', *, *, #359, .F. ) ;
#996 = CARTESIAN_POINT ( 'NONE',  ( 0.000000000000000000, -0.000000000000000000, -54.50000000000000711 ) ) ;
#997 = VECTOR ( 'NONE', #3349, 1000.000000000000000 ) ;
#998 = ORIENTED_EDGE ( 'NONE', *, *, #14, .T. ) ;
#999 = FACE_OUTER_BOUND ( 'NONE', #3356, .T. ) ;
#1000 = ADVANCED_FACE ( 'NONE', ( #2733 ), #1644, .T. ) ;
#1001 = ORIENTED_EDGE ( 'NONE', *, *, #675, .T. ) ;
#1003 = DIRECTION ( 'NONE',  ( 0.000000000000000000, 0.000000000000000000, -1.000000000000000000 ) ) ;
#1002 = FACE_BOUND ( 'NONE', #844, .T. ) ;
#1004 = AXIS2_PLACEMENT_3D ( 'NONE', #3268, #293, #788 ) ;
#1005 = ORIENTED_EDGE ( 'NONE', *, *, #917, .T. ) ;
#1006 = ORIENTED_EDGE ( 'NONE', *, *, #2655, .T. ) ;
#1007 = EDGE_CURVE ( 'NONE', #1544, #3239, #1388, .T. ) ;
#1008 = LINE ( 'NONE', #2093, #1100 ) ;
#1009 = LINE ( 'NONE', #744, #2086 ) ;
#1010 = ORIENTED_EDGE ( 'NONE', *, *, #1338, .T. ) ;
#1011 = EDGE_CURVE ( 'NONE', #963, #1093, #2781, .T. ) ;
#1012 = CARTESIAN_POINT ( 'NONE',  ( 2.000000000000000000, 4.999999999999997335, 0.000000000000000000 ) ) ;
#1013 = DIRECTION ( 'NONE',  ( -1.000000000000000000, -0.000000000000000000, -0.000000000000000000 ) ) ;
#1014 = LINE ( 'NONE', #1763, #3327 ) ;
#1015 = ORIENTED_EDGE ( 'NONE', *, *, #1908, .F. ) ;
#1016 = EDGE_CURVE ( 'NONE', #2760, #861, #2172, .T. ) ;
#1017 = VECTOR ( 'NONE', #1077, 1000.000000000000000 ) ;
#1018 = CARTESIAN_POINT ( 'NONE',  ( 107.0000000000000000, 37.00000000000000000, 0.000000000000000000 ) ) ;
#1019 = VERTEX_POINT ( 'NONE', #291 ) ;
#1020 = DIRECTION ( 'NONE',  ( 0.000000000000000000, 0.000000000000000000, 1.000000000000000000 ) ) ;
#1022 = ORIENTED_EDGE ( 'NONE', *, *, #851, .F. ) ;
#1021 = AXIS2_PLACEMENT_3D ( 'NONE', #2830, #1173, #3064 ) ;
#1023 = DIRECTION ( 'NONE',  ( -1.000000000000000000, 0.000000000000000000, -0.000000000000000000 ) ) ;
#1024 = ORIENTED_EDGE ( 'NONE', *, *, #2735, .T. ) ;
#1025 = ORIENTED_EDGE ( 'NONE', *, *, #2761, .F. ) ;
#1026 = CARTESIAN_POINT ( 'NONE',  ( 107.0000000000000000, 37.00000000000000000, -64.50000000000000000 ) ) ;
#1027 = ADVANCED_FACE ( 'NONE', ( #1366 ), #2999, .F. ) ;
#1028 = CARTESIAN_POINT ( 'NONE',  ( 104.9999999999999858, 32.00000000000000000, -49.50000000000000000 ) ) ;
#1029 = ORIENTED_EDGE ( 'NONE', *, *, #2912, .T. ) ;
#1030 = DIRECTION ( 'NONE',  ( -0.000000000000000000, 1.000000000000000000, -0.000000000000000000 ) ) ;
#1031 = FACE_OUTER_BOUND ( 'NONE', #1065, .T. ) ;
#1032 = LINE ( 'NONE', #2435, #2583 ) ;
#1033 = ORIENTED_EDGE ( 'NONE', *, *, #2761, .T. ) ;
#1034 = VECTOR ( 'NONE', #2420, 1000.000000000000000 ) ;
#1035 = LINE ( 'NONE', #3198, #913 ) ;
#1036 = VERTEX_POINT ( 'NONE', #2209 ) ;
#1037 = PLANE ( 'NONE',  #71 ) ;
#1038 = VERTEX_POINT ( 'NONE', #3283 ) ;
#1039 = ORIENTED_EDGE ( 'NONE', *, *, #352, .T. ) ;
#1040 = LINE ( 'NONE', #153, #777 ) ;
#1041 = VECTOR ( 'NONE', #43, 1000.000000000000000 ) ;
#1042 = VERTEX_POINT ( 'NONE', #852 ) ;
#1043 = DIRECTION ( 'NONE',  ( -1.000000000000000000, 0.000000000000000000, -0.000000000000000000 ) ) ;
#1044 = CARTESIAN_POINT ( 'NONE',  ( 104.9999999999999858, 32.00000000000000000, -69.50000000000000000 ) ) ;
#1045 = ORIENTED_EDGE ( 'NONE', *, *, #1259, .F. ) ;
#1046 = EDGE_CURVE ( 'NONE', #170, #1995, #590, .T. ) ;
#1047 = LINE ( 'NONE', #3208, #1705 ) ;
#1048 = DIRECTION ( 'NONE',  ( 0.000000000000000000, 0.000000000000000000, 1.000000000000000000 ) ) ;
#1049 = CARTESIAN_POINT ( 'NONE',  ( 105.0000000000000000, 32.00000000000000000, 0.000000000000000000 ) ) ;
#1050 = ORIENTED_EDGE ( 'NONE', *, *, #2594, .T. ) ;
#1051 = DIRECTION ( 'NONE',  ( 0.000000000000000000, 0.000000000000000000, 1.000000000000000000 ) ) ;
#1052 = CARTESIAN_POINT ( 'NONE',  ( 2.000000000000001776, 32.00000000000000000, -49.50000000000000000 ) ) ;
#1053 = ORIENTED_EDGE ( 'NONE', *, *, #1749, .F. ) ;
#1054 = CARTESIAN_POINT ( 'NONE',  ( 1000.000000000000000, 0.000000000000000000, -29.50000000000000000 ) ) ;
#1055 = ADVANCED_FACE ( 'NONE', ( #2490 ), #2272, .F. ) ;
#1056 = VECTOR ( 'NONE', #674, 1000.000000000000000 ) ;
#1057 = VERTEX_POINT ( 'NONE', #3351 ) ;
#1058 = VECTOR ( 'NONE', #2755, 1000.000000000000000 ) ;
#1059 = MECHANICAL_CONTEXT ( 'NONE', #239, 'mechanical' ) ;
#1060 = EDGE_LOOP ( 'NONE', ( #2100, #1548, #2740, #3169 ) ) ;
#1061 = EDGE_CURVE ( 'NONE', #1574, #2347, #112, .T. ) ;
#1062 = AXIS2_PLACEMENT_3D ( 'NONE', #985, #2070, #3148 ) ;
#1063 = CARTESIAN_POINT ( 'NONE',  ( 2.000000000000001776, 32.00000000000000000, -19.50000000000000355 ) ) ;
#1064 = VECTOR ( 'NONE', #1712, 1000.000000000000000 ) ;
#1065 = EDGE_LOOP ( 'NONE', ( #3375, #1679, #28, #248 ) ) ;
#1066 = CARTESIAN_POINT ( 'NONE',  ( 104.9999999999999858, 32.00000000000000000, -64.50000000000000000 ) ) ;
#1067 = DIRECTION ( 'NONE',  ( -0.000000000000000000, 1.000000000000000000, -0.000000000000000000 ) ) ;
#1068 =( GEOMETRIC_REPRESENTATION_CONTEXT ( 3 ) GLOBAL_UNCERTAINTY_ASSIGNED_CONTEXT ( ( #1799 ) ) GLOBAL_UNIT_ASSIGNED_CONTEXT ( ( #1320, #2197, #1596 ) ) REPRESENTATION_CONTEXT ( 'NONE', 'WORKASPACE' ) );
#1069 = CARTESIAN_POINT ( 'NONE',  ( 1000.000000000000000, 5.000000000000000888, -79.50000000000000000 ) ) ;
#1070 = ORIENTED_EDGE ( 'NONE', *, *, #2264, .F. ) ;
#1071 = EDGE_CURVE ( 'NONE', #3261, #2018, #692, .T. ) ;
#1072 = DIRECTION ( 'NONE',  ( 0.000000000000000000, 0.000000000000000000, -1.000000000000000000 ) ) ;
#1073 = CARTESIAN_POINT ( 'NONE',  ( 106.9999999999999858, 32.00000000000000000, -14.49999999999999822 ) ) ;
#1074 = LINE ( 'NONE', #1875, #2024 ) ;
#1075 = EDGE_LOOP ( 'NONE', ( #3118, #3021, #108, #2456 ) ) ;
#1076 = ADVANCED_FACE ( 'NONE', ( #1238 ), #3097, .F. ) ;
#1077 = DIRECTION ( 'NONE',  ( -1.442588987246056576E-16, 0.000000000000000000, -1.000000000000000000 ) ) ;
#1078 = VERTEX_POINT ( 'NONE', #1220 ) ;
#1079 = CARTESIAN_POINT ( 'NONE',  ( 0.000000000000000000, 0.000000000000000000, 0.000000000000000000 ) ) ;
#1080 = EDGE_CURVE ( 'NONE', #3239, #82, #2537, .T. ) ;
#1081 = EDGE_LOOP ( 'NONE', ( #596, #442, #2784, #2542 ) ) ;
#1082 = VECTOR ( 'NONE', #1327, 1000.000000000000000 ) ;
#1083 = CARTESIAN_POINT ( 'NONE',  ( 107.0000000000000000, 4.999999999999997335, 0.000000000000000000 ) ) ;
#1084 = ORIENTED_EDGE ( 'NONE', *, *, #3258, .F. ) ;
#1085 = LINE ( 'NONE', #1673, #401 ) ;
#1086 = DIRECTION ( 'NONE',  ( 0.000000000000000000, -0.000000000000000000, -1.000000000000000000 ) ) ;
#1087 = DIRECTION ( 'NONE',  ( -1.000000000000000000, -0.000000000000000000, -0.000000000000000000 ) ) ;
#1088 = CARTESIAN_POINT ( 'NONE',  ( 106.9999999999999858, 32.00000000000000000, -19.50000000000000355 ) ) ;
#1089 = CARTESIAN_POINT ( 'NONE',  ( 39.99999999999999289, 16.99999999999999645, 0.000000000000000000 ) ) ;
#1090 = CARTESIAN_POINT ( 'NONE',  ( 1000.000000000000000, 0.000000000000000000, -24.50000000000000711 ) ) ;
#1091 = ORIENTED_EDGE ( 'NONE', *, *, #287, .F. ) ;
#1092 = CARTESIAN_POINT ( 'NONE',  ( 0.000000000000000000, 37.00000000000000000, -84.50000000000000000 ) ) ;
#1093 = VERTEX_POINT ( 'NONE', #953 ) ;
#1094 = ADVANCED_FACE ( 'NONE', ( #2008 ), #3337, .F. ) ;
#1095 = COORDINATED_UNIVERSAL_TIME_OFFSET ( 8, 0, .AHEAD. ) ;
#1096 = ORIENTED_EDGE ( 'NONE', *, *, #872, .T. ) ;
#1097 = VECTOR ( 'NONE', #623, 1000.000000000000000 ) ;
#1098 = DIRECTION ( 'NONE',  ( -1.000000000000000000, -0.000000000000000000, -0.000000000000000000 ) ) ;
#1099 = ORIENTED_EDGE ( 'NONE', *, *, #1726, .F. ) ;
#1100 = VECTOR ( 'NONE', #1829, 1000.000000000000000 ) ;
#1101 = ADVANCED_FACE ( 'NONE', ( #2289, #1779 ), #3386, .F. ) ;
#1102 = CARTESIAN_POINT ( 'NONE',  ( 79.99999999999998579, 37.00000000000000000, -0.000000000000000000 ) ) ;
#1103 = LINE ( 'NONE', #1121, #1612 ) ;
#1104 = CARTESIAN_POINT ( 'NONE',  ( 0.000000000000000000, 32.00000000000000000, -24.50000000000000711 ) ) ;
#1105 = VECTOR ( 'NONE', #3235, 1000.000000000000000 ) ;
#1106 = LINE ( 'NONE', #1976, #2449 ) ;
#1107 = FACE_BOUND ( 'NONE', #148, .T. ) ;
#1108 = CARTESIAN_POINT ( 'NONE',  ( 105.0000000000000000, 4.999999999999997335, -74.50000000000001421 ) ) ;
#1109 = ORIENTED_EDGE ( 'NONE', *, *, #1947, .T. ) ;
#1110 = LINE ( 'NONE', #261, #1105 ) ;
#1111 = PRODUCT_RELATED_PRODUCT_CATEGORY ( 'detail', '', ( #211 ) ) ;
#1112 = ORIENTED_EDGE ( 'NONE', *, *, #402, .F. ) ;
#1113 = CARTESIAN_POINT ( 'NONE',  ( 105.0000000000000000, 37.00000000000000000, -92.50000000000000000 ) ) ;
#1114 = DIRECTION ( 'NONE',  ( 0.000000000000000000, -0.000000000000000000, -1.000000000000000000 ) ) ;
#1115 = EDGE_LOOP ( 'NONE', ( #3457, #3196, #2644, #1447 ) ) ;
#1116 = ADVANCED_FACE ( 'NONE', ( #1523 ), #903, .F. ) ;
#1117 = EDGE_CURVE ( 'NONE', #2474, #962, #2058, .T. ) ;
#1118 = ORIENTED_EDGE ( 'NONE', *, *, #1816, .F. ) ;
#1119 = VECTOR ( 'NONE', #1635, 1000.000000000000000 ) ;
#1120 = DIRECTION ( 'NONE',  ( 1.000000000000000000, 0.000000000000000000, -3.469446951953606300E-16 ) ) ;
#1121 = CARTESIAN_POINT ( 'NONE',  ( 30.00000000000000000, 34.99999999999999289, 0.000000000000000000 ) ) ;
#1122 = DIRECTION ( 'NONE',  ( 0.000000000000000000, -0.000000000000000000, -1.000000000000000000 ) ) ;
#1123 = AXIS2_PLACEMENT_3D ( 'NONE', #3052, #627, #2507 ) ;
#1124 = ADVANCED_FACE ( 'NONE', ( #3081 ), #411, .T. ) ;
#1125 = DIRECTION ( 'NONE',  ( -1.000000000000000000, 0.000000000000000000, -0.000000000000000000 ) ) ;
#1126 = DIRECTION ( 'NONE',  ( -1.000000000000000000, -0.000000000000000000, -0.000000000000000000 ) ) ;
#1127 = CARTESIAN_POINT ( 'NONE',  ( 2.000000000000000000, 32.00000000000000000, -84.50000000000000000 ) ) ;
#1128 = ORIENTED_EDGE ( 'NONE', *, *, #9, .F. ) ;
#1129 = DIRECTION ( 'NONE',  ( 0.000000000000000000, 0.000000000000000000, 1.000000000000000000 ) ) ;
#1130 = ORIENTED_EDGE ( 'NONE', *, *, #559, .T. ) ;
#1131 = DIRECTION ( 'NONE',  ( -0.000000000000000000, -0.000000000000000000, 1.000000000000000000 ) ) ;
#1132 = APPROVAL_ROLE ( '' ) ;
#1133 = VERTEX_POINT ( 'NONE', #1801 ) ;
#1134 = EDGE_LOOP ( 'NONE', ( #2894, #584, #284, #388 ) ) ;
#1135 = VECTOR ( 'NONE', #1347, 1000.000000000000000 ) ;
#1136 = EDGE_CURVE ( 'NONE', #1391, #1536, #1486, .T. ) ;
#1137 = LINE ( 'NONE', #3010, #569 ) ;
#1138 = PLANE ( 'NONE',  #1897 ) ;
#1139 = DIRECTION ( 'NONE',  ( 0.000000000000000000, 0.000000000000000000, 1.000000000000000000 ) ) ;
#1140 = ORIENTED_EDGE ( 'NONE', *, *, #2409, .F. ) ;
#1141 = ADVANCED_FACE ( 'NONE', ( #658 ), #640, .F. ) ;
#1142 = LINE ( 'NONE', #3266, #3350 ) ;
#1143 = PLANE ( 'NONE',  #3248 ) ;
#1144 = PLANE ( 'NONE',  #105 ) ;
#1145 = ORIENTED_EDGE ( 'NONE', *, *, #246, .F. ) ;
#1146 = FACE_OUTER_BOUND ( 'NONE', #1472, .T. ) ;
#1147 = ORIENTED_EDGE ( 'NONE', *, *, #1080, .F. ) ;
#1148 = CARTESIAN_POINT ( 'NONE',  ( 79.99999999999998579, 37.00000000000000000, -84.50000000000000000 ) ) ;
#1149 = VERTEX_POINT ( 'NONE', #1992 ) ;
#1150 = VECTOR ( 'NONE', #3022, 1000.000000000000000 ) ;
#1151 = VERTEX_POINT ( 'NONE', #1727 ) ;
#1152 = AXIS2_PLACEMENT_3D ( 'NONE', #2469, #831, #271 ) ;
#1153 = DIRECTION ( 'NONE',  ( 0.000000000000000000, 0.000000000000000000, -1.000000000000000000 ) ) ;
#1154 = DIRECTION ( 'NONE',  ( 0.000000000000000000, -1.000000000000000000, 0.000000000000000000 ) ) ;
#1155 = DIRECTION ( 'NONE',  ( 0.000000000000000000, -1.000000000000000000, 0.000000000000000000 ) ) ;
#1156 = VECTOR ( 'NONE', #1419, 1000.000000000000000 ) ;
#1157 = EDGE_CURVE ( 'NONE', #3443, #1381, #2798, .T. ) ;
#1158 = CARTESIAN_POINT ( 'NONE',  ( 107.0000000000000000, 32.00000000000000000, -84.50000000000000000 ) ) ;
#1159 = FACE_BOUND ( 'NONE', #494, .T. ) ;
#1160 = FACE_BOUND ( 'NONE', #2439, .T. ) ;
#1161 = ORIENTED_EDGE ( 'NONE', *, *, #231, .F. ) ;
#1162 = VECTOR ( 'NONE', #419, 1000.000000000000000 ) ;
#1163 = DIRECTION ( 'NONE',  ( -1.000000000000000000, -0.000000000000000000, -0.000000000000000000 ) ) ;
#1164 = ORIENTED_EDGE ( 'NONE', *, *, #335, .T. ) ;
#1165 = CARTESIAN_POINT ( 'NONE',  ( 1000.000000000000000, 32.00000000000000000, -29.50000000000000000 ) ) ;
#1166 = LINE ( 'NONE', #152, #1323 ) ;
#1167 = EDGE_CURVE ( 'NONE', #1093, #3365, #129, .T. ) ;
#1168 = ORIENTED_EDGE ( 'NONE', *, *, #3218, .T. ) ;
#1169 = VECTOR ( 'NONE', #1202, 1000.000000000000000 ) ;
#1170 = VECTOR ( 'NONE', #1374, 1000.000000000000000 ) ;
#1171 = CARTESIAN_POINT ( 'NONE',  ( 39.99999999999999289, 37.00000000000000000, -12.34957498025365652 ) ) ;
#1172 = CARTESIAN_POINT ( 'NONE',  ( 1000.000000000000000, 0.000000000000000000, -14.49999999999999822 ) ) ;
#1173 = DIRECTION ( 'NONE',  ( 0.000000000000000000, 0.000000000000000000, -1.000000000000000000 ) ) ;
#1174 = VECTOR ( 'NONE', #2717, 1000.000000000000000 ) ;
#1175 = CARTESIAN_POINT ( 'NONE',  ( 2.000000000000000000, 37.00000000000000000, 0.000000000000000000 ) ) ;
#1176 = CARTESIAN_POINT ( 'NONE',  ( 0.000000000000000000, 37.00000000000000000, -84.50000000000000000 ) ) ;
#1177 = VERTEX_POINT ( 'NONE', #935 ) ;
#1178 = PLANE ( 'NONE',  #2586 ) ;
#1179 = VECTOR ( 'NONE', #339, 1000.000000000000000 ) ;
#1180 = VERTEX_POINT ( 'NONE', #2023 ) ;
#1181 = CARTESIAN_POINT ( 'NONE',  ( 107.0000000000000000, 32.00000000000000000, 0.000000000000000000 ) ) ;
#1182 = EDGE_CURVE ( 'NONE', #2549, #2477, #232, .T. ) ;
#1183 = SHAPE_DEFINITION_REPRESENTATION ( #498, #2553 ) ;
#1184 = CARTESIAN_POINT ( 'NONE',  ( 85.00000000000000000, 34.99999999999999289, -12.34957498025365830 ) ) ;
#1185 = VERTEX_POINT ( 'NONE', #538 ) ;
#1186 = ORIENTED_EDGE ( 'NONE', *, *, #2460, .F. ) ;
#1187 = CARTESIAN_POINT ( 'NONE',  ( 107.0000000000000000, 37.00000000000000000, -29.50000000000000000 ) ) ;
#1188 = LINE ( 'NONE', #2764, #1179 ) ;
#1189 = DIRECTION ( 'NONE',  ( 1.923451982994741773E-16, 0.000000000000000000, 1.000000000000000000 ) ) ;
#1190 = DIRECTION ( 'NONE',  ( 0.000000000000000000, -0.000000000000000000, -1.000000000000000000 ) ) ;
#1191 = CARTESIAN_POINT ( 'NONE',  ( 0.000000000000000000, 32.00000000000000000, -29.50000000000000000 ) ) ;
#1192 = ORIENTED_EDGE ( 'NONE', *, *, #1883, .T. ) ;
#1193 = CARTESIAN_POINT ( 'NONE',  ( 107.0000000000000000, 37.00000000000000000, -9.499999999999994671 ) ) ;
#1194 = ORIENTED_EDGE ( 'NONE', *, *, #222, .T. ) ;
#1195 = LINE ( 'NONE', #151, #583 ) ;
#1196 = LINE ( 'NONE', #2158, #3448 ) ;
#1197 = EDGE_CURVE ( 'NONE', #1260, #2474, #3193, .T. ) ;
#1198 = ORIENTED_EDGE ( 'NONE', *, *, #472, .F. ) ;
#1199 = VECTOR ( 'NONE', #2278, 1000.000000000000000 ) ;
#1200 = EDGE_LOOP ( 'NONE', ( #2728, #1879, #1272, #3333 ) ) ;
#1201 = CARTESIAN_POINT ( 'NONE',  ( -4.284619527316340835E-15, 16.99999999999999645, -12.34957498025362810 ) ) ;
#1202 = DIRECTION ( 'NONE',  ( -1.000000000000000000, -0.000000000000000000, -0.000000000000000000 ) ) ;
#1203 = CARTESIAN_POINT ( 'NONE',  ( 1000.000000000000000, 32.00000000000000000, -69.50000000000000000 ) ) ;
#1204 = DIRECTION ( 'NONE',  ( -1.000000000000000000, 0.000000000000000000, 1.923451982994741773E-16 ) ) ;
#1205 = VECTOR ( 'NONE', #1295, 1000.000000000000000 ) ;
#1206 = LINE ( 'NONE', #2800, #780 ) ;
#1207 = VERTEX_POINT ( 'NONE', #3490 ) ;
#1208 = PLANE ( 'NONE',  #1991 ) ;
#1209 = ORIENTED_EDGE ( 'NONE', *, *, #2978, .T. ) ;
#1210 = PLANE ( 'NONE',  #468 ) ;
#1211 = ADVANCED_FACE ( 'NONE', ( #1888 ), #1276, .T. ) ;
#1212 = ORIENTED_EDGE ( 'NONE', *, *, #1925, .F. ) ;
#1213 = DIRECTION ( 'NONE',  ( 0.000000000000000000, 0.000000000000000000, 1.000000000000000000 ) ) ;
#1214 = ADVANCED_FACE ( 'NONE', ( #1621 ), #3423, .T. ) ;
#1215 = EDGE_LOOP ( 'NONE', ( #2856, #196, #3151, #123 ) ) ;
#1216 = ORIENTED_EDGE ( 'NONE', *, *, #987, .T. ) ;
#1217 = DIRECTION ( 'NONE',  ( 0.000000000000000000, -1.000000000000000000, 0.000000000000000000 ) ) ;
#1218 = EDGE_CURVE ( 'NONE', #132, #771, #179, .T. ) ;
#1219 = CARTESIAN_POINT ( 'NONE',  ( 0.000000000000000000, 2.000000000000000000, 0.000000000000000000 ) ) ;
#1220 = CARTESIAN_POINT ( 'NONE',  ( 2.000000000000000000, 34.99999999999999289, 0.000000000000000000 ) ) ;
#1221 = FACE_OUTER_BOUND ( 'NONE', #728, .T. ) ;
#1222 = EDGE_CURVE ( 'NONE', #1149, #1953, #1309, .T. ) ;
#1223 = CARTESIAN_POINT ( 'NONE',  ( 0.000000000000000000, -0.000000000000000000, -84.50000000000000000 ) ) ;
#1224 = VERTEX_POINT ( 'NONE', #3158 ) ;
#1225 = LINE ( 'NONE', #2558, #393 ) ;
#1226 = ORIENTED_EDGE ( 'NONE', *, *, #2845, .F. ) ;
#1227 = AXIS2_PLACEMENT_3D ( 'NONE', #2917, #739, #172 ) ;
#1228 = LINE ( 'NONE', #185, #2561 ) ;
#1229 = VECTOR ( 'NONE', #2138, 1000.000000000000000 ) ;
#1230 = DIRECTION ( 'NONE',  ( 1.442588987246056576E-16, 0.000000000000000000, 1.000000000000000000 ) ) ;
#1232 = LINE ( 'NONE', #705, #1691 ) ;
#1231 = CARTESIAN_POINT ( 'NONE',  ( 65.00000000000000000, 16.99999999999999645, 0.000000000000000000 ) ) ;
#1233 = ORIENTED_EDGE ( 'NONE', *, *, #376, .F. ) ;
#1234 = ORIENTED_EDGE ( 'NONE', *, *, #2696, .T. ) ;
#1235 = DIRECTION ( 'NONE',  ( -1.000000000000000000, -0.000000000000000000, -0.000000000000000000 ) ) ;
#1236 = CARTESIAN_POINT ( 'NONE',  ( 1000.000000000000000, 0.000000000000000000, -9.499999999999994671 ) ) ;
#1237 = ADVANCED_FACE ( 'NONE', ( #502, #2923, #2396, #2342, #782, #732, #1869, #2888, #1583 ), #2645, .F. ) ;
#1238 = FACE_OUTER_BOUND ( 'NONE', #2987, .T. ) ;
#1239 = CARTESIAN_POINT ( 'NONE',  ( 1000.000000000000000, 32.00000000000000000, -64.50000000000000000 ) ) ;
#1240 = CARTESIAN_POINT ( 'NONE',  ( 105.0000000000000000, 37.00000000000000000, -69.50000000000000000 ) ) ;
#1241 = EDGE_LOOP ( 'NONE', ( #2447, #473, #1319, #2329 ) ) ;
#1242 = EDGE_CURVE ( 'NONE', #1649, #1948, #1047, .T. ) ;
#1243 = EDGE_LOOP ( 'NONE', ( #3507, #2063, #2467, #1652 ) ) ;
#1244 = LINE ( 'NONE', #3087, #410 ) ;
#1245 = AXIS2_PLACEMENT_3D ( 'NONE', #377, #2591, #1452 ) ;
#1246 = DIRECTION ( 'NONE',  ( 0.000000000000000000, 0.000000000000000000, -1.000000000000000000 ) ) ;
#1247 = ORIENTED_EDGE ( 'NONE', *, *, #2119, .F. ) ;
#1249 = CARTESIAN_POINT ( 'NONE',  ( 0.000000000000000000, 5.000000000000000888, -0.000000000000000000 ) ) ;
#1248 = DIRECTION ( 'NONE',  ( 3.469446951953606300E-16, 0.000000000000000000, 1.000000000000000000 ) ) ;
#1250 = VERTEX_POINT ( 'NONE', #197 ) ;
#1251 = ORIENTED_EDGE ( 'NONE', *, *, #2982, .F. ) ;
#1252 = CARTESIAN_POINT ( 'NONE',  ( 24.99999999999999645, 37.00000000000000000, -84.50000000000000000 ) ) ;
#1253 = DIRECTION ( 'NONE',  ( 0.000000000000000000, -0.000000000000000000, -1.000000000000000000 ) ) ;
#1254 = ADVANCED_FACE ( 'NONE', ( #3440 ), #2943, .F. ) ;
#1255 = DIRECTION ( 'NONE',  ( 0.000000000000000000, -1.000000000000000000, 0.000000000000000000 ) ) ;
#1256 = DIRECTION ( 'NONE',  ( 0.000000000000000000, 0.000000000000000000, -1.000000000000000000 ) ) ;
#1257 = CARTESIAN_POINT ( 'NONE',  ( 104.9999999999999858, 32.00000000000000000, -74.50000000000001421 ) ) ;
#1258 = VERTEX_POINT ( 'NONE', #1066 ) ;
#1259 = EDGE_CURVE ( 'NONE', #1920, #260, #1834, .T. ) ;
#1260 = VERTEX_POINT ( 'NONE', #250 ) ;
#1261 = VECTOR ( 'NONE', #180, 1000.000000000000000 ) ;
#1262 = DIRECTION ( 'NONE',  ( 0.000000000000000000, 0.000000000000000000, -1.000000000000000000 ) ) ;
#1263 = ORIENTED_EDGE ( 'NONE', *, *, #598, .F. ) ;
#1264 = EDGE_CURVE ( 'NONE', #1832, #2826, #2097, .T. ) ;
#1265 = FACE_OUTER_BOUND ( 'NONE', #532, .T. ) ;
#1266 = AXIS2_PLACEMENT_3D ( 'NONE', #189, #787, #2336 ) ;
#1267 = ORIENTED_EDGE ( 'NONE', *, *, #2578, .T. ) ;
#1269 = DIRECTION ( 'NONE',  ( 0.000000000000000000, 0.000000000000000000, 1.000000000000000000 ) ) ;
#1268 = FACE_OUTER_BOUND ( 'NONE', #1297, .T. ) ;
#1270 = EDGE_CURVE ( 'NONE', #1589, #546, #798, .T. ) ;
#1271 = ORIENTED_EDGE ( 'NONE', *, *, #2500, .F. ) ;
#1272 = ORIENTED_EDGE ( 'NONE', *, *, #2282, .T. ) ;
#1273 = CARTESIAN_POINT ( 'NONE',  ( 0.000000000000000000, 5.000000000000000888, -0.000000000000000000 ) ) ;
#1274 = CARTESIAN_POINT ( 'NONE',  ( 0.000000000000000000, -0.000000000000000000, -14.49999999999999822 ) ) ;
#1275 = ORIENTED_EDGE ( 'NONE', *, *, #3177, .F. ) ;
#1276 = PLANE ( 'NONE',  #2548 ) ;
#1277 = CARTESIAN_POINT ( 'NONE',  ( 65.00000000000000000, 34.99999999999999289, -12.34957498025365830 ) ) ;
#1278 = LINE ( 'NONE', #1296, #2808 ) ;
#1279 = ORIENTED_EDGE ( 'NONE', *, *, #3408, .T. ) ;
#1280 = CARTESIAN_POINT ( 'NONE',  ( 2.000000000000000000, 37.00000000000000000, -54.50000000000000711 ) ) ;
#1281 = ORIENTED_EDGE ( 'NONE', *, *, #2791, .T. ) ;
#1282 = PLANE ( 'NONE',  #2167 ) ;
#1283 = CC_DESIGN_APPROVAL ( #950, ( #3315 ) ) ;
#1284 = ORIENTED_EDGE ( 'NONE', *, *, #302, .F. ) ;
#1285 = EDGE_CURVE ( 'NONE', #2794, #938, #747, .T. ) ;
#1286 = CARTESIAN_POINT ( 'NONE',  ( 19.99999999999999645, 34.99999999999999289, -12.34957498025365652 ) ) ;
#1287 = VECTOR ( 'NONE', #1911, 1000.000000000000000 ) ;
#1288 = EDGE_LOOP ( 'NONE', ( #321, #1334, #2946, #1024 ) ) ;
#1289 = ORIENTED_EDGE ( 'NONE', *, *, #1738, .F. ) ;
#1290 = EDGE_CURVE ( 'NONE', #52, #150, #2380, .T. ) ;
#1291 = LINE ( 'NONE', #3188, #2964 ) ;
#1292 = DIRECTION ( 'NONE',  ( 0.000000000000000000, 0.000000000000000000, -1.000000000000000000 ) ) ;
#1293 = EDGE_LOOP ( 'NONE', ( #1474, #315, #3132, #2346 ) ) ;
#1294 = DIRECTION ( 'NONE',  ( 0.000000000000000000, 0.000000000000000000, 1.000000000000000000 ) ) ;
#1295 = DIRECTION ( 'NONE',  ( 0.000000000000000000, 0.000000000000000000, -1.000000000000000000 ) ) ;
#1296 = CARTESIAN_POINT ( 'NONE',  ( 0.000000000000000000, 37.00000000000000000, -94.50000000000000000 ) ) ;
#1297 = EDGE_LOOP ( 'NONE', ( #2529, #1794, #2579, #3418 ) ) ;
#1298 = LINE ( 'NONE', #2965, #1665 ) ;
#1299 = CARTESIAN_POINT ( 'NONE',  ( 1000.000000000000000, 0.000000000000000000, -9.499999999999994671 ) ) ;
#1301 = VERTEX_POINT ( 'NONE', #3312 ) ;
#1300 = AXIS2_PLACEMENT_3D ( 'NONE', #864, #1688, #1120 ) ;
#1302 = CARTESIAN_POINT ( 'NONE',  ( 1000.000000000000000, 32.00000000000000000, -39.50000000000000000 ) ) ;
#1303 = ORIENTED_EDGE ( 'NONE', *, *, #3345, .T. ) ;
#1304 = EDGE_CURVE ( 'NONE', #2145, #2819, #20, .T. ) ;
#1305 = LINE ( 'NONE', #2391, #537 ) ;
#1306 = LINE ( 'NONE', #1083, #2021 ) ;
#1307 = EDGE_CURVE ( 'NONE', #1038, #1078, #882, .T. ) ;
#1308 = VERTEX_POINT ( 'NONE', #2746 ) ;
#1309 = LINE ( 'NONE', #1818, #2607 ) ;
#1310 = LINE ( 'NONE', #216, #1205 ) ;
#1311 = FACE_OUTER_BOUND ( 'NONE', #3106, .T. ) ;
#1312 = ORIENTED_EDGE ( 'NONE', *, *, #1222, .F. ) ;
#1313 = ADVANCED_FACE ( 'NONE', ( #3027 ), #3046, .F. ) ;
#1314 = AXIS2_PLACEMENT_3D ( 'NONE', #1964, #50, #2196 ) ;
#1315 = DIRECTION ( 'NONE',  ( 0.000000000000000000, 0.000000000000000000, 1.000000000000000000 ) ) ;
#1316 = CARTESIAN_POINT ( 'NONE',  ( 105.0000000000000000, 37.00000000000000000, -24.50000000000000711 ) ) ;
#1317 = VERTEX_POINT ( 'NONE', #2762 ) ;
#1318 = PLANE ( 'NONE',  #3119 ) ;
#1319 = ORIENTED_EDGE ( 'NONE', *, *, #3278, .F. ) ;
#1320 =( LENGTH_UNIT ( ) NAMED_UNIT ( * ) SI_UNIT ( .MILLI., .METRE. ) );
#1321 = VECTOR ( 'NONE', #2889, 1000.000000000000000 ) ;
#1322 = ORIENTED_EDGE ( 'NONE', *, *, #1290, .T. ) ;
#1323 = VECTOR ( 'NONE', #1983, 1000.000000000000000 ) ;
#1324 = LINE ( 'NONE', #2676, #1861 ) ;
#1325 = ORIENTED_EDGE ( 'NONE', *, *, #2245, .F. ) ;
#1326 = EDGE_CURVE ( 'NONE', #829, #2773, #3279, .T. ) ;
#1327 = DIRECTION ( 'NONE',  ( 0.000000000000000000, -1.000000000000000000, 0.000000000000000000 ) ) ;
#1328 = PLANE ( 'NONE',  #3305 ) ;
#1329 = PLANE ( 'NONE',  #725 ) ;
#1330 = EDGE_LOOP ( 'NONE', ( #2092, #3468, #1209, #1001 ) ) ;
#1331 = LINE ( 'NONE', #341, #2675 ) ;
#1332 = DIRECTION ( 'NONE',  ( -1.000000000000000000, 0.000000000000000000, 3.469446951953601863E-16 ) ) ;
#1333 = PLANE ( 'NONE',  #3496 ) ;
#1334 = ORIENTED_EDGE ( 'NONE', *, *, #877, .F. ) ;
#1335 = CARTESIAN_POINT ( 'NONE',  ( 0.000000000000000000, 32.00000000000000000, -19.50000000000000355 ) ) ;
#1336 = AXIS2_PLACEMENT_3D ( 'NONE', #392, #1155, #1122 ) ;
#1337 = VERTEX_POINT ( 'NONE', #2221 ) ;
#1338 = EDGE_CURVE ( 'NONE', #115, #1207, #2203, .T. ) ;
#1339 = VECTOR ( 'NONE', #2293, 1000.000000000000000 ) ;
#1340 = PERSON_AND_ORGANIZATION ( #3099, #3276 ) ;
#1341 = VERTEX_POINT ( 'NONE', #73 ) ;
#1342 = VECTOR ( 'NONE', #1547, 1000.000000000000000 ) ;
#1343 = VECTOR ( 'NONE', #480, 1000.000000000000000 ) ;
#1344 = DIRECTION ( 'NONE',  ( 0.000000000000000000, -1.000000000000000000, 0.000000000000000000 ) ) ;
#1345 = VECTOR ( 'NONE', #1894, 1000.000000000000000 ) ;
#1346 = ORIENTED_EDGE ( 'NONE', *, *, #1842, .F. ) ;
#1347 = DIRECTION ( 'NONE',  ( 0.000000000000000000, 0.000000000000000000, 1.000000000000000000 ) ) ;
#1348 = FACE_OUTER_BOUND ( 'NONE', #294, .T. ) ;
#1349 = DIRECTION ( 'NONE',  ( 0.000000000000000000, 0.000000000000000000, 1.000000000000000000 ) ) ;
#1350 = EDGE_CURVE ( 'NONE', #1667, #2695, #603, .T. ) ;
#1351 = CARTESIAN_POINT ( 'NONE',  ( 49.99999999999999289, 37.00000000000000000, -84.50000000000000000 ) ) ;
#1352 = LINE ( 'NONE', #575, #758 ) ;
#1353 = LINE ( 'NONE', #3252, #2533 ) ;
#1354 = ORIENTED_EDGE ( 'NONE', *, *, #2817, .F. ) ;
#1355 = CARTESIAN_POINT ( 'NONE',  ( 1000.000000000000000, 0.000000000000000000, -59.50000000000000000 ) ) ;
#1356 = EDGE_CURVE ( 'NONE', #1920, #1912, #1137, .T. ) ;
#1357 = EDGE_LOOP ( 'NONE', ( #36, #3308, #2576, #804 ) ) ;
#1358 = PERSON_AND_ORGANIZATION_ROLE ( 'classification_officer' ) ;
#1359 = ORIENTED_EDGE ( 'NONE', *, *, #2939, .F. ) ;
#1360 = LINE ( 'NONE', #3243, #665 ) ;
#1361 = ORIENTED_EDGE ( 'NONE', *, *, #9, .T. ) ;
#1362 = CARTESIAN_POINT ( 'NONE',  ( 0.000000000000000000, -0.000000000000000000, -39.50000000000000000 ) ) ;
#1363 = DIRECTION ( 'NONE',  ( 0.000000000000000000, 0.000000000000000000, -1.000000000000000000 ) ) ;
#1364 = PLANE ( 'NONE',  #667 ) ;
#1365 = ORIENTED_EDGE ( 'NONE', *, *, #3467, .F. ) ;
#1366 = FACE_OUTER_BOUND ( 'NONE', #797, .T. ) ;
#1367 = FACE_BOUND ( 'NONE', #187, .T. ) ;
#1368 = EDGE_CURVE ( 'NONE', #1133, #755, #1905, .T. ) ;
#1369 = DIRECTION ( 'NONE',  ( 0.000000000000000000, -1.000000000000000000, 0.000000000000000000 ) ) ;
#1370 = ORIENTED_EDGE ( 'NONE', *, *, #581, .F. ) ;
#1371 = VECTOR ( 'NONE', #786, 1000.000000000000000 ) ;
#1372 = PLANE ( 'NONE',  #3076 ) ;
#1373 = ORIENTED_EDGE ( 'NONE', *, *, #2114, .F. ) ;
#1374 = DIRECTION ( 'NONE',  ( -1.000000000000000000, -0.000000000000000000, -0.000000000000000000 ) ) ;
#1375 = EDGE_CURVE ( 'NONE', #1544, #1696, #1085, .T. ) ;
#1376 = PERSON_AND_ORGANIZATION_ROLE ( 'creator' ) ;
#1377 = ORIENTED_EDGE ( 'NONE', *, *, #3154, .F. ) ;
#1378 = EDGE_CURVE ( 'NONE', #3443, #204, #2168, .T. ) ;
#1379 = AXIS2_PLACEMENT_3D ( 'NONE', #2814, #2831, #1487 ) ;
#1380 = FACE_BOUND ( 'NONE', #495, .T. ) ;
#1381 = VERTEX_POINT ( 'NONE', #2715 ) ;
#1382 = VECTOR ( 'NONE', #2239, 1000.000000000000000 ) ;
#1383 = DIRECTION ( 'NONE',  ( 0.000000000000000000, 0.000000000000000000, -1.000000000000000000 ) ) ;
#1384 = EDGE_CURVE ( 'NONE', #1696, #82, #1418, .T. ) ;
#1385 = DIRECTION ( 'NONE',  ( 0.000000000000000000, -1.000000000000000000, 0.000000000000000000 ) ) ;
#1386 = LINE ( 'NONE', #3477, #2256 ) ;
#1387 = VECTOR ( 'NONE', #2805, 1000.000000000000000 ) ;
#1388 = LINE ( 'NONE', #2471, #516 ) ;
#1389 = CARTESIAN_POINT ( 'NONE',  ( 0.000000000000000000, 37.00000000000000000, 0.000000000000000000 ) ) ;
#1390 = CARTESIAN_POINT ( 'NONE',  ( -4.284619527316354246E-15, 37.00000000000000000, -12.34957498025364941 ) ) ;
#1391 = VERTEX_POINT ( 'NONE', #322 ) ;
#1392 = DIRECTION ( 'NONE',  ( 1.000000000000000000, 0.000000000000000000, 0.000000000000000000 ) ) ;
#1393 = ORIENTED_EDGE ( 'NONE', *, *, #490, .F. ) ;
#1394 = CARTESIAN_POINT ( 'NONE',  ( 55.00000000000000711, 37.00000000000000000, -12.34957498025365830 ) ) ;
#1395 = DATE_AND_TIME ( #2710, #2657 ) ;
#1396 = EDGE_LOOP ( 'NONE', ( #760, #2152, #722, #735 ) ) ;
#1397 = ADVANCED_FACE ( 'NONE', ( #2501 ), #56, .F. ) ;
#1398 = ORIENTED_EDGE ( 'NONE', *, *, #2821, .F. ) ;
#1399 = EDGE_CURVE ( 'NONE', #1953, #1564, #2697, .T. ) ;
#1400 = EDGE_CURVE ( 'NONE', #565, #1904, #2448, .T. ) ;
#1401 = VECTOR ( 'NONE', #1600, 1000.000000000000000 ) ;
#1402 = CARTESIAN_POINT ( 'NONE',  ( 105.0000000000000000, 37.00000000000000000, -39.50000000000000000 ) ) ;
#1403 = DIRECTION ( 'NONE',  ( -1.000000000000000000, 0.000000000000000000, -0.000000000000000000 ) ) ;
#1404 = CARTESIAN_POINT ( 'NONE',  ( 107.0000000000000000, 32.00000000000000000, 0.000000000000000000 ) ) ;
#1405 = VECTOR ( 'NONE', #2665, 1000.000000000000000 ) ;
#1406 = VERTEX_POINT ( 'NONE', #2433 ) ;
#1407 = DIRECTION ( 'NONE',  ( 0.000000000000000000, 0.000000000000000000, 1.000000000000000000 ) ) ;
#1408 = DIRECTION ( 'NONE',  ( -1.000000000000000000, 0.000000000000000000, 1.923451982994741773E-16 ) ) ;
#1409 = CARTESIAN_POINT ( 'NONE',  ( 0.000000000000000000, 34.99999999999999289, -84.50000000000000000 ) ) ;
#1410 = EDGE_LOOP ( 'NONE', ( #1459, #3187, #845, #966 ) ) ;
#1411 = LINE ( 'NONE', #2457, #2183 ) ;
#1412 = ORIENTED_EDGE ( 'NONE', *, *, #1842, .T. ) ;
#1413 = CARTESIAN_POINT ( 'NONE',  ( 0.000000000000000000, 5.000000000000000888, -0.000000000000000000 ) ) ;
#1414 = ORIENTED_EDGE ( 'NONE', *, *, #2369, .T. ) ;
#1415 = EDGE_CURVE ( 'NONE', #3409, #3257, #3, .T. ) ;
#1416 = ORIENTED_EDGE ( 'NONE', *, *, #425, .F. ) ;
#1417 = VECTOR ( 'NONE', #1505, 1000.000000000000000 ) ;
#1418 = LINE ( 'NONE', #622, #227 ) ;
#1419 = DIRECTION ( 'NONE',  ( -1.000000000000000000, -0.000000000000000000, -0.000000000000000000 ) ) ;
#1420 = CARTESIAN_POINT ( 'NONE',  ( 2.000000000000000000, 37.00000000000000000, -29.50000000000000000 ) ) ;
#1421 = DIRECTION ( 'NONE',  ( 0.000000000000000000, 0.000000000000000000, 1.000000000000000000 ) ) ;
#1422 = CARTESIAN_POINT ( 'NONE',  ( 106.9999999999999858, 32.00000000000000000, -59.50000000000000000 ) ) ;
#1423 = CARTESIAN_POINT ( 'NONE',  ( 0.000000000000000000, 16.99999999999999645, -84.50000000000000000 ) ) ;
#1424 = ORIENTED_EDGE ( 'NONE', *, *, #226, .T. ) ;
#1425 = CARTESIAN_POINT ( 'NONE',  ( 1000.000000000000000, 0.000000000000000000, -39.50000000000000000 ) ) ;
#1426 = VERTEX_POINT ( 'NONE', #3262 ) ;
#1427 = CARTESIAN_POINT ( 'NONE',  ( 1000.000000000000000, 5.000000000000000888, -74.50000000000001421 ) ) ;
#1428 = AXIS2_PLACEMENT_3D ( 'NONE', #1054, #772, #2599 ) ;
#1429 = ADVANCED_FACE ( 'NONE', ( #830 ), #570, .F. ) ;
#1430 = ORIENTED_EDGE ( 'NONE', *, *, #827, .F. ) ;
#1431 = VECTOR ( 'NONE', #2136, 1000.000000000000000 ) ;
#1432 = ORIENTED_EDGE ( 'NONE', *, *, #1304, .T. ) ;
#1433 = VECTOR ( 'NONE', #3176, 1000.000000000000000 ) ;
#1434 = CARTESIAN_POINT ( 'NONE',  ( 105.0000000000000000, 37.00000000000000000, -49.50000000000000000 ) ) ;
#1435 = LINE ( 'NONE', #338, #1382 ) ;
#1436 = CARTESIAN_POINT ( 'NONE',  ( 2.000000000000001776, 32.00000000000000000, -54.50000000000000711 ) ) ;
#1437 = VECTOR ( 'NONE', #761, 1000.000000000000000 ) ;
#1438 = EDGE_CURVE ( 'NONE', #3360, #2296, #38, .T. ) ;
#1439 = DIRECTION ( 'NONE',  ( 0.000000000000000000, 0.000000000000000000, 1.000000000000000000 ) ) ;
#1440 = FACE_BOUND ( 'NONE', #3244, .T. ) ;
#1441 = CARTESIAN_POINT ( 'NONE',  ( 105.0000000000000000, 2.000000000000000000, 0.000000000000000000 ) ) ;
#1442 = VERTEX_POINT ( 'NONE', #2518 ) ;
#1443 = LINE ( 'NONE', #83, #551 ) ;
#1444 = ORIENTED_EDGE ( 'NONE', *, *, #2744, .F. ) ;
#1445 = DIRECTION ( 'NONE',  ( -1.000000000000000000, -0.000000000000000000, -0.000000000000000000 ) ) ;
#1446 = ORIENTED_EDGE ( 'NONE', *, *, #2897, .F. ) ;
#1447 = ORIENTED_EDGE ( 'NONE', *, *, #1080, .T. ) ;
#1448 = ORIENTED_EDGE ( 'NONE', *, *, #940, .T. ) ;
#1449 = EDGE_CURVE ( 'NONE', #3104, #255, #1706, .T. ) ;
#1450 = FACE_OUTER_BOUND ( 'NONE', #3006, .T. ) ;
#1451 = LINE ( 'NONE', #375, #2711 ) ;
#1452 = DIRECTION ( 'NONE',  ( 0.000000000000000000, 0.000000000000000000, 1.000000000000000000 ) ) ;
#1453 = VECTOR ( 'NONE', #2705, 1000.000000000000000 ) ;
#1454 = FACE_BOUND ( 'NONE', #2690, .T. ) ;
#1455 = PLANE ( 'NONE',  #1123 ) ;
#1456 = ORIENTED_EDGE ( 'NONE', *, *, #680, .T. ) ;
#1457 = EDGE_CURVE ( 'NONE', #1857, #176, #609, .T. ) ;
#1458 = CARTESIAN_POINT ( 'NONE',  ( 105.0000000000000000, 4.999999999999997335, 0.000000000000000000 ) ) ;
#1459 = ORIENTED_EDGE ( 'NONE', *, *, #949, .T. ) ;
#1460 = DIRECTION ( 'NONE',  ( -1.000000000000000000, 0.000000000000000000, 3.469446951953601863E-16 ) ) ;
#1461 = ORIENTED_EDGE ( 'NONE', *, *, #2287, .T. ) ;
#1462 = EDGE_CURVE ( 'NONE', #1857, #1250, #342, .T. ) ;
#1463 = VERTEX_POINT ( 'NONE', #2704 ) ;
#1464 = ORIENTED_EDGE ( 'NONE', *, *, #299, .T. ) ;
#1465 = VECTOR ( 'NONE', #12, 1000.000000000000000 ) ;
#1466 = LINE ( 'NONE', #2828, #2792 ) ;
#1467 = DIRECTION ( 'NONE',  ( 0.000000000000000000, -0.000000000000000000, -1.000000000000000000 ) ) ;
#1468 = VECTOR ( 'NONE', #1030, 1000.000000000000000 ) ;
#1469 = DIRECTION ( 'NONE',  ( -0.000000000000000000, 1.000000000000000000, -0.000000000000000000 ) ) ;
#1470 = DIRECTION ( 'NONE',  ( -0.000000000000000000, -1.000000000000000000, -0.000000000000000000 ) ) ;
#1471 = DIRECTION ( 'NONE',  ( 0.000000000000000000, 0.000000000000000000, -1.000000000000000000 ) ) ;
#1472 = EDGE_LOOP ( 'NONE', ( #726, #1498, #3346, #2236 ) ) ;
#1473 = CARTESIAN_POINT ( 'NONE',  ( 1000.000000000000000, 32.00000000000000000, -64.50000000000000000 ) ) ;
#1474 = ORIENTED_EDGE ( 'NONE', *, *, #533, .F. ) ;
#1475 = EDGE_CURVE ( 'NONE', #3144, #3207, #3232, .T. ) ;
#1476 = LINE ( 'NONE', #943, #1606 ) ;
#1477 = VERTEX_POINT ( 'NONE', #591 ) ;
#1478 = ADVANCED_FACE ( 'NONE', ( #3284 ), #2506, .F. ) ;
#1479 = DIRECTION ( 'NONE',  ( 0.000000000000000000, -1.000000000000000000, 0.000000000000000000 ) ) ;
#1480 = ORIENTED_EDGE ( 'NONE', *, *, #469, .F. ) ;
#1481 = VECTOR ( 'NONE', #1439, 1000.000000000000000 ) ;
#1482 = VERTEX_POINT ( 'NONE', #277 ) ;
#1483 = EDGE_CURVE ( 'NONE', #3289, #568, #3000, .T. ) ;
#1484 = PLANE ( 'NONE',  #1615 ) ;
#1485 = LINE ( 'NONE', #2302, #1971 ) ;
#1486 = LINE ( 'NONE', #2870, #457 ) ;
#1487 = DIRECTION ( 'NONE',  ( 0.000000000000000000, 0.000000000000000000, 1.000000000000000000 ) ) ;
#1488 = VECTOR ( 'NONE', #542, 1000.000000000000000 ) ;
#1489 = LINE ( 'NONE', #466, #893 ) ;
#1490 = ORIENTED_EDGE ( 'NONE', *, *, #1921, .F. ) ;
#1491 = LINE ( 'NONE', #2575, #2251 ) ;
#1492 = ORIENTED_EDGE ( 'NONE', *, *, #469, .T. ) ;
#1493 = LINE ( 'NONE', #649, #2229 ) ;
#1494 = ORIENTED_EDGE ( 'NONE', *, *, #269, .F. ) ;
#1495 = LINE ( 'NONE', #257, #2928 ) ;
#1496 = EDGE_LOOP ( 'NONE', ( #3414, #1480, #770, #1033 ) ) ;
#1497 = EDGE_CURVE ( 'NONE', #785, #3360, #1352, .T. ) ;
#1498 = ORIENTED_EDGE ( 'NONE', *, *, #2095, .F. ) ;
#1499 = LINE ( 'NONE', #1580, #478 ) ;
#1500 = DIRECTION ( 'NONE',  ( -0.000000000000000000, 1.000000000000000000, -0.000000000000000000 ) ) ;
#1501 = ADVANCED_FACE ( 'NONE', ( #8 ), #3031, .T. ) ;
#1502 = ADVANCED_FACE ( 'NONE', ( #2750 ), #62, .F. ) ;
#1503 = AXIS2_PLACEMENT_3D ( 'NONE', #2399, #2732, #2979 ) ;
#1504 = VECTOR ( 'NONE', #2818, 1000.000000000000000 ) ;
#1505 = DIRECTION ( 'NONE',  ( 0.000000000000000000, 0.000000000000000000, 1.000000000000000000 ) ) ;
#1506 = CARTESIAN_POINT ( 'NONE',  ( 0.000000000000000000, 5.000000000000000888, -39.50000000000000000 ) ) ;
#1507 = CARTESIAN_POINT ( 'NONE',  ( 1000.000000000000000, 32.00000000000000000, -79.50000000000000000 ) ) ;
#1508 = ORIENTED_EDGE ( 'NONE', *, *, #352, .F. ) ;
#1509 = EDGE_CURVE ( 'NONE', #1532, #1180, #2210, .T. ) ;
#1510 = ORIENTED_EDGE ( 'NONE', *, *, #3391, .F. ) ;
#1511 = AXIS2_PLACEMENT_3D ( 'NONE', #2216, #2444, #3023 ) ;
#1512 = DIRECTION ( 'NONE',  ( 0.000000000000000000, -1.000000000000000000, 0.000000000000000000 ) ) ;
#1513 = VECTOR ( 'NONE', #2051, 1000.000000000000000 ) ;
#1514 = LINE ( 'NONE', #3483, #371 ) ;
#1515 = ORIENTED_EDGE ( 'NONE', *, *, #3096, .F. ) ;
#1517 = LINE ( 'NONE', #2619, #701 ) ;
#1516 = FACE_OUTER_BOUND ( 'NONE', #3400, .T. ) ;
#1518 = ORIENTED_EDGE ( 'NONE', *, *, #3408, .F. ) ;
#1519 = ORIENTED_EDGE ( 'NONE', *, *, #1326, .T. ) ;
#1520 = ADVANCED_FACE ( 'NONE', ( #1893 ), #1661, .T. ) ;
#1521 = CARTESIAN_POINT ( 'NONE',  ( 1000.000000000000000, 0.000000000000000000, -79.50000000000000000 ) ) ;
#1522 = DIRECTION ( 'NONE',  ( -1.000000000000000000, -0.000000000000000000, -0.000000000000000000 ) ) ;
#1523 = FACE_OUTER_BOUND ( 'NONE', #511, .T. ) ;
#1524 = DIRECTION ( 'NONE',  ( -1.000000000000000000, -0.000000000000000000, -0.000000000000000000 ) ) ;
#1525 = DIRECTION ( 'NONE',  ( 1.923451982994741773E-16, 0.000000000000000000, 1.000000000000000000 ) ) ;
#1526 = ORIENTED_EDGE ( 'NONE', *, *, #752, .F. ) ;
#1527 = ORIENTED_EDGE ( 'NONE', *, *, #1368, .T. ) ;
#1528 = PLANE ( 'NONE',  #3124 ) ;
#1529 = AXIS2_PLACEMENT_3D ( 'NONE', #3014, #310, #1710 ) ;
#1530 = ORIENTED_EDGE ( 'NONE', *, *, #742, .T. ) ;
#1531 = DIRECTION ( 'NONE',  ( 0.000000000000000000, 0.000000000000000000, 1.000000000000000000 ) ) ;
#1532 = VERTEX_POINT ( 'NONE', #1422 ) ;
#1533 = ADVANCED_FACE ( 'NONE', ( #2734 ), #1143, .F. ) ;
#1535 = DIRECTION ( 'NONE',  ( 0.000000000000000000, -1.000000000000000000, 0.000000000000000000 ) ) ;
#1534 = CARTESIAN_POINT ( 'NONE',  ( 79.99999999999998579, 16.99999999999999645, -84.50000000000000000 ) ) ;
#1536 = VERTEX_POINT ( 'NONE', #79 ) ;
#1537 = ORIENTED_EDGE ( 'NONE', *, *, #1368, .F. ) ;
#1538 = ADVANCED_FACE ( 'NONE', ( #2154 ), #853, .F. ) ;
#1539 = ADVANCED_FACE ( 'NONE', ( #1910, #2981, #561, #292, #1367, #2454, #837, #1107, #2191 ), #3267, .F. ) ;
#1540 = EDGE_CURVE ( 'NONE', #829, #1597, #1711, .T. ) ;
#1541 = LINE ( 'NONE', #1273, #2628 ) ;
#1542 = VECTOR ( 'NONE', #1856, 1000.000000000000000 ) ;
#1543 = CARTESIAN_POINT ( 'NONE',  ( 107.0000000000000000, 4.999999999999997335, -29.50000000000000000 ) ) ;
#1544 = VERTEX_POINT ( 'NONE', #954 ) ;
#1545 = DIRECTION ( 'NONE',  ( -0.000000000000000000, 1.000000000000000000, -0.000000000000000000 ) ) ;
#1546 = CARTESIAN_POINT ( 'NONE',  ( 2.000000000000000000, 37.00000000000000000, -64.50000000000000000 ) ) ;
#1547 = DIRECTION ( 'NONE',  ( 0.000000000000000000, -1.000000000000000000, 0.000000000000000000 ) ) ;
#1548 = ORIENTED_EDGE ( 'NONE', *, *, #159, .T. ) ;
#1549 = EDGE_CURVE ( 'NONE', #1917, #3104, #2850, .T. ) ;
#1550 = VECTOR ( 'NONE', #3441, 1000.000000000000000 ) ;
#1551 = CARTESIAN_POINT ( 'NONE',  ( 0.000000000000000000, 32.00000000000000000, -69.50000000000000000 ) ) ;
#1552 = ORIENTED_EDGE ( 'NONE', *, *, #3177, .T. ) ;
#1553 = DIRECTION ( 'NONE',  ( 0.000000000000000000, -0.000000000000000000, -1.000000000000000000 ) ) ;
#1554 = EDGE_CURVE ( 'NONE', #785, #519, #659, .T. ) ;
#1555 = VECTOR ( 'NONE', #951, 1000.000000000000000 ) ;
#1556 = VERTEX_POINT ( 'NONE', #936 ) ;
#1557 = EDGE_LOOP ( 'NONE', ( #1537, #1424, #1895, #2337 ) ) ;
#1558 = CARTESIAN_POINT ( 'NONE',  ( 105.0000000000000000, 37.00000000000000000, 0.000000000000000000 ) ) ;
#1559 = CLOSED_SHELL ( 'NONE', ( #1539, #1237, #1598, #3371, #2613, #404, #1101, #592, #171, #1214, #2374, #2836, #3431, #1520, #1965, #1575, #205, #1593, #3479, #898, #77, #3469, #792, #1702, #122, #642, #3114, #1502, #2775, #2692, #183, #1055, #2563, #1501, #3474, #1638, #1313, #1094, #1124, #316, #3241, #1775, #3412, #1478, #2547, #1571, #2481, #657, #2797, #60, #1027, #1254, #2022, #1770, #619, #253, #140, #3260, #1116, #1538, #2639, #1682, #1397, #3222, #2608, #144, #1429, #1211, #1884, #1880, #2884, #2969, #2841, #125, #3077, #3123, #708, #1984, #3502, #2300, #3282, #104, #3163, #1141, #258, #340, #1533, #1838, #1000, #2059, #54, #2304, #3495, #274, #3385, #3359, #2043, #445, #118, #2146, #1587, #1076, #2489 ) ) ;
#1560 = VERTEX_POINT ( 'NONE', #378 ) ;
#1561 = ORIENTED_EDGE ( 'NONE', *, *, #1739, .F. ) ;
#1562 = DIRECTION ( 'NONE',  ( -1.000000000000000000, -0.000000000000000000, -0.000000000000000000 ) ) ;
#1563 = CARTESIAN_POINT ( 'NONE',  ( 1000.000000000000000, 5.000000000000000888, -29.50000000000000000 ) ) ;
#1564 = VERTEX_POINT ( 'NONE', #1506 ) ;
#1565 = CARTESIAN_POINT ( 'NONE',  ( 1000.000000000000000, 32.00000000000000000, 0.000000000000000000 ) ) ;
#1566 = DIRECTION ( 'NONE',  ( 1.442588987246056576E-16, 0.000000000000000000, 1.000000000000000000 ) ) ;
#1567 = LINE ( 'NONE', #1820, #2759 ) ;
#1568 = EDGE_LOOP ( 'NONE', ( #3211, #3306, #1461, #2356 ) ) ;
#1569 = EDGE_CURVE ( 'NONE', #2603, #2452, #2523, .T. ) ;
#1570 = LINE ( 'NONE', #2121, #1891 ) ;
#1571 = ADVANCED_FACE ( 'NONE', ( #2025 ), #412, .T. ) ;
#1572 = LINE ( 'NONE', #2331, #3240 ) ;
#1573 = VECTOR ( 'NONE', #1863, 1000.000000000000000 ) ;
#1574 = VERTEX_POINT ( 'NONE', #1780 ) ;
#1575 = ADVANCED_FACE ( 'NONE', ( #360 ), #2593, .F. ) ;
#1576 = FACE_OUTER_BOUND ( 'NONE', #2217, .T. ) ;
#1577 = VECTOR ( 'NONE', #138, 1000.000000000000000 ) ;
#1578 = ORIENTED_EDGE ( 'NONE', *, *, #3298, .T. ) ;
#1579 = ORIENTED_EDGE ( 'NONE', *, *, #809, .F. ) ;
#1580 = CARTESIAN_POINT ( 'NONE',  ( 1000.000000000000000, 32.00000000000000000, -59.50000000000000000 ) ) ;
#1581 = FACE_OUTER_BOUND ( 'NONE', #1075, .T. ) ;
#1582 = ORIENTED_EDGE ( 'NONE', *, *, #912, .T. ) ;
#1583 = FACE_BOUND ( 'NONE', #3392, .T. ) ;
#1584 = FACE_OUTER_BOUND ( 'NONE', #3199, .T. ) ;
#1585 = CARTESIAN_POINT ( 'NONE',  ( 1000.000000000000000, 32.00000000000000000, 0.000000000000000000 ) ) ;
#1586 = ORIENTED_EDGE ( 'NONE', *, *, #2029, .F. ) ;
#1587 = ADVANCED_FACE ( 'NONE', ( #2572 ), #429, .F. ) ;
#1588 = FACE_OUTER_BOUND ( 'NONE', #2185, .T. ) ;
#1589 = VERTEX_POINT ( 'NONE', #3338 ) ;
#1590 = LINE ( 'NONE', #2473, #2708 ) ;
#1591 = ORIENTED_EDGE ( 'NONE', *, *, #425, .T. ) ;
#1592 = PLANE ( 'NONE',  #2334 ) ;
#1593 = ADVANCED_FACE ( 'NONE', ( #1221 ), #3065, .T. ) ;
#1595 = ORIENTED_EDGE ( 'NONE', *, *, #2245, .T. ) ;
#1594 = VECTOR ( 'NONE', #2115, 1000.000000000000000 ) ;
#1596 =( NAMED_UNIT ( * ) SI_UNIT ( $, .STERADIAN. ) SOLID_ANGLE_UNIT ( ) );
#1597 = VERTEX_POINT ( 'NONE', #3370 ) ;
#1598 = ADVANCED_FACE ( 'NONE', ( #1440, #2307, #1993, #1159, #94, #3387, #2242, #2538, #1454 ), #2290, .T. ) ;
#1599 = DIRECTION ( 'NONE',  ( 0.000000000000000000, 0.000000000000000000, 1.000000000000000000 ) ) ;
#1600 = DIRECTION ( 'NONE',  ( 1.000000000000000000, -0.000000000000000000, 0.000000000000000000 ) ) ;
#1601 = ORIENTED_EDGE ( 'NONE', *, *, #3304, .T. ) ;
#1602 = DIRECTION ( 'NONE',  ( 0.000000000000000000, -1.000000000000000000, 0.000000000000000000 ) ) ;
#1603 = CARTESIAN_POINT ( 'NONE',  ( 2.000000000000000000, 32.00000000000000000, 0.000000000000000000 ) ) ;
#1604 = FACE_OUTER_BOUND ( 'NONE', #55, .T. ) ;
#1605 = ORIENTED_EDGE ( 'NONE', *, *, #1264, .F. ) ;
#1606 = VECTOR ( 'NONE', #2031, 1000.000000000000000 ) ;
#1607 = CARTESIAN_POINT ( 'NONE',  ( 0.000000000000000000, 37.00000000000000000, 0.000000000000000000 ) ) ;
#1608 = CARTESIAN_POINT ( 'NONE',  ( 107.0000000000000000, 4.999999999999997335, 0.000000000000000000 ) ) ;
#1609 = DIRECTION ( 'NONE',  ( 0.000000000000000000, 0.000000000000000000, 1.000000000000000000 ) ) ;
#1610 = ORIENTED_EDGE ( 'NONE', *, *, #2205, .F. ) ;
#1611 = CARTESIAN_POINT ( 'NONE',  ( 1000.000000000000000, 5.000000000000000888, 0.000000000000000000 ) ) ;
#1612 = VECTOR ( 'NONE', #2414, 1000.000000000000000 ) ;
#1613 = ORIENTED_EDGE ( 'NONE', *, *, #1071, .F. ) ;
#1614 = PERSON_AND_ORGANIZATION ( #3099, #3276 ) ;
#1615 = AXIS2_PLACEMENT_3D ( 'NONE', #1201, #3094, #2285 ) ;
#1616 = VERTEX_POINT ( 'NONE', #130 ) ;
#1617 = VECTOR ( 'NONE', #2000, 1000.000000000000000 ) ;
#1618 = EDGE_CURVE ( 'NONE', #3126, #1482, #3082, .T. ) ;
#1619 = CARTESIAN_POINT ( 'NONE',  ( 2.000000000000000000, 37.00000000000000000, -19.50000000000000355 ) ) ;
#1620 = EDGE_LOOP ( 'NONE', ( #2388, #2072, #2002, #1518 ) ) ;
#1621 = FACE_OUTER_BOUND ( 'NONE', #601, .T. ) ;
#1622 = CARTESIAN_POINT ( 'NONE',  ( 1000.000000000000000, 5.000000000000000888, 0.000000000000000000 ) ) ;
#1623 = EDGE_CURVE ( 'NONE', #1917, #546, #1977, .T. ) ;
#1624 = DIRECTION ( 'NONE',  ( 0.000000000000000000, -1.000000000000000000, 0.000000000000000000 ) ) ;
#1625 = CARTESIAN_POINT ( 'NONE',  ( 34.99999999999999289, 16.99999999999999645, -84.50000000000000000 ) ) ;
#1626 = CARTESIAN_POINT ( 'NONE',  ( 1000.000000000000000, 5.000000000000000888, -44.50000000000000711 ) ) ;
#1627 = FACE_OUTER_BOUND ( 'NONE', #1772, .T. ) ;
#1628 = VERTEX_POINT ( 'NONE', #2273 ) ;
#1629 = FACE_OUTER_BOUND ( 'NONE', #1396, .T. ) ;
#1630 = VECTOR ( 'NONE', #1522, 1000.000000000000000 ) ;
#1631 = EDGE_LOOP ( 'NONE', ( #1530, #1361, #628, #451 ) ) ;
#1632 = VECTOR ( 'NONE', #3273, 1000.000000000000000 ) ;
#1633 = ORIENTED_EDGE ( 'NONE', *, *, #1795, .F. ) ;
#1634 = VECTOR ( 'NONE', #504, 1000.000000000000000 ) ;
#1635 = DIRECTION ( 'NONE',  ( 1.923451982994741773E-16, 0.000000000000000000, 1.000000000000000000 ) ) ;
#1636 = VECTOR ( 'NONE', #1139, 1000.000000000000000 ) ;
#1637 = VERTEX_POINT ( 'NONE', #3352 ) ;
#1638 = ADVANCED_FACE ( 'NONE', ( #3098 ), #2924, .T. ) ;
#1639 = DIRECTION ( 'NONE',  ( -1.000000000000000000, -0.000000000000000000, -0.000000000000000000 ) ) ;
#1640 = CARTESIAN_POINT ( 'NONE',  ( 1000.000000000000000, 5.000000000000000888, -54.50000000000000711 ) ) ;
#1641 = LINE ( 'NONE', #1890, #557 ) ;
#1642 = EDGE_CURVE ( 'NONE', #136, #3126, #1310, .T. ) ;
#1643 = ORIENTED_EDGE ( 'NONE', *, *, #2069, .F. ) ;
#1644 = PLANE ( 'NONE',  #1529 ) ;
#1645 = CARTESIAN_POINT ( 'NONE',  ( 2.000000000000000000, 37.00000000000000000, -9.499999999999994671 ) ) ;
#1646 = DIRECTION ( 'NONE',  ( 0.000000000000000000, 0.000000000000000000, -1.000000000000000000 ) ) ;
#1647 = ORIENTED_EDGE ( 'NONE', *, *, #2352, .F. ) ;
#1648 = DIRECTION ( 'NONE',  ( 0.000000000000000000, -0.000000000000000000, -1.000000000000000000 ) ) ;
#1649 = VERTEX_POINT ( 'NONE', #2397 ) ;
#1650 = DIRECTION ( 'NONE',  ( -1.000000000000000000, 0.000000000000000000, -0.000000000000000000 ) ) ;
#1651 = APPROVAL_DATE_TIME ( #1395, #950 ) ;
#1652 = ORIENTED_EDGE ( 'NONE', *, *, #2790, .T. ) ;
#1653 = EDGE_CURVE ( 'NONE', #3401, #2819, #2646, .T. ) ;
#1654 = FACE_BOUND ( 'NONE', #2445, .T. ) ;
#1655 = ORIENTED_EDGE ( 'NONE', *, *, #2861, .F. ) ;
#1656 = DIRECTION ( 'NONE',  ( 0.000000000000000000, 0.000000000000000000, 1.000000000000000000 ) ) ;
#1657 = FACE_OUTER_BOUND ( 'NONE', #399, .T. ) ;
#1658 = LINE ( 'NONE', #2945, #1405 ) ;
#1659 = EDGE_LOOP ( 'NONE', ( #2951, #2309, #759, #2862 ) ) ;
#1660 = DIRECTION ( 'NONE',  ( 0.000000000000000000, 0.000000000000000000, -1.000000000000000000 ) ) ;
#1661 = PLANE ( 'NONE',  #3020 ) ;
#1662 = FACE_OUTER_BOUND ( 'NONE', #2992, .T. ) ;
#1663 = EDGE_LOOP ( 'NONE', ( #347, #1147, #654, #11 ) ) ;
#1664 = EDGE_CURVE ( 'NONE', #1463, #2760, #765, .T. ) ;
#1665 = VECTOR ( 'NONE', #2102, 1000.000000000000000 ) ;
#1666 = DIRECTION ( 'NONE',  ( 0.000000000000000000, 0.000000000000000000, -1.000000000000000000 ) ) ;
#1667 = VERTEX_POINT ( 'NONE', #1277 ) ;
#1668 = CARTESIAN_POINT ( 'NONE',  ( 0.000000000000000000, 0.000000000000000000, 0.000000000000000000 ) ) ;
#1669 = EDGE_CURVE ( 'NONE', #1381, #947, #503, .T. ) ;
#1670 = ORIENTED_EDGE ( 'NONE', *, *, #879, .F. ) ;
#1671 = AXIS2_PLACEMENT_3D ( 'NONE', #2966, #3251, #820 ) ;
#1672 = EDGE_LOOP ( 'NONE', ( #454, #3142, #2027, #1490 ) ) ;
#1673 = CARTESIAN_POINT ( 'NONE',  ( 30.00000000000000000, 37.00000000000000000, -0.000000000000000000 ) ) ;
#1674 = DIRECTION ( 'NONE',  ( 0.000000000000000000, 0.000000000000000000, -1.000000000000000000 ) ) ;
#1675 = LINE ( 'NONE', #3079, #1967 ) ;
#1676 = LINE ( 'NONE', #625, #301 ) ;
#1677 = DIRECTION ( 'NONE',  ( 0.000000000000000000, -0.000000000000000000, -1.000000000000000000 ) ) ;
#1678 = DIRECTION ( 'NONE',  ( -1.000000000000000000, 0.000000000000000000, 1.923451982994741773E-16 ) ) ;
#1679 = ORIENTED_EDGE ( 'NONE', *, *, #3024, .T. ) ;
#1680 = LINE ( 'NONE', #3254, #2009 ) ;
#1681 = ORIENTED_EDGE ( 'NONE', *, *, #2998, .T. ) ;
#1682 = ADVANCED_FACE ( 'NONE', ( #1584 ), #1852, .T. ) ;
#1683 = LINE ( 'NONE', #1113, #1058 ) ;
#1684 = EDGE_LOOP ( 'NONE', ( #2107, #1130, #2298, #2550 ) ) ;
#1685 = EDGE_CURVE ( 'NONE', #2261, #1628, #485, .T. ) ;
#1686 = VERTEX_POINT ( 'NONE', #2381 ) ;
#1687 = VECTOR ( 'NONE', #2147, 1000.000000000000000 ) ;
#1688 = DIRECTION ( 'NONE',  ( 3.469446951953606300E-16, 0.000000000000000000, 1.000000000000000000 ) ) ;
#1689 = DIRECTION ( 'NONE',  ( -1.000000000000000000, -0.000000000000000000, -0.000000000000000000 ) ) ;
#1690 = DIRECTION ( 'NONE',  ( 0.000000000000000000, 0.000000000000000000, -1.000000000000000000 ) ) ;
#1691 = VECTOR ( 'NONE', #1792, 1000.000000000000000 ) ;
#1692 = CARTESIAN_POINT ( 'NONE',  ( 65.00000000000000000, 37.00000000000000000, -12.34957498025365830 ) ) ;
#1693 = APPROVAL_PERSON_ORGANIZATION ( #103, #588, #633 ) ;
#1694 = DIRECTION ( 'NONE',  ( -1.000000000000000000, -0.000000000000000000, -0.000000000000000000 ) ) ;
#1695 = CARTESIAN_POINT ( 'NONE',  ( 1000.000000000000000, 0.000000000000000000, -69.50000000000000000 ) ) ;
#1696 = VERTEX_POINT ( 'NONE', #233 ) ;
#1697 = DIRECTION ( 'NONE',  ( 0.000000000000000000, -1.000000000000000000, 0.000000000000000000 ) ) ;
#1698 = ORIENTED_EDGE ( 'NONE', *, *, #84, .T. ) ;
#1699 = LINE ( 'NONE', #1427, #1170 ) ;
#1700 = CALENDAR_DATE ( 2026, 12, 7 ) ;
#1701 = VERTEX_POINT ( 'NONE', #3459 ) ;
#1702 = ADVANCED_FACE ( 'NONE', ( #1031 ), #521, .F. ) ;
#1703 = EDGE_CURVE ( 'NONE', #2261, #3302, #1802, .T. ) ;
#1704 = EDGE_LOOP ( 'NONE', ( #157, #2370, #2207, #715 ) ) ;
#1705 = VECTOR ( 'NONE', #1545, 1000.000000000000000 ) ;
#1706 = LINE ( 'NONE', #2777, #2568 ) ;
#1707 = CARTESIAN_POINT ( 'NONE',  ( 1000.000000000000000, 5.000000000000000888, -19.50000000000000355 ) ) ;
#1708 = LINE ( 'NONE', #111, #2417 ) ;
#1709 = EDGE_CURVE ( 'NONE', #1149, #2603, #2116, .T. ) ;
#1710 = DIRECTION ( 'NONE',  ( 0.000000000000000000, -0.000000000000000000, -1.000000000000000000 ) ) ;
#1711 = LINE ( 'NONE', #3116, #1839 ) ;
#1712 = DIRECTION ( 'NONE',  ( -1.000000000000000000, -0.000000000000000000, -0.000000000000000000 ) ) ;
#1713 = ORIENTED_EDGE ( 'NONE', *, *, #663, .T. ) ;
#1714 = DIRECTION ( 'NONE',  ( 0.000000000000000000, -0.000000000000000000, -1.000000000000000000 ) ) ;
#1715 = EDGE_LOOP ( 'NONE', ( #1322, #2693, #2231, #2122 ) ) ;
#1716 = CARTESIAN_POINT ( 'NONE',  ( 65.00000000000000000, 16.99999999999999645, -12.34957498025365830 ) ) ;
#1717 = CALENDAR_DATE ( 2026, 12, 7 ) ;
#1718 = ORIENTED_EDGE ( 'NONE', *, *, #3242, .T. ) ;
#1719 = ORIENTED_EDGE ( 'NONE', *, *, #1902, .F. ) ;
#1720 = EDGE_LOOP ( 'NONE', ( #437, #672, #2030, #2 ) ) ;
#1721 = VECTOR ( 'NONE', #1889, 1000.000000000000000 ) ;
#1722 = EDGE_CURVE ( 'NONE', #1774, #1224, #2872, .T. ) ;
#1723 = CARTESIAN_POINT ( 'NONE',  ( 107.0000000000000000, 0.000000000000000000, 0.000000000000000000 ) ) ;
#1724 = CARTESIAN_POINT ( 'NONE',  ( 106.9999999999999858, 5.000000000000000888, -84.50000000000000000 ) ) ;
#1725 = AXIS2_PLACEMENT_3D ( 'NONE', #110, #177, #2920 ) ;
#1726 = EDGE_CURVE ( 'NONE', #1442, #2017, #2098, .T. ) ;
#1727 = CARTESIAN_POINT ( 'NONE',  ( 106.9999999999999858, 32.00000000000000000, -79.50000000000000000 ) ) ;
#1728 = DIRECTION ( 'NONE',  ( -0.000000000000000000, 1.000000000000000000, -0.000000000000000000 ) ) ;
#1729 = LINE ( 'NONE', #343, #213 ) ;
#1730 = ORIENTED_EDGE ( 'NONE', *, *, #2264, .T. ) ;
#1731 = LINE ( 'NONE', #1458, #2135 ) ;
#1732 = EDGE_CURVE ( 'NONE', #167, #19, #3139, .T. ) ;
#1733 = ORIENTED_EDGE ( 'NONE', *, *, #35, .T. ) ;
#1734 = CARTESIAN_POINT ( 'NONE',  ( 1000.000000000000000, 32.00000000000000000, 0.000000000000000000 ) ) ;
#1735 = CARTESIAN_POINT ( 'NONE',  ( 107.0000000000000000, 4.999999999999997335, 0.000000000000000000 ) ) ;
#1736 = EDGE_LOOP ( 'NONE', ( #3002, #2620, #2580, #3234 ) ) ;
#1737 = ORIENTED_EDGE ( 'NONE', *, *, #1925, .T. ) ;
#1738 = EDGE_CURVE ( 'NONE', #432, #3434, #713, .T. ) ;
#1739 = EDGE_CURVE ( 'NONE', #264, #255, #3405, .T. ) ;
#1740 = FACE_OUTER_BOUND ( 'NONE', #207, .T. ) ;
#1741 = CARTESIAN_POINT ( 'NONE',  ( 19.99999999999999645, 37.00000000000000000, -84.50000000000000000 ) ) ;
#1742 = EDGE_CURVE ( 'NONE', #3394, #2955, #2610, .T. ) ;
#1743 = DIRECTION ( 'NONE',  ( -1.000000000000000000, 0.000000000000000000, -0.000000000000000000 ) ) ;
#1744 = VECTOR ( 'NONE', #1369, 1000.000000000000000 ) ;
#1745 = DIRECTION ( 'NONE',  ( 0.000000000000000000, -1.000000000000000000, 0.000000000000000000 ) ) ;
#1746 = DIRECTION ( 'NONE',  ( 1.923451982994741773E-16, 0.000000000000000000, 1.000000000000000000 ) ) ;
#1747 = ORIENTED_EDGE ( 'NONE', *, *, #1883, .F. ) ;
#1748 = DIRECTION ( 'NONE',  ( 0.000000000000000000, 0.000000000000000000, 1.000000000000000000 ) ) ;
#1749 = EDGE_CURVE ( 'NONE', #2968, #2844, #2343, .T. ) ;
#1750 = ORIENTED_EDGE ( 'NONE', *, *, #1016, .F. ) ;
#1751 = DIRECTION ( 'NONE',  ( 0.000000000000000000, -0.000000000000000000, -1.000000000000000000 ) ) ;
#1752 = APPROVAL_DATE_TIME ( #3326, #588 ) ;
#1753 = AXIS2_PLACEMENT_3D ( 'NONE', #1079, #531, #2407 ) ;
#1754 = ORIENTED_EDGE ( 'NONE', *, *, #2392, .F. ) ;
#1755 = DIRECTION ( 'NONE',  ( -1.000000000000000000, -0.000000000000000000, -0.000000000000000000 ) ) ;
#1756 = EDGE_LOOP ( 'NONE', ( #1006, #476, #1377, #1373 ) ) ;
#1757 = EDGE_LOOP ( 'NONE', ( #738, #3380, #2181, #3344 ) ) ;
#1758 = CARTESIAN_POINT ( 'NONE',  ( 79.99999999999998579, 37.00000000000000000, -12.34957498025365652 ) ) ;
#1759 = DIRECTION ( 'NONE',  ( -1.000000000000000000, -0.000000000000000000, -0.000000000000000000 ) ) ;
#1760 = VECTOR ( 'NONE', #337, 1000.000000000000000 ) ;
#1761 = CARTESIAN_POINT ( 'NONE',  ( 19.99999999999999645, 16.99999999999999645, 0.000000000000000000 ) ) ;
#1762 = CARTESIAN_POINT ( 'NONE',  ( 107.0000000000000000, 37.00000000000000000, -94.50000000000000000 ) ) ;
#1763 = CARTESIAN_POINT ( 'NONE',  ( 2.000000000000000000, 37.00000000000000000, 0.000000000000000000 ) ) ;
#1764 = ORIENTED_EDGE ( 'NONE', *, *, #2161, .F. ) ;
#1765 = DIRECTION ( 'NONE',  ( 0.000000000000000000, 0.000000000000000000, -1.000000000000000000 ) ) ;
#1766 = ORIENTED_EDGE ( 'NONE', *, *, #2631, .T. ) ;
#1767 = CARTESIAN_POINT ( 'NONE',  ( 1000.000000000000000, 32.00000000000000000, -44.50000000000000711 ) ) ;
#1768 = EDGE_CURVE ( 'NONE', #260, #167, #465, .T. ) ;
#1769 = ORIENTED_EDGE ( 'NONE', *, *, #598, .T. ) ;
#1770 = ADVANCED_FACE ( 'NONE', ( #1657 ), #605, .T. ) ;
#1771 = DIRECTION ( 'NONE',  ( 0.000000000000000000, -1.000000000000000000, 0.000000000000000000 ) ) ;
#1772 = EDGE_LOOP ( 'NONE', ( #1966, #2411, #1198, #2673 ) ) ;
#1773 = VECTOR ( 'NONE', #699, 1000.000000000000000 ) ;
#1774 = VERTEX_POINT ( 'NONE', #2731 ) ;
#1775 = ADVANCED_FACE ( 'NONE', ( #306 ), #1328, .T. ) ;
#1776 = DIRECTION ( 'NONE',  ( -1.000000000000000000, -0.000000000000000000, -0.000000000000000000 ) ) ;
#1777 = DIRECTION ( 'NONE',  ( 0.000000000000000000, 1.000000000000000000, 0.000000000000000000 ) ) ;
#1778 = AXIS2_PLACEMENT_3D ( 'NONE', #2627, #198, #1566 ) ;
#1779 = FACE_BOUND ( 'NONE', #2793, .T. ) ;
#1780 = CARTESIAN_POINT ( 'NONE',  ( 0.000000000000000000, 4.999999999999997335, -64.50000000000000000 ) ) ;
#1781 = VECTOR ( 'NONE', #1942, 1000.000000000000000 ) ;
#1782 = LINE ( 'NONE', #1507, #273 ) ;
#1783 = ORIENTED_EDGE ( 'NONE', *, *, #813, .F. ) ;
#1784 = CARTESIAN_POINT ( 'NONE',  ( 2.000000000000000000, 32.00000000000000000, 0.000000000000000000 ) ) ;
#1785 = ORIENTED_EDGE ( 'NONE', *, *, #1197, .T. ) ;
#1786 = DIRECTION ( 'NONE',  ( -1.000000000000000000, -0.000000000000000000, -0.000000000000000000 ) ) ;
#1787 = EDGE_CURVE ( 'NONE', #1258, #1556, #251, .T. ) ;
#1788 = VERTEX_POINT ( 'NONE', #2487 ) ;
#1789 = EDGE_CURVE ( 'NONE', #351, #244, #1103, .T. ) ;
#1790 = EDGE_LOOP ( 'NONE', ( #3059, #467, #2088, #3186 ) ) ;
#1792 = DIRECTION ( 'NONE',  ( 0.000000000000000000, 0.000000000000000000, 1.000000000000000000 ) ) ;
#1791 = FACE_OUTER_BOUND ( 'NONE', #707, .T. ) ;
#1793 = ORIENTED_EDGE ( 'NONE', *, *, #1969, .T. ) ;
#1794 = ORIENTED_EDGE ( 'NONE', *, *, #1669, .F. ) ;
#1795 = EDGE_CURVE ( 'NONE', #1426, #706, #3491, .T. ) ;
#1796 = CARTESIAN_POINT ( 'NONE',  ( 0.000000000000000000, -0.000000000000000000, -59.50000000000000000 ) ) ;
#1797 = LINE ( 'NONE', #2623, #2482 ) ;
#1798 = VECTOR ( 'NONE', #2796, 1000.000000000000000 ) ;
#1799 = UNCERTAINTY_MEASURE_WITH_UNIT (LENGTH_MEASURE( 1.000000000000000082E-05 ), #1320, 'distance_accuracy_value', 'NONE');
#1800 = VECTOR ( 'NONE', #1748, 1000.000000000000000 ) ;
#1801 = CARTESIAN_POINT ( 'NONE',  ( 104.9999999999999858, 32.00000000000000000, -54.50000000000000711 ) ) ;
#1802 = LINE ( 'NONE', #2944, #698 ) ;
#1803 = DIRECTION ( 'NONE',  ( 0.000000000000000000, 0.000000000000000000, 1.000000000000000000 ) ) ;
#1804 = EDGE_LOOP ( 'NONE', ( #1164, #2930, #3147, #807 ) ) ;
#1805 = VECTOR ( 'NONE', #3388, 1000.000000000000000 ) ;
#1806 = ORIENTED_EDGE ( 'NONE', *, *, #335, .F. ) ;
#1807 = FACE_OUTER_BOUND ( 'NONE', #841, .T. ) ;
#1808 = VECTOR ( 'NONE', #3013, 1000.000000000000000 ) ;
#1809 = DIRECTION ( 'NONE',  ( 0.000000000000000000, -1.000000000000000000, 0.000000000000000000 ) ) ;
#1810 = ORIENTED_EDGE ( 'NONE', *, *, #2432, .T. ) ;
#1812 = DIRECTION ( 'NONE',  ( -1.000000000000000000, -0.000000000000000000, -0.000000000000000000 ) ) ;
#1811 = FACE_OUTER_BOUND ( 'NONE', #3484, .T. ) ;
#1813 = ORIENTED_EDGE ( 'NONE', *, *, #1016, .T. ) ;
#1814 = EDGE_LOOP ( 'NONE', ( #370, #2852, #3067, #702 ) ) ;
#1815 = DIRECTION ( 'NONE',  ( 0.000000000000000000, 0.000000000000000000, 1.000000000000000000 ) ) ;
#1816 = EDGE_CURVE ( 'NONE', #19, #959, #799, .T. ) ;
#1817 = FACE_OUTER_BOUND ( 'NONE', #1757, .T. ) ;
#1818 = CARTESIAN_POINT ( 'NONE',  ( 1000.000000000000000, 32.00000000000000000, -39.50000000000000000 ) ) ;
#1819 = DIRECTION ( 'NONE',  ( 0.000000000000000000, 0.000000000000000000, -1.000000000000000000 ) ) ;
#1820 = CARTESIAN_POINT ( 'NONE',  ( 2.000000000000000000, 4.999999999999997335, 0.000000000000000000 ) ) ;
#1821 = ORIENTED_EDGE ( 'NONE', *, *, #2385, .F. ) ;
#1822 = FACE_OUTER_BOUND ( 'NONE', #1200, .T. ) ;
#1823 = ORIENTED_EDGE ( 'NONE', *, *, #2312, .F. ) ;
#1824 = DIRECTION ( 'NONE',  ( 0.000000000000000000, 0.000000000000000000, -1.000000000000000000 ) ) ;
#1825 = VERTEX_POINT ( 'NONE', #3263 ) ;
#1826 = CARTESIAN_POINT ( 'NONE',  ( 2.000000000000000000, 4.999999999999997335, -39.50000000000000000 ) ) ;
#1827 = ORIENTED_EDGE ( 'NONE', *, *, #2718, .F. ) ;
#1828 = EDGE_LOOP ( 'NONE', ( #2085, #336, #2333, #3354 ) ) ;
#1829 = DIRECTION ( 'NONE',  ( 0.000000000000000000, -1.000000000000000000, 0.000000000000000000 ) ) ;
#1830 = VECTOR ( 'NONE', #3299, 1000.000000000000000 ) ;
#1831 = PLANE ( 'NONE',  #107 ) ;
#1832 = VERTEX_POINT ( 'NONE', #3296 ) ;
#1833 = EDGE_CURVE ( 'NONE', #2695, #1995, #865, .T. ) ;
#1834 = LINE ( 'NONE', #1012, #2038 ) ;
#1835 = DIRECTION ( 'NONE',  ( 0.000000000000000000, 0.000000000000000000, 1.000000000000000000 ) ) ;
#1836 = CARTESIAN_POINT ( 'NONE',  ( 1000.000000000000000, 0.000000000000000000, -29.50000000000000000 ) ) ;
#1837 = EDGE_LOOP ( 'NONE', ( #2682, #577, #1510, #1145 ) ) ;
#1838 = ADVANCED_FACE ( 'NONE', ( #1348 ), #1138, .F. ) ;
#1839 = VECTOR ( 'NONE', #677, 1000.000000000000000 ) ;
#1840 = LINE ( 'NONE', #2929, #74 ) ;
#1841 = CARTESIAN_POINT ( 'NONE',  ( 1000.000000000000000, 0.000000000000000000, -49.50000000000000000 ) ) ;
#1842 = EDGE_CURVE ( 'NONE', #450, #3257, #3280, .T. ) ;
#1843 = ORIENTED_EDGE ( 'NONE', *, *, #2864, .F. ) ;
#1844 = LINE ( 'NONE', #1302, #1573 ) ;
#1845 = ORIENTED_EDGE ( 'NONE', *, *, #2956, .T. ) ;
#1846 = VERTEX_POINT ( 'NONE', #3012 ) ;
#1847 = PLANE ( 'NONE',  #2061 ) ;
#1848 = DIRECTION ( 'NONE',  ( 0.000000000000000000, -1.000000000000000000, 0.000000000000000000 ) ) ;
#1849 = EDGE_CURVE ( 'NONE', #3104, #3202, #2747, .T. ) ;
#1850 = VERTEX_POINT ( 'NONE', #849 ) ;
#1851 = DIRECTION ( 'NONE',  ( -0.000000000000000000, 1.000000000000000000, -0.000000000000000000 ) ) ;
#1852 = PLANE ( 'NONE',  #2846 ) ;
#1853 = LINE ( 'NONE', #2188, #1634 ) ;
#1854 = ORIENTED_EDGE ( 'NONE', *, *, #2978, .F. ) ;
#1855 = EDGE_CURVE ( 'NONE', #1250, #3435, #1938, .T. ) ;
#1856 = DIRECTION ( 'NONE',  ( 0.000000000000000000, 0.000000000000000000, 1.000000000000000000 ) ) ;
#1857 = VERTEX_POINT ( 'NONE', #4 ) ;
#1858 = VERTEX_POINT ( 'NONE', #323 ) ;
#1859 = EDGE_CURVE ( 'NONE', #2452, #334, #2222, .T. ) ;
#1860 = FACE_OUTER_BOUND ( 'NONE', #1862, .T. ) ;
#1861 = VECTOR ( 'NONE', #2184, 1000.000000000000000 ) ;
#1862 = EDGE_LOOP ( 'NONE', ( #682, #544, #2634, #906 ) ) ;
#1863 = DIRECTION ( 'NONE',  ( -1.000000000000000000, -0.000000000000000000, -0.000000000000000000 ) ) ;
#1864 = VECTOR ( 'NONE', #694, 1000.000000000000000 ) ;
#1865 = ORIENTED_EDGE ( 'NONE', *, *, #1722, .T. ) ;
#1866 = DIRECTION ( 'NONE',  ( 0.000000000000000000, 0.000000000000000000, -1.000000000000000000 ) ) ;
#1867 = FACE_BOUND ( 'NONE', #594, .T. ) ;
#1868 = ORIENTED_EDGE ( 'NONE', *, *, #2702, .T. ) ;
#1869 = FACE_BOUND ( 'NONE', #3450, .T. ) ;
#1870 = CARTESIAN_POINT ( 'NONE',  ( 1000.000000000000000, 32.00000000000000000, 0.000000000000000000 ) ) ;
#1871 = LINE ( 'NONE', #2925, #1174 ) ;
#1872 = ORIENTED_EDGE ( 'NONE', *, *, #252, .T. ) ;
#1873 = CARTESIAN_POINT ( 'NONE',  ( 105.0000000000000000, 4.999999999999997335, 0.000000000000000000 ) ) ;
#1874 = CARTESIAN_POINT ( 'NONE',  ( 104.9999999999999858, 32.00000000000000000, -29.50000000000000000 ) ) ;
#1875 = CARTESIAN_POINT ( 'NONE',  ( 70.00000000000000000, 16.99999999999999645, -12.34957498025365652 ) ) ;
#1876 = EDGE_LOOP ( 'NONE', ( #1681, #286, #1747, #1091 ) ) ;
#1877 = LINE ( 'NONE', #2689, #1017 ) ;
#1879 = ORIENTED_EDGE ( 'NONE', *, *, #1833, .T. ) ;
#1878 = VECTOR ( 'NONE', #1851, 1000.000000000000000 ) ;
#1880 = ADVANCED_FACE ( 'NONE', ( #2961 ), #539, .F. ) ;
#1881 = DATE_AND_TIME ( #2479, #219 ) ;
#1882 = ORIENTED_EDGE ( 'NONE', *, *, #2224, .T. ) ;
#1883 = EDGE_CURVE ( 'NONE', #2133, #2118, #3246, .T. ) ;
#1884 = ADVANCED_FACE ( 'NONE', ( #2187 ), #1906, .F. ) ;
#1885 = CARTESIAN_POINT ( 'NONE',  ( 106.9999999999999858, 5.000000000000000888, -44.50000000000000711 ) ) ;
#1886 = ORIENTED_EDGE ( 'NONE', *, *, #773, .F. ) ;
#1887 = AXIS2_PLACEMENT_3D ( 'NONE', #3145, #1809, #2878 ) ;
#1888 = FACE_OUTER_BOUND ( 'NONE', #740, .T. ) ;
#1889 = DIRECTION ( 'NONE',  ( 0.000000000000000000, -1.000000000000000000, 0.000000000000000000 ) ) ;
#1890 = CARTESIAN_POINT ( 'NONE',  ( 105.0000000000000000, 32.00000000000000000, 0.000000000000000000 ) ) ;
#1891 = VECTOR ( 'NONE', #1315, 1000.000000000000000 ) ;
#1892 = CARTESIAN_POINT ( 'NONE',  ( 35.00000000000000711, 16.99999999999999645, -12.34957498025365830 ) ) ;
#1893 = FACE_OUTER_BOUND ( 'NONE', #1715, .T. ) ;
#1894 = DIRECTION ( 'NONE',  ( 0.000000000000000000, -1.000000000000000000, 0.000000000000000000 ) ) ;
#1895 = ORIENTED_EDGE ( 'NONE', *, *, #1438, .T. ) ;
#1896 = CARTESIAN_POINT ( 'NONE',  ( -4.284619527316350302E-15, 34.99999999999999289, -12.34957498025363876 ) ) ;
#1897 = AXIS2_PLACEMENT_3D ( 'NONE', #2150, #1955, #1403 ) ;
#1898 = ORIENTED_EDGE ( 'NONE', *, *, #202, .T. ) ;
#1899 = DIRECTION ( 'NONE',  ( -1.000000000000000000, -0.000000000000000000, -0.000000000000000000 ) ) ;
#1900 = AXIS2_PLACEMENT_3D ( 'NONE', #525, #724, #3498 ) ;
#1901 = ORIENTED_EDGE ( 'NONE', *, *, #2635, .F. ) ;
#1902 = EDGE_CURVE ( 'NONE', #1701, #351, #21, .T. ) ;
#1903 = DIRECTION ( 'NONE',  ( -1.000000000000000000, -0.000000000000000000, -0.000000000000000000 ) ) ;
#1904 = VERTEX_POINT ( 'NONE', #1758 ) ;
#1905 = LINE ( 'NONE', #2729, #1935 ) ;
#1906 = PLANE ( 'NONE',  #2625 ) ;
#1907 = FACE_OUTER_BOUND ( 'NONE', #49, .T. ) ;
#1908 = EDGE_CURVE ( 'NONE', #1597, #3485, #3062, .T. ) ;
#1909 = DIRECTION ( 'NONE',  ( -1.000000000000000000, -0.000000000000000000, -0.000000000000000000 ) ) ;
#1910 = FACE_OUTER_BOUND ( 'NONE', #1496, .T. ) ;
#1911 = DIRECTION ( 'NONE',  ( 0.000000000000000000, -1.000000000000000000, 0.000000000000000000 ) ) ;
#1912 = VERTEX_POINT ( 'NONE', #1973 ) ;
#1913 = PLANE ( 'NONE',  #1931 ) ;
#1914 = EDGE_LOOP ( 'NONE', ( #1508, #552, #700, #3311 ) ) ;
#1915 = APPROVAL_DATE_TIME ( #2179, #70 ) ;
#1916 = CC_DESIGN_PERSON_AND_ORGANIZATION_ASSIGNMENT ( #1340, #2143, ( #211 ) ) ;
#1917 = VERTEX_POINT ( 'NONE', #3383 ) ;
#1918 = VECTOR ( 'NONE', #328, 1000.000000000000000 ) ;
#1919 = CARTESIAN_POINT ( 'NONE',  ( 105.0000000000000000, 4.999999999999997335, 0.000000000000000000 ) ) ;
#1920 = VERTEX_POINT ( 'NONE', #2569 ) ;
#1921 = EDGE_CURVE ( 'NONE', #3347, #3144, #2809, .T. ) ;
#1922 = DIRECTION ( 'NONE',  ( 0.000000000000000000, -1.000000000000000000, 0.000000000000000000 ) ) ;
#1923 = DIRECTION ( 'NONE',  ( -0.000000000000000000, 1.000000000000000000, -0.000000000000000000 ) ) ;
#1924 = LINE ( 'NONE', #540, #3382 ) ;
#1925 = EDGE_CURVE ( 'NONE', #3323, #861, #1989, .T. ) ;
#1926 = CARTESIAN_POINT ( 'NONE',  ( 2.000000000000000000, 2.000000000000000000, 0.000000000000000000 ) ) ;
#1927 = CARTESIAN_POINT ( 'NONE',  ( 1000.000000000000000, 5.000000000000000888, 0.000000000000000000 ) ) ;
#1928 = DIRECTION ( 'NONE',  ( -0.000000000000000000, 1.000000000000000000, -0.000000000000000000 ) ) ;
#1929 = ORIENTED_EDGE ( 'NONE', *, *, #1011, .F. ) ;
#1930 = DIRECTION ( 'NONE',  ( 0.000000000000000000, -0.000000000000000000, -1.000000000000000000 ) ) ;
#1931 = AXIS2_PLACEMENT_3D ( 'NONE', #2985, #564, #2723 ) ;
#1932 = VERTEX_POINT ( 'NONE', #1723 ) ;
#1933 = CARTESIAN_POINT ( 'NONE',  ( 2.000000000000000000, 37.00000000000000000, -34.50000000000000000 ) ) ;
#1934 = ORIENTED_EDGE ( 'NONE', *, *, #553, .F. ) ;
#1935 = VECTOR ( 'NONE', #1972, 1000.000000000000000 ) ;
#1936 = ORIENTED_EDGE ( 'NONE', *, *, #980, .F. ) ;
#1937 = CARTESIAN_POINT ( 'NONE',  ( -4.284619527316355824E-15, 34.99999999999999289, -12.34957498025363520 ) ) ;
#1938 = LINE ( 'NONE', #586, #810 ) ;
#1939 = PLANE ( 'NONE',  #1336 ) ;
#1940 = EDGE_CURVE ( 'NONE', #3394, #1133, #390, .T. ) ;
#1941 = CARTESIAN_POINT ( 'NONE',  ( 35.00000000000000711, 34.99999999999999289, -6.732081940481597980E-15 ) ) ;
#1942 = DIRECTION ( 'NONE',  ( 0.000000000000000000, -1.000000000000000000, 0.000000000000000000 ) ) ;
#1943 = PLANE ( 'NONE',  #3438 ) ;
#1944 = ORIENTED_EDGE ( 'NONE', *, *, #3503, .T. ) ;
#1945 = VECTOR ( 'NONE', #3039, 1000.000000000000000 ) ;
#1946 = FACE_OUTER_BOUND ( 'NONE', #2566, .T. ) ;
#1947 = EDGE_CURVE ( 'NONE', #2263, #2794, #1435, .T. ) ;
#1948 = VERTEX_POINT ( 'NONE', #1171 ) ;
#1949 = LINE ( 'NONE', #1716, #435 ) ;
#1950 = CALENDAR_DATE ( 2026, 12, 7 ) ;
#1951 = ORIENTED_EDGE ( 'NONE', *, *, #1457, .T. ) ;
#1952 = VECTOR ( 'NONE', #3051, 1000.000000000000000 ) ;
#1953 = VERTEX_POINT ( 'NONE', #3348 ) ;
#1954 = DIRECTION ( 'NONE',  ( -1.000000000000000000, -0.000000000000000000, -0.000000000000000000 ) ) ;
#1955 = DIRECTION ( 'NONE',  ( 0.000000000000000000, 0.000000000000000000, -1.000000000000000000 ) ) ;
#1956 = EDGE_CURVE ( 'NONE', #2113, #2497, #901, .T. ) ;
#1957 = CARTESIAN_POINT ( 'NONE',  ( 0.000000000000000000, 34.99999999999999289, -92.50000000000000000 ) ) ;
#1958 = CARTESIAN_POINT ( 'NONE',  ( 1000.000000000000000, 32.00000000000000000, -69.50000000000000000 ) ) ;
#1959 = DIRECTION ( 'NONE',  ( 0.000000000000000000, -1.000000000000000000, 0.000000000000000000 ) ) ;
#1960 = CARTESIAN_POINT ( 'NONE',  ( 1000.000000000000000, 32.00000000000000000, -49.50000000000000000 ) ) ;
#1961 = VERTEX_POINT ( 'NONE', #2301 ) ;
#1962 = LINE ( 'NONE', #1473, #1504 ) ;
#1963 = ORIENTED_EDGE ( 'NONE', *, *, #3358, .T. ) ;
#1964 = CARTESIAN_POINT ( 'NONE',  ( 0.000000000000000000, 37.00000000000000000, -94.50000000000000000 ) ) ;
#1965 = ADVANCED_FACE ( 'NONE', ( #915 ), #1484, .F. ) ;
#1966 = ORIENTED_EDGE ( 'NONE', *, *, #1540, .T. ) ;
#1967 = VECTOR ( 'NONE', #2748, 1000.000000000000000 ) ;
#1968 = VECTOR ( 'NONE', #2248, 1000.000000000000000 ) ;
#1969 = EDGE_CURVE ( 'NONE', #963, #1774, #3047, .T. ) ;
#1970 = ORIENTED_EDGE ( 'NONE', *, *, #2897, .T. ) ;
#1971 = VECTOR ( 'NONE', #1777, 1000.000000000000000 ) ;
#1972 = DIRECTION ( 'NONE',  ( 0.000000000000000000, -1.000000000000000000, 0.000000000000000000 ) ) ;
#1973 = CARTESIAN_POINT ( 'NONE',  ( 2.000000000000001776, 32.00000000000000000, -59.50000000000000000 ) ) ;
#1974 = CARTESIAN_POINT ( 'NONE',  ( 0.000000000000000000, 4.999999999999997335, -24.50000000000000711 ) ) ;
#1975 = VECTOR ( 'NONE', #1978, 1000.000000000000000 ) ;
#1976 = CARTESIAN_POINT ( 'NONE',  ( 107.0000000000000000, 32.00000000000000000, 0.000000000000000000 ) ) ;
#1977 = LINE ( 'NONE', #2010, #867 ) ;
#1978 = DIRECTION ( 'NONE',  ( 0.000000000000000000, 0.000000000000000000, -1.000000000000000000 ) ) ;
#1979 = ORIENTED_EDGE ( 'NONE', *, *, #2379, .F. ) ;
#1980 = FACE_BOUND ( 'NONE', #2926, .T. ) ;
#1981 = ORIENTED_EDGE ( 'NONE', *, *, #2398, .F. ) ;
#1982 = CARTESIAN_POINT ( 'NONE',  ( 1000.000000000000000, 0.000000000000000000, -69.50000000000000000 ) ) ;
#1983 = DIRECTION ( 'NONE',  ( -1.000000000000000000, -0.000000000000000000, -0.000000000000000000 ) ) ;
#1984 = ADVANCED_FACE ( 'NONE', ( #1740 ), #3078, .T. ) ;
#1985 = VERTEX_POINT ( 'NONE', #408 ) ;
#1986 = VERTEX_POINT ( 'NONE', #3366 ) ;
#1987 = EDGE_CURVE ( 'NONE', #1177, #3409, #1466, .T. ) ;
#1988 = AXIS2_PLACEMENT_3D ( 'NONE', #42, #574, #1125 ) ;
#1989 = LINE ( 'NONE', #91, #2458 ) ;
#1990 = CARTESIAN_POINT ( 'NONE',  ( 105.0000000000000000, 32.00000000000000000, 0.000000000000000000 ) ) ;
#1991 = AXIS2_PLACEMENT_3D ( 'NONE', #1425, #2834, #3036 ) ;
#1992 = CARTESIAN_POINT ( 'NONE',  ( 2.000000000000001776, 32.00000000000000000, -39.50000000000000000 ) ) ;
#1993 = FACE_BOUND ( 'NONE', #878, .T. ) ;
#1994 = FACE_BOUND ( 'NONE', #34, .T. ) ;
#1995 = VERTEX_POINT ( 'NONE', #638 ) ;
#1996 = CARTESIAN_POINT ( 'NONE',  ( 0.000000000000000000, 34.99999999999999289, 0.000000000000000000 ) ) ;
#1997 = EDGE_LOOP ( 'NONE', ( #2919, #2480, #822, #2624 ) ) ;
#1998 = CARTESIAN_POINT ( 'NONE',  ( 106.9999999999999858, 5.000000000000000888, -34.50000000000000000 ) ) ;
#1999 = VECTOR ( 'NONE', #2190, 1000.000000000000000 ) ;
#2000 = DIRECTION ( 'NONE',  ( 0.000000000000000000, 0.000000000000000000, -1.000000000000000000 ) ) ;
#2001 = EDGE_CURVE ( 'NONE', #2032, #191, #355, .T. ) ;
#2002 = ORIENTED_EDGE ( 'NONE', *, *, #1304, .F. ) ;
#2003 = ORIENTED_EDGE ( 'NONE', *, *, #2465, .T. ) ;
#2004 = VECTOR ( 'NONE', #448, 1000.000000000000000 ) ;
#2005 = CARTESIAN_POINT ( 'NONE',  ( 107.0000000000000000, 37.00000000000000000, -74.50000000000001421 ) ) ;
#2006 = CARTESIAN_POINT ( 'NONE',  ( 0.000000000000000000, 32.00000000000000000, -0.000000000000000000 ) ) ;
#2007 = AXIS2_PLACEMENT_3D ( 'NONE', #75, #2519, #884 ) ;
#2008 = FACE_OUTER_BOUND ( 'NONE', #492, .T. ) ;
#2009 = VECTOR ( 'NONE', #2753, 1000.000000000000000 ) ;
#2010 = CARTESIAN_POINT ( 'NONE',  ( 55.00000000000000711, 16.99999999999999645, -12.34957498025365830 ) ) ;
#2011 = FACE_OUTER_BOUND ( 'NONE', #2073, .T. ) ;
#2012 = ORIENTED_EDGE ( 'NONE', *, *, #980, .T. ) ;
#2013 = DIRECTION ( 'NONE',  ( 0.000000000000000000, -1.000000000000000000, 0.000000000000000000 ) ) ;
#2014 = EDGE_LOOP ( 'NONE', ( #3292, #2166, #2064, #2269 ) ) ;
#2015 = DIRECTION ( 'NONE',  ( 1.923451982994741773E-16, 0.000000000000000000, 1.000000000000000000 ) ) ;
#2016 = DIRECTION ( 'NONE',  ( 0.000000000000000000, -1.000000000000000000, 0.000000000000000000 ) ) ;
#2017 = VERTEX_POINT ( 'NONE', #2795 ) ;
#2018 = VERTEX_POINT ( 'NONE', #2254 ) ;
#2019 = CARTESIAN_POINT ( 'NONE',  ( 2.000000000000000000, 37.00000000000000000, -49.50000000000000000 ) ) ;
#2020 = LINE ( 'NONE', #3384, #1630 ) ;
#2021 = VECTOR ( 'NONE', #2165, 1000.000000000000000 ) ;
#2022 = ADVANCED_FACE ( 'NONE', ( #2036 ), #3313, .T. ) ;
#2023 = CARTESIAN_POINT ( 'NONE',  ( 107.0000000000000000, 4.999999999999997335, -59.50000000000000000 ) ) ;
#2024 = VECTOR ( 'NONE', #2174, 1000.000000000000000 ) ;
#2025 = FACE_OUTER_BOUND ( 'NONE', #2511, .T. ) ;
#2026 = CARTESIAN_POINT ( 'NONE',  ( 2.000000000000001776, 32.00000000000000000, -69.50000000000000000 ) ) ;
#2027 = ORIENTED_EDGE ( 'NONE', *, *, #931, .T. ) ;
#2028 = CARTESIAN_POINT ( 'NONE',  ( 19.99999999999999645, 34.99999999999999289, 0.000000000000000000 ) ) ;
#2029 = EDGE_CURVE ( 'NONE', #1151, #2549, #2551, .T. ) ;
#2030 = ORIENTED_EDGE ( 'NONE', *, *, #226, .F. ) ;
#2031 = DIRECTION ( 'NONE',  ( 0.000000000000000000, 0.000000000000000000, -1.000000000000000000 ) ) ;
#2032 = VERTEX_POINT ( 'NONE', #2502 ) ;
#2033 = CARTESIAN_POINT ( 'NONE',  ( 1000.000000000000000, 32.00000000000000000, -19.50000000000000355 ) ) ;
#2034 = ORIENTED_EDGE ( 'NONE', *, *, #1071, .T. ) ;
#2035 = ORIENTED_EDGE ( 'NONE', *, *, #1642, .F. ) ;
#2036 = FACE_OUTER_BOUND ( 'NONE', #1620, .T. ) ;
#2037 = PLANE ( 'NONE',  #3379 ) ;
#2038 = VECTOR ( 'NONE', #2679, 1000.000000000000000 ) ;
#2039 = CARTESIAN_POINT ( 'NONE',  ( 1000.000000000000000, 0.000000000000000000, -84.50000000000000000 ) ) ;
#2040 = DIRECTION ( 'NONE',  ( 0.000000000000000000, 0.000000000000000000, -1.000000000000000000 ) ) ;
#2041 = PLANE ( 'NONE',  #2200 ) ;
#2042 = ORIENTED_EDGE ( 'NONE', *, *, #1462, .F. ) ;
#2043 = ADVANCED_FACE ( 'NONE', ( #1450 ), #2534, .T. ) ;
#2044 = CARTESIAN_POINT ( 'NONE',  ( 25.00000000000000711, 34.99999999999999289, -12.34957498025365830 ) ) ;
#2045 = ORIENTED_EDGE ( 'NONE', *, *, #1290, .F. ) ;
#2046 = LINE ( 'NONE', #3122, #3184 ) ;
#2047 = EDGE_CURVE ( 'NONE', #1301, #1057, #2110, .T. ) ;
#2048 = EDGE_LOOP ( 'NONE', ( #1561, #1284, #3419, #2840 ) ) ;
#2049 = ORIENTED_EDGE ( 'NONE', *, *, #37, .F. ) ;
#2051 = DIRECTION ( 'NONE',  ( -0.000000000000000000, 1.000000000000000000, -0.000000000000000000 ) ) ;
#2050 = CARTESIAN_POINT ( 'NONE',  ( 107.0000000000000000, 4.999999999999997335, -39.50000000000000000 ) ) ;
#2052 = ORIENTED_EDGE ( 'NONE', *, *, #3345, .F. ) ;
#2053 = VECTOR ( 'NONE', #7, 1000.000000000000000 ) ;
#2054 = VERTEX_POINT ( 'NONE', #479 ) ;
#2055 = DIRECTION ( 'NONE',  ( -1.000000000000000000, 0.000000000000000000, -0.000000000000000000 ) ) ;
#2056 = CARTESIAN_POINT ( 'NONE',  ( 49.99999999999999289, 16.99999999999999645, -12.34957498025365652 ) ) ;
#2057 = VECTOR ( 'NONE', #1524, 1000.000000000000000 ) ;
#2058 = LINE ( 'NONE', #918, #3003 ) ;
#2059 = ADVANCED_FACE ( 'NONE', ( #2357 ), #1847, .T. ) ;
#2060 = CARTESIAN_POINT ( 'NONE',  ( 65.00000000000000000, 37.00000000000000000, -0.000000000000000000 ) ) ;
#2061 = AXIS2_PLACEMENT_3D ( 'NONE', #2622, #2605, #2055 ) ;
#2062 = LINE ( 'NONE', #3161, #2365 ) ;
#2063 = ORIENTED_EDGE ( 'NONE', *, *, #2201, .F. ) ;
#2064 = ORIENTED_EDGE ( 'NONE', *, *, #2936, .F. ) ;
#2065 = PLANE ( 'NONE',  #3465 ) ;
#2066 = AXIS2_PLACEMENT_3D ( 'NONE', #3413, #491, #186 ) ;
#2067 = CARTESIAN_POINT ( 'NONE',  ( 1000.000000000000000, 5.000000000000000888, 0.000000000000000000 ) ) ;
#2068 = ORIENTED_EDGE ( 'NONE', *, *, #835, .F. ) ;
#2069 = EDGE_CURVE ( 'NONE', #1985, #2844, #160, .T. ) ;
#2071 = CARTESIAN_POINT ( 'NONE',  ( 105.0000000000000000, 2.000000000000000000, -92.50000000000000000 ) ) ;
#2070 = DIRECTION ( 'NONE',  ( 3.469446951953611724E-16, 0.000000000000000000, 1.000000000000000000 ) ) ;
#2072 = ORIENTED_EDGE ( 'NONE', *, *, #1653, .T. ) ;
#2073 = EDGE_LOOP ( 'NONE', ( #697, #1872, #2584, #599 ) ) ;
#2074 = EDGE_CURVE ( 'NONE', #568, #2819, #1291, .T. ) ;
#2075 = PLANE ( 'NONE',  #2516 ) ;
#2076 = DIRECTION ( 'NONE',  ( -1.000000000000000000, 0.000000000000000000, -0.000000000000000000 ) ) ;
#2077 = AXIS2_PLACEMENT_3D ( 'NONE', #3173, #3095, #1467 ) ;
#2078 = VECTOR ( 'NONE', #2232, 1000.000000000000000 ) ;
#2079 = DIRECTION ( 'NONE',  ( 0.000000000000000000, 0.000000000000000000, -1.000000000000000000 ) ) ;
#2080 = DIRECTION ( 'NONE',  ( 0.000000000000000000, -0.000000000000000000, -1.000000000000000000 ) ) ;
#2081 = LINE ( 'NONE', #430, #2871 ) ;
#2082 = ORIENTED_EDGE ( 'NONE', *, *, #2594, .F. ) ;
#2083 = VECTOR ( 'NONE', #3442, 1000.000000000000000 ) ;
#2084 = PLANE ( 'NONE',  #3295 ) ;
#2085 = ORIENTED_EDGE ( 'NONE', *, *, #1136, .F. ) ;
#2086 = VECTOR ( 'NONE', #2606, 1000.000000000000000 ) ;
#2087 = DIRECTION ( 'NONE',  ( -1.000000000000000000, -0.000000000000000000, -0.000000000000000000 ) ) ;
#2088 = ORIENTED_EDGE ( 'NONE', *, *, #2201, .T. ) ;
#2089 = CARTESIAN_POINT ( 'NONE',  ( 104.9999999999999858, 32.00000000000000000, -34.50000000000000000 ) ) ;
#2090 = ORIENTED_EDGE ( 'NONE', *, *, #917, .F. ) ;
#2091 = EDGE_CURVE ( 'NONE', #1912, #959, #1499, .T. ) ;
#2092 = ORIENTED_EDGE ( 'NONE', *, *, #671, .F. ) ;
#2093 = CARTESIAN_POINT ( 'NONE',  ( 107.0000000000000000, 37.00000000000000000, -34.50000000000000000 ) ) ;
#2094 = CARTESIAN_POINT ( 'NONE',  ( 0.000000000000000000, 32.00000000000000000, -34.50000000000000000 ) ) ;
#2095 = EDGE_CURVE ( 'NONE', #959, #2347, #2660, .T. ) ;
#2096 = ORIENTED_EDGE ( 'NONE', *, *, #934, .F. ) ;
#2097 = LINE ( 'NONE', #2149, #1082 ) ;
#2098 = LINE ( 'NONE', #993, #2057 ) ;
#2099 = DIRECTION ( 'NONE',  ( 0.000000000000000000, -1.000000000000000000, 0.000000000000000000 ) ) ;
#2100 = ORIENTED_EDGE ( 'NONE', *, *, #37, .T. ) ;
#2101 = VECTOR ( 'NONE', #1639, 1000.000000000000000 ) ;
#2102 = DIRECTION ( 'NONE',  ( 0.000000000000000000, -1.000000000000000000, 0.000000000000000000 ) ) ;
#2103 = CARTESIAN_POINT ( 'NONE',  ( 84.99999999999998579, 34.99999999999999289, -84.50000000000000000 ) ) ;
#2104 = ORIENTED_EDGE ( 'NONE', *, *, #3258, .T. ) ;
#2105 = CARTESIAN_POINT ( 'NONE',  ( 1000.000000000000000, 5.000000000000000888, 0.000000000000000000 ) ) ;
#2106 = EDGE_CURVE ( 'NONE', #477, #3293, #3171, .T. ) ;
#2107 = ORIENTED_EDGE ( 'NONE', *, *, #3278, .T. ) ;
#2108 = ORIENTED_EDGE ( 'NONE', *, *, #1157, .T. ) ;
#2109 = EDGE_CURVE ( 'NONE', #170, #1381, #2847, .T. ) ;
#2110 = LINE ( 'NONE', #2885, #193 ) ;
#2111 = VECTOR ( 'NONE', #3462, 1000.000000000000000 ) ;
#2112 = DIRECTION ( 'NONE',  ( -0.000000000000000000, 1.000000000000000000, -0.000000000000000000 ) ) ;
#2113 = VERTEX_POINT ( 'NONE', #426 ) ;
#2114 = EDGE_CURVE ( 'NONE', #2497, #3061, #444, .T. ) ;
#2115 = DIRECTION ( 'NONE',  ( 0.000000000000000000, -1.000000000000000000, 0.000000000000000000 ) ) ;
#2116 = LINE ( 'NONE', #1603, #2739 ) ;
#2117 = DIRECTION ( 'NONE',  ( -1.923451982994741773E-16, 0.000000000000000000, -1.000000000000000000 ) ) ;
#2118 = VERTEX_POINT ( 'NONE', #1252 ) ;
#2119 = EDGE_CURVE ( 'NONE', #1477, #648, #3135, .T. ) ;
#2120 = VECTOR ( 'NONE', #2325, 1000.000000000000000 ) ;
#2121 = CARTESIAN_POINT ( 'NONE',  ( 49.99999999999999289, 37.00000000000000000, -0.000000000000000000 ) ) ;
#2122 = ORIENTED_EDGE ( 'NONE', *, *, #2912, .F. ) ;
#2123 = CARTESIAN_POINT ( 'NONE',  ( 85.00000000000000000, 37.00000000000000000, -12.34957498025365830 ) ) ;
#2124 = EDGE_LOOP ( 'NONE', ( #462, #406, #1393, #794 ) ) ;
#2125 = DIRECTION ( 'NONE',  ( 0.000000000000000000, 0.000000000000000000, 1.000000000000000000 ) ) ;
#2126 = ORIENTED_EDGE ( 'NONE', *, *, #846, .F. ) ;
#2127 = LINE ( 'NONE', #689, #3249 ) ;
#2128 = LINE ( 'NONE', #247, #2649 ) ;
#2129 = ORIENTED_EDGE ( 'NONE', *, *, #3456, .T. ) ;
#2130 = DIRECTION ( 'NONE',  ( 0.000000000000000000, 0.000000000000000000, 1.000000000000000000 ) ) ;
#2131 = DIRECTION ( 'NONE',  ( 0.000000000000000000, -1.000000000000000000, 0.000000000000000000 ) ) ;
#2132 = DIRECTION ( 'NONE',  ( 0.000000000000000000, 0.000000000000000000, 1.000000000000000000 ) ) ;
#2133 = VERTEX_POINT ( 'NONE', #194 ) ;
#2134 = EDGE_CURVE ( 'NONE', #1532, #2807, #1305, .T. ) ;
#2135 = VECTOR ( 'NONE', #2541, 1000.000000000000000 ) ;
#2136 = DIRECTION ( 'NONE',  ( -0.000000000000000000, 1.000000000000000000, -0.000000000000000000 ) ) ;
#2137 = LINE ( 'NONE', #1249, #3420 ) ;
#2138 = DIRECTION ( 'NONE',  ( 0.000000000000000000, -1.000000000000000000, 0.000000000000000000 ) ) ;
#2139 = EDGE_LOOP ( 'NONE', ( #1643, #2426, #2104, #262 ) ) ;
#2140 = DIRECTION ( 'NONE',  ( -1.000000000000000000, 0.000000000000000000, -0.000000000000000000 ) ) ;
#2141 = AXIS2_PLACEMENT_3D ( 'NONE', #1231, #2899, #2353 ) ;
#2142 = EDGE_LOOP ( 'NONE', ( #1128, #824, #1432, #2565 ) ) ;
#2143 = PERSON_AND_ORGANIZATION_ROLE ( 'design_owner' ) ;
#2144 = VECTOR ( 'NONE', #1479, 1000.000000000000000 ) ;
#2145 = VERTEX_POINT ( 'NONE', #3470 ) ;
#2146 = ADVANCED_FACE ( 'NONE', ( #3454 ), #2075, .T. ) ;
#2147 = DIRECTION ( 'NONE',  ( -1.000000000000000000, -0.000000000000000000, -0.000000000000000000 ) ) ;
#2148 = ORIENTED_EDGE ( 'NONE', *, *, #231, .T. ) ;
#2149 = CARTESIAN_POINT ( 'NONE',  ( 0.000000000000000000, -0.000000000000000000, -49.50000000000000000 ) ) ;
#2150 = CARTESIAN_POINT ( 'NONE',  ( 1000.000000000000000, 0.000000000000000000, -54.50000000000000711 ) ) ;
#2151 = LINE ( 'NONE', #3210, #2859 ) ;
#2152 = ORIENTED_EDGE ( 'NONE', *, *, #3451, .F. ) ;
#2153 = PLANE ( 'NONE',  #3411 ) ;
#2154 = FACE_OUTER_BOUND ( 'NONE', #2514, .T. ) ;
#2155 = EDGE_CURVE ( 'NONE', #945, #1151, #2127, .T. ) ;
#2156 = LINE ( 'NONE', #543, #1287 ) ;
#2157 = EDGE_LOOP ( 'NONE', ( #750, #2933, #3121, #2372 ) ) ;
#2158 = CARTESIAN_POINT ( 'NONE',  ( 107.0000000000000000, 4.999999999999997335, 0.000000000000000000 ) ) ;
#2160 = ORIENTED_EDGE ( 'NONE', *, *, #98, .T. ) ;
#2159 = VECTOR ( 'NONE', #868, 1000.000000000000000 ) ;
#2161 = EDGE_CURVE ( 'NONE', #2280, #1341, #2375, .T. ) ;
#2162 = DATE_TIME_ROLE ( 'creation_date' ) ;
#2163 = VERTEX_POINT ( 'NONE', #3155 ) ;
#2164 = VECTOR ( 'NONE', #3355, 1000.000000000000000 ) ;
#2165 = DIRECTION ( 'NONE',  ( 0.000000000000000000, 0.000000000000000000, 1.000000000000000000 ) ) ;
#2166 = ORIENTED_EDGE ( 'NONE', *, *, #387, .T. ) ;
#2167 = AXIS2_PLACEMENT_3D ( 'NONE', #721, #1020, #3463 ) ;
#2168 = LINE ( 'NONE', #3245, #1760 ) ;
#2169 = CARTESIAN_POINT ( 'NONE',  ( 60.00000000000000000, 16.99999999999999645, -12.34957498025365652 ) ) ;
#2170 = FACE_OUTER_BOUND ( 'NONE', #620, .T. ) ;
#2171 = CC_DESIGN_DATE_AND_TIME_ASSIGNMENT ( #1881, #2162, ( #3315 ) ) ;
#2172 = LINE ( 'NONE', #1958, #2498 ) ;
#2173 = DIRECTION ( 'NONE',  ( 0.000000000000000000, 0.000000000000000000, 1.000000000000000000 ) ) ;
#2174 = DIRECTION ( 'NONE',  ( -0.000000000000000000, 1.000000000000000000, -0.000000000000000000 ) ) ;
#2175 = EDGE_LOOP ( 'NONE', ( #2189, #1601, #1267, #2045 ) ) ;
#2176 = FACE_OUTER_BOUND ( 'NONE', #1684, .T. ) ;
#2177 = VECTOR ( 'NONE', #1923, 1000.000000000000000 ) ;
#2178 = ORIENTED_EDGE ( 'NONE', *, *, #2369, .F. ) ;
#2179 = DATE_AND_TIME ( #1950, #209 ) ;
#2180 = VECTOR ( 'NONE', #2320, 1000.000000000000000 ) ;
#2181 = ORIENTED_EDGE ( 'NONE', *, *, #1270, .T. ) ;
#2182 = EDGE_CURVE ( 'NONE', #945, #3017, #990, .T. ) ;
#2183 = VECTOR ( 'NONE', #1666, 1000.000000000000000 ) ;
#2184 = DIRECTION ( 'NONE',  ( 0.000000000000000000, -1.000000000000000000, 0.000000000000000000 ) ) ;
#2185 = EDGE_LOOP ( 'NONE', ( #3183, #2827, #2712, #3091 ) ) ;
#2186 = CARTESIAN_POINT ( 'NONE',  ( 105.0000000000000000, 37.00000000000000000, -34.50000000000000000 ) ) ;
#2187 = FACE_OUTER_BOUND ( 'NONE', #1814, .T. ) ;
#2188 = CARTESIAN_POINT ( 'NONE',  ( 1000.000000000000000, 32.00000000000000000, -34.50000000000000000 ) ) ;
#2189 = ORIENTED_EDGE ( 'NONE', *, *, #2328, .T. ) ;
#2190 = DIRECTION ( 'NONE',  ( -1.923451982994741773E-16, 0.000000000000000000, -1.000000000000000000 ) ) ;
#2191 = FACE_BOUND ( 'NONE', #1243, .T. ) ;
#2192 = DIRECTION ( 'NONE',  ( 0.000000000000000000, 0.000000000000000000, -1.000000000000000000 ) ) ;
#2193 = ORIENTED_EDGE ( 'NONE', *, *, #1259, .T. ) ;
#2194 = DIRECTION ( 'NONE',  ( 0.000000000000000000, -1.000000000000000000, 0.000000000000000000 ) ) ;
#2195 = EDGE_LOOP ( 'NONE', ( #2916, #200, #3069, #141 ) ) ;
#2196 = DIRECTION ( 'NONE',  ( 1.000000000000000000, 0.000000000000000000, -0.000000000000000000 ) ) ;
#2197 =( NAMED_UNIT ( * ) PLANE_ANGLE_UNIT ( ) SI_UNIT ( $, .RADIAN. ) );
#2198 = ORIENTED_EDGE ( 'NONE', *, *, #2409, .T. ) ;
#2199 = AXIS2_PLACEMENT_3D ( 'NONE', #2661, #1292, #3471 ) ;
#2200 = AXIS2_PLACEMENT_3D ( 'NONE', #1836, #2326, #3117 ) ;
#2201 = EDGE_CURVE ( 'NONE', #3253, #487, #1541, .T. ) ;
#2202 = ORIENTED_EDGE ( 'NONE', *, *, #463, .F. ) ;
#2203 = LINE ( 'NONE', #848, #961 ) ;
#2204 = CARTESIAN_POINT ( 'NONE',  ( 0.000000000000000000, 32.00000000000000000, -0.000000000000000000 ) ) ;
#2205 = EDGE_CURVE ( 'NONE', #1177, #450, #1008, .T. ) ;
#2206 = LINE ( 'NONE', #1990, #729 ) ;
#2207 = ORIENTED_EDGE ( 'NONE', *, *, #512, .T. ) ;
#2208 = ORIENTED_EDGE ( 'NONE', *, *, #1285, .T. ) ;
#2209 = CARTESIAN_POINT ( 'NONE',  ( 75.00000000000000000, 34.99999999999999289, -84.50000000000000000 ) ) ;
#2210 = LINE ( 'NONE', #2491, #1781 ) ;
#2211 = PLANE ( 'NONE',  #385 ) ;
#2212 = ORIENTED_EDGE ( 'NONE', *, *, #895, .T. ) ;
#2213 = LINE ( 'NONE', #1092, #805 ) ;
#2214 = ORIENTED_EDGE ( 'NONE', *, *, #246, .T. ) ;
#2215 = CARTESIAN_POINT ( 'NONE',  ( 45.00000000000001421, 34.99999999999999289, -12.34957498025365830 ) ) ;
#2216 = CARTESIAN_POINT ( 'NONE',  ( 1000.000000000000000, 5.000000000000000888, 0.000000000000000000 ) ) ;
#2217 = EDGE_LOOP ( 'NONE', ( #2193, #3034, #2614, #1934 ) ) ;
#2218 = AXIS2_PLACEMENT_3D ( 'NONE', #554, #1153, #288 ) ;
#2219 = ORIENTED_EDGE ( 'NONE', *, *, #391, .T. ) ;
#2220 = EDGE_CURVE ( 'NONE', #2695, #204, #2903, .T. ) ;
#2221 = CARTESIAN_POINT ( 'NONE',  ( 0.000000000000000000, 32.00000000000000000, -54.50000000000000711 ) ) ;
#2222 = LINE ( 'NONE', #3227, #1721 ) ;
#2223 = CARTESIAN_POINT ( 'NONE',  ( 2.000000000000000000, 37.00000000000000000, -39.50000000000000000 ) ) ;
#2224 = EDGE_CURVE ( 'NONE', #755, #2296, #778, .T. ) ;
#2225 = DIRECTION ( 'NONE',  ( 0.000000000000000000, 1.000000000000000000, 0.000000000000000000 ) ) ;
#2226 = CARTESIAN_POINT ( 'NONE',  ( 1000.000000000000000, 5.000000000000000888, 0.000000000000000000 ) ) ;
#2227 = LINE ( 'NONE', #1960, #1064 ) ;
#2228 = ORIENTED_EDGE ( 'NONE', *, *, #421, .F. ) ;
#2229 = VECTOR ( 'NONE', #2543, 1000.000000000000000 ) ;
#2230 = DIRECTION ( 'NONE',  ( 0.000000000000000000, 0.000000000000000000, -1.000000000000000000 ) ) ;
#2231 = ORIENTED_EDGE ( 'NONE', *, *, #1218, .F. ) ;
#2232 = DIRECTION ( 'NONE',  ( -1.000000000000000000, -0.000000000000000000, -0.000000000000000000 ) ) ;
#2233 = ORIENTED_EDGE ( 'NONE', *, *, #1415, .F. ) ;
#2234 = AXIS2_PLACEMENT_3D ( 'NONE', #3317, #1745, #2799 ) ;
#2235 = VECTOR ( 'NONE', #969, 1000.000000000000000 ) ;
#2236 = ORIENTED_EDGE ( 'NONE', *, *, #1356, .F. ) ;
#2237 = AXIS2_PLACEMENT_3D ( 'NONE', #3125, #2016, #652 ) ;
#2238 = DIRECTION ( 'NONE',  ( 0.000000000000000000, 0.000000000000000000, 1.000000000000000000 ) ) ;
#2239 = DIRECTION ( 'NONE',  ( -1.000000000000000000, 0.000000000000000000, 0.000000000000000000 ) ) ;
#2240 = CARTESIAN_POINT ( 'NONE',  ( 1000.000000000000000, 5.000000000000000888, -49.50000000000000000 ) ) ;
#2241 = CARTESIAN_POINT ( 'NONE',  ( 106.9999999999999858, 32.00000000000000000, -24.50000000000000711 ) ) ;
#2242 = FACE_BOUND ( 'NONE', #97, .T. ) ;
#2243 = DIRECTION ( 'NONE',  ( 0.000000000000000000, 0.000000000000000000, 1.000000000000000000 ) ) ;
#2244 = ORIENTED_EDGE ( 'NONE', *, *, #387, .F. ) ;
#2245 = EDGE_CURVE ( 'NONE', #3293, #1180, #3205, .T. ) ;
#2246 = DIRECTION ( 'NONE',  ( 0.000000000000000000, -1.000000000000000000, 0.000000000000000000 ) ) ;
#2247 = VERTEX_POINT ( 'NONE', #2354 ) ;
#2248 = DIRECTION ( 'NONE',  ( 0.000000000000000000, 0.000000000000000000, 1.000000000000000000 ) ) ;
#2249 = ORIENTED_EDGE ( 'NONE', *, *, #2544, .F. ) ;
#2250 = VECTOR ( 'NONE', #885, 1000.000000000000000 ) ;
#2251 = VECTOR ( 'NONE', #398, 1000.000000000000000 ) ;
#2252 = ORIENTED_EDGE ( 'NONE', *, *, #931, .F. ) ;
#2253 = VECTOR ( 'NONE', #1755, 1000.000000000000000 ) ;
#2254 = CARTESIAN_POINT ( 'NONE',  ( 0.000000000000000000, 5.000000000000000888, -29.50000000000000000 ) ) ;
#2255 = LINE ( 'NONE', #3336, #1798 ) ;
#2256 = VECTOR ( 'NONE', #2451, 1000.000000000000000 ) ;
#2257 = DIRECTION ( 'NONE',  ( 0.000000000000000000, 0.000000000000000000, -1.000000000000000000 ) ) ;
#2258 = APPROVAL_PERSON_ORGANIZATION ( #3291, #950, #2988 ) ;
#2259 = DIRECTION ( 'NONE',  ( -1.000000000000000000, -0.000000000000000000, -0.000000000000000000 ) ) ;
#2260 = DIRECTION ( 'NONE',  ( 1.000000000000000000, -0.000000000000000000, 0.000000000000000000 ) ) ;
#2261 = VERTEX_POINT ( 'NONE', #1073 ) ;
#2262 = LINE ( 'NONE', #346, #604 ) ;
#2263 = VERTEX_POINT ( 'NONE', #2071 ) ;
#2264 = EDGE_CURVE ( 'NONE', #1932, #1482, #686, .T. ) ;
#2265 = CARTESIAN_POINT ( 'NONE',  ( 2.000000000000000000, 4.999999999999997335, -29.50000000000000000 ) ) ;
#2266 = CARTESIAN_POINT ( 'NONE',  ( 25.00000000000001066, 37.00000000000000000, -3.606472468115143043E-15 ) ) ;
#2267 = EDGE_CURVE ( 'NONE', #929, #1442, #2881, .T. ) ;
#2268 = ORIENTED_EDGE ( 'NONE', *, *, #573, .T. ) ;
#2269 = ORIENTED_EDGE ( 'NONE', *, *, #1987, .F. ) ;
#2270 = CARTESIAN_POINT ( 'NONE',  ( 1000.000000000000000, 32.00000000000000000, -54.50000000000000711 ) ) ;
#2271 = LINE ( 'NONE', #2006, #1636 ) ;
#2272 = PLANE ( 'NONE',  #1245 ) ;
#2273 = CARTESIAN_POINT ( 'NONE',  ( 106.9999999999999858, 5.000000000000000888, -14.49999999999999822 ) ) ;
#2274 = LINE ( 'NONE', #2291, #1918 ) ;
#2275 = ORIENTED_EDGE ( 'NONE', *, *, #2440, .T. ) ;
#2276 = CARTESIAN_POINT ( 'NONE',  ( 60.00000000000000000, 16.99999999999999645, -84.50000000000000000 ) ) ;
#2277 = ORIENTED_EDGE ( 'NONE', *, *, #3325, .F. ) ;
#2278 = DIRECTION ( 'NONE',  ( -1.000000000000000000, 0.000000000000000000, 0.000000000000000000 ) ) ;
#2279 = VECTOR ( 'NONE', #400, 1000.000000000000000 ) ;
#2280 = VERTEX_POINT ( 'NONE', #3089 ) ;
#2281 = ORIENTED_EDGE ( 'NONE', *, *, #3325, .T. ) ;
#2282 = EDGE_CURVE ( 'NONE', #1995, #947, #1517, .T. ) ;
#2283 = EDGE_LOOP ( 'NONE', ( #563, #373, #1843, #1416 ) ) ;
#2284 = VECTOR ( 'NONE', #1470, 1000.000000000000000 ) ;
#2285 = DIRECTION ( 'NONE',  ( 1.000000000000000000, 0.000000000000000000, -3.469446951953601863E-16 ) ) ;
#2286 = DIRECTION ( 'NONE',  ( -1.000000000000000000, 0.000000000000000000, -0.000000000000000000 ) ) ;
#2287 = EDGE_CURVE ( 'NONE', #1057, #1185, #2137, .T. ) ;
#2288 = MANIFOLD_SOLID_BREP ( 'ÇÐ³ý-À­Éì4', #1559 ) ;
#2289 = FACE_OUTER_BOUND ( 'NONE', #2604, .T. ) ;
#2290 = PLANE ( 'NONE',  #589 ) ;
#2291 = CARTESIAN_POINT ( 'NONE',  ( 105.0000000000000000, 37.00000000000000000, -59.50000000000000000 ) ) ;
#2292 = EDGE_LOOP ( 'NONE', ( #3452, #1719, #1448, #1970 ) ) ;
#2293 = DIRECTION ( 'NONE',  ( -0.000000000000000000, 1.000000000000000000, -0.000000000000000000 ) ) ;
#2294 = VERTEX_POINT ( 'NONE', #2421 ) ;
#2295 = LINE ( 'NONE', #2348, #1199 ) ;
#2296 = VERTEX_POINT ( 'NONE', #3416 ) ;
#2297 = CARTESIAN_POINT ( 'NONE',  ( 107.0000000000000000, 4.999999999999997335, 0.000000000000000000 ) ) ;
#2298 = ORIENTED_EDGE ( 'NONE', *, *, #14, .F. ) ;
#2299 = ORIENTED_EDGE ( 'NONE', *, *, #2106, .F. ) ;
#2300 = ADVANCED_FACE ( 'NONE', ( #3433 ), #2317, .F. ) ;
#2301 = CARTESIAN_POINT ( 'NONE',  ( 2.000000000000001776, 32.00000000000000000, -34.50000000000000000 ) ) ;
#2302 = CARTESIAN_POINT ( 'NONE',  ( 2.000000000000000000, 37.00000000000000000, -14.49999999999999822 ) ) ;
#2303 = AXIS2_PLACEMENT_3D ( 'NONE', #3449, #2656, #1023 ) ;
#2304 = ADVANCED_FACE ( 'NONE', ( #3215 ), #965, .F. ) ;
#2305 = CARTESIAN_POINT ( 'NONE',  ( 35.00000000000000711, 37.00000000000000000, -6.732081940481597980E-15 ) ) ;
#2306 = VECTOR ( 'NONE', #1803, 1000.000000000000000 ) ;
#2307 = FACE_BOUND ( 'NONE', #653, .T. ) ;
#2308 = LINE ( 'NONE', #937, #1805 ) ;
#2309 = ORIENTED_EDGE ( 'NONE', *, *, #2779, .F. ) ;
#2310 = LINE ( 'NONE', #2276, #1339 ) ;
#2311 = ORIENTED_EDGE ( 'NONE', *, *, #2758, .F. ) ;
#2312 = EDGE_CURVE ( 'NONE', #2955, #519, #3378, .T. ) ;
#2313 = CARTESIAN_POINT ( 'NONE',  ( 30.00000000000000000, 16.99999999999999645, -84.50000000000000000 ) ) ;
#2314 = LINE ( 'NONE', #88, #1617 ) ;
#2315 = VERTEX_POINT ( 'NONE', #1874 ) ;
#2317 = PLANE ( 'NONE',  #1900 ) ;
#2316 = DIRECTION ( 'NONE',  ( -1.000000000000000000, 0.000000000000000000, 0.000000000000000000 ) ) ;
#2318 = ORIENTED_EDGE ( 'NONE', *, *, #958, .T. ) ;
#2319 = EDGE_LOOP ( 'NONE', ( #2959, #789, #2068, #2822 ) ) ;
#2320 = DIRECTION ( 'NONE',  ( 0.000000000000000000, -1.000000000000000000, 0.000000000000000000 ) ) ;
#2321 = DIRECTION ( 'NONE',  ( 0.000000000000000000, 0.000000000000000000, -1.000000000000000000 ) ) ;
#2322 = AXIS2_PLACEMENT_3D ( 'NONE', #215, #3475, #2360 ) ;
#2323 = DESIGN_CONTEXT ( 'detailed design', #2811, 'design' ) ;
#2324 = DIRECTION ( 'NONE',  ( 0.000000000000000000, 0.000000000000000000, -1.000000000000000000 ) ) ;
#2325 = DIRECTION ( 'NONE',  ( -1.000000000000000000, 0.000000000000000000, 3.469446951953606300E-16 ) ) ;
#2326 = DIRECTION ( 'NONE',  ( 0.000000000000000000, 0.000000000000000000, -1.000000000000000000 ) ) ;
#2327 = EDGE_LOOP ( 'NONE', ( #2938, #2971, #2034, #910 ) ) ;
#2328 = EDGE_CURVE ( 'NONE', #52, #2443, #2949, .T. ) ;
#2329 = ORIENTED_EDGE ( 'NONE', *, *, #1685, .F. ) ;
#2330 = CARTESIAN_POINT ( 'NONE',  ( 107.0000000000000000, 37.00000000000000000, -44.50000000000000711 ) ) ;
#2331 = CARTESIAN_POINT ( 'NONE',  ( -4.284619527316355035E-15, 34.99999999999999289, -12.34957498025363165 ) ) ;
#2332 = EDGE_CURVE ( 'NONE', #2406, #3323, #1495, .T. ) ;
#2333 = ORIENTED_EDGE ( 'NONE', *, *, #2536, .T. ) ;
#2334 = AXIS2_PLACEMENT_3D ( 'NONE', #754, #2915, #221 ) ;
#2336 = DIRECTION ( 'NONE',  ( -1.000000000000000000, 0.000000000000000000, -0.000000000000000000 ) ) ;
#2335 = DIRECTION ( 'NONE',  ( -1.000000000000000000, -0.000000000000000000, -0.000000000000000000 ) ) ;
#2337 = ORIENTED_EDGE ( 'NONE', *, *, #2224, .F. ) ;
#2338 = EDGE_LOOP ( 'NONE', ( #3026, #3236, #1247, #1854 ) ) ;
#2339 = CARTESIAN_POINT ( 'NONE',  ( 45.00000000000000000, 16.99999999999999645, -84.50000000000000000 ) ) ;
#2340 = CARTESIAN_POINT ( 'NONE',  ( 39.99999999999999289, 37.00000000000000000, -0.000000000000000000 ) ) ;
#2341 = VECTOR ( 'NONE', #2434, 1000.000000000000000 ) ;
#2342 = FACE_BOUND ( 'NONE', #1672, .T. ) ;
#2343 = LINE ( 'NONE', #3424, #1321 ) ;
#2344 = VECTOR ( 'NONE', #1269, 1000.000000000000000 ) ;
#2345 = CARTESIAN_POINT ( 'NONE',  ( 60.00000000000000000, 34.99999999999999289, -12.34957498025365652 ) ) ;
#2346 = ORIENTED_EDGE ( 'NONE', *, *, #2460, .T. ) ;
#2347 = VERTEX_POINT ( 'NONE', #946 ) ;
#2348 = CARTESIAN_POINT ( 'NONE',  ( 0.000000000000000000, 34.99999999999999289, -84.50000000000000000 ) ) ;
#2349 = EDGE_CURVE ( 'NONE', #414, #3253, #669, .T. ) ;
#2350 = DIRECTION ( 'NONE',  ( -1.000000000000000000, 0.000000000000000000, -0.000000000000000000 ) ) ;
#2351 = ORIENTED_EDGE ( 'NONE', *, *, #3192, .F. ) ;
#2352 = EDGE_CURVE ( 'NONE', #1341, #2901, #2823, .T. ) ;
#2354 = CARTESIAN_POINT ( 'NONE',  ( 105.0000000000000000, 2.000000000000000000, 0.000000000000000000 ) ) ;
#2353 = DIRECTION ( 'NONE',  ( 0.000000000000000000, 0.000000000000000000, 1.000000000000000000 ) ) ;
#2355 = ORIENTED_EDGE ( 'NONE', *, *, #2791, .F. ) ;
#2356 = ORIENTED_EDGE ( 'NONE', *, *, #3358, .F. ) ;
#2357 = FACE_OUTER_BOUND ( 'NONE', #615, .T. ) ;
#2358 = CARTESIAN_POINT ( 'NONE',  ( 2.000000000000000000, 37.00000000000000000, -84.50000000000000000 ) ) ;
#2359 = VERTEX_POINT ( 'NONE', #2842 ) ;
#2360 = DIRECTION ( 'NONE',  ( 0.000000000000000000, 0.000000000000000000, 1.000000000000000000 ) ) ;
#2361 = CARTESIAN_POINT ( 'NONE',  ( -4.284619527316354246E-15, 34.99999999999999289, -12.34957498025364941 ) ) ;
#2362 = LINE ( 'NONE', #3100, #2083 ) ;
#2363 = ORIENTED_EDGE ( 'NONE', *, *, #2114, .T. ) ;
#2364 = LOCAL_TIME ( 21, 26, 21.00000000000000000, #2513 ) ;
#2365 = VECTOR ( 'NONE', #1525, 1000.000000000000000 ) ;
#2366 = CC_DESIGN_DATE_AND_TIME_ASSIGNMENT ( #2545, #650, ( #281 ) ) ;
#2367 = DIRECTION ( 'NONE',  ( 0.000000000000000000, 0.000000000000000000, 1.000000000000000000 ) ) ;
#2368 = PLANE ( 'NONE',  #1428 ) ;
#2369 = EDGE_CURVE ( 'NONE', #3256, #230, #2564, .T. ) ;
#2370 = ORIENTED_EDGE ( 'NONE', *, *, #1795, .T. ) ;
#2371 = DIRECTION ( 'NONE',  ( 0.000000000000000000, 0.000000000000000000, 1.000000000000000000 ) ) ;
#2372 = ORIENTED_EDGE ( 'NONE', *, *, #2095, .T. ) ;
#2373 = ORIENTED_EDGE ( 'NONE', *, *, #2465, .F. ) ;
#2374 = ADVANCED_FACE ( 'NONE', ( #3108 ), #422, .F. ) ;
#2375 = LINE ( 'NONE', #2865, #647 ) ;
#2376 = LINE ( 'NONE', #3455, #1401 ) ;
#2377 = VECTOR ( 'NONE', #1765, 1000.000000000000000 ) ;
#2378 = ORIENTED_EDGE ( 'NONE', *, *, #417, .T. ) ;
#2379 = EDGE_CURVE ( 'NONE', #1036, #1637, #154, .T. ) ;
#2380 = LINE ( 'NONE', #3458, #1468 ) ;
#2381 = CARTESIAN_POINT ( 'NONE',  ( 25.00000000000000711, 37.00000000000000000, -12.34957498025365830 ) ) ;
#2382 = LINE ( 'NONE', #1223, #1864 ) ;
#2383 = ORIENTED_EDGE ( 'NONE', *, *, #756, .T. ) ;
#2384 = VECTOR ( 'NONE', #2079, 1000.000000000000000 ) ;
#2385 = EDGE_CURVE ( 'NONE', #1858, #2773, #1232, .T. ) ;
#2386 = DIRECTION ( 'NONE',  ( 0.000000000000000000, 1.000000000000000000, 0.000000000000000000 ) ) ;
#2387 = FACE_OUTER_BOUND ( 'NONE', #3045, .T. ) ;
#2388 = ORIENTED_EDGE ( 'NONE', *, *, #3395, .T. ) ;
#2389 = FACE_OUTER_BOUND ( 'NONE', #1241, .T. ) ;
#2390 = ORIENTED_EDGE ( 'NONE', *, *, #3309, .T. ) ;
#2391 = CARTESIAN_POINT ( 'NONE',  ( 1000.000000000000000, 32.00000000000000000, -59.50000000000000000 ) ) ;
#2392 = EDGE_CURVE ( 'NONE', #767, #3202, #439, .T. ) ;
#2393 = VECTOR ( 'NONE', #256, 1000.000000000000000 ) ;
#2394 = CARTESIAN_POINT ( 'NONE',  ( 1000.000000000000000, 32.00000000000000000, 0.000000000000000000 ) ) ;
#2395 = ORIENTED_EDGE ( 'NONE', *, *, #2500, .T. ) ;
#2396 = FACE_BOUND ( 'NONE', #3167, .T. ) ;
#2397 = CARTESIAN_POINT ( 'NONE',  ( 39.99999999999999289, 34.99999999999999289, -12.34957498025365652 ) ) ;
#2398 = EDGE_CURVE ( 'NONE', #1846, #3075, #1353, .T. ) ;
#2399 = CARTESIAN_POINT ( 'NONE',  ( 1000.000000000000000, 0.000000000000000000, -79.50000000000000000 ) ) ;
#2400 = ORIENTED_EDGE ( 'NONE', *, *, #3237, .F. ) ;
#2401 = AXIS2_PLACEMENT_3D ( 'NONE', #904, #1204, #395 ) ;
#2402 = DIRECTION ( 'NONE',  ( -1.000000000000000000, 0.000000000000000000, 0.000000000000000000 ) ) ;
#2403 = LINE ( 'NONE', #1316, #1744 ) ;
#2404 = VERTEX_POINT ( 'NONE', #1108 ) ;
#2405 = PLANE ( 'NONE',  #2066 ) ;
#2406 = VERTEX_POINT ( 'NONE', #2422 ) ;
#2407 = DIRECTION ( 'NONE',  ( 1.000000000000000000, 0.000000000000000000, 0.000000000000000000 ) ) ;
#2408 = EDGE_LOOP ( 'NONE', ( #1370, #3445, #3340, #2860 ) ) ;
#2409 = EDGE_CURVE ( 'NONE', #1858, #2017, #2403, .T. ) ;
#2410 = PLANE ( 'NONE',  #2927 ) ;
#2411 = ORIENTED_EDGE ( 'NONE', *, *, #1908, .T. ) ;
#2412 = EDGE_CURVE ( 'NONE', #3323, #1057, #2156, .T. ) ;
#2413 = CARTESIAN_POINT ( 'NONE',  ( 0.000000000000000000, 37.00000000000000000, -92.50000000000000000 ) ) ;
#2414 = DIRECTION ( 'NONE',  ( 0.000000000000000000, 0.000000000000000000, -1.000000000000000000 ) ) ;
#2415 = CARTESIAN_POINT ( 'NONE',  ( 75.00000000000001421, 37.00000000000000000, -12.34957498025365830 ) ) ;
#2416 = ORIENTED_EDGE ( 'NONE', *, *, #984, .F. ) ;
#2417 = VECTOR ( 'NONE', #916, 1000.000000000000000 ) ;
#2418 = AXIS2_PLACEMENT_3D ( 'NONE', #1982, #333, #1650 ) ;
#2419 = EDGE_CURVE ( 'NONE', #1036, #3037, #2669, .T. ) ;
#2420 = DIRECTION ( 'NONE',  ( 0.000000000000000000, 1.000000000000000000, 0.000000000000000000 ) ) ;
#2421 = CARTESIAN_POINT ( 'NONE',  ( 105.0000000000000000, 34.99999999999999289, -92.50000000000000000 ) ) ;
#2422 = CARTESIAN_POINT ( 'NONE',  ( 2.000000000000001776, 32.00000000000000000, -74.50000000000001421 ) ) ;
#2423 = ORIENTED_EDGE ( 'NONE', *, *, #832, .F. ) ;
#2424 = CARTESIAN_POINT ( 'NONE',  ( 0.000000000000000000, 0.000000000000000000, 0.000000000000000000 ) ) ;
#2425 = VECTOR ( 'NONE', #1344, 1000.000000000000000 ) ;
#2426 = ORIENTED_EDGE ( 'NONE', *, *, #2931, .F. ) ;
#2427 = FACE_OUTER_BOUND ( 'NONE', #1804, .T. ) ;
#2428 = VECTOR ( 'NONE', #3140, 1000.000000000000000 ) ;
#2429 = ORIENTED_EDGE ( 'NONE', *, *, #1449, .F. ) ;
#2430 = LINE ( 'NONE', #3189, #3329 ) ;
#2431 = EDGE_LOOP ( 'NONE', ( #1944, #459, #1312, #774 ) ) ;
#2432 = EDGE_CURVE ( 'NONE', #3107, #2630, #1590, .T. ) ;
#2433 = CARTESIAN_POINT ( 'NONE',  ( 2.000000000000001776, 5.000000000000000888, -34.50000000000000000 ) ) ;
#2434 = DIRECTION ( 'NONE',  ( -0.000000000000000000, 1.000000000000000000, -0.000000000000000000 ) ) ;
#2435 = CARTESIAN_POINT ( 'NONE',  ( 85.00000000000000000, 34.99999999999999289, -1.634934185545530566E-14 ) ) ;
#2436 = LINE ( 'NONE', #1018, #242 ) ;
#2437 = DIRECTION ( 'NONE',  ( -1.000000000000000000, 0.000000000000000000, 1.923451982994741773E-16 ) ) ;
#2438 = CARTESIAN_POINT ( 'NONE',  ( 79.99999999999998579, 34.99999999999999289, -12.34957498025365652 ) ) ;
#2439 = EDGE_LOOP ( 'NONE', ( #3427, #2984, #366, #2670 ) ) ;
#2440 = EDGE_CURVE ( 'NONE', #861, #1185, #312, .T. ) ;
#2441 = LINE ( 'NONE', #1896, #1465 ) ;
#2443 = VERTEX_POINT ( 'NONE', #2438 ) ;
#2442 = VECTOR ( 'NONE', #3369, 1000.000000000000000 ) ;
#2444 = DIRECTION ( 'NONE',  ( 0.000000000000000000, -1.000000000000000000, 0.000000000000000000 ) ) ;
#2445 = EDGE_LOOP ( 'NONE', ( #109, #2597, #1766, #2277 ) ) ;
#2446 = CARTESIAN_POINT ( 'NONE',  ( 1000.000000000000000, 32.00000000000000000, 0.000000000000000000 ) ) ;
#2447 = ORIENTED_EDGE ( 'NONE', *, *, #1703, .T. ) ;
#2448 = LINE ( 'NONE', #1102, #1135 ) ;
#2449 = VECTOR ( 'NONE', #887, 1000.000000000000000 ) ;
#2450 = DIRECTION ( 'NONE',  ( -1.000000000000000000, 0.000000000000000000, -0.000000000000000000 ) ) ;
#2451 = DIRECTION ( 'NONE',  ( -1.000000000000000000, -0.000000000000000000, -0.000000000000000000 ) ) ;
#2452 = VERTEX_POINT ( 'NONE', #576 ) ;
#2453 = LINE ( 'NONE', #608, #17 ) ;
#2454 = FACE_BOUND ( 'NONE', #2195, .T. ) ;
#2455 = LINE ( 'NONE', #27, #331 ) ;
#2456 = ORIENTED_EDGE ( 'NONE', *, *, #2047, .F. ) ;
#2457 = CARTESIAN_POINT ( 'NONE',  ( 2.000000000000000000, 32.00000000000000000, 0.000000000000000000 ) ) ;
#2458 = VECTOR ( 'NONE', #126, 1000.000000000000000 ) ;
#2459 = EDGE_LOOP ( 'NONE', ( #3025, #998, #1647, #1764 ) ) ;
#2460 = EDGE_CURVE ( 'NONE', #191, #176, #2687, .T. ) ;
#2461 = LINE ( 'NONE', #368, #1968 ) ;
#2462 = PERSON_AND_ORGANIZATION ( #3099, #3276 ) ;
#2463 = VECTOR ( 'NONE', #743, 1000.000000000000000 ) ;
#2464 = ORIENTED_EDGE ( 'NONE', *, *, #827, .T. ) ;
#2465 = EDGE_CURVE ( 'NONE', #2443, #2788, #803, .T. ) ;
#2466 = VECTOR ( 'NONE', #314, 1000.000000000000000 ) ;
#2467 = ORIENTED_EDGE ( 'NONE', *, *, #2812, .F. ) ;
#2468 = DIRECTION ( 'NONE',  ( -1.000000000000000000, 0.000000000000000000, -0.000000000000000000 ) ) ;
#2469 = CARTESIAN_POINT ( 'NONE',  ( 1000.000000000000000, 32.00000000000000000, 0.000000000000000000 ) ) ;
#2470 = DIRECTION ( 'NONE',  ( -1.000000000000000000, 0.000000000000000000, -0.000000000000000000 ) ) ;
#2471 = CARTESIAN_POINT ( 'NONE',  ( 0.000000000000000000, 37.00000000000000000, -84.50000000000000000 ) ) ;
#2472 = CARTESIAN_POINT ( 'NONE',  ( 1000.000000000000000, 5.000000000000000888, -9.499999999999994671 ) ) ;
#2473 = CARTESIAN_POINT ( 'NONE',  ( 0.000000000000000000, 32.00000000000000000, -0.000000000000000000 ) ) ;
#2474 = VERTEX_POINT ( 'NONE', #1127 ) ;
#2475 = DIRECTION ( 'NONE',  ( 0.000000000000000000, -1.000000000000000000, 0.000000000000000000 ) ) ;
#2476 = CC_DESIGN_PERSON_AND_ORGANIZATION_ASSIGNMENT ( #2691, #263, ( #617 ) ) ;
#2477 = VERTEX_POINT ( 'NONE', #3216 ) ;
#2478 = CARTESIAN_POINT ( 'NONE',  ( 1000.000000000000000, 5.000000000000000888, -79.50000000000000000 ) ) ;
#2479 = CALENDAR_DATE ( 2026, 12, 7 ) ;
#2480 = ORIENTED_EDGE ( 'NONE', *, *, #2735, .F. ) ;
#2481 = ADVANCED_FACE ( 'NONE', ( #1662 ), #1333, .F. ) ;
#2482 = VECTOR ( 'NONE', #1759, 1000.000000000000000 ) ;
#2483 = AXIS2_PLACEMENT_3D ( 'NONE', #199, #217, #181 ) ;
#2484 = EDGE_CURVE ( 'NONE', #3461, #3055, #2932, .T. ) ;
#2485 = ORIENTED_EDGE ( 'NONE', *, *, #1375, .T. ) ;
#2486 = DIRECTION ( 'NONE',  ( 1.000000000000000000, 0.000000000000000000, -3.469446951953606300E-16 ) ) ;
#2487 = CARTESIAN_POINT ( 'NONE',  ( 105.0000000000000000, 4.999999999999997335, -14.49999999999999822 ) ) ;
#2488 = DIRECTION ( 'NONE',  ( 0.000000000000000000, 0.000000000000000000, 1.000000000000000000 ) ) ;
#2489 = ADVANCED_FACE ( 'NONE', ( #3499 ), #3233, .T. ) ;
#2490 = FACE_OUTER_BOUND ( 'NONE', #238, .T. ) ;
#2491 = CARTESIAN_POINT ( 'NONE',  ( 107.0000000000000000, 37.00000000000000000, -59.50000000000000000 ) ) ;
#2492 = DIRECTION ( 'NONE',  ( -1.000000000000000000, 0.000000000000000000, -0.000000000000000000 ) ) ;
#2493 = EDGE_LOOP ( 'NONE', ( #2942, #297, #2318, #661 ) ) ;
#2494 = DIRECTION ( 'NONE',  ( -1.000000000000000000, 0.000000000000000000, 0.000000000000000000 ) ) ;
#2495 = ORIENTED_EDGE ( 'NONE', *, *, #1664, .T. ) ;
#2496 = CARTESIAN_POINT ( 'NONE',  ( 105.0000000000000000, 37.00000000000000000, -19.50000000000000355 ) ) ;
#2497 = VERTEX_POINT ( 'NONE', #1052 ) ;
#2498 = VECTOR ( 'NONE', #1909, 1000.000000000000000 ) ;
#2499 = ORIENTED_EDGE ( 'NONE', *, *, #2267, .F. ) ;
#2500 = EDGE_CURVE ( 'NONE', #1042, #1985, #1074, .T. ) ;
#2501 = FACE_OUTER_BOUND ( 'NONE', #645, .T. ) ;
#2502 = CARTESIAN_POINT ( 'NONE',  ( 0.000000000000000000, 32.00000000000000000, -14.49999999999999822 ) ) ;
#2503 = CARTESIAN_POINT ( 'NONE',  ( 0.000000000000000000, 0.000000000000000000, 0.000000000000000000 ) ) ;
#2504 = AXIS2_PLACEMENT_3D ( 'NONE', #1841, #1246, #2350 ) ;
#2505 = CARTESIAN_POINT ( 'NONE',  ( 2.000000000000001776, 5.000000000000000888, -14.49999999999999822 ) ) ;
#2506 = PLANE ( 'NONE',  #2683 ) ;
#2507 = DIRECTION ( 'NONE',  ( -1.000000000000000000, 0.000000000000000000, -0.000000000000000000 ) ) ;
#2508 = ORIENTED_EDGE ( 'NONE', *, *, #382, .F. ) ;
#2509 = VECTOR ( 'NONE', #2386, 1000.000000000000000 ) ;
#2510 = CARTESIAN_POINT ( 'NONE',  ( 34.99999999999999289, 34.99999999999999289, -84.50000000000000000 ) ) ;
#2511 = EDGE_LOOP ( 'NONE', ( #2816, #1519, #1821, #695 ) ) ;
#2512 = CARTESIAN_POINT ( 'NONE',  ( 2.000000000000001776, 32.00000000000000000, -24.50000000000000711 ) ) ;
#2513 = COORDINATED_UNIVERSAL_TIME_OFFSET ( 8, 0, .AHEAD. ) ;
#2514 = EDGE_LOOP ( 'NONE', ( #431, #2281, #1365, #1325 ) ) ;
#2515 = VECTOR ( 'NONE', #39, 1000.000000000000000 ) ;
#2516 = AXIS2_PLACEMENT_3D ( 'NONE', #1521, #3421, #1043 ) ;
#2517 = ORIENTED_EDGE ( 'NONE', *, *, #2864, .T. ) ;
#2518 = CARTESIAN_POINT ( 'NONE',  ( 106.9999999999999858, 5.000000000000000888, -24.50000000000000711 ) ) ;
#2519 = DIRECTION ( 'NONE',  ( 0.000000000000000000, 0.000000000000000000, -1.000000000000000000 ) ) ;
#2520 = DIRECTION ( 'NONE',  ( -1.000000000000000000, -0.000000000000000000, -0.000000000000000000 ) ) ;
#2521 = EDGE_CURVE ( 'NONE', #260, #1574, #2455, .T. ) ;
#2522 = DIRECTION ( 'NONE',  ( -0.000000000000000000, 1.000000000000000000, -0.000000000000000000 ) ) ;
#2523 = LINE ( 'NONE', #2555, #420 ) ;
#2524 = CARTESIAN_POINT ( 'NONE',  ( 2.000000000000001776, 32.00000000000000000, -44.50000000000000711 ) ) ;
#2525 = EDGE_LOOP ( 'NONE', ( #1096, #3223, #3092, #1446 ) ) ;
#2526 = FACE_BOUND ( 'NONE', #1330, .T. ) ;
#2527 = ORIENTED_EDGE ( 'NONE', *, *, #2155, .T. ) ;
#2528 = LINE ( 'NONE', #2478, #751 ) ;
#2529 = ORIENTED_EDGE ( 'NONE', *, *, #547, .T. ) ;
#2530 = VECTOR ( 'NONE', #5, 1000.000000000000000 ) ;
#2531 = ORIENTED_EDGE ( 'NONE', *, *, #912, .F. ) ;
#2532 = ORIENTED_EDGE ( 'NONE', *, *, #1738, .T. ) ;
#2533 = VECTOR ( 'NONE', #1928, 1000.000000000000000 ) ;
#2534 = PLANE ( 'NONE',  #1725 ) ;
#2535 = CARTESIAN_POINT ( 'NONE',  ( 70.00000000000000000, 34.99999999999999289, -84.50000000000000000 ) ) ;
#2536 = EDGE_CURVE ( 'NONE', #3289, #3401, #562, .T. ) ;
#2537 = LINE ( 'NONE', #2305, #2667 ) ;
#2538 = FACE_OUTER_BOUND ( 'NONE', #3275, .T. ) ;
#2539 = FACE_OUTER_BOUND ( 'NONE', #3179, .T. ) ;
#2540 = ORIENTED_EDGE ( 'NONE', *, *, #1117, .T. ) ;
#2541 = DIRECTION ( 'NONE',  ( 0.000000000000000000, 0.000000000000000000, 1.000000000000000000 ) ) ;
#2542 = ORIENTED_EDGE ( 'NONE', *, *, #2887, .F. ) ;
#2543 = DIRECTION ( 'NONE',  ( 0.000000000000000000, 0.000000000000000000, 1.000000000000000000 ) ) ;
#2544 = EDGE_CURVE ( 'NONE', #2054, #1686, #2736, .T. ) ;
#2545 = DATE_AND_TIME ( #1700, #2364 ) ;
#2546 = PLANE ( 'NONE',  #3310 ) ;
#2547 = ADVANCED_FACE ( 'NONE', ( #1627 ), #2211, .T. ) ;
#2548 = AXIS2_PLACEMENT_3D ( 'NONE', #1565, #1255, #2626 ) ;
#2549 = VERTEX_POINT ( 'NONE', #526 ) ;
#2550 = ORIENTED_EDGE ( 'NONE', *, *, #58, .F. ) ;
#2551 = LINE ( 'NONE', #2763, #1156 ) ;
#2552 = CARTESIAN_POINT ( 'NONE',  ( 1000.000000000000000, 32.00000000000000000, -24.50000000000000711 ) ) ;
#2553 = ADVANCED_BREP_SHAPE_REPRESENTATION ( 'jeson', ( #2288, #1753 ), #1068 ) ;
#2554 = DIRECTION ( 'NONE',  ( 0.000000000000000000, 0.000000000000000000, 1.000000000000000000 ) ) ;
#2555 = CARTESIAN_POINT ( 'NONE',  ( 1000.000000000000000, 32.00000000000000000, -44.50000000000000711 ) ) ;
#2556 = FACE_BOUND ( 'NONE', #928, .T. ) ;
#2557 = ORIENTED_EDGE ( 'NONE', *, *, #727, .F. ) ;
#2558 = CARTESIAN_POINT ( 'NONE',  ( 0.000000000000000000, -0.000000000000000000, -79.50000000000000000 ) ) ;
#2559 = EDGE_LOOP ( 'NONE', ( #2096, #2882, #976, #2228 ) ) ;
#2560 = LINE ( 'NONE', #3428, #354 ) ;
#2561 = VECTOR ( 'NONE', #119, 1000.000000000000000 ) ;
#2562 = ORIENTED_EDGE ( 'NONE', *, *, #1384, .T. ) ;
#2563 = ADVANCED_FACE ( 'NONE', ( #259 ), #1144, .T. ) ;
#2564 = LINE ( 'NONE', #2033, #1577 ) ;
#2565 = ORIENTED_EDGE ( 'NONE', *, *, #2074, .F. ) ;
#2566 = EDGE_LOOP ( 'NONE', ( #3500, #1882, #1112, #1823 ) ) ;
#2567 = EDGE_CURVE ( 'NONE', #1637, #2844, #3301, .T. ) ;
#2568 = VECTOR ( 'NONE', #353, 1000.000000000000000 ) ;
#2569 = CARTESIAN_POINT ( 'NONE',  ( 2.000000000000000000, 4.999999999999997335, -59.50000000000000000 ) ) ;
#2570 = CARTESIAN_POINT ( 'NONE',  ( 54.99999999999999289, 34.99999999999999289, -84.50000000000000000 ) ) ;
#2571 = CARTESIAN_POINT ( 'NONE',  ( 1000.000000000000000, 0.000000000000000000, -44.50000000000000711 ) ) ;
#2572 = FACE_OUTER_BOUND ( 'NONE', #1790, .T. ) ;
#2573 = DIRECTION ( 'NONE',  ( -0.000000000000000000, -1.000000000000000000, -0.000000000000000000 ) ) ;
#2574 = ORIENTED_EDGE ( 'NONE', *, *, #2817, .T. ) ;
#2575 = CARTESIAN_POINT ( 'NONE',  ( 1000.000000000000000, 32.00000000000000000, -74.50000000000001421 ) ) ;
#2576 = ORIENTED_EDGE ( 'NONE', *, *, #3456, .F. ) ;
#2577 = LINE ( 'NONE', #2313, #971 ) ;
#2578 = EDGE_CURVE ( 'NONE', #1904, #150, #1729, .T. ) ;
#2579 = ORIENTED_EDGE ( 'NONE', *, *, #1157, .F. ) ;
#2580 = ORIENTED_EDGE ( 'NONE', *, *, #2631, .F. ) ;
#2582 = DIRECTION ( 'NONE',  ( 0.000000000000000000, -0.000000000000000000, -1.000000000000000000 ) ) ;
#2581 = LINE ( 'NONE', #704, #155 ) ;
#2583 = VECTOR ( 'NONE', #2117, 1000.000000000000000 ) ;
#2584 = ORIENTED_EDGE ( 'NONE', *, *, #1642, .T. ) ;
#2585 = ORIENTED_EDGE ( 'NONE', *, *, #2982, .T. ) ;
#2586 = AXIS2_PLACEMENT_3D ( 'NONE', #1996, #630, #1714 ) ;
#2587 = CARTESIAN_POINT ( 'NONE',  ( -4.284619527316354246E-15, 37.00000000000000000, -12.34957498025363165 ) ) ;
#2588 = EDGE_CURVE ( 'NONE', #2776, #2404, #362, .T. ) ;
#2589 = DIRECTION ( 'NONE',  ( 0.000000000000000000, 0.000000000000000000, 1.000000000000000000 ) ) ;
#2590 = AXIS2_PLACEMENT_3D ( 'NONE', #1558, #2316, #2371 ) ;
#2591 = DIRECTION ( 'NONE',  ( -1.000000000000000000, 0.000000000000000000, 0.000000000000000000 ) ) ;
#2592 = AXIS2_PLACEMENT_3D ( 'NONE', #456, #1535, #2582 ) ;
#2593 = PLANE ( 'NONE',  #1379 ) ;
#2594 = EDGE_CURVE ( 'NONE', #2247, #2263, #611, .T. ) ;
#2595 = DIRECTION ( 'NONE',  ( -1.000000000000000000, -0.000000000000000000, -0.000000000000000000 ) ) ;
#2596 = ORIENTED_EDGE ( 'NONE', *, *, #3391, .T. ) ;
#2597 = ORIENTED_EDGE ( 'NONE', *, *, #2845, .T. ) ;
#2598 = DIRECTION ( 'NONE',  ( 0.000000000000000000, -0.000000000000000000, -1.000000000000000000 ) ) ;
#2599 = DIRECTION ( 'NONE',  ( -1.000000000000000000, 0.000000000000000000, -0.000000000000000000 ) ) ;
#2600 = EDGE_LOOP ( 'NONE', ( #2770, #2212, #31, #2714 ) ) ;
#2602 = DIRECTION ( 'NONE',  ( 0.000000000000000000, 0.000000000000000000, 1.000000000000000000 ) ) ;
#2601 = PLANE ( 'NONE',  #1062 ) ;
#2603 = VERTEX_POINT ( 'NONE', #2524 ) ;
#2604 = EDGE_LOOP ( 'NONE', ( #2148, #1430, #989, #1492 ) ) ;
#2605 = DIRECTION ( 'NONE',  ( 0.000000000000000000, 0.000000000000000000, -1.000000000000000000 ) ) ;
#2606 = DIRECTION ( 'NONE',  ( 0.000000000000000000, 0.000000000000000000, 1.000000000000000000 ) ) ;
#2607 = VECTOR ( 'NONE', #2907, 1000.000000000000000 ) ;
#2608 = ADVANCED_FACE ( 'NONE', ( #2539 ), #3066, .T. ) ;
#2609 = DIRECTION ( 'NONE',  ( 0.000000000000000000, 0.000000000000000000, 1.000000000000000000 ) ) ;
#2610 = LINE ( 'NONE', #2908, #1261 ) ;
#2611 = DIRECTION ( 'NONE',  ( 0.000000000000000000, -1.000000000000000000, 0.000000000000000000 ) ) ;
#2612 = EDGE_LOOP ( 'NONE', ( #2843, #2378, #1015, #914 ) ) ;
#2613 = ADVANCED_FACE ( 'NONE', ( #2011, #1160, #2751, #2556, #905, #114, #890, #1994 ), #1943, .F. ) ;
#2614 = ORIENTED_EDGE ( 'NONE', *, *, #1061, .T. ) ;
#2615 = DIRECTION ( 'NONE',  ( 0.000000000000000000, -1.000000000000000000, 0.000000000000000000 ) ) ;
#2616 = DIRECTION ( 'NONE',  ( -1.000000000000000000, 0.000000000000000000, 3.469446951953611724E-16 ) ) ;
#2617 = ORIENTED_EDGE ( 'NONE', *, *, #320, .F. ) ;
#2619 = CARTESIAN_POINT ( 'NONE',  ( -4.284619527316355824E-15, 37.00000000000000000, -12.34957498025363520 ) ) ;
#2618 = DIRECTION ( 'NONE',  ( 0.000000000000000000, -1.000000000000000000, 0.000000000000000000 ) ) ;
#2620 = ORIENTED_EDGE ( 'NONE', *, *, #3467, .T. ) ;
#2621 = ORIENTED_EDGE ( 'NONE', *, *, #2824, .F. ) ;
#2622 = CARTESIAN_POINT ( 'NONE',  ( 1000.000000000000000, 0.000000000000000000, -49.50000000000000000 ) ) ;
#2623 = CARTESIAN_POINT ( 'NONE',  ( 1000.000000000000000, 5.000000000000000888, -84.50000000000000000 ) ) ;
#2624 = ORIENTED_EDGE ( 'NONE', *, *, #1549, .F. ) ;
#2625 = AXIS2_PLACEMENT_3D ( 'NONE', #289, #1363, #2450 ) ;
#2626 = DIRECTION ( 'NONE',  ( 0.000000000000000000, -0.000000000000000000, -1.000000000000000000 ) ) ;
#2627 = CARTESIAN_POINT ( 'NONE',  ( 25.00000000000001066, 16.99999999999999645, -3.606472468115143043E-15 ) ) ;
#2628 = VECTOR ( 'NONE', #3436, 1000.000000000000000 ) ;
#2629 = LINE ( 'NONE', #147, #2868 ) ;
#2630 = VERTEX_POINT ( 'NONE', #1191 ) ;
#2631 = EDGE_CURVE ( 'NONE', #2807, #182, #2274, .T. ) ;
#2632 = VECTOR ( 'NONE', #2494, 1000.000000000000000 ) ;
#2633 = CARTESIAN_POINT ( 'NONE',  ( 106.9999999999999858, 32.00000000000000000, -49.50000000000000000 ) ) ;
#2634 = ORIENTED_EDGE ( 'NONE', *, *, #1438, .F. ) ;
#2635 = EDGE_CURVE ( 'NONE', #3257, #3207, #1206, .T. ) ;
#2636 = CARTESIAN_POINT ( 'NONE',  ( 104.9999999999999858, 5.000000000000000888, -59.50000000000000000 ) ) ;
#2637 = ORIENTED_EDGE ( 'NONE', *, *, #3265, .F. ) ;
#2638 = DIRECTION ( 'NONE',  ( 0.000000000000000000, -0.000000000000000000, -1.000000000000000000 ) ) ;
#2639 = ADVANCED_FACE ( 'NONE', ( #3353 ), #1455, .T. ) ;
#2640 = ORIENTED_EDGE ( 'NONE', *, *, #3367, .F. ) ;
#2641 = EDGE_LOOP ( 'NONE', ( #1289, #3381, #3272, #911 ) ) ;
#2642 = DIRECTION ( 'NONE',  ( 1.000000000000000000, 0.000000000000000000, -3.469446951953611231E-16 ) ) ;
#2643 = FACE_OUTER_BOUND ( 'NONE', #2283, .T. ) ;
#2644 = ORIENTED_EDGE ( 'NONE', *, *, #1007, .T. ) ;
#2645 = PLANE ( 'NONE',  #2322 ) ;
#2646 = LINE ( 'NONE', #748, #1433 ) ;
#2647 = CARTESIAN_POINT ( 'NONE',  ( 105.0000000000000000, 4.999999999999997335, 0.000000000000000000 ) ) ;
#2648 = ORIENTED_EDGE ( 'NONE', *, *, #2742, .F. ) ;
#2649 = VECTOR ( 'NONE', #779, 1000.000000000000000 ) ;
#2650 = VECTOR ( 'NONE', #45, 1000.000000000000000 ) ;
#2651 = CARTESIAN_POINT ( 'NONE',  ( 19.99999999999999645, 37.00000000000000000, -0.000000000000000000 ) ) ;
#2652 = ORIENTED_EDGE ( 'NONE', *, *, #3363, .T. ) ;
#2653 = FACE_OUTER_BOUND ( 'NONE', #1357, .T. ) ;
#2654 = ORIENTED_EDGE ( 'NONE', *, *, #3127, .F. ) ;
#2655 = EDGE_CURVE ( 'NONE', #2497, #1832, #2227, .T. ) ;
#2656 = DIRECTION ( 'NONE',  ( 0.000000000000000000, 0.000000000000000000, -1.000000000000000000 ) ) ;
#2657 = LOCAL_TIME ( 21, 26, 21.00000000000000000, #318 ) ;
#2658 = VERTEX_POINT ( 'NONE', #96 ) ;
#2659 = EDGE_CURVE ( 'NONE', #2133, #1846, #81, .T. ) ;
#2660 = LINE ( 'NONE', #1796, #2180 ) ;
#2661 = CARTESIAN_POINT ( 'NONE',  ( 1000.000000000000000, 0.000000000000000000, -74.50000000000001421 ) ) ;
#2662 = EDGE_LOOP ( 'NONE', ( #1039, #1234, #344, #1271 ) ) ;
#2663 = DIRECTION ( 'NONE',  ( 1.000000000000000000, 0.000000000000000000, -0.000000000000000000 ) ) ;
#2664 = CARTESIAN_POINT ( 'NONE',  ( 2.000000000000000000, 37.00000000000000000, -69.50000000000000000 ) ) ;
#2665 = DIRECTION ( 'NONE',  ( 0.000000000000000000, 0.000000000000000000, 1.000000000000000000 ) ) ;
#2666 = ORIENTED_EDGE ( 'NONE', *, *, #1956, .F. ) ;
#2667 = VECTOR ( 'NONE', #1189, 1000.000000000000000 ) ;
#2668 = CARTESIAN_POINT ( 'NONE',  ( 60.00000000000000000, 16.99999999999999645, 0.000000000000000000 ) ) ;
#2669 = LINE ( 'NONE', #3285, #2986 ) ;
#2670 = ORIENTED_EDGE ( 'NONE', *, *, #703, .T. ) ;
#2671 = FACE_OUTER_BOUND ( 'NONE', #1568, .T. ) ;
#2672 = ORIENTED_EDGE ( 'NONE', *, *, #1136, .T. ) ;
#2673 = ORIENTED_EDGE ( 'NONE', *, *, #1326, .F. ) ;
#2674 = EDGE_CURVE ( 'NONE', #351, #1696, #3372, .T. ) ;
#2675 = VECTOR ( 'NONE', #25, 1000.000000000000000 ) ;
#2676 = CARTESIAN_POINT ( 'NONE',  ( 107.0000000000000000, 37.00000000000000000, -69.50000000000000000 ) ) ;
#2677 = EDGE_CURVE ( 'NONE', #565, #771, #593, .T. ) ;
#2678 = ORIENTED_EDGE ( 'NONE', *, *, #1732, .F. ) ;
#2679 = DIRECTION ( 'NONE',  ( 0.000000000000000000, 0.000000000000000000, -1.000000000000000000 ) ) ;
#2680 = DIRECTION ( 'NONE',  ( -1.000000000000000000, -0.000000000000000000, -0.000000000000000000 ) ) ;
#2681 = CARTESIAN_POINT ( 'NONE',  ( -4.284619527316346357E-15, 37.00000000000000000, -12.34957498025364231 ) ) ;
#2682 = ORIENTED_EDGE ( 'NONE', *, *, #1218, .T. ) ;
#2683 = AXIS2_PLACEMENT_3D ( 'NONE', #1927, #1959, #1677 ) ;
#2684 = VECTOR ( 'NONE', #460, 1000.000000000000000 ) ;
#2685 = CARTESIAN_POINT ( 'NONE',  ( 2.000000000000000000, 32.00000000000000000, 0.000000000000000000 ) ) ;
#2686 = CARTESIAN_POINT ( 'NONE',  ( -4.284619527316340835E-15, 34.99999999999999289, -12.34957498025362810 ) ) ;
#2687 = LINE ( 'NONE', #854, #1229 ) ;
#2688 = ORIENTED_EDGE ( 'NONE', *, *, #1987, .T. ) ;
#2689 = CARTESIAN_POINT ( 'NONE',  ( 25.00000000000001066, 34.99999999999999289, -3.606472468115143043E-15 ) ) ;
#2690 = EDGE_LOOP ( 'NONE', ( #1827, #839, #1785, #2351 ) ) ;
#2691 = PERSON_AND_ORGANIZATION ( #3099, #3276 ) ;
#2692 = ADVANCED_FACE ( 'NONE', ( #63 ), #3083, .T. ) ;
#2693 = ORIENTED_EDGE ( 'NONE', *, *, #703, .F. ) ;
#2694 = CARTESIAN_POINT ( 'NONE',  ( 105.0000000000000000, 4.999999999999997335, -34.50000000000000000 ) ) ;
#2695 = VERTEX_POINT ( 'NONE', #2345 ) ;
#2696 = EDGE_CURVE ( 'NONE', #3037, #1308, #714, .T. ) ;
#2697 = LINE ( 'NONE', #1362, #684 ) ;
#2698 = DIRECTION ( 'NONE',  ( 0.000000000000000000, -1.000000000000000000, 0.000000000000000000 ) ) ;
#2699 = LINE ( 'NONE', #1069, #549 ) ;
#2700 = VECTOR ( 'NONE', #2488, 1000.000000000000000 ) ;
#2701 = VECTOR ( 'NONE', #2013, 1000.000000000000000 ) ;
#2702 = EDGE_CURVE ( 'NONE', #2315, #3207, #2081, .T. ) ;
#2703 = LINE ( 'NONE', #2685, #2053 ) ;
#2704 = CARTESIAN_POINT ( 'NONE',  ( 2.000000000000000000, 4.999999999999997335, -69.50000000000000000 ) ) ;
#2705 = DIRECTION ( 'NONE',  ( 0.000000000000000000, 0.000000000000000000, 1.000000000000000000 ) ) ;
#2706 = VERTEX_POINT ( 'NONE', #413 ) ;
#2707 = PLANE ( 'NONE',  #30 ) ;
#2708 = VECTOR ( 'NONE', #1609, 1000.000000000000000 ) ;
#2709 = ORIENTED_EDGE ( 'NONE', *, *, #367, .T. ) ;
#2710 = CALENDAR_DATE ( 2026, 12, 7 ) ;
#2711 = VECTOR ( 'NONE', #2520, 1000.000000000000000 ) ;
#2712 = ORIENTED_EDGE ( 'NONE', *, *, #1046, .T. ) ;
#2713 = CARTESIAN_POINT ( 'NONE',  ( 0.000000000000000000, 32.00000000000000000, -74.50000000000001421 ) ) ;
#2714 = ORIENTED_EDGE ( 'NONE', *, *, #299, .F. ) ;
#2715 = CARTESIAN_POINT ( 'NONE',  ( 65.00000000000000000, 37.00000000000000000, -84.50000000000000000 ) ) ;
#2716 = CARTESIAN_POINT ( 'NONE',  ( 1000.000000000000000, 5.000000000000000888, -34.50000000000000000 ) ) ;
#2717 = DIRECTION ( 'NONE',  ( 0.000000000000000000, 1.000000000000000000, 0.000000000000000000 ) ) ;
#2718 = EDGE_CURVE ( 'NONE', #2835, #414, #1567, .T. ) ;
#2719 = DIRECTION ( 'NONE',  ( 1.000000000000000000, -0.000000000000000000, 0.000000000000000000 ) ) ;
#2720 = DIRECTION ( 'NONE',  ( -1.000000000000000000, 0.000000000000000000, 0.000000000000000000 ) ) ;
#2721 = DIRECTION ( 'NONE',  ( -1.000000000000000000, 0.000000000000000000, -0.000000000000000000 ) ) ;
#2722 = ORIENTED_EDGE ( 'NONE', *, *, #2824, .T. ) ;
#2723 = DIRECTION ( 'NONE',  ( 0.000000000000000000, -0.000000000000000000, -1.000000000000000000 ) ) ;
#2724 = EDGE_LOOP ( 'NONE', ( #1951, #1186, #3008, #2042 ) ) ;
#2725 = PLANE ( 'NONE',  #1314 ) ;
#2726 = ORIENTED_EDGE ( 'NONE', *, *, #1285, .F. ) ;
#2727 = FACE_BOUND ( 'NONE', #1557, .T. ) ;
#2728 = ORIENTED_EDGE ( 'NONE', *, *, #1350, .T. ) ;
#2729 = CARTESIAN_POINT ( 'NONE',  ( 105.0000000000000000, 37.00000000000000000, -54.50000000000000711 ) ) ;
#2730 = VECTOR ( 'NONE', #1131, 1000.000000000000000 ) ;
#2731 = CARTESIAN_POINT ( 'NONE',  ( 106.9999999999999858, 5.000000000000000888, -74.50000000000001421 ) ) ;
#2732 = DIRECTION ( 'NONE',  ( 0.000000000000000000, 0.000000000000000000, -1.000000000000000000 ) ) ;
#2733 = FACE_OUTER_BOUND ( 'NONE', #1756, .T. ) ;
#2734 = FACE_OUTER_BOUND ( 'NONE', #685, .T. ) ;
#2735 = EDGE_CURVE ( 'NONE', #3202, #546, #2062, .T. ) ;
#2736 = LINE ( 'NONE', #1390, #3213 ) ;
#2737 = ORIENTED_EDGE ( 'NONE', *, *, #1399, .T. ) ;
#2738 = CARTESIAN_POINT ( 'NONE',  ( 60.00000000000000000, 34.99999999999999289, -84.50000000000000000 ) ) ;
#2739 = VECTOR ( 'NONE', #1256, 1000.000000000000000 ) ;
#2740 = ORIENTED_EDGE ( 'NONE', *, *, #533, .T. ) ;
#2741 = CARTESIAN_POINT ( 'NONE',  ( 0.000000000000000000, 37.00000000000000000, 0.000000000000000000 ) ) ;
#2742 = EDGE_CURVE ( 'NONE', #2404, #2163, #2832, .T. ) ;
#2743 = ORIENTED_EDGE ( 'NONE', *, *, #2821, .T. ) ;
#2744 = EDGE_CURVE ( 'NONE', #1151, #1317, #1489, .T. ) ;
#2745 = ORIENTED_EDGE ( 'NONE', *, *, #876, .F. ) ;
#2746 = CARTESIAN_POINT ( 'NONE',  ( 70.00000000000000000, 37.00000000000000000, -84.50000000000000000 ) ) ;
#2747 = LINE ( 'NONE', #2977, #2341 ) ;
#2748 = DIRECTION ( 'NONE',  ( -1.000000000000000000, -0.000000000000000000, -0.000000000000000000 ) ) ;
#2749 = CARTESIAN_POINT ( 'NONE',  ( 105.0000000000000000, 32.00000000000000000, 0.000000000000000000 ) ) ;
#2750 = FACE_OUTER_BOUND ( 'NONE', #139, .T. ) ;
#2751 = FACE_BOUND ( 'NONE', #2139, .T. ) ;
#2752 = ORIENTED_EDGE ( 'NONE', *, *, #857, .F. ) ;
#2753 = DIRECTION ( 'NONE',  ( -1.923451982994741773E-16, 0.000000000000000000, -1.000000000000000000 ) ) ;
#2754 = ORIENTED_EDGE ( 'NONE', *, *, #2973, .F. ) ;
#2755 = DIRECTION ( 'NONE',  ( 0.000000000000000000, -1.000000000000000000, 0.000000000000000000 ) ) ;
#2756 = ORIENTED_EDGE ( 'NONE', *, *, #2267, .T. ) ;
#2757 = VECTOR ( 'NONE', #775, 1000.000000000000000 ) ;
#2758 = EDGE_CURVE ( 'NONE', #1038, #2794, #2629, .T. ) ;
#2759 = VECTOR ( 'NONE', #2890, 1000.000000000000000 ) ;
#2760 = VERTEX_POINT ( 'NONE', #2026 ) ;
#2761 = EDGE_CURVE ( 'NONE', #3086, #319, #1278, .T. ) ;
#2762 = CARTESIAN_POINT ( 'NONE',  ( 106.9999999999999858, 5.000000000000000888, -79.50000000000000000 ) ) ;
#2763 = CARTESIAN_POINT ( 'NONE',  ( 1000.000000000000000, 32.00000000000000000, -79.50000000000000000 ) ) ;
#2764 = CARTESIAN_POINT ( 'NONE',  ( 0.000000000000000000, -0.000000000000000000, -34.50000000000000000 ) ) ;
#2765 = LINE ( 'NONE', #2749, #1481 ) ;
#2766 = DIRECTION ( 'NONE',  ( 1.923451982994741773E-16, 0.000000000000000000, 1.000000000000000000 ) ) ;
#2767 = CARTESIAN_POINT ( 'NONE',  ( 105.0000000000000000, 37.00000000000000000, -74.50000000000001421 ) ) ;
#2768 = EDGE_LOOP ( 'NONE', ( #1414, #2654, #208, #2416 ) ) ;
#2769 = LINE ( 'NONE', #2802, #267 ) ;
#2770 = ORIENTED_EDGE ( 'NONE', *, *, #3197, .T. ) ;
#2771 = CARTESIAN_POINT ( 'NONE',  ( 65.00000000000000000, 34.99999999999999289, 0.000000000000000000 ) ) ;
#2772 = COORDINATED_UNIVERSAL_TIME_OFFSET ( 8, 0, .AHEAD. ) ;
#2773 = VERTEX_POINT ( 'NONE', #2910 ) ;
#2774 = AXIS2_PLACEMENT_3D ( 'NONE', #972, #2849, #145 ) ;
#2775 = ADVANCED_FACE ( 'NONE', ( #678 ), #449, .T. ) ;
#2776 = VERTEX_POINT ( 'NONE', #1257 ) ;
#2777 = CARTESIAN_POINT ( 'NONE',  ( 0.000000000000000000, 34.99999999999999289, -84.50000000000000000 ) ) ;
#2778 = DIRECTION ( 'NONE',  ( 0.000000000000000000, 1.000000000000000000, 0.000000000000000000 ) ) ;
#2779 = EDGE_CURVE ( 'NONE', #2905, #3053, #2851, .T. ) ;
#2780 = LINE ( 'NONE', #356, #881 ) ;
#2781 = LINE ( 'NONE', #3030, #2159 ) ;
#2782 = DIRECTION ( 'NONE',  ( 0.000000000000000000, -1.000000000000000000, 0.000000000000000000 ) ) ;
#2783 = DIRECTION ( 'NONE',  ( -0.000000000000000000, 1.000000000000000000, -0.000000000000000000 ) ) ;
#2784 = ORIENTED_EDGE ( 'NONE', *, *, #1859, .T. ) ;
#2785 = CARTESIAN_POINT ( 'NONE',  ( 2.000000000000000000, 4.999999999999997335, 0.000000000000000000 ) ) ;
#2786 = EDGE_LOOP ( 'NONE', ( #2972, #1515, #2640, #1354 ) ) ;
#2787 = DIRECTION ( 'NONE',  ( -0.000000000000000000, 1.000000000000000000, -0.000000000000000000 ) ) ;
#2788 = VERTEX_POINT ( 'NONE', #3425 ) ;
#2789 = VECTOR ( 'NONE', #3476, 1000.000000000000000 ) ;
#2790 = EDGE_CURVE ( 'NONE', #962, #1825, #2362, .T. ) ;
#2791 = EDGE_CURVE ( 'NONE', #1078, #938, #1014, .T. ) ;
#2792 = VECTOR ( 'NONE', #142, 1000.000000000000000 ) ;
#2793 = EDGE_LOOP ( 'NONE', ( #1275, #2355, #2574, #636 ) ) ;
#2794 = VERTEX_POINT ( 'NONE', #3178 ) ;
#2795 = CARTESIAN_POINT ( 'NONE',  ( 105.0000000000000000, 4.999999999999997335, -24.50000000000000711 ) ) ;
#2796 = DIRECTION ( 'NONE',  ( -0.000000000000000000, 1.000000000000000000, -0.000000000000000000 ) ) ;
#2797 = ADVANCED_FACE ( 'NONE', ( #749 ), #2041, .T. ) ;
#2798 = LINE ( 'NONE', #394, #3399 ) ;
#2799 = DIRECTION ( 'NONE',  ( 0.000000000000000000, -0.000000000000000000, -1.000000000000000000 ) ) ;
#2800 = CARTESIAN_POINT ( 'NONE',  ( 105.0000000000000000, 4.999999999999997335, 0.000000000000000000 ) ) ;
#2801 = EDGE_LOOP ( 'NONE', ( #2268, #2617, #1398, #894 ) ) ;
#2802 = CARTESIAN_POINT ( 'NONE',  ( 1000.000000000000000, 32.00000000000000000, -29.50000000000000000 ) ) ;
#2803 = ORIENTED_EDGE ( 'NONE', *, *, #1902, .T. ) ;
#2804 = CARTESIAN_POINT ( 'NONE',  ( 1000.000000000000000, 0.000000000000000000, -44.50000000000000711 ) ) ;
#2805 = DIRECTION ( 'NONE',  ( 0.000000000000000000, 0.000000000000000000, 1.000000000000000000 ) ) ;
#2806 = ORIENTED_EDGE ( 'NONE', *, *, #3451, .T. ) ;
#2807 = VERTEX_POINT ( 'NONE', #974 ) ;
#2808 = VECTOR ( 'NONE', #2573, 1000.000000000000000 ) ;
#2809 = LINE ( 'NONE', #1187, #475 ) ;
#2810 = FACE_OUTER_BOUND ( 'NONE', #1060, .T. ) ;
#2811 = APPLICATION_CONTEXT ( 'configuration controlled 3d designs of mechanical parts and assemblies' ) ;
#2812 = EDGE_CURVE ( 'NONE', #962, #3253, #2382, .T. ) ;
#2813 = DIRECTION ( 'NONE',  ( -1.000000000000000000, 0.000000000000000000, 0.000000000000000000 ) ) ;
#2814 = CARTESIAN_POINT ( 'NONE',  ( 70.00000000000000000, 16.99999999999999645, 0.000000000000000000 ) ) ;
#2815 = DIRECTION ( 'NONE',  ( 1.000000000000000000, 0.000000000000000000, -3.469446951953601863E-16 ) ) ;
#2816 = ORIENTED_EDGE ( 'NONE', *, *, #3080, .T. ) ;
#2817 = EDGE_CURVE ( 'NONE', #1078, #679, #2308, .T. ) ;
#2818 = DIRECTION ( 'NONE',  ( -1.000000000000000000, -0.000000000000000000, -0.000000000000000000 ) ) ;
#2819 = VERTEX_POINT ( 'NONE', #955 ) ;
#2820 = LINE ( 'NONE', #2330, #2279 ) ;
#2821 = EDGE_CURVE ( 'NONE', #1260, #1825, #1782, .T. ) ;
#2822 = ORIENTED_EDGE ( 'NONE', *, *, #675, .F. ) ;
#2823 = LINE ( 'NONE', #405, #2144 ) ;
#2824 = EDGE_CURVE ( 'NONE', #3365, #2163, #165, .T. ) ;
#2825 = VECTOR ( 'NONE', #1294, 1000.000000000000000 ) ;
#2826 = VERTEX_POINT ( 'NONE', #290 ) ;
#2827 = ORIENTED_EDGE ( 'NONE', *, *, #359, .T. ) ;
#2828 = CARTESIAN_POINT ( 'NONE',  ( 1000.000000000000000, 32.00000000000000000, -34.50000000000000000 ) ) ;
#2829 = LINE ( 'NONE', #1219, #602 ) ;
#2830 = CARTESIAN_POINT ( 'NONE',  ( 0.000000000000000000, 37.00000000000000000, 0.000000000000000000 ) ) ;
#2831 = DIRECTION ( 'NONE',  ( -1.000000000000000000, 0.000000000000000000, 0.000000000000000000 ) ) ;
#2832 = LINE ( 'NONE', #2647, #2306 ) ;
#2833 = ORIENTED_EDGE ( 'NONE', *, *, #651, .F. ) ;
#2834 = DIRECTION ( 'NONE',  ( 0.000000000000000000, 0.000000000000000000, -1.000000000000000000 ) ) ;
#2835 = VERTEX_POINT ( 'NONE', #572 ) ;
#2836 = ADVANCED_FACE ( 'NONE', ( #1907 ), #1329, .F. ) ;
#2837 = DIRECTION ( 'NONE',  ( -1.000000000000000000, -0.000000000000000000, -0.000000000000000000 ) ) ;
#2838 = VECTOR ( 'NONE', #1512, 1000.000000000000000 ) ;
#2839 = EDGE_LOOP ( 'NONE', ( #2532, #2012, #3373, #3220 ) ) ;
#2840 = ORIENTED_EDGE ( 'NONE', *, *, #1449, .T. ) ;
#2841 = ADVANCED_FACE ( 'NONE', ( #1604 ), #1364, .T. ) ;
#2842 = CARTESIAN_POINT ( 'NONE',  ( 2.000000000000001776, 32.00000000000000000, -29.50000000000000000 ) ) ;
#2843 = ORIENTED_EDGE ( 'NONE', *, *, #1726, .T. ) ;
#2844 = VERTEX_POINT ( 'NONE', #2415 ) ;
#2845 = EDGE_CURVE ( 'NONE', #1258, #2807, #1641, .T. ) ;
#2846 = AXIS2_PLACEMENT_3D ( 'NONE', #1870, #2131, #2080 ) ;
#2847 = LINE ( 'NONE', #228, #1437 ) ;
#2848 = LINE ( 'NONE', #2340, #942 ) ;
#2849 = DIRECTION ( 'NONE',  ( 0.000000000000000000, 0.000000000000000000, -1.000000000000000000 ) ) ;
#2850 = LINE ( 'NONE', #641, #1952 ) ;
#2851 = LINE ( 'NONE', #486, #1342 ) ;
#2852 = ORIENTED_EDGE ( 'NONE', *, *, #846, .T. ) ;
#2853 = ORIENTED_EDGE ( 'NONE', *, *, #3103, .T. ) ;
#2854 = CARTESIAN_POINT ( 'NONE',  ( 105.0000000000000000, 4.999999999999997335, -54.50000000000000711 ) ) ;
#2855 = CARTESIAN_POINT ( 'NONE',  ( 35.00000000000000711, 37.00000000000000000, -12.34957498025365830 ) ) ;
#2856 = ORIENTED_EDGE ( 'NONE', *, *, #1483, .T. ) ;
#2858 = CARTESIAN_POINT ( 'NONE',  ( 107.0000000000000000, 0.000000000000000000, 0.000000000000000000 ) ) ;
#2857 = PLANE ( 'NONE',  #610 ) ;
#2859 = VECTOR ( 'NONE', #1087, 1000.000000000000000 ) ;
#2860 = ORIENTED_EDGE ( 'NONE', *, *, #1554, .F. ) ;
#2861 = EDGE_CURVE ( 'NONE', #1301, #2406, #1871, .T. ) ;
#2862 = ORIENTED_EDGE ( 'NONE', *, *, #857, .T. ) ;
#2863 = VECTOR ( 'NONE', #3343, 1000.000000000000000 ) ;
#2864 = EDGE_CURVE ( 'NONE', #1961, #3107, #1853, .T. ) ;
#2865 = CARTESIAN_POINT ( 'NONE',  ( 1000.000000000000000, 32.00000000000000000, -9.499999999999994671 ) ) ;
#2866 = DIRECTION ( 'NONE',  ( -1.000000000000000000, -0.000000000000000000, -0.000000000000000000 ) ) ;
#2867 = EDGE_CURVE ( 'NONE', #1177, #3347, #1658, .T. ) ;
#2868 = VECTOR ( 'NONE', #2873, 1000.000000000000000 ) ;
#2869 = AXIS2_PLACEMENT_3D ( 'NONE', #2446, #2941, #518 ) ;
#2870 = CARTESIAN_POINT ( 'NONE',  ( 107.0000000000000000, 32.00000000000000000, 0.000000000000000000 ) ) ;
#2871 = VECTOR ( 'NONE', #734, 1000.000000000000000 ) ;
#2872 = LINE ( 'NONE', #164, #2004 ) ;
#2873 = DIRECTION ( 'NONE',  ( -0.000000000000000000, -1.000000000000000000, 0.000000000000000000 ) ) ;
#2874 = ORIENTED_EDGE ( 'NONE', *, *, #2887, .T. ) ;
#2875 = EDGE_CURVE ( 'NONE', #612, #1019, #1924, .T. ) ;
#2876 = ORIENTED_EDGE ( 'NONE', *, *, #1509, .F. ) ;
#2877 = DIRECTION ( 'NONE',  ( -1.000000000000000000, 0.000000000000000000, -0.000000000000000000 ) ) ;
#2878 = DIRECTION ( 'NONE',  ( 0.000000000000000000, -0.000000000000000000, -1.000000000000000000 ) ) ;
#2879 = VERTEX_POINT ( 'NONE', #234 ) ;
#2881 = LINE ( 'NONE', #3149, #2909 ) ;
#2880 = PLANE ( 'NONE',  #3042 ) ;
#2882 = ORIENTED_EDGE ( 'NONE', *, *, #1685, .T. ) ;
#2883 = ORIENTED_EDGE ( 'NONE', *, *, #2001, .F. ) ;
#2884 = ADVANCED_FACE ( 'NONE', ( #1311 ), #833, .T. ) ;
#2885 = CARTESIAN_POINT ( 'NONE',  ( 1000.000000000000000, 5.000000000000000888, -74.50000000000001421 ) ) ;
#2886 = DIRECTION ( 'NONE',  ( 1.000000000000000000, 0.000000000000000000, 0.000000000000000000 ) ) ;
#2887 = EDGE_CURVE ( 'NONE', #3055, #334, #1386, .T. ) ;
#2888 = FACE_BOUND ( 'NONE', #235, .T. ) ;
#2889 = DIRECTION ( 'NONE',  ( -0.000000000000000000, 1.000000000000000000, -0.000000000000000000 ) ) ;
#2890 = DIRECTION ( 'NONE',  ( 0.000000000000000000, 0.000000000000000000, -1.000000000000000000 ) ) ;
#2891 = ORIENTED_EDGE ( 'NONE', *, *, #2892, .T. ) ;
#2892 = EDGE_CURVE ( 'NONE', #1317, #2477, #2699, .T. ) ;
#2893 = LINE ( 'NONE', #753, #1034 ) ;
#2894 = ORIENTED_EDGE ( 'NONE', *, *, #490, .T. ) ;
#2895 = LINE ( 'NONE', #3429, #968 ) ;
#2896 = EDGE_LOOP ( 'NONE', ( #1263, #2557, #548, #1591 ) ) ;
#2897 = EDGE_CURVE ( 'NONE', #397, #244, #272, .T. ) ;
#2898 = AXIS2_PLACEMENT_3D ( 'NONE', #2668, #2402, #1051 ) ;
#2899 = DIRECTION ( 'NONE',  ( -1.000000000000000000, 0.000000000000000000, 0.000000000000000000 ) ) ;
#2900 = ORIENTED_EDGE ( 'NONE', *, *, #3331, .T. ) ;
#2901 = VERTEX_POINT ( 'NONE', #3460 ) ;
#2902 = CC_DESIGN_PERSON_AND_ORGANIZATION_ASSIGNMENT ( #1614, #283, ( #617 ) ) ;
#2903 = LINE ( 'NONE', #2940, #924 ) ;
#2904 = PLANE ( 'NONE',  #2077 ) ;
#2905 = VERTEX_POINT ( 'NONE', #1104 ) ;
#2906 = VECTOR ( 'NONE', #1126, 1000.000000000000000 ) ;
#2907 = DIRECTION ( 'NONE',  ( -1.000000000000000000, -0.000000000000000000, -0.000000000000000000 ) ) ;
#2908 = CARTESIAN_POINT ( 'NONE',  ( 107.0000000000000000, 37.00000000000000000, -54.50000000000000711 ) ) ;
#2909 = VECTOR ( 'NONE', #1771, 1000.000000000000000 ) ;
#2910 = CARTESIAN_POINT ( 'NONE',  ( 104.9999999999999858, 32.00000000000000000, -19.50000000000000355 ) ) ;
#2911 = ORIENTED_EDGE ( 'NONE', *, *, #1789, .T. ) ;
#2912 = EDGE_CURVE ( 'NONE', #52, #132, #1032, .T. ) ;
#2913 = VECTOR ( 'NONE', #1392, 1000.000000000000000 ) ;
#2914 = DIRECTION ( 'NONE',  ( -0.000000000000000000, -1.000000000000000000, -0.000000000000000000 ) ) ;
#2915 = DIRECTION ( 'NONE',  ( 3.469446951953601863E-16, 0.000000000000000000, 1.000000000000000000 ) ) ;
#2916 = ORIENTED_EDGE ( 'NONE', *, *, #512, .F. ) ;
#2917 = CARTESIAN_POINT ( 'NONE',  ( 0.000000000000000000, 16.99999999999999645, -84.50000000000000000 ) ) ;
#2918 = EDGE_LOOP ( 'NONE', ( #184, #719, #225, #507 ) ) ;
#2919 = ORIENTED_EDGE ( 'NONE', *, *, #1623, .T. ) ;
#2920 = DIRECTION ( 'NONE',  ( 0.000000000000000000, -0.000000000000000000, -1.000000000000000000 ) ) ;
#2921 = CARTESIAN_POINT ( 'NONE',  ( 0.000000000000000000, 4.999999999999997335, -34.50000000000000000 ) ) ;
#2922 = ORIENTED_EDGE ( 'NONE', *, *, #2484, .T. ) ;
#2923 = FACE_BOUND ( 'NONE', #2559, .T. ) ;
#2924 = PLANE ( 'NONE',  #1778 ) ;
#2925 = CARTESIAN_POINT ( 'NONE',  ( 2.000000000000000000, 37.00000000000000000, -74.50000000000001421 ) ) ;
#2926 = EDGE_LOOP ( 'NONE', ( #424, #3101, #403, #855 ) ) ;
#2927 = AXIS2_PLACEMENT_3D ( 'NONE', #2394, #1848, #550 ) ;
#2928 = VECTOR ( 'NONE', #1812, 1000.000000000000000 ) ;
#2929 = CARTESIAN_POINT ( 'NONE',  ( 2.000000000000000000, 4.999999999999997335, 0.000000000000000000 ) ) ;
#2930 = ORIENTED_EDGE ( 'NONE', *, *, #2993, .T. ) ;
#2931 = EDGE_CURVE ( 'NONE', #1308, #1985, #3492, .T. ) ;
#2932 = LINE ( 'NONE', #821, #48 ) ;
#2933 = ORIENTED_EDGE ( 'NONE', *, *, #958, .F. ) ;
#2934 = CARTESIAN_POINT ( 'NONE',  ( 2.000000000000001776, 32.00000000000000000, -64.50000000000000000 ) ) ;
#2935 = ORIENTED_EDGE ( 'NONE', *, *, #2412, .F. ) ;
#2936 = EDGE_CURVE ( 'NONE', #3409, #2315, #2962, .T. ) ;
#2937 = DIRECTION ( 'NONE',  ( 0.000000000000000000, 0.000000000000000000, 1.000000000000000000 ) ) ;
#2938 = ORIENTED_EDGE ( 'NONE', *, *, #727, .T. ) ;
#2939 = EDGE_CURVE ( 'NONE', #1482, #319, #2151, .T. ) ;
#2940 = CARTESIAN_POINT ( 'NONE',  ( 60.00000000000000000, 34.99999999999999289, 0.000000000000000000 ) ) ;
#2941 = DIRECTION ( 'NONE',  ( 0.000000000000000000, -1.000000000000000000, 0.000000000000000000 ) ) ;
#2942 = ORIENTED_EDGE ( 'NONE', *, *, #1768, .T. ) ;
#2943 = PLANE ( 'NONE',  #629 ) ;
#2944 = CARTESIAN_POINT ( 'NONE',  ( 1000.000000000000000, 32.00000000000000000, -14.49999999999999822 ) ) ;
#2945 = CARTESIAN_POINT ( 'NONE',  ( 107.0000000000000000, 32.00000000000000000, 0.000000000000000000 ) ) ;
#2946 = ORIENTED_EDGE ( 'NONE', *, *, #2392, .T. ) ;
#2947 = AXIS2_PLACEMENT_3D ( 'NONE', #2039, #2324, #3115 ) ;
#2948 = DIRECTION ( 'NONE',  ( 3.469446951953611724E-16, 0.000000000000000000, 1.000000000000000000 ) ) ;
#2949 = LINE ( 'NONE', #2686, #3271 ) ;
#2950 = DIRECTION ( 'NONE',  ( 1.000000000000000000, 0.000000000000000000, -3.469446951953606300E-16 ) ) ;
#2951 = ORIENTED_EDGE ( 'NONE', *, *, #369, .F. ) ;
#2952 = LINE ( 'NONE', #2424, #2913 ) ;
#2953 = ORIENTED_EDGE ( 'NONE', *, *, #159, .F. ) ;
#2954 = CARTESIAN_POINT ( 'NONE',  ( 1000.000000000000000, 5.000000000000000888, -39.50000000000000000 ) ) ;
#2955 = VERTEX_POINT ( 'NONE', #556 ) ;
#2956 = EDGE_CURVE ( 'NONE', #1948, #1019, #784, .T. ) ;
#2957 = VECTOR ( 'NONE', #236, 1000.000000000000000 ) ;
#2958 = CARTESIAN_POINT ( 'NONE',  ( 106.9999999999999858, 5.000000000000000888, -64.50000000000000000 ) ) ;
#2959 = ORIENTED_EDGE ( 'NONE', *, *, #2119, .T. ) ;
#2960 = CARTESIAN_POINT ( 'NONE',  ( -4.284619527316350302E-15, 37.00000000000000000, -12.34957498025363876 ) ) ;
#2961 = FACE_OUTER_BOUND ( 'NONE', #2600, .T. ) ;
#2962 = LINE ( 'NONE', #1049, #3486 ) ;
#2963 = VECTOR ( 'NONE', #1067, 1000.000000000000000 ) ;
#2964 = VECTOR ( 'NONE', #497, 1000.000000000000000 ) ;
#2965 = CARTESIAN_POINT ( 'NONE',  ( 0.000000000000000000, -0.000000000000000000, -19.50000000000000355 ) ) ;
#2966 = CARTESIAN_POINT ( 'NONE',  ( 1000.000000000000000, 5.000000000000000888, 0.000000000000000000 ) ) ;
#2967 = DIRECTION ( 'NONE',  ( -1.000000000000000000, -0.000000000000000000, -0.000000000000000000 ) ) ;
#2968 = VERTEX_POINT ( 'NONE', #800 ) ;
#2969 = ADVANCED_FACE ( 'NONE', ( #2170 ), #817, .F. ) ;
#2970 = PLANE ( 'NONE',  #927 ) ;
#2971 = ORIENTED_EDGE ( 'NONE', *, *, #752, .T. ) ;
#2972 = ORIENTED_EDGE ( 'NONE', *, *, #1307, .F. ) ;
#2973 = EDGE_CURVE ( 'NONE', #1616, #2145, #2206, .T. ) ;
#2974 = DIRECTION ( 'NONE',  ( 0.000000000000000000, 0.000000000000000000, 1.000000000000000000 ) ) ;
#2975 = ORIENTED_EDGE ( 'NONE', *, *, #600, .F. ) ;
#2976 = DIRECTION ( 'NONE',  ( 0.000000000000000000, -1.000000000000000000, 0.000000000000000000 ) ) ;
#2977 = CARTESIAN_POINT ( 'NONE',  ( 54.99999999999999289, 16.99999999999999645, -84.50000000000000000 ) ) ;
#2978 = EDGE_CURVE ( 'NONE', #612, #1477, #3048, .T. ) ;
#2979 = DIRECTION ( 'NONE',  ( -1.000000000000000000, 0.000000000000000000, -0.000000000000000000 ) ) ;
#2980 = LINE ( 'NONE', #1941, #1999 ) ;
#2981 = FACE_BOUND ( 'NONE', #1293, .T. ) ;
#2982 = EDGE_CURVE ( 'NONE', #3107, #3261, #1188, .T. ) ;
#2983 = DIRECTION ( 'NONE',  ( -1.000000000000000000, 0.000000000000000000, -0.000000000000000000 ) ) ;
#2984 = ORIENTED_EDGE ( 'NONE', *, *, #1400, .F. ) ;
#2985 = CARTESIAN_POINT ( 'NONE',  ( 1000.000000000000000, 5.000000000000000888, 0.000000000000000000 ) ) ;
#2986 = VECTOR ( 'NONE', #10, 1000.000000000000000 ) ;
#2987 = EDGE_LOOP ( 'NONE', ( #3141, #2540, #363, #956 ) ) ;
#2988 = APPROVAL_ROLE ( '' ) ;
#2989 = ORIENTED_EDGE ( 'NONE', *, *, #1400, .T. ) ;
#2990 = EDGE_CURVE ( 'NONE', #929, #1858, #1451, .T. ) ;
#2991 = FACE_BOUND ( 'NONE', #2142, .T. ) ;
#2992 = EDGE_LOOP ( 'NONE', ( #223, #2198, #1099, #2499 ) ) ;
#2993 = EDGE_CURVE ( 'NONE', #1560, #3053, #624, .T. ) ;
#2994 = CARTESIAN_POINT ( 'NONE',  ( 1000.000000000000000, 32.00000000000000000, -19.50000000000000355 ) ) ;
#2995 = DIRECTION ( 'NONE',  ( 0.000000000000000000, -1.000000000000000000, 0.000000000000000000 ) ) ;
#2996 = VECTOR ( 'NONE', #280, 1000.000000000000000 ) ;
#2997 = DIRECTION ( 'NONE',  ( -1.000000000000000000, 0.000000000000000000, 0.000000000000000000 ) ) ;
#2998 = EDGE_CURVE ( 'NONE', #432, #1686, #3281, .T. ) ;
#2999 = PLANE ( 'NONE',  #1988 ) ;
#3000 = LINE ( 'NONE', #1626, #2906 ) ;
#3001 = DIRECTION ( 'NONE',  ( 0.000000000000000000, 0.000000000000000000, -1.000000000000000000 ) ) ;
#3002 = ORIENTED_EDGE ( 'NONE', *, *, #1509, .T. ) ;
#3003 = VECTOR ( 'NONE', #428, 1000.000000000000000 ) ;
#3004 = PLANE ( 'NONE',  #482 ) ;
#3005 = EDGE_CURVE ( 'NONE', #582, #2359, #3314, .T. ) ;
#3006 = EDGE_LOOP ( 'NONE', ( #1813, #1212, #579, #1579 ) ) ;
#3007 = LINE ( 'NONE', #1668, #2730 ) ;
#3008 = ORIENTED_EDGE ( 'NONE', *, *, #391, .F. ) ;
#3009 = ORIENTED_EDGE ( 'NONE', *, *, #1242, .T. ) ;
#3010 = CARTESIAN_POINT ( 'NONE',  ( 2.000000000000000000, 37.00000000000000000, -59.50000000000000000 ) ) ;
#3011 = VECTOR ( 'NONE', #1660, 1000.000000000000000 ) ;
#3012 = CARTESIAN_POINT ( 'NONE',  ( 19.99999999999999645, 34.99999999999999289, -84.50000000000000000 ) ) ;
#3013 = DIRECTION ( 'NONE',  ( 0.000000000000000000, 1.000000000000000000, 0.000000000000000000 ) ) ;
#3014 = CARTESIAN_POINT ( 'NONE',  ( 1000.000000000000000, 32.00000000000000000, 0.000000000000000000 ) ) ;
#3015 = DIRECTION ( 'NONE',  ( -1.000000000000000000, -0.000000000000000000, -0.000000000000000000 ) ) ;
#3016 = DIRECTION ( 'NONE',  ( -1.000000000000000000, 0.000000000000000000, 0.000000000000000000 ) ) ;
#3017 = VERTEX_POINT ( 'NONE', #1724 ) ;
#3018 = EDGE_CURVE ( 'NONE', #3461, #1149, #92, .T. ) ;
#3019 = CARTESIAN_POINT ( 'NONE',  ( 1000.000000000000000, 32.00000000000000000, 0.000000000000000000 ) ) ;
#3020 = AXIS2_PLACEMENT_3D ( 'NONE', #326, #1408, #3300 ) ;
#3021 = ORIENTED_EDGE ( 'NONE', *, *, #2332, .T. ) ;
#3022 = DIRECTION ( 'NONE',  ( 0.000000000000000000, 0.000000000000000000, 1.000000000000000000 ) ) ;
#3023 = DIRECTION ( 'NONE',  ( 0.000000000000000000, -0.000000000000000000, -1.000000000000000000 ) ) ;
#3024 = EDGE_CURVE ( 'NONE', #255, #767, #2255, .T. ) ;
#3025 = ORIENTED_EDGE ( 'NONE', *, *, #421, .T. ) ;
#3026 = ORIENTED_EDGE ( 'NONE', *, *, #2875, .T. ) ;
#3027 = FACE_OUTER_BOUND ( 'NONE', #2839, .T. ) ;
#3028 = DIRECTION ( 'NONE',  ( 0.000000000000000000, -0.000000000000000000, -1.000000000000000000 ) ) ;
#3029 = DIRECTION ( 'NONE',  ( -1.000000000000000000, 0.000000000000000000, 0.000000000000000000 ) ) ;
#3030 = CARTESIAN_POINT ( 'NONE',  ( 107.0000000000000000, 32.00000000000000000, 0.000000000000000000 ) ) ;
#3031 = PLANE ( 'NONE',  #3361 ) ;
#3032 = VECTOR ( 'NONE', #656, 1000.000000000000000 ) ;
#3033 = DIRECTION ( 'NONE',  ( 1.923451982994741773E-16, 0.000000000000000000, 1.000000000000000000 ) ) ;
#3034 = ORIENTED_EDGE ( 'NONE', *, *, #2521, .T. ) ;
#3035 = VECTOR ( 'NONE', #1697, 1000.000000000000000 ) ;
#3036 = DIRECTION ( 'NONE',  ( -1.000000000000000000, 0.000000000000000000, -0.000000000000000000 ) ) ;
#3037 = VERTEX_POINT ( 'NONE', #2535 ) ;
#3038 = EDGE_CURVE ( 'NONE', #2706, #2549, #1708, .T. ) ;
#3039 = DIRECTION ( 'NONE',  ( 0.000000000000000000, 1.000000000000000000, 0.000000000000000000 ) ) ;
#3040 = APPROVAL_STATUS ( 'not_yet_approved' ) ;
#3041 = VERTEX_POINT ( 'NONE', #2503 ) ;
#3042 = AXIS2_PLACEMENT_3D ( 'NONE', #843, #33, #1114 ) ;
#3043 = EDGE_CURVE ( 'NONE', #1337, #1832, #2271, .T. ) ;
#3044 = VECTOR ( 'NONE', #2260, 1000.000000000000000 ) ;
#3045 = EDGE_LOOP ( 'NONE', ( #637, #1754, #117, #2429 ) ) ;
#3046 = PLANE ( 'NONE',  #1300 ) ;
#3047 = LINE ( 'NONE', #2005, #814 ) ;
#3048 = LINE ( 'NONE', #639, #997 ) ;
#3049 = EDGE_CURVE ( 'NONE', #3126, #3086, #1675, .T. ) ;
#3050 = CARTESIAN_POINT ( 'NONE',  ( 0.000000000000000000, -0.000000000000000000, -64.50000000000000000 ) ) ;
#3051 = DIRECTION ( 'NONE',  ( -1.923451982994741773E-16, 0.000000000000000000, -1.000000000000000000 ) ) ;
#3052 = CARTESIAN_POINT ( 'NONE',  ( 1000.000000000000000, 0.000000000000000000, -59.50000000000000000 ) ) ;
#3053 = VERTEX_POINT ( 'NONE', #1974 ) ;
#3054 = FACE_BOUND ( 'NONE', #1914, .T. ) ;
#3055 = VERTEX_POINT ( 'NONE', #40 ) ;
#3056 = DIRECTION ( 'NONE',  ( 0.000000000000000000, 0.000000000000000000, 1.000000000000000000 ) ) ;
#3057 = PLANE ( 'NONE',  #2237 ) ;
#3058 = VECTOR ( 'NONE', #1922, 1000.000000000000000 ) ;
#3059 = ORIENTED_EDGE ( 'NONE', *, *, #2718, .T. ) ;
#3060 = EDGE_CURVE ( 'NONE', #1224, #2163, #2780, .T. ) ;
#3061 = VERTEX_POINT ( 'NONE', #1436 ) ;
#3062 = LINE ( 'NONE', #1707, #3072 ) ;
#3063 = DIRECTION ( 'NONE',  ( -1.000000000000000000, -0.000000000000000000, -0.000000000000000000 ) ) ;
#3064 = DIRECTION ( 'NONE',  ( -1.000000000000000000, 0.000000000000000000, -0.000000000000000000 ) ) ;
#3065 = PLANE ( 'NONE',  #2401 ) ;
#3066 = PLANE ( 'NONE',  #3093 ) ;
#3067 = ORIENTED_EDGE ( 'NONE', *, *, #3197, .F. ) ;
#3068 = CARTESIAN_POINT ( 'NONE',  ( 2.000000000000001776, 5.000000000000000888, -84.50000000000000000 ) ) ;
#3069 = ORIENTED_EDGE ( 'NONE', *, *, #3043, .T. ) ;
#3070 = DIRECTION ( 'NONE',  ( -1.000000000000000000, -0.000000000000000000, -0.000000000000000000 ) ) ;
#3071 = FACE_OUTER_BOUND ( 'NONE', #1704, .T. ) ;
#3072 = VECTOR ( 'NONE', #655, 1000.000000000000000 ) ;
#3073 = VECTOR ( 'NONE', #1599, 1000.000000000000000 ) ;
#3074 = ORIENTED_EDGE ( 'NONE', *, *, #2696, .F. ) ;
#3075 = VERTEX_POINT ( 'NONE', #1741 ) ;
#3076 = AXIS2_PLACEMENT_3D ( 'NONE', #1611, #2475, #1648 ) ;
#3077 = ADVANCED_FACE ( 'NONE', ( #2810 ), #1939, .F. ) ;
#3078 = PLANE ( 'NONE',  #2007 ) ;
#3079 = CARTESIAN_POINT ( 'NONE',  ( 0.000000000000000000, 37.00000000000000000, -94.50000000000000000 ) ) ;
#3080 = EDGE_CURVE ( 'NONE', #929, #829, #324, .T. ) ;
#3081 = FACE_OUTER_BOUND ( 'NONE', #664, .T. ) ;
#3082 = LINE ( 'NONE', #1762, #2284 ) ;
#3083 = PLANE ( 'NONE',  #443 ) ;
#3084 = ORIENTED_EDGE ( 'NONE', *, *, #1921, .T. ) ;
#3085 = FACE_BOUND ( 'NONE', #166, .T. ) ;
#3086 = VERTEX_POINT ( 'NONE', #3297 ) ;
#3087 = CARTESIAN_POINT ( 'NONE',  ( 85.00000000000000000, 37.00000000000000000, -1.634934185545530566E-14 ) ) ;
#3088 = DIRECTION ( 'NONE',  ( 0.000000000000000000, -1.000000000000000000, 0.000000000000000000 ) ) ;
#3089 = CARTESIAN_POINT ( 'NONE',  ( 106.9999999999999858, 32.00000000000000000, -9.499999999999994671 ) ) ;
#3090 = VECTOR ( 'NONE', #188, 1000.000000000000000 ) ;
#3091 = ORIENTED_EDGE ( 'NONE', *, *, #1833, .F. ) ;
#3092 = ORIENTED_EDGE ( 'NONE', *, *, #746, .F. ) ;
#3093 = AXIS2_PLACEMENT_3D ( 'NONE', #1695, #1471, #2492 ) ;
#3094 = DIRECTION ( 'NONE',  ( 3.469446951953601863E-16, 0.000000000000000000, 1.000000000000000000 ) ) ;
#3095 = DIRECTION ( 'NONE',  ( 0.000000000000000000, -1.000000000000000000, 0.000000000000000000 ) ) ;
#3096 = EDGE_CURVE ( 'NONE', #2294, #1038, #866, .T. ) ;
#3097 = PLANE ( 'NONE',  #2947 ) ;
#3098 = FACE_OUTER_BOUND ( 'NONE', #1876, .T. ) ;
#3099 = PERSON ( 'æœª', 'æœª', 'æœª', ('æœª'), ('æœª'), ('æœª') ) ;
#3100 = CARTESIAN_POINT ( 'NONE',  ( 0.000000000000000000, 32.00000000000000000, -0.000000000000000000 ) ) ;
#3101 = ORIENTED_EDGE ( 'NONE', *, *, #1350, .F. ) ;
#3102 = CARTESIAN_POINT ( 'NONE',  ( 105.0000000000000000, 37.00000000000000000, -14.49999999999999822 ) ) ;
#3103 = EDGE_CURVE ( 'NONE', #2113, #2826, #606, .T. ) ;
#3104 = VERTEX_POINT ( 'NONE', #2570 ) ;
#3105 = LINE ( 'NONE', #1767, #128 ) ;
#3106 = EDGE_LOOP ( 'NONE', ( #527, #2891, #529, #1586 ) ) ;
#3107 = VERTEX_POINT ( 'NONE', #2094 ) ;
#3108 = FACE_OUTER_BOUND ( 'NONE', #3464, .T. ) ;
#3109 = VECTOR ( 'NONE', #815, 1000.000000000000000 ) ;
#3110 = ORIENTED_EDGE ( 'NONE', *, *, #1787, .T. ) ;
#3111 = ORIENTED_EDGE ( 'NONE', *, *, #2155, .F. ) ;
#3112 = DIRECTION ( 'NONE',  ( -1.000000000000000000, 0.000000000000000000, -0.000000000000000000 ) ) ;
#3113 = CARTESIAN_POINT ( 'NONE',  ( 1000.000000000000000, 5.000000000000000888, 0.000000000000000000 ) ) ;
#3114 = ADVANCED_FACE ( 'NONE', ( #1817 ), #1831, .F. ) ;
#3115 = DIRECTION ( 'NONE',  ( -1.000000000000000000, 0.000000000000000000, -0.000000000000000000 ) ) ;
#3116 = CARTESIAN_POINT ( 'NONE',  ( 107.0000000000000000, 37.00000000000000000, -19.50000000000000355 ) ) ;
#3117 = DIRECTION ( 'NONE',  ( -1.000000000000000000, 0.000000000000000000, -0.000000000000000000 ) ) ;
#3118 = ORIENTED_EDGE ( 'NONE', *, *, #2861, .T. ) ;
#3119 = AXIS2_PLACEMENT_3D ( 'NONE', #2067, #436, #169 ) ;
#3120 = FACE_OUTER_BOUND ( 'NONE', #89, .T. ) ;
#3121 = ORIENTED_EDGE ( 'NONE', *, *, #1816, .T. ) ;
#3122 = CARTESIAN_POINT ( 'NONE',  ( 1000.000000000000000, 5.000000000000000888, -34.50000000000000000 ) ) ;
#3123 = ADVANCED_FACE ( 'NONE', ( #3368 ), #3136, .F. ) ;
#3124 = AXIS2_PLACEMENT_3D ( 'NONE', #2804, #1262, #2877 ) ;
#3125 = CARTESIAN_POINT ( 'NONE',  ( 1000.000000000000000, 5.000000000000000888, 0.000000000000000000 ) ) ;
#3126 = VERTEX_POINT ( 'NONE', #127 ) ;
#3127 = EDGE_CURVE ( 'NONE', #2905, #230, #1009, .T. ) ;
#3129 = CARTESIAN_POINT ( 'NONE',  ( 1000.000000000000000, 5.000000000000000888, -84.50000000000000000 ) ) ;
#3128 = LINE ( 'NONE', #3203, #3212 ) ;
#3130 = VECTOR ( 'NONE', #3209, 1000.000000000000000 ) ;
#3131 = EDGE_LOOP ( 'NONE', ( #1769, #2517, #2585, #1526 ) ) ;
#3132 = ORIENTED_EDGE ( 'NONE', *, *, #2001, .T. ) ;
#3133 = VECTOR ( 'NONE', #2778, 1000.000000000000000 ) ;
#3134 = EDGE_CURVE ( 'NONE', #2955, #755, #2020, .T. ) ;
#3135 = LINE ( 'NONE', #2339, #2463 ) ;
#3136 = PLANE ( 'NONE',  #718 ) ;
#3137 = VECTOR ( 'NONE', #1230, 1000.000000000000000 ) ;
#3138 = CARTESIAN_POINT ( 'NONE',  ( 0.000000000000000000, 16.99999999999999645, -84.50000000000000000 ) ) ;
#3139 = LINE ( 'NONE', #1239, #137 ) ;
#3140 = DIRECTION ( 'NONE',  ( -0.000000000000000000, 1.000000000000000000, -0.000000000000000000 ) ) ;
#3141 = ORIENTED_EDGE ( 'NONE', *, *, #3192, .T. ) ;
#3142 = ORIENTED_EDGE ( 'NONE', *, *, #2205, .T. ) ;
#3143 = CARTESIAN_POINT ( 'NONE',  ( 0.000000000000000000, 4.999999999999997335, -54.50000000000000711 ) ) ;
#3144 = VERTEX_POINT ( 'NONE', #1543 ) ;
#3145 = CARTESIAN_POINT ( 'NONE',  ( 1000.000000000000000, 32.00000000000000000, 0.000000000000000000 ) ) ;
#3146 = EDGE_CURVE ( 'NONE', #264, #1589, #143, .T. ) ;
#3147 = ORIENTED_EDGE ( 'NONE', *, *, #369, .T. ) ;
#3149 = CARTESIAN_POINT ( 'NONE',  ( 107.0000000000000000, 37.00000000000000000, -24.50000000000000711 ) ) ;
#3148 = DIRECTION ( 'NONE',  ( 1.000000000000000000, 0.000000000000000000, -3.469446951953611724E-16 ) ) ;
#3150 = AXIS2_PLACEMENT_3D ( 'NONE', #1172, #1690, #2470 ) ;
#3151 = ORIENTED_EDGE ( 'NONE', *, *, #1653, .F. ) ;
#3152 = ORIENTED_EDGE ( 'NONE', *, *, #2398, .T. ) ;
#3153 = VECTOR ( 'NONE', #149, 1000.000000000000000 ) ;
#3154 = EDGE_CURVE ( 'NONE', #3061, #1337, #933, .T. ) ;
#3155 = CARTESIAN_POINT ( 'NONE',  ( 104.9999999999999858, 5.000000000000000888, -69.50000000000000000 ) ) ;
#3156 = CARTESIAN_POINT ( 'NONE',  ( -4.284619527316350302E-15, 16.99999999999999645, -12.34957498025363876 ) ) ;
#3157 = VECTOR ( 'NONE', #870, 1000.000000000000000 ) ;
#3158 = CARTESIAN_POINT ( 'NONE',  ( 107.0000000000000000, 4.999999999999997335, -69.50000000000000000 ) ) ;
#3159 = VECTOR ( 'NONE', #850, 1000.000000000000000 ) ;
#3160 = CARTESIAN_POINT ( 'NONE',  ( 107.0000000000000000, 37.00000000000000000, -14.49999999999999822 ) ) ;
#3161 = CARTESIAN_POINT ( 'NONE',  ( 55.00000000000000711, 37.00000000000000000, -1.057898590647107995E-14 ) ) ;
#3162 = ORIENTED_EDGE ( 'NONE', *, *, #2674, .T. ) ;
#3163 = ADVANCED_FACE ( 'NONE', ( #710 ), #2904, .F. ) ;
#3164 = LOCAL_TIME ( 21, 26, 21.00000000000000000, #2772 ) ;
#3165 = CARTESIAN_POINT ( 'NONE',  ( 107.0000000000000000, 4.999999999999997335, -9.499999999999994671 ) ) ;
#3166 = PLANE ( 'NONE',  #350 ) ;
#3167 = EDGE_LOOP ( 'NONE', ( #3364, #2756, #2652, #214 ) ) ;
#3168 = PLANE ( 'NONE',  #2303 ) ;
#3169 = ORIENTED_EDGE ( 'NONE', *, *, #1457, .F. ) ;
#3170 = ORIENTED_EDGE ( 'NONE', *, *, #2588, .F. ) ;
#3171 = LINE ( 'NONE', #1026, #3362 ) ;
#3172 = EDGE_CURVE ( 'NONE', #501, #2905, #178, .T. ) ;
#3173 = CARTESIAN_POINT ( 'NONE',  ( 1000.000000000000000, 5.000000000000000888, 0.000000000000000000 ) ) ;
#3174 = ORIENTED_EDGE ( 'NONE', *, *, #3060, .T. ) ;
#3175 = DIRECTION ( 'NONE',  ( 1.000000000000000000, 0.000000000000000000, -3.469446951953606300E-16 ) ) ;
#3176 = DIRECTION ( 'NONE',  ( -1.000000000000000000, -0.000000000000000000, -0.000000000000000000 ) ) ;
#3177 = EDGE_CURVE ( 'NONE', #938, #2247, #2829, .T. ) ;
#3178 = CARTESIAN_POINT ( 'NONE',  ( 2.000000000000000000, 2.000000000000000000, -92.50000000000000000 ) ) ;
#3179 = EDGE_LOOP ( 'NONE', ( #2390, #3174, #2621, #607 ) ) ;
#3180 = LINE ( 'NONE', #489, #1371 ) ;
#3181 = EDGE_LOOP ( 'NONE', ( #2743, #3447, #3217, #282 ) ) ;
#3182 = DIRECTION ( 'NONE',  ( 0.000000000000000000, -1.000000000000000000, 0.000000000000000000 ) ) ;
#3183 = ORIENTED_EDGE ( 'NONE', *, *, #2220, .T. ) ;
#3184 = VECTOR ( 'NONE', #1786, 1000.000000000000000 ) ;
#3185 = FACE_OUTER_BOUND ( 'NONE', #329, .T. ) ;
#3186 = ORIENTED_EDGE ( 'NONE', *, *, #573, .F. ) ;
#3187 = ORIENTED_EDGE ( 'NONE', *, *, #3172, .T. ) ;
#3188 = CARTESIAN_POINT ( 'NONE',  ( 105.0000000000000000, 4.999999999999997335, 0.000000000000000000 ) ) ;
#3189 = CARTESIAN_POINT ( 'NONE',  ( 1000.000000000000000, 5.000000000000000888, -69.50000000000000000 ) ) ;
#3190 = ORIENTED_EDGE ( 'NONE', *, *, #2282, .F. ) ;
#3191 = VECTOR ( 'NONE', #3015, 1000.000000000000000 ) ;
#3192 = EDGE_CURVE ( 'NONE', #414, #2474, #3437, .T. ) ;
#3193 = LINE ( 'NONE', #764, #2384 ) ;
#3194 = DIRECTION ( 'NONE',  ( -1.000000000000000000, -0.000000000000000000, -0.000000000000000000 ) ) ;
#3195 = CARTESIAN_POINT ( 'NONE',  ( 70.00000000000000000, 37.00000000000000000, -0.000000000000000000 ) ) ;
#3196 = ORIENTED_EDGE ( 'NONE', *, *, #1375, .F. ) ;
#3197 = EDGE_CURVE ( 'NONE', #3017, #1986, #1797, .T. ) ;
#3198 = CARTESIAN_POINT ( 'NONE',  ( 0.000000000000000000, 37.00000000000000000, -84.50000000000000000 ) ) ;
#3199 = EDGE_LOOP ( 'NONE', ( #1698, #3328, #1226, #1233 ) ) ;
#3200 = FACE_OUTER_BOUND ( 'NONE', #2724, .T. ) ;
#3201 = ORIENTED_EDGE ( 'NONE', *, *, #1855, .F. ) ;
#3202 = VERTEX_POINT ( 'NONE', #446 ) ;
#3203 = CARTESIAN_POINT ( 'NONE',  ( 105.0000000000000000, 32.00000000000000000, 0.000000000000000000 ) ) ;
#3204 = ORIENTED_EDGE ( 'NONE', *, *, #2182, .T. ) ;
#3205 = LINE ( 'NONE', #2297, #982 ) ;
#3206 = DIRECTION ( 'NONE',  ( -1.000000000000000000, -0.000000000000000000, -0.000000000000000000 ) ) ;
#3207 = VERTEX_POINT ( 'NONE', #409 ) ;
#3208 = CARTESIAN_POINT ( 'NONE',  ( 39.99999999999999289, 16.99999999999999645, -12.34957498025365652 ) ) ;
#3209 = DIRECTION ( 'NONE',  ( 0.000000000000000000, -1.000000000000000000, 0.000000000000000000 ) ) ;
#3210 = CARTESIAN_POINT ( 'NONE',  ( 0.000000000000000000, 0.000000000000000000, -94.50000000000000000 ) ) ;
#3211 = ORIENTED_EDGE ( 'NONE', *, *, #832, .T. ) ;
#3212 = VECTOR ( 'NONE', #2937, 1000.000000000000000 ) ;
#3213 = VECTOR ( 'NONE', #2950, 1000.000000000000000 ) ;
#3214 = LINE ( 'NONE', #1280, #2509 ) ;
#3215 = FACE_OUTER_BOUND ( 'NONE', #2493, .T. ) ;
#3216 = CARTESIAN_POINT ( 'NONE',  ( 104.9999999999999858, 5.000000000000000888, -79.50000000000000000 ) ) ;
#3217 = ORIENTED_EDGE ( 'NONE', *, *, #1117, .F. ) ;
#3218 = EDGE_CURVE ( 'NONE', #948, #3435, #1485, .T. ) ;
#3219 = DIRECTION ( 'NONE',  ( 0.000000000000000000, -0.000000000000000000, -1.000000000000000000 ) ) ;
#3220 = ORIENTED_EDGE ( 'NONE', *, *, #2998, .F. ) ;
#3221 = APPLICATION_PROTOCOL_DEFINITION ( 'international standard', 'config_control_design', 1994, #2811 ) ;
#3222 = ADVANCED_FACE ( 'NONE', ( #952 ), #2037, .F. ) ;
#3223 = ORIENTED_EDGE ( 'NONE', *, *, #1007, .F. ) ;
#3224 = PLANE ( 'NONE',  #2869 ) ;
#3225 = ORIENTED_EDGE ( 'NONE', *, *, #515, .F. ) ;
#3226 = DIRECTION ( 'NONE',  ( 0.000000000000000000, -0.000000000000000000, -1.000000000000000000 ) ) ;
#3227 = CARTESIAN_POINT ( 'NONE',  ( 0.000000000000000000, -0.000000000000000000, -44.50000000000000711 ) ) ;
#3228 = DIRECTION ( 'NONE',  ( -1.000000000000000000, 0.000000000000000000, 0.000000000000000000 ) ) ;
#3229 = ORIENTED_EDGE ( 'NONE', *, *, #3304, .F. ) ;
#3230 = AXIS2_PLACEMENT_3D ( 'NONE', #2413, #2130, #2663 ) ;
#3231 = CARTESIAN_POINT ( 'NONE',  ( 105.0000000000000000, 37.00000000000000000, -84.50000000000000000 ) ) ;
#3232 = LINE ( 'NONE', #26, #1041 ) ;
#3233 = PLANE ( 'NONE',  #1004 ) ;
#3234 = ORIENTED_EDGE ( 'NONE', *, *, #2134, .F. ) ;
#3235 = DIRECTION ( 'NONE',  ( 1.000000000000000000, 0.000000000000000000, 0.000000000000000000 ) ) ;
#3236 = ORIENTED_EDGE ( 'NONE', *, *, #3331, .F. ) ;
#3237 = EDGE_CURVE ( 'NONE', #1850, #1948, #2848, .T. ) ;
#3238 = PERSON_AND_ORGANIZATION ( #3099, #3276 ) ;
#3239 = VERTEX_POINT ( 'NONE', #161 ) ;
#3240 = VECTOR ( 'NONE', #2616, 1000.000000000000000 ) ;
#3241 = ADVANCED_FACE ( 'NONE', ( #3422 ), #991, .T. ) ;
#3242 = EDGE_CURVE ( 'NONE', #2032, #2879, #195, .T. ) ;
#3243 = CARTESIAN_POINT ( 'NONE',  ( 1000.000000000000000, 5.000000000000000888, -14.49999999999999822 ) ) ;
#3244 = EDGE_LOOP ( 'NONE', ( #1655, #2423, #2495, #687 ) ) ;
#3245 = CARTESIAN_POINT ( 'NONE',  ( 0.000000000000000000, 34.99999999999999289, -84.50000000000000000 ) ) ;
#3246 = LINE ( 'NONE', #816, #2177 ) ;
#3247 = DIRECTION ( 'NONE',  ( -0.000000000000000000, 1.000000000000000000, -0.000000000000000000 ) ) ;
#3248 = AXIS2_PLACEMENT_3D ( 'NONE', #2226, #311, #869 ) ;
#3249 = VECTOR ( 'NONE', #1815, 1000.000000000000000 ) ;
#3250 = CARTESIAN_POINT ( 'NONE',  ( 2.000000000000000000, 32.00000000000000000, 0.000000000000000000 ) ) ;
#3251 = DIRECTION ( 'NONE',  ( 0.000000000000000000, -1.000000000000000000, 0.000000000000000000 ) ) ;
#3252 = CARTESIAN_POINT ( 'NONE',  ( 19.99999999999999645, 16.99999999999999645, -84.50000000000000000 ) ) ;
#3253 = VERTEX_POINT ( 'NONE', #796 ) ;
#3254 = CARTESIAN_POINT ( 'NONE',  ( 75.00000000000001421, 34.99999999999999289, -1.442588987246056586E-14 ) ) ;
#3255 = CC_DESIGN_PERSON_AND_ORGANIZATION_ASSIGNMENT ( #825, #1376, ( #3315 ) ) ;
#3256 = VERTEX_POINT ( 'NONE', #1063 ) ;
#3257 = VERTEX_POINT ( 'NONE', #2694 ) ;
#3258 = EDGE_CURVE ( 'NONE', #1308, #1637, #2376, .T. ) ;
#3259 = FACE_OUTER_BOUND ( 'NONE', #1720, .T. ) ;
#3260 = ADVANCED_FACE ( 'NONE', ( #3259 ), #2410, .T. ) ;
#3261 = VERTEX_POINT ( 'NONE', #2921 ) ;
#3262 = CARTESIAN_POINT ( 'NONE',  ( 2.000000000000001776, 5.000000000000000888, -54.50000000000000711 ) ) ;
#3263 = CARTESIAN_POINT ( 'NONE',  ( 0.000000000000000000, 32.00000000000000000, -79.50000000000000000 ) ) ;
#3264 = DIRECTION ( 'NONE',  ( 0.000000000000000000, 0.000000000000000000, 1.000000000000000000 ) ) ;
#3265 = EDGE_CURVE ( 'NONE', #3293, #1556, #3487, .T. ) ;
#3266 = CARTESIAN_POINT ( 'NONE',  ( 2.000000000000000000, 37.00000000000000000, -24.50000000000000711 ) ) ;
#3267 = PLANE ( 'NONE',  #3473 ) ;
#3268 = CARTESIAN_POINT ( 'NONE',  ( 1000.000000000000000, 32.00000000000000000, 0.000000000000000000 ) ) ;
#3269 = ORIENTED_EDGE ( 'NONE', *, *, #1618, .T. ) ;
#3270 = CARTESIAN_POINT ( 'NONE',  ( 2.000000000000001776, 5.000000000000000888, -64.50000000000000000 ) ) ;
#3271 = VECTOR ( 'NONE', #1332, 1000.000000000000000 ) ;
#3272 = ORIENTED_EDGE ( 'NONE', *, *, #2659, .T. ) ;
#3273 = DIRECTION ( 'NONE',  ( -0.000000000000000000, -1.000000000000000000, -0.000000000000000000 ) ) ;
#3274 = PLANE ( 'NONE',  #1511 ) ;
#3275 = EDGE_LOOP ( 'NONE', ( #2726, #2311, #818, #1281 ) ) ;
#3276 = ORGANIZATION ( 'æœª', 'æœª', '' ) ;
#3277 = ORIENTED_EDGE ( 'NONE', *, *, #2385, .T. ) ;
#3278 = EDGE_CURVE ( 'NONE', #1628, #1788, #1360, .T. ) ;
#3279 = LINE ( 'NONE', #2994, #2101 ) ;
#3280 = LINE ( 'NONE', #2716, #361 ) ;
#3281 = LINE ( 'NONE', #587, #3159 ) ;
#3282 = ADVANCED_FACE ( 'NONE', ( #2643 ), #3224, .T. ) ;
#3283 = CARTESIAN_POINT ( 'NONE',  ( 2.000000000000000000, 34.99999999999999289, -92.50000000000000000 ) ) ;
#3284 = FACE_OUTER_BOUND ( 'NONE', #2612, .T. ) ;
#3285 = CARTESIAN_POINT ( 'NONE',  ( 0.000000000000000000, 34.99999999999999289, -84.50000000000000000 ) ) ;
#3286 = ORIENTED_EDGE ( 'NONE', *, *, #2029, .T. ) ;
#3287 = VECTOR ( 'NONE', #585, 1000.000000000000000 ) ;
#3288 = DIRECTION ( 'NONE',  ( 1.000000000000000000, 0.000000000000000000, -0.000000000000000000 ) ) ;
#3289 = VERTEX_POINT ( 'NONE', #1885 ) ;
#3290 = FACE_OUTER_BOUND ( 'NONE', #1631, .T. ) ;
#3291 = PERSON_AND_ORGANIZATION ( #3099, #3276 ) ;
#3292 = ORIENTED_EDGE ( 'NONE', *, *, #2867, .T. ) ;
#3293 = VERTEX_POINT ( 'NONE', #2958 ) ;
#3294 = DIRECTION ( 'NONE',  ( 0.000000000000000000, 1.000000000000000000, 0.000000000000000000 ) ) ;
#3295 = AXIS2_PLACEMENT_3D ( 'NONE', #1734, #926, #1751 ) ;
#3296 = CARTESIAN_POINT ( 'NONE',  ( 0.000000000000000000, 32.00000000000000000, -49.50000000000000000 ) ) ;
#3297 = CARTESIAN_POINT ( 'NONE',  ( 0.000000000000000000, 37.00000000000000000, -94.50000000000000000 ) ) ;
#3298 = EDGE_CURVE ( 'NONE', #582, #2018, #811, .T. ) ;
#3299 = DIRECTION ( 'NONE',  ( 0.000000000000000000, -1.000000000000000000, 0.000000000000000000 ) ) ;
#3300 = DIRECTION ( 'NONE',  ( 1.923451982994741773E-16, 0.000000000000000000, 1.000000000000000000 ) ) ;
#3301 = LINE ( 'NONE', #3339, #614 ) ;
#3302 = VERTEX_POINT ( 'NONE', #229 ) ;
#3303 = DIRECTION ( 'NONE',  ( -1.000000000000000000, 0.000000000000000000, -0.000000000000000000 ) ) ;
#3304 = EDGE_CURVE ( 'NONE', #2443, #1904, #499, .T. ) ;
#3305 = AXIS2_PLACEMENT_3D ( 'NONE', #57, #1385, #3028 ) ;
#3306 = ORIENTED_EDGE ( 'NONE', *, *, #2047, .T. ) ;
#3307 = CARTESIAN_POINT ( 'NONE',  ( 105.0000000000000000, 4.999999999999997335, -44.50000000000000711 ) ) ;
#3308 = ORIENTED_EDGE ( 'NONE', *, *, #1167, .T. ) ;
#3309 = EDGE_CURVE ( 'NONE', #1093, #1224, #1324, .T. ) ;
#3310 = AXIS2_PLACEMENT_3D ( 'NONE', #668, #3088, #3219 ) ;
#3311 = ORIENTED_EDGE ( 'NONE', *, *, #2419, .T. ) ;
#3312 = CARTESIAN_POINT ( 'NONE',  ( 2.000000000000001776, 5.000000000000000888, -74.50000000000001421 ) ) ;
#3313 = PLANE ( 'NONE',  #85 ) ;
#3314 = LINE ( 'NONE', #1420, #3032 ) ;
#3315 = PRODUCT_DEFINITION ( 'æœ', '', #617, #2323 ) ;
#3316 = CARTESIAN_POINT ( 'NONE',  ( 0.000000000000000000, 32.00000000000000000, -84.50000000000000000 ) ) ;
#3317 = CARTESIAN_POINT ( 'NONE',  ( 1000.000000000000000, 32.00000000000000000, 0.000000000000000000 ) ) ;
#3318 = VECTOR ( 'NONE', #254, 1000.000000000000000 ) ;
#3319 = CARTESIAN_POINT ( 'NONE',  ( 0.000000000000000000, 37.00000000000000000, 0.000000000000000000 ) ) ;
#3320 = ORIENTED_EDGE ( 'NONE', *, *, #1855, .T. ) ;
#3321 = VECTOR ( 'NONE', #298, 1000.000000000000000 ) ;
#3322 = CARTESIAN_POINT ( 'NONE',  ( 70.00000000000000000, 34.99999999999999289, 0.000000000000000000 ) ) ;
#3323 = VERTEX_POINT ( 'NONE', #2713 ) ;
#3324 = CARTESIAN_POINT ( 'NONE',  ( 1000.000000000000000, 5.000000000000000888, -59.50000000000000000 ) ) ;
#3325 = EDGE_CURVE ( 'NONE', #1556, #182, #535, .T. ) ;
#3326 = DATE_AND_TIME ( #1717, #3164 ) ;
#3327 = VECTOR ( 'NONE', #2099, 1000.000000000000000 ) ;
#3328 = ORIENTED_EDGE ( 'NONE', *, *, #2134, .T. ) ;
#3329 = VECTOR ( 'NONE', #3206, 1000.000000000000000 ) ;
#3330 = VECTOR ( 'NONE', #2866, 1000.000000000000000 ) ;
#3331 = EDGE_CURVE ( 'NONE', #648, #1019, #828, .T. ) ;
#3332 = ORIENTED_EDGE ( 'NONE', *, *, #756, .F. ) ;
#3333 = ORIENTED_EDGE ( 'NONE', *, *, #547, .F. ) ;
#3334 = APPROVAL_PERSON_ORGANIZATION ( #2462, #70, #1132 ) ;
#3335 = CARTESIAN_POINT ( 'NONE',  ( 1000.000000000000000, 0.000000000000000000, -39.50000000000000000 ) ) ;
#3336 = CARTESIAN_POINT ( 'NONE',  ( 49.99999999999999289, 16.99999999999999645, -84.50000000000000000 ) ) ;
#3337 = PLANE ( 'NONE',  #6 ) ;
#3338 = CARTESIAN_POINT ( 'NONE',  ( 49.99999999999999289, 37.00000000000000000, -12.34957498025365652 ) ) ;
#3339 = CARTESIAN_POINT ( 'NONE',  ( 75.00000000000001421, 37.00000000000000000, -1.442588987246056586E-14 ) ) ;
#3340 = ORIENTED_EDGE ( 'NONE', *, *, #2312, .T. ) ;
#3341 = FACE_OUTER_BOUND ( 'NONE', #2786, .T. ) ;
#3342 = ORIENTED_EDGE ( 'NONE', *, *, #879, .T. ) ;
#3343 = DIRECTION ( 'NONE',  ( 0.000000000000000000, 0.000000000000000000, 1.000000000000000000 ) ) ;
#3344 = ORIENTED_EDGE ( 'NONE', *, *, #1623, .F. ) ;
#3345 = EDGE_CURVE ( 'NONE', #115, #3256, #285, .T. ) ;
#3346 = ORIENTED_EDGE ( 'NONE', *, *, #2091, .F. ) ;
#3347 = VERTEX_POINT ( 'NONE', #266 ) ;
#3348 = CARTESIAN_POINT ( 'NONE',  ( 0.000000000000000000, 32.00000000000000000, -39.50000000000000000 ) ) ;
#3349 = DIRECTION ( 'NONE',  ( -1.923451982994741773E-16, 0.000000000000000000, -1.000000000000000000 ) ) ;
#3350 = VECTOR ( 'NONE', #2225, 1000.000000000000000 ) ;
#3351 = CARTESIAN_POINT ( 'NONE',  ( 0.000000000000000000, 4.999999999999997335, -74.50000000000001421 ) ) ;
#3352 = CARTESIAN_POINT ( 'NONE',  ( 75.00000000000000000, 37.00000000000000000, -84.50000000000000000 ) ) ;
#3353 = FACE_OUTER_BOUND ( 'NONE', #1736, .T. ) ;
#3354 = ORIENTED_EDGE ( 'NONE', *, *, #3395, .F. ) ;
#3355 = DIRECTION ( 'NONE',  ( 0.000000000000000000, 0.000000000000000000, -1.000000000000000000 ) ) ;
#3356 = EDGE_LOOP ( 'NONE', ( #2975, #1359, #1070, #1161 ) ) ;
#3357 = CARTESIAN_POINT ( 'NONE',  ( 55.00000000000000711, 16.99999999999999645, -1.057898590647107995E-14 ) ) ;
#3358 = EDGE_CURVE ( 'NONE', #1463, #1185, #2430, .T. ) ;
#3359 = ADVANCED_FACE ( 'NONE', ( #1581 ), #18, .F. ) ;
#3360 = VERTEX_POINT ( 'NONE', #1028 ) ;
#3361 = AXIS2_PLACEMENT_3D ( 'NONE', #802, #2437, #2766 ) ;
#3362 = VECTOR ( 'NONE', #210, 1000.000000000000000 ) ;
#3363 = EDGE_CURVE ( 'NONE', #1442, #1597, #1306, .T. ) ;
#3364 = ORIENTED_EDGE ( 'NONE', *, *, #3080, .F. ) ;
#3365 = VERTEX_POINT ( 'NONE', #1044 ) ;
#3366 = CARTESIAN_POINT ( 'NONE',  ( 104.9999999999999858, 5.000000000000000888, -84.50000000000000000 ) ) ;
#3367 = EDGE_CURVE ( 'NONE', #679, #2294, #2128, .T. ) ;
#3368 = FACE_OUTER_BOUND ( 'NONE', #1410, .T. ) ;
#3369 = DIRECTION ( 'NONE',  ( -1.000000000000000000, -0.000000000000000000, -0.000000000000000000 ) ) ;
#3370 = CARTESIAN_POINT ( 'NONE',  ( 107.0000000000000000, 4.999999999999997335, -19.50000000000000355 ) ) ;
#3371 = ADVANCED_FACE ( 'NONE', ( #1867, #1654, #2727, #2991, #1380, #567, #303, #3185, #1002 ), #493, .T. ) ;
#3372 = LINE ( 'NONE', #921, #500 ) ;
#3373 = ORIENTED_EDGE ( 'NONE', *, *, #2544, .T. ) ;
#3374 = LINE ( 'NONE', #2028, #3153 ) ;
#3375 = ORIENTED_EDGE ( 'NONE', *, *, #1739, .T. ) ;
#3376 = LINE ( 'NONE', #996, #2838 ) ;
#3377 = EDGE_LOOP ( 'NONE', ( #192, #2400, #1898, #2900 ) ) ;
#3378 = LINE ( 'NONE', #1608, #2344 ) ;
#3379 = AXIS2_PLACEMENT_3D ( 'NONE', #3113, #690, #1253 ) ;
#3380 = ORIENTED_EDGE ( 'NONE', *, *, #3146, .T. ) ;
#3381 = ORIENTED_EDGE ( 'NONE', *, *, #287, .T. ) ;
#3382 = VECTOR ( 'NONE', #3247, 1000.000000000000000 ) ;
#3383 = CARTESIAN_POINT ( 'NONE',  ( 55.00000000000000711, 34.99999999999999289, -12.34957498025365830 ) ) ;
#3384 = CARTESIAN_POINT ( 'NONE',  ( 1000.000000000000000, 5.000000000000000888, -54.50000000000000711 ) ) ;
#3385 = ADVANCED_FACE ( 'NONE', ( #1576 ), #474, .F. ) ;
#3386 = PLANE ( 'NONE',  #1021 ) ;
#3387 = FACE_BOUND ( 'NONE', #505, .T. ) ;
#3388 = DIRECTION ( 'NONE',  ( 1.000000000000000000, 0.000000000000000000, 0.000000000000000000 ) ) ;
#3389 = EDGE_LOOP ( 'NONE', ( #383, #1025, #880, #3269 ) ) ;
#3390 = DIRECTION ( 'NONE',  ( 0.000000000000000000, 0.000000000000000000, -1.000000000000000000 ) ) ;
#3391 = EDGE_CURVE ( 'NONE', #2788, #565, #3432, .T. ) ;
#3392 = EDGE_LOOP ( 'NONE', ( #1444, #3111, #3204, #1464 ) ) ;
#3393 = CARTESIAN_POINT ( 'NONE',  ( 105.0000000000000000, 34.99999999999999289, 0.000000000000000000 ) ) ;
#3394 = VERTEX_POINT ( 'NONE', #757 ) ;
#3395 = EDGE_CURVE ( 'NONE', #1536, #3401, #964, .T. ) ;
#3396 = ORIENTED_EDGE ( 'NONE', *, *, #3237, .T. ) ;
#3398 = CARTESIAN_POINT ( 'NONE',  ( 75.00000000000000000, 16.99999999999999645, -84.50000000000000000 ) ) ;
#3397 = PLANE ( 'NONE',  #2141 ) ;
#3399 = VECTOR ( 'NONE', #1469, 1000.000000000000000 ) ;
#3400 = EDGE_LOOP ( 'NONE', ( #2160, #2395, #536, #1053 ) ) ;
#3401 = VERTEX_POINT ( 'NONE', #2050 ) ;
#3402 = CARTESIAN_POINT ( 'NONE',  ( 2.000000000000000000, 32.00000000000000000, 0.000000000000000000 ) ) ;
#3403 = DIRECTION ( 'NONE',  ( 1.000000000000000000, 0.000000000000000000, -3.469446951953606300E-16 ) ) ;
#3404 = CARTESIAN_POINT ( 'NONE',  ( 0.000000000000000000, 5.000000000000000888, -0.000000000000000000 ) ) ;
#3405 = LINE ( 'NONE', #973, #3417 ) ;
#3406 = DIRECTION ( 'NONE',  ( 0.000000000000000000, -1.000000000000000000, 0.000000000000000000 ) ) ;
#3407 = ORIENTED_EDGE ( 'NONE', *, *, #835, .T. ) ;
#3408 = EDGE_CURVE ( 'NONE', #1536, #2145, #1844, .T. ) ;
#3409 = VERTEX_POINT ( 'NONE', #2089 ) ;
#3410 = DIRECTION ( 'NONE',  ( 0.000000000000000000, -1.000000000000000000, 0.000000000000000000 ) ) ;
#3411 = AXIS2_PLACEMENT_3D ( 'NONE', #220, #2948, #3444 ) ;
#3412 = ADVANCED_FACE ( 'NONE', ( #2389 ), #3168, .F. ) ;
#3413 = CARTESIAN_POINT ( 'NONE',  ( 0.000000000000000000, 16.99999999999999645, -84.50000000000000000 ) ) ;
#3414 = ORIENTED_EDGE ( 'NONE', *, *, #600, .T. ) ;
#3416 = CARTESIAN_POINT ( 'NONE',  ( 104.9999999999999858, 5.000000000000000888, -49.50000000000000000 ) ) ;
#3415 = DIRECTION ( 'NONE',  ( 1.000000000000000000, 0.000000000000000000, -3.469446951953606300E-16 ) ) ;
#3417 = VECTOR ( 'NONE', #1819, 1000.000000000000000 ) ;
#3418 = ORIENTED_EDGE ( 'NONE', *, *, #488, .F. ) ;
#3419 = ORIENTED_EDGE ( 'NONE', *, *, #1549, .T. ) ;
#3420 = VECTOR ( 'NONE', #2602, 1000.000000000000000 ) ;
#3421 = DIRECTION ( 'NONE',  ( 0.000000000000000000, 0.000000000000000000, -1.000000000000000000 ) ) ;
#3422 = FACE_OUTER_BOUND ( 'NONE', #2459, .T. ) ;
#3423 = PLANE ( 'NONE',  #3230 ) ;
#3424 = CARTESIAN_POINT ( 'NONE',  ( 75.00000000000001421, 16.99999999999999645, -12.34957498025365830 ) ) ;
#3425 = CARTESIAN_POINT ( 'NONE',  ( 79.99999999999998579, 34.99999999999999289, -84.50000000000000000 ) ) ;
#3426 = EDGE_LOOP ( 'NONE', ( #1456, #3009, #1845, #988 ) ) ;
#3427 = ORIENTED_EDGE ( 'NONE', *, *, #2578, .F. ) ;
#3428 = CARTESIAN_POINT ( 'NONE',  ( -4.284619527316346357E-15, 34.99999999999999289, -12.34957498025364231 ) ) ;
#3429 = CARTESIAN_POINT ( 'NONE',  ( 1000.000000000000000, 5.000000000000000888, -14.49999999999999822 ) ) ;
#3430 = ORIENTED_EDGE ( 'NONE', *, *, #1742, .F. ) ;
#3431 = ADVANCED_FACE ( 'NONE', ( #206 ), #513, .T. ) ;
#3433 = FACE_OUTER_BOUND ( 'NONE', #3131, .T. ) ;
#3432 = LINE ( 'NONE', #1534, #2757 ) ;
#3434 = VERTEX_POINT ( 'NONE', #1286 ) ;
#3435 = VERTEX_POINT ( 'NONE', #224 ) ;
#3436 = DIRECTION ( 'NONE',  ( 0.000000000000000000, 0.000000000000000000, 1.000000000000000000 ) ) ;
#3437 = LINE ( 'NONE', #2358, #1056 ) ;
#3438 = AXIS2_PLACEMENT_3D ( 'NONE', #3319, #131, #644 ) ;
#3439 = ORIENTED_EDGE ( 'NONE', *, *, #2287, .F. ) ;
#3440 = FACE_OUTER_BOUND ( 'NONE', #1215, .T. ) ;
#3441 = DIRECTION ( 'NONE',  ( 0.000000000000000000, 1.000000000000000000, 0.000000000000000000 ) ) ;
#3442 = DIRECTION ( 'NONE',  ( 0.000000000000000000, 0.000000000000000000, 1.000000000000000000 ) ) ;
#3443 = VERTEX_POINT ( 'NONE', #3466 ) ;
#3444 = DIRECTION ( 'NONE',  ( 1.000000000000000000, 0.000000000000000000, -3.469446951953611724E-16 ) ) ;
#3445 = ORIENTED_EDGE ( 'NONE', *, *, #1742, .T. ) ;
#3446 = CARTESIAN_POINT ( 'NONE',  ( 2.000000000000000000, 4.999999999999997335, -19.50000000000000355 ) ) ;
#3447 = ORIENTED_EDGE ( 'NONE', *, *, #2790, .F. ) ;
#3448 = VECTOR ( 'NONE', #823, 1000.000000000000000 ) ;
#3449 = CARTESIAN_POINT ( 'NONE',  ( 1000.000000000000000, 0.000000000000000000, -14.49999999999999822 ) ) ;
#3450 = EDGE_LOOP ( 'NONE', ( #72, #101, #1595, #2876 ) ) ;
#3451 = EDGE_CURVE ( 'NONE', #2452, #1953, #1040, .T. ) ;
#3452 = ORIENTED_EDGE ( 'NONE', *, *, #1789, .F. ) ;
#3453 = AXIS2_PLACEMENT_3D ( 'NONE', #3138, #2554, #712 ) ;
#3454 = FACE_OUTER_BOUND ( 'NONE', #2801, .T. ) ;
#3455 = CARTESIAN_POINT ( 'NONE',  ( 0.000000000000000000, 37.00000000000000000, -84.50000000000000000 ) ) ;
#3456 = EDGE_CURVE ( 'NONE', #2776, #3365, #3128, .T. ) ;
#3457 = ORIENTED_EDGE ( 'NONE', *, *, #1384, .F. ) ;
#3458 = CARTESIAN_POINT ( 'NONE',  ( 85.00000000000000000, 16.99999999999999645, -12.34957498025365830 ) ) ;
#3459 = CARTESIAN_POINT ( 'NONE',  ( 35.00000000000000711, 34.99999999999999289, -12.34957498025365830 ) ) ;
#3460 = CARTESIAN_POINT ( 'NONE',  ( 104.9999999999999858, 5.000000000000000888, -9.499999999999994671 ) ) ;
#3461 = VERTEX_POINT ( 'NONE', #1826 ) ;
#3462 = DIRECTION ( 'NONE',  ( -0.000000000000000000, 1.000000000000000000, -0.000000000000000000 ) ) ;
#3463 = DIRECTION ( 'NONE',  ( 1.000000000000000000, 0.000000000000000000, -0.000000000000000000 ) ) ;
#3464 = EDGE_LOOP ( 'NONE', ( #2208, #1552, #1050, #1109 ) ) ;
#3465 = AXIS2_PLACEMENT_3D ( 'NONE', #3357, #135, #2015 ) ;
#3466 = CARTESIAN_POINT ( 'NONE',  ( 65.00000000000000000, 34.99999999999999289, -84.50000000000000000 ) ) ;
#3467 = EDGE_CURVE ( 'NONE', #1180, #182, #2581, .T. ) ;
#3468 = ORIENTED_EDGE ( 'NONE', *, *, #680, .F. ) ;
#3469 = ADVANCED_FACE ( 'NONE', ( #1268 ), #3397, .T. ) ;
#3470 = CARTESIAN_POINT ( 'NONE',  ( 104.9999999999999858, 32.00000000000000000, -39.50000000000000000 ) ) ;
#3471 = DIRECTION ( 'NONE',  ( -1.000000000000000000, 0.000000000000000000, -0.000000000000000000 ) ) ;
#3472 = ORIENTED_EDGE ( 'NONE', *, *, #1859, .F. ) ;
#3473 = AXIS2_PLACEMENT_3D ( 'NONE', #1389, #626, #2040 ) ;
#3474 = ADVANCED_FACE ( 'NONE', ( #1791 ), #2857, .F. ) ;
#3475 = DIRECTION ( 'NONE',  ( -1.000000000000000000, 0.000000000000000000, 0.000000000000000000 ) ) ;
#3476 = DIRECTION ( 'NONE',  ( 0.000000000000000000, 1.000000000000000000, 0.000000000000000000 ) ) ;
#3477 = CARTESIAN_POINT ( 'NONE',  ( 1000.000000000000000, 5.000000000000000888, -44.50000000000000711 ) ) ;
#3478 = ORIENTED_EDGE ( 'NONE', *, *, #2440, .F. ) ;
#3479 = ADVANCED_FACE ( 'NONE', ( #1516 ), #2601, .F. ) ;
#3480 = DIRECTION ( 'NONE',  ( -0.000000000000000000, 1.000000000000000000, -0.000000000000000000 ) ) ;
#3481 = CARTESIAN_POINT ( 'NONE',  ( 79.99999999999998579, 34.99999999999999289, 0.000000000000000000 ) ) ;
#3482 = ORIENTED_EDGE ( 'NONE', *, *, #2659, .F. ) ;
#3483 = CARTESIAN_POINT ( 'NONE',  ( 107.0000000000000000, 32.00000000000000000, 0.000000000000000000 ) ) ;
#3484 = EDGE_LOOP ( 'NONE', ( #908, #1118, #2678, #3489 ) ) ;
#3485 = VERTEX_POINT ( 'NONE', #723 ) ;
#3486 = VECTOR ( 'NONE', #2132, 1000.000000000000000 ) ;
#3487 = LINE ( 'NONE', #1, #1687 ) ;
#3488 = VECTOR ( 'NONE', #3056, 1000.000000000000000 ) ;
#3489 = ORIENTED_EDGE ( 'NONE', *, *, #222, .F. ) ;
#3490 = CARTESIAN_POINT ( 'NONE',  ( 0.000000000000000000, 5.000000000000000888, -19.50000000000000355 ) ) ;
#3491 = LINE ( 'NONE', #1640, #80 ) ;
#3492 = LINE ( 'NONE', #3195, #2530 ) ;
#3493 = ORIENTED_EDGE ( 'NONE', *, *, #472, .T. ) ;
#3494 = VECTOR ( 'NONE', #1899, 1000.000000000000000 ) ;
#3495 = ADVANCED_FACE ( 'NONE', ( #1811 ), #2880, .T. ) ;
#3496 = AXIS2_PLACEMENT_3D ( 'NONE', #1090, #237, #2983 ) ;
#3497 = LINE ( 'NONE', #470, #2111 ) ;
#3498 = DIRECTION ( 'NONE',  ( -1.000000000000000000, 0.000000000000000000, -0.000000000000000000 ) ) ;
#3499 = FACE_OUTER_BOUND ( 'NONE', #3181, .T. ) ;
#3500 = ORIENTED_EDGE ( 'NONE', *, *, #3134, .T. ) ;
#3501 = CARTESIAN_POINT ( 'NONE',  ( 49.99999999999999289, 34.99999999999999289, -12.34957498025365652 ) ) ;
#3502 = ADVANCED_FACE ( 'NONE', ( #2427 ), #3274, .F. ) ;
#3503 = EDGE_CURVE ( 'NONE', #3461, #1564, #793, .T. ) ;
#3504 = CC_DESIGN_APPROVAL ( #588, ( #281 ) ) ;
#3505 = ORIENTED_EDGE ( 'NONE', *, *, #2419, .F. ) ;
#3506 = SECURITY_CLASSIFICATION_LEVEL ( 'unclassified' ) ;
#3507 = ORIENTED_EDGE ( 'NONE', *, *, #320, .T. ) ;
ENDSEC;
END-ISO-10303-21;
