ISO-10303-21;
HEADER;
FILE_DESCRIPTION (( 'STEP AP214' ),
    '1' );
FILE_NAME ('maixcamÖ§¼Ü.STEP',
    '2026-07-27T09:08:30',
    ( '' ),
    ( '' ),
    'SwSTEP 2.0',
    'SolidWorks 2024',
    '' );
FILE_SCHEMA (( 'AUTOMOTIVE_DESIGN' ));
ENDSEC;

DATA;
#1 = DIRECTION ( 'NONE',  ( -0.000000000000000000, -0.000000000000000000, 1.000000000000000000 ) ) ;
#2 = AXIS2_PLACEMENT_3D ( 'NONE', #211, #767, #1315 ) ;
#3 = FACE_BOUND ( 'NONE', #583, .T. ) ;
#4 = CARTESIAN_POINT ( 'NONE',  ( 19.81348927648623359, -124.0000000000000000, -20.00000000000000711 ) ) ;
#5 = DIRECTION ( 'NONE',  ( 1.000000000000000000, 0.000000000000000000, 0.000000000000000000 ) ) ;
#6 = ORIENTED_EDGE ( 'NONE', *, *, #942, .F. ) ;
#7 = STYLED_ITEM ( 'NONE', ( #1332 ), #909 ) ;
#8 = EDGE_CURVE ( 'NONE', #1295, #180, #1410, .T. ) ;
#9 = CARTESIAN_POINT ( 'NONE',  ( 79.00000000000000000, 15.00000000000000000, -10.00000000000000000 ) ) ;
#10 = CIRCLE ( 'NONE', #691, 1.000000000000000888 ) ;
#11 = CARTESIAN_POINT ( 'NONE',  ( 0.000000000000000000, 15.00000000000000000, -10.00000000000000000 ) ) ;
#12 = VERTEX_POINT ( 'NONE', #1264 ) ;
#13 = EDGE_CURVE ( 'NONE', #1693, #1488, #19, .T. ) ;
#14 = ORIENTED_EDGE ( 'NONE', *, *, #400, .F. ) ;
#15 = ADVANCED_FACE ( 'NONE', ( #1127 ), #1691, .F. ) ;
#16 = ORIENTED_EDGE ( 'NONE', *, *, #527, .T. ) ;
#17 = ADVANCED_FACE ( 'NONE', ( #285 ), #1553, .F. ) ;
#18 = CARTESIAN_POINT ( 'NONE',  ( 19.81348927648623359, -120.0000000000000000, -20.00000000000000711 ) ) ;
#19 = LINE ( 'NONE', #1699, #24 ) ;
#20 = ORIENTED_EDGE ( 'NONE', *, *, #437, .T. ) ;
#21 = EDGE_LOOP ( 'NONE', ( #1125, #1122, #1763, #1557 ) ) ;
#22 = EDGE_CURVE ( 'NONE', #647, #1235, #310, .T. ) ;
#23 = DIRECTION ( 'NONE',  ( 1.000000000000000000, 0.000000000000000000, 0.000000000000000000 ) ) ;
#24 = VECTOR ( 'NONE', #585, 1000.000000000000000 ) ;
#25 = ADVANCED_FACE ( 'NONE', ( #830 ), #779, .F. ) ;
#26 = DIRECTION ( 'NONE',  ( 0.000000000000000000, 0.000000000000000000, -1.000000000000000000 ) ) ;
#27 = DIRECTION ( 'NONE',  ( -0.000000000000000000, 1.000000000000000000, -0.000000000000000000 ) ) ;
#28 = EDGE_LOOP ( 'NONE', ( #1328, #950, #407, #1589 ) ) ;
#29 = CIRCLE ( 'NONE', #1059, 1.749999999999994671 ) ;
#30 = CIRCLE ( 'NONE', #989, 1.750000000000001554 ) ;
#31 = CARTESIAN_POINT ( 'NONE',  ( 18.06348927648623359, -84.99999999999998579, 13.24999999999999822 ) ) ;
#32 = VECTOR ( 'NONE', #227, 1000.000000000000000 ) ;
#33 = DIRECTION ( 'NONE',  ( -0.000000000000000000, 1.000000000000000000, -0.000000000000000000 ) ) ;
#34 = CARTESIAN_POINT ( 'NONE',  ( 12.50000000000000355, 19.99999999999998224, 10.00000000000000178 ) ) ;
#35 = ORIENTED_EDGE ( 'NONE', *, *, #1340, .T. ) ;
#36 = CONICAL_SURFACE ( 'NONE', #1310, 1.774999999999998801, 0.7853981633974536081 ) ;
#37 = EDGE_LOOP ( 'NONE', ( #658, #1567, #1266, #250, #973, #66 ) ) ;
#38 = AXIS2_PLACEMENT_3D ( 'NONE', #503, #1049, #1166 ) ;
#39 = ADVANCED_FACE ( 'NONE', ( #1184 ), #1361, .T. ) ;
#40 = DIRECTION ( 'NONE',  ( -0.000000000000000000, -1.000000000000000000, -0.000000000000000000 ) ) ;
#41 = FACE_OUTER_BOUND ( 'NONE', #1764, .T. ) ;
#42 = DIRECTION ( 'NONE',  ( -0.000000000000000000, -0.000000000000000000, 1.000000000000000000 ) ) ;
#43 = DIRECTION ( 'NONE',  ( 0.000000000000000000, -1.000000000000000000, 0.000000000000000000 ) ) ;
#44 = FACE_OUTER_BOUND ( 'NONE', #160, .T. ) ;
#45 = CARTESIAN_POINT ( 'NONE',  ( 6.331740687315355361E-15, -120.0000000000000000, -18.25000000000001421 ) ) ;
#46 = ORIENTED_EDGE ( 'NONE', *, *, #334, .T. ) ;
#47 = ORIENTED_EDGE ( 'NONE', *, *, #355, .F. ) ;
#48 = EDGE_CURVE ( 'NONE', #1200, #1029, #412, .T. ) ;
#49 = CARTESIAN_POINT ( 'NONE',  ( 12.50000000000000355, 19.99999999999998224, 9.674999999999998934 ) ) ;
#50 = CARTESIAN_POINT ( 'NONE',  ( 59.81348927648623004, -124.0000000000000000, 21.74999999999999645 ) ) ;
#51 = DIRECTION ( 'NONE',  ( 0.000000000000000000, 0.000000000000000000, 1.000000000000000000 ) ) ;
#52 = DIRECTION ( 'NONE',  ( 0.000000000000000000, 0.000000000000000000, -1.000000000000000000 ) ) ;
#53 = CARTESIAN_POINT ( 'NONE',  ( 19.81348927648623004, -84.99999999999998579, -14.99999999999998401 ) ) ;
#54 = DIRECTION ( 'NONE',  ( 0.000000000000000000, -1.000000000000000000, 0.000000000000000000 ) ) ;
#55 = VECTOR ( 'NONE', #1000, 1000.000000000000000 ) ;
#56 = VERTEX_POINT ( 'NONE', #78 ) ;
#57 = CARTESIAN_POINT ( 'NONE',  ( 66.50000000000000000, 19.99999999999998224, 10.00000000000000000 ) ) ;
#58 = VERTEX_POINT ( 'NONE', #177 ) ;
#59 = ORIENTED_EDGE ( 'NONE', *, *, #1229, .F. ) ;
#60 = PLANE ( 'NONE',  #38 ) ;
#61 = DIRECTION ( 'NONE',  ( 1.000000000000000000, 0.000000000000000000, 3.469446951953617147E-16 ) ) ;
#62 = AXIS2_PLACEMENT_3D ( 'NONE', #257, #1352, #628 ) ;
#63 = DIRECTION ( 'NONE',  ( 0.000000000000000000, 0.000000000000000000, -1.000000000000000000 ) ) ;
#64 = DIRECTION ( 'NONE',  ( 0.000000000000000000, 0.000000000000000000, 1.000000000000000000 ) ) ;
#65 = LINE ( 'NONE', #890, #1257 ) ;
#66 = ORIENTED_EDGE ( 'NONE', *, *, #1506, .T. ) ;
#67 = FACE_OUTER_BOUND ( 'NONE', #1128, .T. ) ;
#68 = VECTOR ( 'NONE', #1041, 1000.000000000000000 ) ;
#69 = ORIENTED_EDGE ( 'NONE', *, *, #464, .F. ) ;
#70 = EDGE_CURVE ( 'NONE', #1399, #626, #877, .T. ) ;
#71 = ORIENTED_EDGE ( 'NONE', *, *, #606, .F. ) ;
#72 = CIRCLE ( 'NONE', #1169, 2.750000000000002665 ) ;
#73 = DIRECTION ( 'NONE',  ( 0.000000000000000000, 5.204170427930416550E-15, -1.000000000000000000 ) ) ;
#74 = CARTESIAN_POINT ( 'NONE',  ( 59.81348927648623004, -84.99999999999998579, 18.24999999999999289 ) ) ;
#75 = FACE_OUTER_BOUND ( 'NONE', #478, .T. ) ;
#76 = EDGE_CURVE ( 'NONE', #164, #934, #1798, .T. ) ;
#77 = CARTESIAN_POINT ( 'NONE',  ( 39.50000000000000000, -120.0000000000000000, 0.000000000000000000 ) ) ;
#78 = CARTESIAN_POINT ( 'NONE',  ( 19.81348927648623359, -125.0000000000000000, -17.25000000000000355 ) ) ;
#79 = LINE ( 'NONE', #330, #1084 ) ;
#80 = DIRECTION ( 'NONE',  ( 1.000000000000000000, 0.000000000000000000, 0.000000000000000000 ) ) ;
#81 = CARTESIAN_POINT ( 'NONE',  ( 0.000000000000000000, -124.0000000000000000, 22.74999999999999645 ) ) ;
#82 = ORIENTED_EDGE ( 'NONE', *, *, #597, .T. ) ;
#83 = DIRECTION ( 'NONE',  ( -0.000000000000000000, -0.000000000000000000, 1.000000000000000000 ) ) ;
#84 = EDGE_LOOP ( 'NONE', ( #448, #1795, #649, #123 ) ) ;
#85 = ORIENTED_EDGE ( 'NONE', *, *, #1566, .F. ) ;
#86 = CARTESIAN_POINT ( 'NONE',  ( 59.81348927648620872, -84.99999999999998579, -13.24999999999998934 ) ) ;
#87 = FILL_AREA_STYLE ('',( #1580 ) ) ;
#88 = ADVANCED_FACE ( 'NONE', ( #494 ), #349, .T. ) ;
#89 = EDGE_CURVE ( 'NONE', #12, #582, #94, .T. ) ;
#90 = DIRECTION ( 'NONE',  ( -1.000000000000000000, 0.000000000000000000, 0.000000000000000000 ) ) ;
#91 = DIRECTION ( 'NONE',  ( -1.000000000000000000, -0.000000000000000000, -0.000000000000000000 ) ) ;
#92 = EDGE_CURVE ( 'NONE', #442, #1262, #956, .T. ) ;
#93 = EDGE_LOOP ( 'NONE', ( #513, #1773, #952, #1515 ) ) ;
#94 = CIRCLE ( 'NONE', #719, 1.449999999999993072 ) ;
#95 = EDGE_LOOP ( 'NONE', ( #1401, #1613, #1052, #1389 ) ) ;
#96 = ORIENTED_EDGE ( 'NONE', *, *, #1061, .T. ) ;
#97 = EDGE_CURVE ( 'NONE', #626, #893, #318, .T. ) ;
#98 = DIRECTION ( 'NONE',  ( 0.000000000000000000, 0.000000000000000000, -1.000000000000000000 ) ) ;
#99 = DIRECTION ( 'NONE',  ( 1.261617073437680809E-15, 0.000000000000000000, -1.000000000000000000 ) ) ;
#100 = ORIENTED_EDGE ( 'NONE', *, *, #1697, .T. ) ;
#101 = AXIS2_PLACEMENT_3D ( 'NONE', #502, #1789, #1500 ) ;
#102 = DIRECTION ( 'NONE',  ( 0.000000000000000000, 0.000000000000000000, -1.000000000000000000 ) ) ;
#103 = CARTESIAN_POINT ( 'NONE',  ( 39.50000000000000000, -120.0000000000000000, 0.000000000000000000 ) ) ;
#104 = AXIS2_PLACEMENT_3D ( 'NONE', #4, #958, #571 ) ;
#105 = EDGE_LOOP ( 'NONE', ( #261, #1742, #1532, #447 ) ) ;
#106 = CARTESIAN_POINT ( 'NONE',  ( 59.81348927648620162, -124.0000000000000000, -19.99999999999999289 ) ) ;
#107 = ORIENTED_EDGE ( 'NONE', *, *, #1240, .T. ) ;
#108 = ORIENTED_EDGE ( 'NONE', *, *, #336, .F. ) ;
#109 = ADVANCED_FACE ( 'NONE', ( #194 ), #348, .F. ) ;
#110 = DIRECTION ( 'NONE',  ( -0.000000000000000000, -0.000000000000000000, 1.000000000000000000 ) ) ;
#111 = CARTESIAN_POINT ( 'NONE',  ( 19.81348927648623359, -120.0000000000000000, 19.99999999999999289 ) ) ;
#112 = VECTOR ( 'NONE', #1474, 999.9999999999998863 ) ;
#113 = CARTESIAN_POINT ( 'NONE',  ( 64.81348927648622293, -125.0000000000000000, 24.99999999999999289 ) ) ;
#114 = DIRECTION ( 'NONE',  ( 0.000000000000000000, -1.000000000000000000, 0.000000000000000000 ) ) ;
#115 = CARTESIAN_POINT ( 'NONE',  ( 59.81348927648620162, -124.0000000000000000, -21.74999999999999645 ) ) ;
#116 = ORIENTED_EDGE ( 'NONE', *, *, #1641, .F. ) ;
#117 = DIRECTION ( 'NONE',  ( 0.000000000000000000, -1.000000000000000000, 0.000000000000000000 ) ) ;
#118 = CARTESIAN_POINT ( 'NONE',  ( 19.81348927648623004, -120.0000000000000000, -14.99999999999998401 ) ) ;
#119 = EDGE_CURVE ( 'NONE', #1176, #466, #1520, .T. ) ;
#120 = DIRECTION ( 'NONE',  ( 0.000000000000000000, 0.000000000000000000, -1.000000000000000000 ) ) ;
#121 = CARTESIAN_POINT ( 'NONE',  ( 18.06348927648623359, -124.0000000000000000, 13.24999999999999822 ) ) ;
#122 = CARTESIAN_POINT ( 'NONE',  ( 59.81348927648620872, -120.0000000000000000, -13.24999999999998934 ) ) ;
#123 = ORIENTED_EDGE ( 'NONE', *, *, #576, .F. ) ;
#124 = CARTESIAN_POINT ( 'NONE',  ( 19.81348927648623359, -124.0000000000000000, -22.75000000000001066 ) ) ;
#125 = ORIENTED_EDGE ( 'NONE', *, *, #1776, .F. ) ;
#126 = AXIS2_PLACEMENT_3D ( 'NONE', #1718, #90, #51 ) ;
#127 = AXIS2_PLACEMENT_3D ( 'NONE', #1085, #1621, #102 ) ;
#128 = FACE_OUTER_BOUND ( 'NONE', #1747, .T. ) ;
#129 = CARTESIAN_POINT ( 'NONE',  ( 66.50000000000000000, 19.99999999999998224, 10.00000000000000178 ) ) ;
#130 = EDGE_LOOP ( 'NONE', ( #1103, #313, #341, #662, #1411, #739 ) ) ;
#131 = TOROIDAL_SURFACE ( 'NONE', #516, 2.749999999999994671, 1.000000000000000000 ) ;
#132 = CIRCLE ( 'NONE', #1419, 1.749999999999994671 ) ;
#133 = CARTESIAN_POINT ( 'NONE',  ( 0.000000000000000000, 0.000000000000000000, 0.000000000000000000 ) ) ;
#134 = ORIENTED_EDGE ( 'NONE', *, *, #543, .F. ) ;
#135 = EDGE_LOOP ( 'NONE', ( #1225, #1760, #1089, #382 ) ) ;
#136 = CIRCLE ( 'NONE', #1207, 1.749999999999994671 ) ;
#137 = FACE_BOUND ( 'NONE', #1436, .T. ) ;
#138 = CARTESIAN_POINT ( 'NONE',  ( 19.81348927648623359, -124.0000000000000000, 19.99999999999999289 ) ) ;
#139 = ORIENTED_EDGE ( 'NONE', *, *, #1167, .F. ) ;
#140 = PLANE ( 'NONE',  #1063 ) ;
#141 = CARTESIAN_POINT ( 'NONE',  ( 59.81348927648620162, -124.0000000000000000, -19.99999999999999289 ) ) ;
#142 = ADVANCED_FACE ( 'NONE', ( #1743, #1584, #1591 ), #754, .F. ) ;
#143 = LINE ( 'NONE', #968, #674 ) ;
#144 = CARTESIAN_POINT ( 'NONE',  ( 22.56348927648622649, -125.0000000000000000, 13.25000000000000355 ) ) ;
#145 =( NAMED_UNIT ( * ) PLANE_ANGLE_UNIT ( ) SI_UNIT ( $, .RADIAN. ) );
#146 = EDGE_LOOP ( 'NONE', ( #1609, #771, #200, #435 ) ) ;
#147 = ADVANCED_FACE ( 'NONE', ( #1006 ), #1455, .T. ) ;
#148 = AXIS2_PLACEMENT_3D ( 'NONE', #1606, #901, #507 ) ;
#149 = CARTESIAN_POINT ( 'NONE',  ( 39.50000000000000000, -120.0000000000000000, 0.000000000000000000 ) ) ;
#150 = EDGE_CURVE ( 'NONE', #56, #1612, #1571, .T. ) ;
#151 = LINE ( 'NONE', #696, #570 ) ;
#152 = ORIENTED_EDGE ( 'NONE', *, *, #1077, .F. ) ;
#153 = EDGE_LOOP ( 'NONE', ( #1174, #402, #370, #380 ) ) ;
#154 = TOROIDAL_SURFACE ( 'NONE', #274, 2.750000000000001776, 1.000000000000000000 ) ;
#155 = VERTEX_POINT ( 'NONE', #319 ) ;
#156 = FACE_OUTER_BOUND ( 'NONE', #1450, .T. ) ;
#157 = AXIS2_PLACEMENT_3D ( 'NONE', #657, #1070, #1721 ) ;
#158 = CIRCLE ( 'NONE', #1375, 1.449999999999998179 ) ;
#159 = ORIENTED_EDGE ( 'NONE', *, *, #842, .F. ) ;
#160 = EDGE_LOOP ( 'NONE', ( #376, #152, #1248, #1217 ) ) ;
#161 = ADVANCED_FACE ( 'NONE', ( #460 ), #1387, .F. ) ;
#162 = ORIENTED_EDGE ( 'NONE', *, *, #1685, .F. ) ;
#163 = CARTESIAN_POINT ( 'NONE',  ( 68.27500000000000568, 19.99999999999998224, 10.00000000000000178 ) ) ;
#164 = VERTEX_POINT ( 'NONE', #493 ) ;
#165 = VERTEX_POINT ( 'NONE', #1583 ) ;
#166 = DIRECTION ( 'NONE',  ( 1.000000000000000000, 0.000000000000000000, 0.000000000000000000 ) ) ;
#167 = CARTESIAN_POINT ( 'NONE',  ( 64.81348927648622293, -125.0000000000000000, -25.00000000000000711 ) ) ;
#168 = EDGE_LOOP ( 'NONE', ( #1643, #1702, #523, #873 ) ) ;
#169 = ORIENTED_EDGE ( 'NONE', *, *, #1563, .F. ) ;
#170 = ORIENTED_EDGE ( 'NONE', *, *, #70, .T. ) ;
#171 = EDGE_CURVE ( 'NONE', #761, #893, #1270, .T. ) ;
#172 = AXIS2_PLACEMENT_3D ( 'NONE', #438, #1682, #1545 ) ;
#173 = VECTOR ( 'NONE', #557, 1000.000000000000000 ) ;
#174 = AXIS2_PLACEMENT_3D ( 'NONE', #436, #1101, #283 ) ;
#175 = VERTEX_POINT ( 'NONE', #163 ) ;
#176 = DIRECTION ( 'NONE',  ( -0.000000000000000000, -0.000000000000000000, 1.000000000000000000 ) ) ;
#177 = CARTESIAN_POINT ( 'NONE',  ( 61.56348927648619451, -124.0000000000000000, 13.24999999999999822 ) ) ;
#178 = LINE ( 'NONE', #888, #388 ) ;
#179 = CARTESIAN_POINT ( 'NONE',  ( 61.56348927648620162, -120.0000000000000000, -13.24999999999999822 ) ) ;
#180 = VERTEX_POINT ( 'NONE', #1134 ) ;
#181 = EDGE_CURVE ( 'NONE', #1123, #582, #600, .T. ) ;
#182 = ORIENTED_EDGE ( 'NONE', *, *, #1183, .T. ) ;
#183 = CARTESIAN_POINT ( 'NONE',  ( 62.56348927648619451, -124.0000000000000000, 13.25000000000000355 ) ) ;
#184 = LINE ( 'NONE', #53, #1072 ) ;
#185 = DIRECTION ( 'NONE',  ( -1.000000000000000000, -0.000000000000000000, -0.000000000000000000 ) ) ;
#186 = ORIENTED_EDGE ( 'NONE', *, *, #1145, .F. ) ;
#187 = DIRECTION ( 'NONE',  ( 1.000000000000000000, 0.000000000000000000, 0.000000000000000000 ) ) ;
#188 = EDGE_LOOP ( 'NONE', ( #85, #1482, #450, #189 ) ) ;
#189 = ORIENTED_EDGE ( 'NONE', *, *, #1112, .F. ) ;
#190 = EDGE_CURVE ( 'NONE', #289, #499, #610, .T. ) ;
#191 = CARTESIAN_POINT ( 'NONE',  ( 59.81348927648620162, -124.0000000000000000, -22.74999999999999645 ) ) ;
#192 = CARTESIAN_POINT ( 'NONE',  ( 7.546047120499121905E-15, -120.0000000000000000, -21.75000000000001421 ) ) ;
#193 = ORIENTED_EDGE ( 'NONE', *, *, #181, .F. ) ;
#194 = FACE_OUTER_BOUND ( 'NONE', #1129, .T. ) ;
#195 = DIRECTION ( 'NONE',  ( 0.000000000000000000, 0.000000000000000000, 1.000000000000000000 ) ) ;
#196 = DIRECTION ( 'NONE',  ( -0.000000000000000000, -1.000000000000000000, -0.000000000000000000 ) ) ;
#197 = ADVANCED_FACE ( 'NONE', ( #44 ), #1025, .F. ) ;
#198 = CARTESIAN_POINT ( 'NONE',  ( 61.56348927648620162, -124.0000000000000000, -13.24999999999999822 ) ) ;
#199 = VECTOR ( 'NONE', #52, 1000.000000000000000 ) ;
#200 = ORIENTED_EDGE ( 'NONE', *, *, #295, .F. ) ;
#201 = CARTESIAN_POINT ( 'NONE',  ( 79.00000000000000000, 15.00000000000000000, 0.000000000000000000 ) ) ;
#202 = VERTEX_POINT ( 'NONE', #473 ) ;
#203 = EDGE_CURVE ( 'NONE', #368, #1676, #1016, .T. ) ;
#204 = ORIENTED_EDGE ( 'NONE', *, *, #1183, .F. ) ;
#205 = DIRECTION ( 'NONE',  ( 0.000000000000000000, 0.000000000000000000, 1.000000000000000000 ) ) ;
#206 = DIRECTION ( 'NONE',  ( 1.000000000000000000, 0.000000000000000000, 0.000000000000000000 ) ) ;
#207 = TOROIDAL_SURFACE ( 'NONE', #1768, 2.750000000000001776, 1.000000000000000000 ) ;
#208 = FACE_BOUND ( 'NONE', #558, .T. ) ;
#209 = CARTESIAN_POINT ( 'NONE',  ( 59.81348927648623004, -124.0000000000000000, 22.74999999999999645 ) ) ;
#210 = AXIS2_PLACEMENT_3D ( 'NONE', #77, #1050, #643 ) ;
#211 = CARTESIAN_POINT ( 'NONE',  ( 19.81348927648623359, -124.0000000000000000, -17.25000000000000355 ) ) ;
#212 = DIRECTION ( 'NONE',  ( -1.000000000000000000, 0.000000000000000000, -1.309225264888156623E-16 ) ) ;
#213 = CARTESIAN_POINT ( 'NONE',  ( 12.50000000000000355, 19.99999999999998224, 0.000000000000000000 ) ) ;
#214 = ORIENTED_EDGE ( 'NONE', *, *, #606, .T. ) ;
#215 = ADVANCED_FACE ( 'NONE', ( #612 ), #815, .F. ) ;
#216 = CARTESIAN_POINT ( 'NONE',  ( 59.81348927648620162, -84.99999999999998579, -19.99999999999999289 ) ) ;
#217 = ORIENTED_EDGE ( 'NONE', *, *, #1685, .T. ) ;
#218 = ORIENTED_EDGE ( 'NONE', *, *, #853, .F. ) ;
#219 = EDGE_CURVE ( 'NONE', #1509, #1036, #1422, .T. ) ;
#220 = CIRCLE ( 'NONE', #636, 1.000000000000000888 ) ;
#221 = CARTESIAN_POINT ( 'NONE',  ( 19.81348927648623359, -84.99999999999998579, -18.25000000000000711 ) ) ;
#222 = CARTESIAN_POINT ( 'NONE',  ( 19.81348927648623359, -124.0000000000000000, -20.00000000000000711 ) ) ;
#223 = CARTESIAN_POINT ( 'NONE',  ( 57.06348927648620162, -124.0000000000000000, 13.24999999999999822 ) ) ;
#224 = EDGE_CURVE ( 'NONE', #1045, #1363, #1592, .T. ) ;
#225 = ORIENTED_EDGE ( 'NONE', *, *, #1236, .T. ) ;
#226 = DIRECTION ( 'NONE',  ( -1.000000000000000000, 0.000000000000000000, 5.204170427930416550E-15 ) ) ;
#227 = DIRECTION ( 'NONE',  ( -1.000000000000000000, -0.000000000000000000, 0.000000000000000000 ) ) ;
#228 = CARTESIAN_POINT ( 'NONE',  ( 19.81348927648623004, -124.0000000000000000, -15.99999999999998224 ) ) ;
#229 = ORIENTED_EDGE ( 'NONE', *, *, #788, .T. ) ;
#230 = EDGE_CURVE ( 'NONE', #635, #804, #1429, .T. ) ;
#231 = FACE_OUTER_BOUND ( 'NONE', #146, .T. ) ;
#232 = ORIENTED_EDGE ( 'NONE', *, *, #797, .F. ) ;
#233 = ORIENTED_EDGE ( 'NONE', *, *, #1034, .T. ) ;
#234 = FACE_OUTER_BOUND ( 'NONE', #884, .T. ) ;
#235 = DIRECTION ( 'NONE',  ( 0.000000000000000000, -1.000000000000000000, 0.000000000000000000 ) ) ;
#236 = EDGE_LOOP ( 'NONE', ( #1738, #1282, #6, #1249 ) ) ;
#237 = DIRECTION ( 'NONE',  ( 0.000000000000000000, 0.000000000000000000, -1.000000000000000000 ) ) ;
#238 = LINE ( 'NONE', #1484, #1724 ) ;
#239 = DIRECTION ( 'NONE',  ( 1.000000000000000000, 0.000000000000000000, 0.000000000000000000 ) ) ;
#240 = EDGE_CURVE ( 'NONE', #976, #647, #866, .T. ) ;
#241 = ORIENTED_EDGE ( 'NONE', *, *, #336, .T. ) ;
#242 = VECTOR ( 'NONE', #1638, 1000.000000000000000 ) ;
#243 = VERTEX_POINT ( 'NONE', #725 ) ;
#244 = DIRECTION ( 'NONE',  ( 0.000000000000000000, -1.000000000000000000, 0.000000000000000000 ) ) ;
#245 = DIRECTION ( 'NONE',  ( 0.000000000000000000, 0.000000000000000000, -1.000000000000000000 ) ) ;
#246 = AXIS2_PLACEMENT_3D ( 'NONE', #1210, #1786, #187 ) ;
#247 = PLANE ( 'NONE',  #127 ) ;
#248 = CARTESIAN_POINT ( 'NONE',  ( 0.000000000000000000, 0.000000000000000000, 10.00000000000000000 ) ) ;
#249 = DIRECTION ( 'NONE',  ( 5.204170427930416550E-15, 0.000000000000000000, 1.000000000000000000 ) ) ;
#250 = ORIENTED_EDGE ( 'NONE', *, *, #1769, .F. ) ;
#251 = AXIS2_PLACEMENT_3D ( 'NONE', #149, #1660, #1252 ) ;
#252 = DIRECTION ( 'NONE',  ( 0.000000000000000000, 0.000000000000000000, -1.000000000000000000 ) ) ;
#253 = EDGE_CURVE ( 'NONE', #357, #58, #1688, .T. ) ;
#254 = VERTEX_POINT ( 'NONE', #1038 ) ;
#255 = VECTOR ( 'NONE', #1459, 1000.000000000000000 ) ;
#256 = CARTESIAN_POINT ( 'NONE',  ( 21.56348927648622293, -84.99999999999998579, 13.24999999999999822 ) ) ;
#257 = CARTESIAN_POINT ( 'NONE',  ( 66.50000000000000000, 19.99999999999998224, 9.674999999999998934 ) ) ;
#258 = AXIS2_PLACEMENT_3D ( 'NONE', #1499, #935, #1064 ) ;
#259 =( NAMED_UNIT ( * ) PLANE_ANGLE_UNIT ( ) SI_UNIT ( $, .RADIAN. ) );
#260 = LINE ( 'NONE', #1784, #1276 ) ;
#261 = ORIENTED_EDGE ( 'NONE', *, *, #1229, .T. ) ;
#262 = CARTESIAN_POINT ( 'NONE',  ( 19.81348927648623004, -84.99999999999998579, 21.74999999999999645 ) ) ;
#263 = LINE ( 'NONE', #377, #1492 ) ;
#264 = DIRECTION ( 'NONE',  ( 0.000000000000000000, -0.000000000000000000, -1.000000000000000000 ) ) ;
#265 = CARTESIAN_POINT ( 'NONE',  ( 59.81348927648620872, -120.0000000000000000, -13.24999999999998934 ) ) ;
#266 = EDGE_LOOP ( 'NONE', ( #1187, #784, #1306, #59 ) ) ;
#267 = FACE_BOUND ( 'NONE', #985, .T. ) ;
#268 = EDGE_CURVE ( 'NONE', #1036, #976, #337, .T. ) ;
#269 = VECTOR ( 'NONE', #631, 1000.000000000000000 ) ;
#270 = ADVANCED_FACE ( 'NONE', ( #350 ), #1280, .F. ) ;
#271 = CIRCLE ( 'NONE', #715, 1.000000000000000888 ) ;
#272 = CARTESIAN_POINT ( 'NONE',  ( 79.00000000000000000, 0.000000000000000000, -10.00000000000000000 ) ) ;
#273 = ORIENTED_EDGE ( 'NONE', *, *, #970, .T. ) ;
#274 = AXIS2_PLACEMENT_3D ( 'NONE', #222, #776, #316 ) ;
#275 = VECTOR ( 'NONE', #467, 1000.000000000000000 ) ;
#276 = DIRECTION ( 'NONE',  ( 0.000000000000000000, 0.000000000000000000, -1.000000000000000000 ) ) ;
#277 = ORIENTED_EDGE ( 'NONE', *, *, #1781, .F. ) ;
#278 = CIRCLE ( 'NONE', #1253, 1.000000000000000888 ) ;
#279 = EDGE_CURVE ( 'NONE', #1363, #817, #1151, .T. ) ;
#280 = ORIENTED_EDGE ( 'NONE', *, *, #76, .F. ) ;
#281 = CIRCLE ( 'NONE', #918, 1.750000000000001554 ) ;
#282 = EDGE_CURVE ( 'NONE', #165, #729, #178, .T. ) ;
#283 = DIRECTION ( 'NONE',  ( 0.000000000000000000, -0.000000000000000000, -1.000000000000000000 ) ) ;
#284 = CARTESIAN_POINT ( 'NONE',  ( 59.81348927648620162, -120.0000000000000000, -18.24999999999999289 ) ) ;
#285 = FACE_OUTER_BOUND ( 'NONE', #28, .T. ) ;
#286 = DIRECTION ( 'NONE',  ( -1.000000000000000000, -0.000000000000000000, -3.469446951953617147E-16 ) ) ;
#287 = FACE_OUTER_BOUND ( 'NONE', #1477, .T. ) ;
#288 = EDGE_CURVE ( 'NONE', #1027, #1625, #839, .T. ) ;
#289 = VERTEX_POINT ( 'NONE', #1719 ) ;
#290 = AXIS2_PLACEMENT_3D ( 'NONE', #693, #1394, #689 ) ;
#291 = VERTEX_POINT ( 'NONE', #755 ) ;
#292 = PLANE ( 'NONE',  #547 ) ;
#293 = DIRECTION ( 'NONE',  ( 0.000000000000000000, 0.000000000000000000, -1.000000000000000000 ) ) ;
#294 = ORIENTED_EDGE ( 'NONE', *, *, #224, .T. ) ;
#295 = EDGE_CURVE ( 'NONE', #1749, #604, #79, .T. ) ;
#296 = VECTOR ( 'NONE', #1607, 1000.000000000000000 ) ;
#297 = DIRECTION ( 'NONE',  ( 0.000000000000000000, -1.000000000000000000, 0.000000000000000000 ) ) ;
#298 = PLANE ( 'NONE',  #1091 ) ;
#299 = EDGE_LOOP ( 'NONE', ( #505, #1381 ) ) ;
#300 = ORIENTED_EDGE ( 'NONE', *, *, #22, .T. ) ;
#301 = ORIENTED_EDGE ( 'NONE', *, *, #70, .F. ) ;
#302 = ORIENTED_EDGE ( 'NONE', *, *, #76, .T. ) ;
#303 = FACE_BOUND ( 'NONE', #1536, .T. ) ;
#304 = TOROIDAL_SURFACE ( 'NONE', #1533, 2.750000000000001776, 1.000000000000000000 ) ;
#305 = DIRECTION ( 'NONE',  ( -0.000000000000000000, -1.000000000000000000, -0.000000000000000000 ) ) ;
#306 = CIRCLE ( 'NONE', #1806, 1.775000000000000577 ) ;
#307 = ORIENTED_EDGE ( 'NONE', *, *, #846, .T. ) ;
#308 = EDGE_LOOP ( 'NONE', ( #1239, #910, #778, #554 ) ) ;
#309 = LINE ( 'NONE', #192, #1630 ) ;
#310 = LINE ( 'NONE', #592, #566 ) ;
#311 = DIRECTION ( 'NONE',  ( 0.000000000000000000, -1.000000000000000000, -0.000000000000000000 ) ) ;
#312 = DIRECTION ( 'NONE',  ( -0.000000000000000000, -1.000000000000000000, -0.000000000000000000 ) ) ;
#313 = ORIENTED_EDGE ( 'NONE', *, *, #538, .F. ) ;
#314 = ORIENTED_EDGE ( 'NONE', *, *, #1167, .T. ) ;
#315 = ORIENTED_EDGE ( 'NONE', *, *, #1290, .T. ) ;
#316 = DIRECTION ( 'NONE',  ( 0.000000000000000000, 0.000000000000000000, -1.000000000000000000 ) ) ;
#317 = DIRECTION ( 'NONE',  ( 1.000000000000000000, 0.000000000000000000, 0.000000000000000000 ) ) ;
#318 = CIRCLE ( 'NONE', #1722, 1.000000000000000888 ) ;
#319 = CARTESIAN_POINT ( 'NONE',  ( 19.81348927648623004, -124.0000000000000000, 18.24999999999999289 ) ) ;
#320 = CARTESIAN_POINT ( 'NONE',  ( 59.81348927648620872, -124.0000000000000000, -13.24999999999998934 ) ) ;
#321 = CARTESIAN_POINT ( 'NONE',  ( 64.81348927648622293, -125.0000000000000000, 24.99999999999999289 ) ) ;
#322 = DIRECTION ( 'NONE',  ( 0.7071067811865456854, 0.000000000000000000, 0.7071067811865493491 ) ) ;
#323 = ORIENTED_EDGE ( 'NONE', *, *, #413, .F. ) ;
#324 = ORIENTED_EDGE ( 'NONE', *, *, #831, .T. ) ;
#325 = VERTEX_POINT ( 'NONE', #620 ) ;
#326 = TOROIDAL_SURFACE ( 'NONE', #569, 2.750000000000001776, 1.000000000000000000 ) ;
#327 = AXIS2_PLACEMENT_3D ( 'NONE', #832, #697, #1218 ) ;
#328 = CARTESIAN_POINT ( 'NONE',  ( 14.81348927648622826, -125.0000000000000000, -25.00000000000000711 ) ) ;
#329 = DIRECTION ( 'NONE',  ( -0.000000000000000000, 1.000000000000000000, -0.000000000000000000 ) ) ;
#330 = CARTESIAN_POINT ( 'NONE',  ( 59.81348927648623004, -84.99999999999998579, 21.74999999999999645 ) ) ;
#331 = DIRECTION ( 'NONE',  ( -1.000000000000000000, -0.000000000000000000, -0.000000000000000000 ) ) ;
#332 = EDGE_LOOP ( 'NONE', ( #458, #912, #743, #1150 ) ) ;
#333 = ORIENTED_EDGE ( 'NONE', *, *, #1112, .T. ) ;
#334 = EDGE_CURVE ( 'NONE', #1399, #424, #1288, .T. ) ;
#335 = DIRECTION ( 'NONE',  ( -1.000000000000000000, 3.469446951953610639E-15, 0.000000000000000000 ) ) ;
#336 = EDGE_CURVE ( 'NONE', #1775, #851, #1700, .T. ) ;
#337 = LINE ( 'NONE', #602, #296 ) ;
#338 = CARTESIAN_POINT ( 'NONE',  ( 11.05000000000000604, 19.99999999999998224, 0.000000000000000000 ) ) ;
#339 = CARTESIAN_POINT ( 'NONE',  ( 17.06348927648623359, -124.0000000000000000, -13.25000000000000355 ) ) ;
#340 = VERTEX_POINT ( 'NONE', #1731 ) ;
#341 = ORIENTED_EDGE ( 'NONE', *, *, #1077, .T. ) ;
#342 = ORIENTED_EDGE ( 'NONE', *, *, #677, .F. ) ;
#343 = DIRECTION ( 'NONE',  ( -1.000000000000000000, 0.000000000000000000, 0.000000000000000000 ) ) ;
#344 = LINE ( 'NONE', #74, #446 ) ;
#345 = LINE ( 'NONE', #1013, #275 ) ;
#346 = FACE_OUTER_BOUND ( 'NONE', #995, .T. ) ;
#347 = DIRECTION ( 'NONE',  ( 0.000000000000000000, 0.000000000000000000, -1.000000000000000000 ) ) ;
#348 = CONICAL_SURFACE ( 'NONE', #1296, 1.775000000000000577, 0.7853981633974456145 ) ;
#349 = PLANE ( 'NONE',  #126 ) ;
#350 = FACE_OUTER_BOUND ( 'NONE', #923, .T. ) ;
#351 = CARTESIAN_POINT ( 'NONE',  ( 19.81348927648623359, -84.99999999999998579, -18.25000000000000711 ) ) ;
#352 = DIRECTION ( 'NONE',  ( -0.000000000000000000, 1.000000000000000000, -0.000000000000000000 ) ) ;
#353 = TOROIDAL_SURFACE ( 'NONE', #993, 2.749999999999994671, 1.000000000000000000 ) ;
#354 = ORIENTED_EDGE ( 'NONE', *, *, #932, .T. ) ;
#355 = EDGE_CURVE ( 'NONE', #411, #165, #1561, .T. ) ;
#356 = CYLINDRICAL_SURFACE ( 'NONE', #1703, 1.750000000000001554 ) ;
#357 = VERTEX_POINT ( 'NONE', #394 ) ;
#358 = ADVANCED_FACE ( 'NONE', ( #813 ), #1206, .F. ) ;
#359 = ORIENTED_EDGE ( 'NONE', *, *, #1385, .F. ) ;
#360 = DIRECTION ( 'NONE',  ( 1.000000000000000000, 0.000000000000000000, 0.000000000000000000 ) ) ;
#361 = CARTESIAN_POINT ( 'NONE',  ( 79.00000000000000000, 15.00000000000000000, -10.00000000000000000 ) ) ;
#362 = VECTOR ( 'NONE', #971, 1000.000000000000000 ) ;
#363 = CARTESIAN_POINT ( 'NONE',  ( 19.81348927648623004, -120.0000000000000000, 13.24999999999998934 ) ) ;
#364 = AXIS2_PLACEMENT_3D ( 'NONE', #209, #766, #1807 ) ;
#365 = CARTESIAN_POINT ( 'NONE',  ( 57.06348927648620872, -124.0000000000000000, 13.25000000000000355 ) ) ;
#366 = LINE ( 'NONE', #1472, #32 ) ;
#367 = DIRECTION ( 'NONE',  ( 1.000000000000000000, 0.000000000000000000, 0.000000000000000000 ) ) ;
#368 = VERTEX_POINT ( 'NONE', #113 ) ;
#369 = CIRCLE ( 'NONE', #258, 2.749999999999993783 ) ;
#370 = ORIENTED_EDGE ( 'NONE', *, *, #559, .F. ) ;
#371 = VERTEX_POINT ( 'NONE', #930 ) ;
#372 = VECTOR ( 'NONE', #621, 1000.000000000000000 ) ;
#373 = CARTESIAN_POINT ( 'NONE',  ( 19.81348927648623359, -124.0000000000000000, 19.99999999999999289 ) ) ;
#374 = FACE_OUTER_BOUND ( 'NONE', #573, .T. ) ;
#375 = EDGE_CURVE ( 'NONE', #1036, #371, #1792, .T. ) ;
#376 = ORIENTED_EDGE ( 'NONE', *, *, #777, .T. ) ;
#377 = CARTESIAN_POINT ( 'NONE',  ( 19.81348927648623004, -84.99999999999998579, 18.24999999999999289 ) ) ;
#378 = DIRECTION ( 'NONE',  ( -1.000000000000000000, 0.000000000000000000, 0.000000000000000000 ) ) ;
#379 = DIRECTION ( 'NONE',  ( 1.000000000000000000, 0.000000000000000000, 0.000000000000000000 ) ) ;
#380 = ORIENTED_EDGE ( 'NONE', *, *, #190, .T. ) ;
#381 = EDGE_LOOP ( 'NONE', ( #307, #217, #487, #758, #1116 ) ) ;
#382 = ORIENTED_EDGE ( 'NONE', *, *, #375, .T. ) ;
#383 = CYLINDRICAL_SURFACE ( 'NONE', #1468, 1.449999999999999956 ) ;
#384 = DIRECTION ( 'NONE',  ( -0.000000000000000000, 0.000000000000000000, 1.000000000000000000 ) ) ;
#385 = CARTESIAN_POINT ( 'NONE',  ( 14.81348927648622826, -120.0000000000000000, -25.00000000000000711 ) ) ;
#386 = DIRECTION ( 'NONE',  ( 0.000000000000000000, 0.000000000000000000, -1.000000000000000000 ) ) ;
#387 = ADVANCED_FACE ( 'NONE', ( #1354 ), #247, .F. ) ;
#388 = VECTOR ( 'NONE', #1271, 1000.000000000000000 ) ;
#389 = CARTESIAN_POINT ( 'NONE',  ( 57.06348927648620162, -125.0000000000000000, -13.25000000000000355 ) ) ;
#390 = VERTEX_POINT ( 'NONE', #1757 ) ;
#391 = ORIENTED_EDGE ( 'NONE', *, *, #48, .F. ) ;
#392 = DIRECTION ( 'NONE',  ( -0.000000000000000000, -0.000000000000000000, -1.000000000000000000 ) ) ;
#393 = CARTESIAN_POINT ( 'NONE',  ( 59.81348927648620162, -124.0000000000000000, -18.24999999999999289 ) ) ;
#394 = CARTESIAN_POINT ( 'NONE',  ( 62.56348927648619451, -125.0000000000000000, 13.25000000000000355 ) ) ;
#395 = DIRECTION ( 'NONE',  ( 0.000000000000000000, 0.000000000000000000, -1.000000000000000000 ) ) ;
#396 = ORIENTED_EDGE ( 'NONE', *, *, #922, .T. ) ;
#397 = ORIENTED_EDGE ( 'NONE', *, *, #13, .T. ) ;
#398 = AXIS2_PLACEMENT_3D ( 'NONE', #1531, #1216, #809 ) ;
#399 = CIRCLE ( 'NONE', #1739, 7.701725444404988075 ) ;
#400 = EDGE_CURVE ( 'NONE', #893, #357, #1012, .T. ) ;
#401 = DIRECTION ( 'NONE',  ( 0.000000000000000000, 0.000000000000000000, 1.000000000000000000 ) ) ;
#402 = ORIENTED_EDGE ( 'NONE', *, *, #1568, .F. ) ;
#403 = ADVANCED_FACE ( 'NONE', ( #801 ), #1504, .F. ) ;
#404 = PLANE ( 'NONE',  #1342 ) ;
#405 = LINE ( 'NONE', #9, #915 ) ;
#406 = FACE_OUTER_BOUND ( 'NONE', #714, .T. ) ;
#407 = ORIENTED_EDGE ( 'NONE', *, *, #428, .F. ) ;
#408 = EDGE_CURVE ( 'NONE', #1336, #924, #1799, .T. ) ;
#409 = CARTESIAN_POINT ( 'NONE',  ( 59.81348927648623004, -120.0000000000000000, 19.99999999999999289 ) ) ;
#410 = EDGE_CURVE ( 'NONE', #775, #56, #1521, .T. ) ;
#411 = VERTEX_POINT ( 'NONE', #508 ) ;
#412 = CIRCLE ( 'NONE', #1761, 1.449999999999999956 ) ;
#413 = EDGE_CURVE ( 'NONE', #499, #955, #1197, .T. ) ;
#414 = AXIS2_PLACEMENT_3D ( 'NONE', #939, #378, #1622 ) ;
#415 = PLANE ( 'NONE',  #1283 ) ;
#416 = EDGE_CURVE ( 'NONE', #894, #155, #1412, .T. ) ;
#417 = LINE ( 'NONE', #1348, #522 ) ;
#418 = ORIENTED_EDGE ( 'NONE', *, *, #881, .F. ) ;
#419 = AXIS2_PLACEMENT_3D ( 'NONE', #698, #515, #1107 ) ;
#420 = CARTESIAN_POINT ( 'NONE',  ( 19.81348927648623359, -84.99999999999998579, 19.99999999999999289 ) ) ;
#421 = VECTOR ( 'NONE', #1285, 1000.000000000000000 ) ;
#422 = DIRECTION ( 'NONE',  ( 0.000000000000000000, 0.000000000000000000, 1.000000000000000000 ) ) ;
#423 = DIRECTION ( 'NONE',  ( 0.000000000000000000, -1.000000000000000000, 0.000000000000000000 ) ) ;
#424 = VERTEX_POINT ( 'NONE', #1513 ) ;
#425 = PRODUCT_DEFINITION_SHAPE ( 'NONE', 'NONE',  #1755 ) ;
#426 = AXIS2_PLACEMENT_3D ( 'NONE', #373, #244, #640 ) ;
#427 = CARTESIAN_POINT ( 'NONE',  ( 21.56348927648622293, -124.0000000000000000, 13.24999999999999822 ) ) ;
#428 = EDGE_CURVE ( 'NONE', #834, #155, #263, .T. ) ;
#429 = CARTESIAN_POINT ( 'NONE',  ( 19.81348927648623359, -120.0000000000000000, -18.25000000000000711 ) ) ;
#430 = ORIENTED_EDGE ( 'NONE', *, *, #831, .F. ) ;
#431 = ORIENTED_EDGE ( 'NONE', *, *, #282, .F. ) ;
#432 = ADVANCED_FACE ( 'NONE', ( #645 ), #353, .T. ) ;
#433 = CARTESIAN_POINT ( 'NONE',  ( 59.81348927648620872, -125.0000000000000000, -13.24999999999998934 ) ) ;
#434 = ORIENTED_EDGE ( 'NONE', *, *, #1523, .F. ) ;
#435 = ORIENTED_EDGE ( 'NONE', *, *, #811, .F. ) ;
#436 = CARTESIAN_POINT ( 'NONE',  ( 0.000000000000000000, -120.0000000000000000, 0.000000000000000000 ) ) ;
#437 = EDGE_CURVE ( 'NONE', #1027, #894, #366, .T. ) ;
#438 = CARTESIAN_POINT ( 'NONE',  ( 19.81348927648623004, -120.0000000000000000, -13.24999999999998934 ) ) ;
#439 = EDGE_LOOP ( 'NONE', ( #1432, #966, #1418, #1273 ) ) ;
#440 = ORIENTED_EDGE ( 'NONE', *, *, #1058, .F. ) ;
#441 = ORIENTED_EDGE ( 'NONE', *, *, #1654, .T. ) ;
#442 = VERTEX_POINT ( 'NONE', #1483 ) ;
#443 = VECTOR ( 'NONE', #1326, 1000.000000000000000 ) ;
#444 = CARTESIAN_POINT ( 'NONE',  ( 19.81348927648623359, -124.0000000000000000, -18.25000000000000711 ) ) ;
#445 = CARTESIAN_POINT ( 'NONE',  ( 19.81348927648623359, -84.99999999999998579, -21.75000000000001066 ) ) ;
#446 = VECTOR ( 'NONE', #1178, 1000.000000000000000 ) ;
#447 = ORIENTED_EDGE ( 'NONE', *, *, #1791, .F. ) ;
#448 = ORIENTED_EDGE ( 'NONE', *, *, #1518, .T. ) ;
#449 = CIRCLE ( 'NONE', #1460, 1.774999999999998801 ) ;
#450 = ORIENTED_EDGE ( 'NONE', *, *, #48, .T. ) ;
#451 = AXIS2_PLACEMENT_3D ( 'NONE', #1765, #1600, #1212 ) ;
#452 = CARTESIAN_POINT ( 'NONE',  ( 22.56348927648622649, -124.0000000000000000, -13.25000000000000355 ) ) ;
#453 = DIRECTION ( 'NONE',  ( -1.000000000000000000, 0.000000000000000000, -3.469446951953617147E-16 ) ) ;
#454 = AXIS2_PLACEMENT_3D ( 'NONE', #1409, #27, #593 ) ;
#455 = CARTESIAN_POINT ( 'NONE',  ( 22.56348927648622649, -124.0000000000000000, 13.24999999999999822 ) ) ;
#456 = LINE ( 'NONE', #1143, #484 ) ;
#457 = EDGE_LOOP ( 'NONE', ( #1634, #134, #241, #1441 ) ) ;
#458 = ORIENTED_EDGE ( 'NONE', *, *, #89, .F. ) ;
#459 = DIRECTION ( 'NONE',  ( 0.000000000000000000, -1.000000000000000000, 0.000000000000000000 ) ) ;
#460 = FACE_OUTER_BOUND ( 'NONE', #1439, .T. ) ;
#461 = DIRECTION ( 'NONE',  ( 0.000000000000000000, 0.000000000000000000, -1.000000000000000000 ) ) ;
#462 = CARTESIAN_POINT ( 'NONE',  ( 14.81348927648622826, -125.0000000000000000, 24.99999999999999289 ) ) ;
#463 = LINE ( 'NONE', #1281, #949 ) ;
#464 = EDGE_CURVE ( 'NONE', #626, #164, #820, .T. ) ;
#465 = ORIENTED_EDGE ( 'NONE', *, *, #1357, .T. ) ;
#466 = VERTEX_POINT ( 'NONE', #1680 ) ;
#467 = DIRECTION ( 'NONE',  ( 0.000000000000000000, 1.000000000000000000, 0.000000000000000000 ) ) ;
#468 = CARTESIAN_POINT ( 'NONE',  ( 14.81348927648622826, -120.0000000000000000, 24.99999999999999289 ) ) ;
#469 = VECTOR ( 'NONE', #1444, 1000.000000000000000 ) ;
#470 = AXIS2_PLACEMENT_3D ( 'NONE', #1362, #1493, #1068 ) ;
#471 = CARTESIAN_POINT ( 'NONE',  ( 66.50000000000000000, 19.99999999999998224, 9.674999999999998934 ) ) ;
#472 = AXIS2_PLACEMENT_3D ( 'NONE', #1771, #1317, #386 ) ;
#473 = CARTESIAN_POINT ( 'NONE',  ( 39.50000000000000000, 0.000000000000000000, -7.701725444404988075 ) ) ;
#474 = EDGE_CURVE ( 'NONE', #1211, #934, #278, .T. ) ;
#475 = DIRECTION ( 'NONE',  ( -0.000000000000000000, -0.000000000000000000, 1.000000000000000000 ) ) ;
#476 = ORIENTED_EDGE ( 'NONE', *, *, #1145, .T. ) ;
#477 = ADVANCED_FACE ( 'NONE', ( #954 ), #1529, .T. ) ;
#478 = EDGE_LOOP ( 'NONE', ( #170, #1684, #116, #1464 ) ) ;
#479 = FACE_OUTER_BOUND ( 'NONE', #95, .T. ) ;
#480 = AXIS2_PLACEMENT_3D ( 'NONE', #1343, #1177, #1351 ) ;
#481 = LINE ( 'NONE', #45, #1470 ) ;
#482 = FACE_OUTER_BOUND ( 'NONE', #718, .T. ) ;
#483 = EDGE_LOOP ( 'NONE', ( #100, #354, #997, #1555 ) ) ;
#484 = VECTOR ( 'NONE', #1587, 1000.000000000000000 ) ;
#485 = FACE_OUTER_BOUND ( 'NONE', #1677, .T. ) ;
#486 = ORIENTED_EDGE ( 'NONE', *, *, #724, .T. ) ;
#487 = ORIENTED_EDGE ( 'NONE', *, *, #677, .T. ) ;
#488 = DIRECTION ( 'NONE',  ( 0.000000000000000000, 0.000000000000000000, -1.000000000000000000 ) ) ;
#489 = CARTESIAN_POINT ( 'NONE',  ( 17.06348927648623359, -125.0000000000000000, 13.24999999999999822 ) ) ;
#490 = CARTESIAN_POINT ( 'NONE',  ( 19.81348927648623359, -125.0000000000000000, -20.00000000000000711 ) ) ;
#491 = CARTESIAN_POINT ( 'NONE',  ( 18.06348927648623715, -124.0000000000000000, -13.24999999999999822 ) ) ;
#492 = ADVANCED_FACE ( 'NONE', ( #156 ), #292, .F. ) ;
#493 = CARTESIAN_POINT ( 'NONE',  ( 58.06348927648620162, -124.0000000000000000, -13.24999999999999822 ) ) ;
#494 = FACE_OUTER_BOUND ( 'NONE', #37, .T. ) ;
#495 = DIRECTION ( 'NONE',  ( -1.000000000000000000, 0.000000000000000000, -5.204170427930416550E-15 ) ) ;
#496 = CARTESIAN_POINT ( 'NONE',  ( 64.81348927648622293, -120.0000000000000000, 24.99999999999999289 ) ) ;
#497 = LINE ( 'NONE', #1292, #1736 ) ;
#498 = ORIENTED_EDGE ( 'NONE', *, *, #279, .T. ) ;
#499 = VERTEX_POINT ( 'NONE', #705 ) ;
#500 = ORIENTED_EDGE ( 'NONE', *, *, #1705, .F. ) ;
#501 = CARTESIAN_POINT ( 'NONE',  ( 12.50000000000000355, 19.99999999999998224, 10.00000000000000000 ) ) ;
#502 = CARTESIAN_POINT ( 'NONE',  ( 12.50000000000000355, 19.99999999999998224, 10.00000000000000000 ) ) ;
#503 = CARTESIAN_POINT ( 'NONE',  ( 0.000000000000000000, 0.000000000000000000, 10.00000000000000000 ) ) ;
#504 = FACE_OUTER_BOUND ( 'NONE', #511, .T. ) ;
#505 = ORIENTED_EDGE ( 'NONE', *, *, #685, .F. ) ;
#506 = VECTOR ( 'NONE', #176, 1000.000000000000000 ) ;
#507 = DIRECTION ( 'NONE',  ( -1.000000000000000000, 0.000000000000000000, -0.000000000000000000 ) ) ;
#508 = CARTESIAN_POINT ( 'NONE',  ( 0.000000000000000000, 0.000000000000000000, 10.00000000000000000 ) ) ;
#509 = FACE_BOUND ( 'NONE', #1137, .T. ) ;
#510 = CARTESIAN_POINT ( 'NONE',  ( 11.05000000000000426, 19.99999999999998224, 9.674999999999998934 ) ) ;
#511 = EDGE_LOOP ( 'NONE', ( #1715, #14, #1378, #277 ) ) ;
#512 = FACE_OUTER_BOUND ( 'NONE', #483, .T. ) ;
#513 = ORIENTED_EDGE ( 'NONE', *, *, #1586, .F. ) ;
#514 = ORIENTED_EDGE ( 'NONE', *, *, #1406, .F. ) ;
#515 = DIRECTION ( 'NONE',  ( 1.309225264888156623E-16, 0.000000000000000000, -1.000000000000000000 ) ) ;
#516 = AXIS2_PLACEMENT_3D ( 'NONE', #1179, #1707, #1438 ) ;
#517 = VECTOR ( 'NONE', #286, 1000.000000000000000 ) ;
#518 = ORIENTED_EDGE ( 'NONE', *, *, #1368, .F. ) ;
#519 = DIRECTION ( 'NONE',  ( 0.000000000000000000, 0.000000000000000000, -1.000000000000000000 ) ) ;
#520 = DIRECTION ( 'NONE',  ( -5.204170427930416550E-15, 0.000000000000000000, 1.000000000000000000 ) ) ;
#521 = EDGE_LOOP ( 'NONE', ( #514, #749, #738, #302 ) ) ;
#522 = VECTOR ( 'NONE', #962, 1000.000000000000000 ) ;
#523 = ORIENTED_EDGE ( 'NONE', *, *, #720, .F. ) ;
#524 = ORIENTED_EDGE ( 'NONE', *, *, #673, .T. ) ;
#525 = DIRECTION ( 'NONE',  ( 1.000000000000000000, -0.000000000000000000, 1.309225264888156623E-16 ) ) ;
#526 = FACE_OUTER_BOUND ( 'NONE', #1437, .T. ) ;
#527 = EDGE_CURVE ( 'NONE', #975, #1694, #1774, .T. ) ;
#528 = PLANE ( 'NONE',  #921 ) ;
#529 = CARTESIAN_POINT ( 'NONE',  ( 79.00000000000000000, 0.000000000000000000, -10.00000000000000000 ) ) ;
#530 = ORIENTED_EDGE ( 'NONE', *, *, #1645, .F. ) ;
#531 = ORIENTED_EDGE ( 'NONE', *, *, #1405, .T. ) ;
#532 = CARTESIAN_POINT ( 'NONE',  ( 39.50000000000000000, 0.000000000000000000, 7.701725444404988075 ) ) ;
#533 = CYLINDRICAL_SURFACE ( 'NONE', #101, 1.449999999999999956 ) ;
#534 = ADVANCED_BREP_SHAPE_REPRESENTATION ( 'maixcam\X2\652f67b6\X0\', ( #909, #659 ), #1413 ) ;
#535 = DIRECTION ( 'NONE',  ( 0.000000000000000000, -1.000000000000000000, 0.000000000000000000 ) ) ;
#536 = DIRECTION ( 'NONE',  ( 1.000000000000000000, -0.000000000000000000, -0.000000000000000000 ) ) ;
#537 = FACE_OUTER_BOUND ( 'NONE', #1002, .T. ) ;
#538 = EDGE_CURVE ( 'NONE', #371, #539, #405, .T. ) ;
#539 = VERTEX_POINT ( 'NONE', #272 ) ;
#540 = AXIS2_PLACEMENT_3D ( 'NONE', #1730, #329, #461 ) ;
#541 = ADVANCED_FACE ( 'NONE', ( #303, #3, #577, #1370, #137, #128 ), #841, .F. ) ;
#542 = EDGE_CURVE ( 'NONE', #180, #1363, #584, .T. ) ;
#543 = EDGE_CURVE ( 'NONE', #1775, #1496, #1321, .T. ) ;
#544 = VECTOR ( 'NONE', #752, 1000.000000000000000 ) ;
#545 = DIRECTION ( 'NONE',  ( -0.000000000000000000, -1.000000000000000000, -0.000000000000000000 ) ) ;
#546 = PRODUCT_CONTEXT ( 'NONE', #1291, 'mechanical' ) ;
#547 = AXIS2_PLACEMENT_3D ( 'NONE', #1537, #1237, #1386 ) ;
#548 = CARTESIAN_POINT ( 'NONE',  ( 61.56348927648619451, -124.0000000000000000, 13.24999999999999822 ) ) ;
#549 = ORIENTED_EDGE ( 'NONE', *, *, #567, .F. ) ;
#550 = VECTOR ( 'NONE', #651, 1000.000000000000000 ) ;
#551 = EDGE_CURVE ( 'NONE', #1734, #1123, #1433, .T. ) ;
#552 = DIRECTION ( 'NONE',  ( 0.000000000000000000, -1.000000000000000000, 0.000000000000000000 ) ) ;
#553 = EDGE_CURVE ( 'NONE', #155, #1625, #1810, .T. ) ;
#554 = ORIENTED_EDGE ( 'NONE', *, *, #609, .F. ) ;
#555 = DIRECTION ( 'NONE',  ( -0.000000000000000000, -0.000000000000000000, -1.000000000000000000 ) ) ;
#556 = ADVANCED_FACE ( 'NONE', ( #560 ), #415, .T. ) ;
#557 = DIRECTION ( 'NONE',  ( -0.000000000000000000, -1.000000000000000000, -0.000000000000000000 ) ) ;
#558 = EDGE_LOOP ( 'NONE', ( #650, #530 ) ) ;
#559 = EDGE_CURVE ( 'NONE', #289, #1548, #143, .T. ) ;
#560 = FACE_OUTER_BOUND ( 'NONE', #135, .T. ) ;
#561 = DIRECTION ( 'NONE',  ( 0.000000000000000000, -1.000000000000000000, 0.000000000000000000 ) ) ;
#562 = EDGE_LOOP ( 'NONE', ( #594, #1667, #1704, #1021 ) ) ;
#563 = FACE_OUTER_BOUND ( 'NONE', #1487, .T. ) ;
#564 = CARTESIAN_POINT ( 'NONE',  ( 66.50000000000000000, 19.99999999999998224, 0.000000000000000000 ) ) ;
#565 = ORIENTED_EDGE ( 'NONE', *, *, #1708, .F. ) ;
#566 = VECTOR ( 'NONE', #858, 1000.000000000000000 ) ;
#567 = EDGE_CURVE ( 'NONE', #1658, #1200, #700, .T. ) ;
#568 = DIRECTION ( 'NONE',  ( -1.000000000000000000, 0.000000000000000000, -3.469446951953617147E-16 ) ) ;
#569 = AXIS2_PLACEMENT_3D ( 'NONE', #106, #1762, #648 ) ;
#570 = VECTOR ( 'NONE', #555, 1000.000000000000000 ) ;
#571 = DIRECTION ( 'NONE',  ( 0.000000000000000000, 0.000000000000000000, -1.000000000000000000 ) ) ;
#572 = CARTESIAN_POINT ( 'NONE',  ( 59.81348927648623004, -120.0000000000000000, 18.24999999999999289 ) ) ;
#573 = EDGE_LOOP ( 'NONE', ( #518, #1164, #1081, #1175 ) ) ;
#574 = VECTOR ( 'NONE', #1402, 1000.000000000000000 ) ;
#575 = VECTOR ( 'NONE', #1371, 1000.000000000000000 ) ;
#576 = EDGE_CURVE ( 'NONE', #924, #775, #1687, .T. ) ;
#577 = FACE_BOUND ( 'NONE', #906, .T. ) ;
#578 = DIRECTION ( 'NONE',  ( -0.000000000000000000, -1.000000000000000000, -0.000000000000000000 ) ) ;
#579 = ORIENTED_EDGE ( 'NONE', *, *, #1154, .F. ) ;
#580 = ORIENTED_EDGE ( 'NONE', *, *, #240, .T. ) ;
#581 = VECTOR ( 'NONE', #1805, 1000.000000000000000 ) ;
#582 = VERTEX_POINT ( 'NONE', #1111 ) ;
#583 = EDGE_LOOP ( 'NONE', ( #959, #1118, #1392, #1274, #233 ) ) ;
#584 = LINE ( 'NONE', #427, #1729 ) ;
#585 = DIRECTION ( 'NONE',  ( -0.000000000000000000, 1.000000000000000000, -0.000000000000000000 ) ) ;
#586 = ORIENTED_EDGE ( 'NONE', *, *, #1377, .T. ) ;
#587 = EDGE_LOOP ( 'NONE', ( #1475, #1307, #301, #1319 ) ) ;
#588 = AXIS2_PLACEMENT_3D ( 'NONE', #320, #1325, #611 ) ;
#589 = EDGE_CURVE ( 'NONE', #1349, #1341, #271, .T. ) ;
#590 = CARTESIAN_POINT ( 'NONE',  ( 79.00000000000000000, 0.000000000000000000, 10.00000000000000000 ) ) ;
#591 = EDGE_CURVE ( 'NONE', #834, #982, #1298, .T. ) ;
#592 = CARTESIAN_POINT ( 'NONE',  ( 0.000000000000000000, 29.99999999999998579, 0.000000000000000000 ) ) ;
#593 = DIRECTION ( 'NONE',  ( -2.523234146875353335E-15, 0.000000000000000000, -1.000000000000000000 ) ) ;
#594 = ORIENTED_EDGE ( 'NONE', *, *, #428, .T. ) ;
#595 = CIRCLE ( 'NONE', #1527, 1.000000000000000888 ) ;
#596 = CARTESIAN_POINT ( 'NONE',  ( 19.81348927648623004, -124.0000000000000000, 13.24999999999998934 ) ) ;
#597 = EDGE_CURVE ( 'NONE', #862, #1027, #855, .T. ) ;
#598 = AXIS2_PLACEMENT_3D ( 'NONE', #81, #239, #622 ) ;
#599 = AXIS2_PLACEMENT_3D ( 'NONE', #887, #1560, #1440 ) ;
#600 = LINE ( 'NONE', #734, #1451 ) ;
#601 = CIRCLE ( 'NONE', #1400, 1.749999999999994671 ) ;
#602 = CARTESIAN_POINT ( 'NONE',  ( 0.000000000000000000, 15.00000000000000000, -10.00000000000000000 ) ) ;
#603 = CARTESIAN_POINT ( 'NONE',  ( 39.50000000000000000, -120.0000000000000000, 7.701725444404988075 ) ) ;
#604 = VERTEX_POINT ( 'NONE', #50 ) ;
#605 = EDGE_LOOP ( 'NONE', ( #1564, #883, #565, #1261 ) ) ;
#606 = EDGE_CURVE ( 'NONE', #1612, #676, #1448, .T. ) ;
#607 = ORIENTED_EDGE ( 'NONE', *, *, #1214, .F. ) ;
#608 = CARTESIAN_POINT ( 'NONE',  ( 19.81348927648622649, -125.0000000000000000, 17.24999999999998934 ) ) ;
#609 = EDGE_CURVE ( 'NONE', #1694, #838, #309, .T. ) ;
#610 = LINE ( 'NONE', #328, #1011 ) ;
#611 = DIRECTION ( 'NONE',  ( 0.000000000000000000, 0.000000000000000000, -1.000000000000000000 ) ) ;
#612 = FACE_OUTER_BOUND ( 'NONE', #1713, .T. ) ;
#613 = DIRECTION ( 'NONE',  ( -1.000000000000000000, 0.000000000000000000, -3.469446951953617147E-16 ) ) ;
#614 = VERTEX_POINT ( 'NONE', #1581 ) ;
#615 = DIRECTION ( 'NONE',  ( 0.000000000000000000, 0.000000000000000000, 1.000000000000000000 ) ) ;
#616 = EDGE_CURVE ( 'NONE', #340, #539, #723, .T. ) ;
#617 = LINE ( 'NONE', #491, #1528 ) ;
#618 = VECTOR ( 'NONE', #33, 1000.000000000000000 ) ;
#619 = DIRECTION ( 'NONE',  ( -0.000000000000000000, -0.000000000000000000, 1.000000000000000000 ) ) ;
#620 = CARTESIAN_POINT ( 'NONE',  ( 14.27500000000000391, 19.99999999999998224, 10.00000000000000178 ) ) ;
#621 = DIRECTION ( 'NONE',  ( -0.000000000000000000, -0.000000000000000000, 1.000000000000000000 ) ) ;
#622 = DIRECTION ( 'NONE',  ( 0.000000000000000000, 0.000000000000000000, -1.000000000000000000 ) ) ;
#623 = ORIENTED_EDGE ( 'NONE', *, *, #1689, .F. ) ;
#624 = DIRECTION ( 'NONE',  ( -0.000000000000000000, -0.000000000000000000, 1.000000000000000000 ) ) ;
#625 = ORIENTED_EDGE ( 'NONE', *, *, #751, .T. ) ;
#626 = VERTEX_POINT ( 'NONE', #1022 ) ;
#627 = AXIS2_PLACEMENT_3D ( 'NONE', #49, #863, #206 ) ;
#628 = DIRECTION ( 'NONE',  ( 1.000000000000000000, 0.000000000000000000, 0.000000000000000000 ) ) ;
#629 = DIRECTION ( 'NONE',  ( 1.000000000000000000, 0.000000000000000000, 0.000000000000000000 ) ) ;
#630 = CARTESIAN_POINT ( 'NONE',  ( 0.000000000000000000, 29.99999999999998579, 0.000000000000000000 ) ) ;
#631 = DIRECTION ( 'NONE',  ( -0.000000000000000000, -1.000000000000000000, -0.000000000000000000 ) ) ;
#632 = CARTESIAN_POINT ( 'NONE',  ( 66.50000000000000000, 19.99999999999998224, 10.00000000000000178 ) ) ;
#633 = VECTOR ( 'NONE', #392, 1000.000000000000000 ) ;
#634 = DIRECTION ( 'NONE',  ( -0.000000000000000000, 1.000000000000000000, -0.000000000000000000 ) ) ;
#635 = VERTEX_POINT ( 'NONE', #1741 ) ;
#636 = AXIS2_PLACEMENT_3D ( 'NONE', #895, #1453, #205 ) ;
#637 = CARTESIAN_POINT ( 'NONE',  ( 10.72500000000000320, 19.99999999999998224, 10.00000000000000178 ) ) ;
#638 = ORIENTED_EDGE ( 'NONE', *, *, #551, .T. ) ;
#639 = ORIENTED_EDGE ( 'NONE', *, *, #474, .F. ) ;
#640 = DIRECTION ( 'NONE',  ( 0.000000000000000000, 0.000000000000000000, -1.000000000000000000 ) ) ;
#641 = DIRECTION ( 'NONE',  ( -1.309225264888156623E-16, -0.000000000000000000, 1.000000000000000000 ) ) ;
#642 = PLANE ( 'NONE',  #1655 ) ;
#643 = DIRECTION ( 'NONE',  ( 0.000000000000000000, 0.000000000000000000, 1.000000000000000000 ) ) ;
#644 = DIRECTION ( 'NONE',  ( -0.000000000000000000, -0.000000000000000000, 1.000000000000000000 ) ) ;
#645 = FACE_OUTER_BOUND ( 'NONE', #1403, .T. ) ;
#646 = DIRECTION ( 'NONE',  ( -0.000000000000000000, -1.000000000000000000, -0.000000000000000000 ) ) ;
#647 = VERTEX_POINT ( 'NONE', #630 ) ;
#648 = DIRECTION ( 'NONE',  ( 0.000000000000000000, 0.000000000000000000, -1.000000000000000000 ) ) ;
#649 = ORIENTED_EDGE ( 'NONE', *, *, #410, .F. ) ;
#650 = ORIENTED_EDGE ( 'NONE', *, *, #1759, .F. ) ;
#651 = DIRECTION ( 'NONE',  ( -0.000000000000000000, -1.000000000000000000, -0.000000000000000000 ) ) ;
#652 = CARTESIAN_POINT ( 'NONE',  ( 19.81348927648623004, -84.99999999999998579, 13.24999999999998934 ) ) ;
#653 = ORIENTED_EDGE ( 'NONE', *, *, #1566, .T. ) ;
#654 = DIRECTION ( 'NONE',  ( -5.204170427930416550E-15, 5.204170427930416550E-15, -1.000000000000000000 ) ) ;
#655 = CARTESIAN_POINT ( 'NONE',  ( 59.81348927648620162, -84.99999999999998579, -18.24999999999999289 ) ) ;
#656 =( LENGTH_UNIT ( ) NAMED_UNIT ( * ) SI_UNIT ( .MILLI., .METRE. ) );
#657 = CARTESIAN_POINT ( 'NONE',  ( 59.81348927648620162, -120.0000000000000000, -19.99999999999999289 ) ) ;
#658 = ORIENTED_EDGE ( 'NONE', *, *, #240, .F. ) ;
#659 = AXIS2_PLACEMENT_3D ( 'NONE', #681, #1632, #80 ) ;
#660 = UNCERTAINTY_MEASURE_WITH_UNIT (LENGTH_MEASURE( 1.000000000000000082E-05 ), #1501, 'distance_accuracy_value', 'NONE');
#661 = ORIENTED_EDGE ( 'NONE', *, *, #408, .T. ) ;
#662 = ORIENTED_EDGE ( 'NONE', *, *, #850, .T. ) ;
#663 = DIRECTION ( 'NONE',  ( 1.000000000000000000, 0.000000000000000000, 3.469446951953617147E-16 ) ) ;
#664 = CARTESIAN_POINT ( 'NONE',  ( 59.81348927648620872, -124.0000000000000000, -13.24999999999998934 ) ) ;
#665 = VECTOR ( 'NONE', #926, 1000.000000000000000 ) ;
#666 = SHAPE_DEFINITION_REPRESENTATION ( #425, #534 ) ;
#667 = ORIENTED_EDGE ( 'NONE', *, *, #474, .T. ) ;
#668 = CARTESIAN_POINT ( 'NONE',  ( 59.81348927648623004, -84.99999999999998579, 19.99999999999999289 ) ) ;
#669 = AXIS2_PLACEMENT_3D ( 'NONE', #1075, #1192, #360 ) ;
#670 = ORIENTED_EDGE ( 'NONE', *, *, #1377, .F. ) ;
#671 = DIRECTION ( 'NONE',  ( 1.000000000000000000, 0.000000000000000000, 0.000000000000000000 ) ) ;
#672 = DIRECTION ( 'NONE',  ( 1.000000000000000000, 0.000000000000000000, 0.000000000000000000 ) ) ;
#673 = EDGE_CURVE ( 'NONE', #1748, #851, #617, .T. ) ;
#674 = VECTOR ( 'NONE', #1126, 1000.000000000000000 ) ;
#675 = CARTESIAN_POINT ( 'NONE',  ( 0.000000000000000000, -125.0000000000000000, 0.000000000000000000 ) ) ;
#676 = VERTEX_POINT ( 'NONE', #741 ) ;
#677 = EDGE_CURVE ( 'NONE', #817, #291, #1035, .T. ) ;
#678 = CARTESIAN_POINT ( 'NONE',  ( 19.81348927648623359, -125.0000000000000000, -22.75000000000001066 ) ) ;
#679 = ADVANCED_FACE ( 'NONE', ( #1570 ), #1269, .T. ) ;
#680 = FACE_OUTER_BOUND ( 'NONE', #852, .T. ) ;
#681 = CARTESIAN_POINT ( 'NONE',  ( 0.000000000000000000, 0.000000000000000000, 0.000000000000000000 ) ) ;
#682 = LINE ( 'NONE', #529, #1165 ) ;
#683 = ORIENTED_EDGE ( 'NONE', *, *, #437, .F. ) ;
#684 = DIRECTION ( 'NONE',  ( -1.000000000000000000, 0.000000000000000000, 0.000000000000000000 ) ) ;
#685 = EDGE_CURVE ( 'NONE', #175, #254, #449, .T. ) ;
#686 = CIRCLE ( 'NONE', #62, 1.449999999999993072 ) ;
#687 = EDGE_CURVE ( 'NONE', #614, #1748, #1717, .T. ) ;
#688 = CIRCLE ( 'NONE', #104, 1.750000000000001554 ) ;
#689 = DIRECTION ( 'NONE',  ( 0.000000000000000000, 0.000000000000000000, -1.000000000000000000 ) ) ;
#690 = LINE ( 'NONE', #1233, #173 ) ;
#691 = AXIS2_PLACEMENT_3D ( 'NONE', #1637, #73, #1466 ) ;
#692 = CIRCLE ( 'NONE', #1706, 1.749999999999994671 ) ;
#693 = CARTESIAN_POINT ( 'NONE',  ( 19.81348927648623004, -120.0000000000000000, -13.24999999999998934 ) ) ;
#694 = DIRECTION ( 'NONE',  ( 1.000000000000000000, 0.000000000000000000, -5.204170427930416550E-15 ) ) ;
#695 = ORIENTED_EDGE ( 'NONE', *, *, #171, .F. ) ;
#696 = CARTESIAN_POINT ( 'NONE',  ( 62.56348927648619451, -125.0000000000000000, -13.24999999999999822 ) ) ;
#697 = DIRECTION ( 'NONE',  ( -1.309225264888156623E-16, 0.000000000000000000, 1.000000000000000000 ) ) ;
#698 = CARTESIAN_POINT ( 'NONE',  ( 22.56348927648622649, -124.0000000000000000, 13.24999999999999822 ) ) ;
#699 = EDGE_CURVE ( 'NONE', #1363, #1748, #132, .T. ) ;
#700 = LINE ( 'NONE', #1543, #1618 ) ;
#701 = LINE ( 'NONE', #1803, #1228 ) ;
#702 = VECTOR ( 'NONE', #1147, 1000.000000000000000 ) ;
#703 = EDGE_CURVE ( 'NONE', #804, #499, #1709, .T. ) ;
#704 = ADVANCED_FACE ( 'NONE', ( #41 ), #1312, .T. ) ;
#705 = CARTESIAN_POINT ( 'NONE',  ( 14.81348927648622826, -120.0000000000000000, -25.00000000000000711 ) ) ;
#706 = AXIS2_PLACEMENT_3D ( 'NONE', #1028, #1597, #1462 ) ;
#707 = CARTESIAN_POINT ( 'NONE',  ( 59.81348927648620872, -84.99999999999998579, -13.24999999999998934 ) ) ;
#708 = VERTEX_POINT ( 'NONE', #1182 ) ;
#709 = EDGE_LOOP ( 'NONE', ( #20, #818, #1100, #82 ) ) ;
#710 = VECTOR ( 'NONE', #322, 1000.000000000000114 ) ;
#711 = DIRECTION ( 'NONE',  ( 1.000000000000000000, 0.000000000000000000, 0.000000000000000000 ) ) ;
#712 = ORIENTED_EDGE ( 'NONE', *, *, #824, .F. ) ;
#713 = ADVANCED_FACE ( 'NONE', ( #504 ), #913, .T. ) ;
#714 = EDGE_LOOP ( 'NONE', ( #1356, #623, #871, #750 ) ) ;
#715 = AXIS2_PLACEMENT_3D ( 'NONE', #1673, #335, #1168 ) ;
#716 = CARTESIAN_POINT ( 'NONE',  ( 66.50000000000000000, 19.99999999999998224, 10.00000000000000178 ) ) ;
#717 = DIRECTION ( 'NONE',  ( 0.000000000000000000, 0.000000000000000000, -1.000000000000000000 ) ) ;
#718 = EDGE_LOOP ( 'NONE', ( #1060, #1080, #972, #1074 ) ) ;
#719 = AXIS2_PLACEMENT_3D ( 'NONE', #471, #644, #1155 ) ;
#720 = EDGE_CURVE ( 'NONE', #604, #862, #872, .T. ) ;
#721 = EDGE_CURVE ( 'NONE', #357, #442, #151, .T. ) ;
#722 = AXIS2_PLACEMENT_3D ( 'NONE', #1649, #1473, #1514 ) ;
#723 = LINE ( 'NONE', #590, #1124 ) ;
#724 = EDGE_CURVE ( 'NONE', #775, #983, #688, .T. ) ;
#725 = CARTESIAN_POINT ( 'NONE',  ( 17.06348927648623359, -125.0000000000000000, 13.25000000000000355 ) ) ;
#726 = CARTESIAN_POINT ( 'NONE',  ( 39.50000000000000000, 0.000000000000000000, 0.000000000000000000 ) ) ;
#727 = AXIS2_PLACEMENT_3D ( 'NONE', #111, #1646, #1114 ) ;
#728 = VERTEX_POINT ( 'NONE', #1113 ) ;
#729 = VERTEX_POINT ( 'NONE', #1364 ) ;
#730 = AXIS2_PLACEMENT_3D ( 'NONE', #1416, #1267, #1407 ) ;
#731 = ADVANCED_FACE ( 'NONE', ( #1517 ), #1133, .T. ) ;
#732 = CARTESIAN_POINT ( 'NONE',  ( 57.06348927648620872, -125.0000000000000000, 13.24999999999999822 ) ) ;
#733 = AXIS2_PLACEMENT_3D ( 'NONE', #256, #525, #763 ) ;
#734 = CARTESIAN_POINT ( 'NONE',  ( 67.95000000000000284, 19.99999999999998224, 10.00000000000000000 ) ) ;
#735 = DIRECTION ( 'NONE',  ( -1.000000000000000000, 0.000000000000000000, 5.204170427930416550E-15 ) ) ;
#736 = DIRECTION ( 'NONE',  ( -1.000000000000000000, 0.000000000000000000, 0.000000000000000000 ) ) ;
#737 = DIRECTION ( 'NONE',  ( -0.000000000000000000, 1.000000000000000000, -0.000000000000000000 ) ) ;
#738 = ORIENTED_EDGE ( 'NONE', *, *, #1641, .T. ) ;
#739 = ORIENTED_EDGE ( 'NONE', *, *, #1357, .F. ) ;
#740 = ADVANCED_FACE ( 'NONE', ( #563 ), #404, .T. ) ;
#741 = CARTESIAN_POINT ( 'NONE',  ( 59.81348927648620162, -125.0000000000000000, -22.74999999999999645 ) ) ;
#742 = EDGE_CURVE ( 'NONE', #1694, #983, #1511, .T. ) ;
#743 = ORIENTED_EDGE ( 'NONE', *, *, #1120, .T. ) ;
#744 = DIRECTION ( 'NONE',  ( -0.000000000000000000, -1.000000000000000000, -0.000000000000000000 ) ) ;
#745 = DIRECTION ( 'NONE',  ( -0.000000000000000000, -1.000000000000000000, -0.000000000000000000 ) ) ;
#746 = CARTESIAN_POINT ( 'NONE',  ( 79.00000000000000000, 0.000000000000000000, 10.00000000000000000 ) ) ;
#747 = DIRECTION ( 'NONE',  ( 0.000000000000000000, 0.000000000000000000, -1.000000000000000000 ) ) ;
#748 = ORIENTED_EDGE ( 'NONE', *, *, #811, .T. ) ;
#749 = ORIENTED_EDGE ( 'NONE', *, *, #1340, .F. ) ;
#750 = ORIENTED_EDGE ( 'NONE', *, *, #1425, .F. ) ;
#751 = EDGE_CURVE ( 'NONE', #729, #1235, #805, .T. ) ;
#752 = DIRECTION ( 'NONE',  ( -0.000000000000000000, -1.000000000000000000, -0.000000000000000000 ) ) ;
#753 = CARTESIAN_POINT ( 'NONE',  ( 0.000000000000000000, -120.0000000000000000, 18.24999999999999289 ) ) ;
#754 = PLANE ( 'NONE',  #148 ) ;
#755 = CARTESIAN_POINT ( 'NONE',  ( 22.56348927648622649, -125.0000000000000000, -13.24999999999999822 ) ) ;
#756 = FACE_OUTER_BOUND ( 'NONE', #1447, .T. ) ;
#757 = LINE ( 'NONE', #1302, #68 ) ;
#758 = ORIENTED_EDGE ( 'NONE', *, *, #990, .T. ) ;
#759 = CIRCLE ( 'NONE', #944, 1.000000000000000888 ) ;
#760 = ORIENTED_EDGE ( 'NONE', *, *, #1654, .F. ) ;
#761 = VERTEX_POINT ( 'NONE', #389 ) ;
#762 = CIRCLE ( 'NONE', #1132, 1.750000000000001554 ) ;
#763 = DIRECTION ( 'NONE',  ( 1.309225264888156623E-16, 0.000000000000000000, -1.000000000000000000 ) ) ;
#764 = CARTESIAN_POINT ( 'NONE',  ( 59.81348927648623004, -125.0000000000000000, 22.74999999999999645 ) ) ;
#765 = DIRECTION ( 'NONE',  ( 0.000000000000000000, -1.000000000000000000, 0.000000000000000000 ) ) ;
#766 = DIRECTION ( 'NONE',  ( -1.000000000000000000, -0.000000000000000000, -0.000000000000000000 ) ) ;
#767 = DIRECTION ( 'NONE',  ( 1.000000000000000000, 0.000000000000000000, 3.469446951953617147E-16 ) ) ;
#768 = DIRECTION ( 'NONE',  ( 0.000000000000000000, -1.000000000000000000, 5.204170427930416550E-15 ) ) ;
#769 = PLANE ( 'NONE',  #999 ) ;
#770 = FACE_OUTER_BOUND ( 'NONE', #93, .T. ) ;
#771 = ORIENTED_EDGE ( 'NONE', *, *, #1250, .T. ) ;
#772 = AXIS2_PLACEMENT_3D ( 'NONE', #1148, #737, #1712 ) ;
#773 = DIRECTION ( 'NONE',  ( -0.000000000000000000, -1.000000000000000000, -0.000000000000000000 ) ) ;
#774 = ORIENTED_EDGE ( 'NONE', *, *, #97, .T. ) ;
#775 = VERTEX_POINT ( 'NONE', #1247 ) ;
#776 = DIRECTION ( 'NONE',  ( 0.000000000000000000, -1.000000000000000000, 0.000000000000000000 ) ) ;
#777 = EDGE_CURVE ( 'NONE', #976, #1152, #953, .T. ) ;
#778 = ORIENTED_EDGE ( 'NONE', *, *, #1697, .F. ) ;
#779 = CYLINDRICAL_SURFACE ( 'NONE', #1048, 1.749999999999994671 ) ;
#780 = DIRECTION ( 'NONE',  ( 0.000000000000000000, -1.000000000000000000, 0.000000000000000000 ) ) ;
#781 = DIRECTION ( 'NONE',  ( 0.000000000000000000, -1.000000000000000000, 0.000000000000000000 ) ) ;
#782 = ORIENTED_EDGE ( 'NONE', *, *, #279, .F. ) ;
#783 = DIRECTION ( 'NONE',  ( -0.000000000000000000, -1.000000000000000000, -0.000000000000000000 ) ) ;
#784 = ORIENTED_EDGE ( 'NONE', *, *, #1573, .T. ) ;
#785 = ORIENTED_EDGE ( 'NONE', *, *, #1240, .F. ) ;
#786 = LINE ( 'NONE', #1330, #633 ) ;
#787 = CARTESIAN_POINT ( 'NONE',  ( 59.81348927648620872, -120.0000000000000000, 13.24999999999998934 ) ) ;
#788 = EDGE_CURVE ( 'NONE', #676, #1605, #943, .T. ) ;
#789 = ORIENTED_EDGE ( 'NONE', *, *, #721, .F. ) ;
#790 = DIRECTION ( 'NONE',  ( -0.000000000000000000, -1.000000000000000000, -0.000000000000000000 ) ) ;
#791 = CARTESIAN_POINT ( 'NONE',  ( 21.56348927648622649, -84.99999999999998579, -13.24999999999999822 ) ) ;
#792 = AXIS2_PLACEMENT_3D ( 'NONE', #1093, #545, #1054 ) ;
#793 = EDGE_LOOP ( 'NONE', ( #1189, #1162, #1670, #1424 ) ) ;
#794 = VECTOR ( 'NONE', #1087, 1000.000000000000000 ) ;
#795 = ORIENTED_EDGE ( 'NONE', *, *, #150, .T. ) ;
#796 = ORIENTED_EDGE ( 'NONE', *, *, #8, .F. ) ;
#797 = EDGE_CURVE ( 'NONE', #1605, #983, #595, .T. ) ;
#798 = CARTESIAN_POINT ( 'NONE',  ( 59.81348927648620872, -84.99999999999998579, -14.99999999999998401 ) ) ;
#799 = COLOUR_RGB ( '',0.7921568627450980005, 0.8196078431372548767, 0.9333333333333333481 ) ;
#800 = ADVANCED_FACE ( 'NONE', ( #1226 ), #1662, .T. ) ;
#801 = FACE_OUTER_BOUND ( 'NONE', #266, .T. ) ;
#802 = CARTESIAN_POINT ( 'NONE',  ( 18.06348927648624070, -120.0000000000000000, -13.24999999999999822 ) ) ;
#803 = CARTESIAN_POINT ( 'NONE',  ( 19.81348927648622649, -125.0000000000000000, 22.74999999999999645 ) ) ;
#804 = VERTEX_POINT ( 'NONE', #1350 ) ;
#805 = LINE ( 'NONE', #1668, #1696 ) ;
#806 = AXIS2_PLACEMENT_3D ( 'NONE', #433, #974, #1204 ) ;
#807 = FACE_OUTER_BOUND ( 'NONE', #1787, .T. ) ;
#808 =( NAMED_UNIT ( * ) SI_UNIT ( $, .STERADIAN. ) SOLID_ANGLE_UNIT ( ) );
#809 = DIRECTION ( 'NONE',  ( 1.000000000000000000, 0.000000000000000000, 0.000000000000000000 ) ) ;
#810 = DIRECTION ( 'NONE',  ( -0.000000000000000000, -0.000000000000000000, -1.000000000000000000 ) ) ;
#811 = EDGE_CURVE ( 'NONE', #982, #1749, #30, .T. ) ;
#812 = ORIENTED_EDGE ( 'NONE', *, *, #1366, .F. ) ;
#813 = FACE_OUTER_BOUND ( 'NONE', #457, .T. ) ;
#814 = EDGE_LOOP ( 'NONE', ( #712, #396, #1201, #748 ) ) ;
#815 = CONICAL_SURFACE ( 'NONE', #1245, 1.774999999999998801, 0.7853981633974536081 ) ;
#816 = FACE_BOUND ( 'NONE', #1812, .T. ) ;
#817 = VERTEX_POINT ( 'NONE', #144 ) ;
#818 = ORIENTED_EDGE ( 'NONE', *, *, #1689, .T. ) ;
#819 = VECTOR ( 'NONE', #1277, 1000.000000000000000 ) ;
#820 = LINE ( 'NONE', #835, #1066 ) ;
#821 = EDGE_LOOP ( 'NONE', ( #549, #1478, #333, #1003 ) ) ;
#822 = CARTESIAN_POINT ( 'NONE',  ( 0.000000000000000000, 15.00000000000000000, 0.000000000000000000 ) ) ;
#823 = ORIENTED_EDGE ( 'NONE', *, *, #89, .T. ) ;
#824 = EDGE_CURVE ( 'NONE', #1642, #1749, #701, .T. ) ;
#825 = AXIS2_PLACEMENT_3D ( 'NONE', #1018, #919, #367 ) ;
#826 = AXIS2_PLACEMENT_3D ( 'NONE', #1732, #861, #64 ) ;
#827 = CARTESIAN_POINT ( 'NONE',  ( 0.000000000000000000, 0.000000000000000000, -10.00000000000000000 ) ) ;
#828 = FACE_OUTER_BOUND ( 'NONE', #332, .T. ) ;
#829 = ORIENTED_EDGE ( 'NONE', *, *, #788, .F. ) ;
#830 = FACE_OUTER_BOUND ( 'NONE', #587, .T. ) ;
#831 = EDGE_CURVE ( 'NONE', #1262, #58, #1497, .T. ) ;
#832 = CARTESIAN_POINT ( 'NONE',  ( 17.06348927648623359, -124.0000000000000000, 13.24999999999999822 ) ) ;
#833 = CARTESIAN_POINT ( 'NONE',  ( 19.81348927648623359, -84.99999999999998579, -20.00000000000000711 ) ) ;
#834 = VERTEX_POINT ( 'NONE', #1096 ) ;
#835 = CARTESIAN_POINT ( 'NONE',  ( 58.06348927648620162, -124.0000000000000000, -13.24999999999999822 ) ) ;
#836 = FACE_OUTER_BOUND ( 'NONE', #168, .T. ) ;
#837 = ORIENTED_EDGE ( 'NONE', *, *, #1236, .F. ) ;
#838 = VERTEX_POINT ( 'NONE', #1659 ) ;
#839 = CIRCLE ( 'NONE', #984, 1.000000000000000888 ) ;
#840 = ADVANCED_FACE ( 'NONE', ( #1099, #267, #816 ), #140, .T. ) ;
#841 = PLANE ( 'NONE',  #174 ) ;
#842 = EDGE_CURVE ( 'NONE', #708, #58, #690, .T. ) ;
#843 = CARTESIAN_POINT ( 'NONE',  ( 14.81348927648622826, -125.0000000000000000, -25.00000000000000711 ) ) ;
#844 = ORIENTED_EDGE ( 'NONE', *, *, #282, .T. ) ;
#845 = ORIENTED_EDGE ( 'NONE', *, *, #703, .F. ) ;
#846 = EDGE_CURVE ( 'NONE', #466, #243, #1415, .T. ) ;
#847 = ORIENTED_EDGE ( 'NONE', *, *, #1009, .F. ) ;
#848 = AXIS2_PLACEMENT_3D ( 'NONE', #223, #1324, #629 ) ;
#849 = CARTESIAN_POINT ( 'NONE',  ( 57.06348927648620162, -125.0000000000000000, 13.24999999999999822 ) ) ;
#850 = EDGE_CURVE ( 'NONE', #1152, #1235, #345, .T. ) ;
#851 = VERTEX_POINT ( 'NONE', #1752 ) ;
#852 = EDGE_LOOP ( 'NONE', ( #1428, #430, #1512, #789 ) ) ;
#853 = EDGE_CURVE ( 'NONE', #1679, #1262, #1032, .T. ) ;
#854 = AXIS2_PLACEMENT_3D ( 'NONE', #1098, #1230, #711 ) ;
#855 = CIRCLE ( 'NONE', #1220, 2.750000000000002665 ) ;
#856 = ADVANCED_FACE ( 'NONE', ( #886 ), #1146, .F. ) ;
#857 = DIRECTION ( 'NONE',  ( -0.000000000000000000, 1.000000000000000000, -0.000000000000000000 ) ) ;
#858 = DIRECTION ( 'NONE',  ( 1.000000000000000000, 1.756682000989171735E-16, 0.000000000000000000 ) ) ;
#859 = CARTESIAN_POINT ( 'NONE',  ( 0.000000000000000000, 0.000000000000000000, 10.00000000000000000 ) ) ;
#860 = ADVANCED_FACE ( 'NONE', ( #1323 ), #131, .T. ) ;
#861 = DIRECTION ( 'NONE',  ( -1.000000000000000000, 0.000000000000000000, -3.469446951953617147E-16 ) ) ;
#862 = VERTEX_POINT ( 'NONE', #764 ) ;
#863 = DIRECTION ( 'NONE',  ( -0.000000000000000000, -0.000000000000000000, 1.000000000000000000 ) ) ;
#864 = CIRCLE ( 'NONE', #472, 7.701725444404988075 ) ;
#865 = CARTESIAN_POINT ( 'NONE',  ( 12.50000000000000355, 19.99999999999998224, 10.00000000000000178 ) ) ;
#866 = LINE ( 'NONE', #1711, #702 ) ;
#867 = EDGE_CURVE ( 'NONE', #1029, #1200, #908, .T. ) ;
#868 = CARTESIAN_POINT ( 'NONE',  ( 19.81348927648623359, -120.0000000000000000, -21.75000000000001066 ) ) ;
#869 = AXIS2_PLACEMENT_3D ( 'NONE', #787, #1486, #1338 ) ;
#870 = ORIENTED_EDGE ( 'NONE', *, *, #551, .F. ) ;
#871 = ORIENTED_EDGE ( 'NONE', *, *, #416, .T. ) ;
#872 = CIRCLE ( 'NONE', #364, 1.000000000000000888 ) ;
#873 = ORIENTED_EDGE ( 'NONE', *, *, #1250, .F. ) ;
#874 = DIRECTION ( 'NONE',  ( 1.309225264888156623E-16, 0.000000000000000000, -1.000000000000000000 ) ) ;
#875 = CIRCLE ( 'NONE', #1652, 7.701725444404988075 ) ;
#876 = ORIENTED_EDGE ( 'NONE', *, *, #13, .F. ) ;
#877 = LINE ( 'NONE', #1287, #269 ) ;
#878 = DIRECTION ( 'NONE',  ( -0.000000000000000000, -1.000000000000000000, -0.000000000000000000 ) ) ;
#879 = DIRECTION ( 'NONE',  ( 0.000000000000000000, 0.000000000000000000, -1.000000000000000000 ) ) ;
#880 = ORIENTED_EDGE ( 'NONE', *, *, #1759, .T. ) ;
#881 = EDGE_CURVE ( 'NONE', #676, #1044, #759, .T. ) ;
#882 = LINE ( 'NONE', #1161, #1695 ) ;
#883 = ORIENTED_EDGE ( 'NONE', *, *, #1214, .T. ) ;
#884 = EDGE_LOOP ( 'NONE', ( #661, #1626, #760, #500 ) ) ;
#885 = EDGE_CURVE ( 'NONE', #1642, #1349, #1726, .T. ) ;
#886 = FACE_OUTER_BOUND ( 'NONE', #1329, .T. ) ;
#887 = CARTESIAN_POINT ( 'NONE',  ( 59.81348927648620162, -125.0000000000000000, -19.99999999999999289 ) ) ;
#888 = CARTESIAN_POINT ( 'NONE',  ( 0.000000000000000000, 29.99999999999998579, 10.00000000000000000 ) ) ;
#889 = DIRECTION ( 'NONE',  ( 0.000000000000000000, 0.000000000000000000, -1.000000000000000000 ) ) ;
#890 = CARTESIAN_POINT ( 'NONE',  ( 39.50000000000000000, -120.0000000000000000, -7.701725444404988075 ) ) ;
#891 = EDGE_LOOP ( 'NONE', ( #229, #1714, #795, #214 ) ) ;
#892 = LINE ( 'NONE', #1449, #1547 ) ;
#893 = VERTEX_POINT ( 'NONE', #732 ) ;
#894 = VERTEX_POINT ( 'NONE', #608 ) ;
#895 = CARTESIAN_POINT ( 'NONE',  ( 59.81348927648620162, -124.0000000000000000, -17.24999999999998934 ) ) ;
#896 = FACE_OUTER_BOUND ( 'NONE', #188, .T. ) ;
#897 = DIRECTION ( 'NONE',  ( -1.000000000000000000, 0.000000000000000000, 0.000000000000000000 ) ) ;
#898 = CYLINDRICAL_SURFACE ( 'NONE', #848, 1.000000000000000888 ) ;
#899 = DIRECTION ( 'NONE',  ( 0.000000000000000000, -1.000000000000000000, 0.000000000000000000 ) ) ;
#900 = AXIS2_PLACEMENT_3D ( 'NONE', #969, #1254, #717 ) ;
#901 = DIRECTION ( 'NONE',  ( 0.000000000000000000, 0.000000000000000000, -1.000000000000000000 ) ) ;
#902 = CARTESIAN_POINT ( 'NONE',  ( 0.000000000000000000, 15.00000000000000000, -10.00000000000000000 ) ) ;
#903 = CARTESIAN_POINT ( 'NONE',  ( 59.81348927648620162, -125.0000000000000000, -17.24999999999998934 ) ) ;
#904 = VECTOR ( 'NONE', #568, 1000.000000000000000 ) ;
#905 = CYLINDRICAL_SURFACE ( 'NONE', #825, 1.449999999999993072 ) ;
#906 = EDGE_LOOP ( 'NONE', ( #1683, #16, #1372, #315 ) ) ;
#907 = ADVANCED_FACE ( 'NONE', ( #479 ), #154, .T. ) ;
#908 = CIRCLE ( 'NONE', #627, 1.449999999999999956 ) ;
#909 = MANIFOLD_SOLID_BREP ( 'Ô²½Ç3', #1104 ) ;
#910 = ORIENTED_EDGE ( 'NONE', *, *, #1366, .T. ) ;
#911 = EDGE_CURVE ( 'NONE', #635, #368, #1467, .T. ) ;
#912 = ORIENTED_EDGE ( 'NONE', *, *, #1523, .T. ) ;
#913 = TOROIDAL_SURFACE ( 'NONE', #1671, 2.749999999999994671, 1.000000000000000000 ) ;
#914 = FACE_OUTER_BOUND ( 'NONE', #1723, .T. ) ;
#915 = VECTOR ( 'NONE', #297, 1000.000000000000000 ) ;
#916 = DIRECTION ( 'NONE',  ( 0.000000000000000000, 0.000000000000000000, 1.000000000000000000 ) ) ;
#917 = CARTESIAN_POINT ( 'NONE',  ( 59.81348927648620872, -124.0000000000000000, -13.24999999999998934 ) ) ;
#918 = AXIS2_PLACEMENT_3D ( 'NONE', #1158, #781, #1327 ) ;
#919 = DIRECTION ( 'NONE',  ( -0.000000000000000000, -0.000000000000000000, 1.000000000000000000 ) ) ;
#920 = ORIENTED_EDGE ( 'NONE', *, *, #1552, .F. ) ;
#921 = AXIS2_PLACEMENT_3D ( 'NONE', #675, #114, #264 ) ;
#922 = EDGE_CURVE ( 'NONE', #1642, #834, #1526, .T. ) ;
#923 = EDGE_LOOP ( 'NONE', ( #1540, #524, #108, #579 ) ) ;
#924 = VERTEX_POINT ( 'NONE', #393 ) ;
#925 = PLANE ( 'NONE',  #480 ) ;
#926 = DIRECTION ( 'NONE',  ( 1.000000000000000000, 0.000000000000000000, 0.000000000000000000 ) ) ;
#927 = CYLINDRICAL_SURFACE ( 'NONE', #1456, 1.750000000000001554 ) ;
#928 = ADVANCED_FACE ( 'NONE', ( #836 ), #207, .T. ) ;
#929 = ORIENTED_EDGE ( 'NONE', *, *, #171, .T. ) ;
#930 = CARTESIAN_POINT ( 'NONE',  ( 79.00000000000000000, 15.00000000000000000, -10.00000000000000000 ) ) ;
#931 = FACE_BOUND ( 'NONE', #381, .T. ) ;
#932 = EDGE_CURVE ( 'NONE', #1044, #924, #762, .T. ) ;
#933 = ORIENTED_EDGE ( 'NONE', *, *, #22, .F. ) ;
#934 = VERTEX_POINT ( 'NONE', #965 ) ;
#935 = DIRECTION ( 'NONE',  ( -0.000000000000000000, 1.000000000000000000, -0.000000000000000000 ) ) ;
#936 = CYLINDRICAL_SURFACE ( 'NONE', #1417, 1.749999999999994671 ) ;
#937 = AXIS2_PLACEMENT_3D ( 'NONE', #1007, #212, #1585 ) ;
#938 = CARTESIAN_POINT ( 'NONE',  ( 59.81348927648620872, -125.0000000000000000, 13.24999999999998934 ) ) ;
#939 = CARTESIAN_POINT ( 'NONE',  ( 19.81348927648623004, -124.0000000000000000, 17.24999999999998934 ) ) ;
#940 = DIRECTION ( 'NONE',  ( 0.000000000000000000, 0.000000000000000000, -1.000000000000000000 ) ) ;
#941 = VERTEX_POINT ( 'NONE', #1669 ) ;
#942 = EDGE_CURVE ( 'NONE', #635, #289, #1490, .T. ) ;
#943 = LINE ( 'NONE', #678, #517 ) ;
#944 = AXIS2_PLACEMENT_3D ( 'NONE', #191, #897, #615 ) ;
#945 = CARTESIAN_POINT ( 'NONE',  ( 21.56348927648622649, -120.0000000000000000, 2.823146495992060403E-15 ) ) ;
#946 = ORIENTED_EDGE ( 'NONE', *, *, #1506, .F. ) ;
#947 = AXIS2_PLACEMENT_3D ( 'NONE', #228, #185, #1746 ) ;
#948 = CARTESIAN_POINT ( 'NONE',  ( 19.81348927648623359, -84.99999999999998579, -21.75000000000001066 ) ) ;
#949 = VECTOR ( 'NONE', #331, 1000.000000000000000 ) ;
#950 = ORIENTED_EDGE ( 'NONE', *, *, #1425, .T. ) ;
#951 = DIRECTION ( 'NONE',  ( 1.000000000000000000, 0.000000000000000000, 0.000000000000000000 ) ) ;
#952 = ORIENTED_EDGE ( 'NONE', *, *, #181, .T. ) ;
#953 = LINE ( 'NONE', #1525, #1367 ) ;
#954 = FACE_OUTER_BOUND ( 'NONE', #1304, .T. ) ;
#955 = VERTEX_POINT ( 'NONE', #1205 ) ;
#956 = CIRCLE ( 'NONE', #1265, 1.000000000000000888 ) ;
#957 = AXIS2_PLACEMENT_3D ( 'NONE', #1653, #91, #401 ) ;
#958 = DIRECTION ( 'NONE',  ( 0.000000000000000000, -1.000000000000000000, 0.000000000000000000 ) ) ;
#959 = ORIENTED_EDGE ( 'NONE', *, *, #1791, .T. ) ;
#960 = VECTOR ( 'NONE', #1796, 1000.000000000000000 ) ;
#961 = CARTESIAN_POINT ( 'NONE',  ( 59.81348927648622293, -124.0000000000000000, 18.24999999999999289 ) ) ;
#962 = DIRECTION ( 'NONE',  ( 1.000000000000000000, 0.000000000000000000, 0.000000000000000000 ) ) ;
#963 = ORIENTED_EDGE ( 'NONE', *, *, #1586, .T. ) ;
#964 = DIRECTION ( 'NONE',  ( 0.000000000000000000, -1.000000000000000000, 0.000000000000000000 ) ) ;
#965 = CARTESIAN_POINT ( 'NONE',  ( 59.81348927648620872, -124.0000000000000000, -14.99999999999998401 ) ) ;
#966 = ORIENTED_EDGE ( 'NONE', *, *, #673, .F. ) ;
#967 = AXIS2_PLACEMENT_3D ( 'NONE', #452, #1395, #980 ) ;
#968 = CARTESIAN_POINT ( 'NONE',  ( 14.81348927648622826, -125.0000000000000000, -25.00000000000000711 ) ) ;
#969 = CARTESIAN_POINT ( 'NONE',  ( 19.81348927648623004, -124.0000000000000000, -13.24999999999998934 ) ) ;
#970 = EDGE_CURVE ( 'NONE', #1123, #1734, #1620, .T. ) ;
#971 = DIRECTION ( 'NONE',  ( 1.000000000000000000, 0.000000000000000000, 0.000000000000000000 ) ) ;
#972 = ORIENTED_EDGE ( 'NONE', *, *, #589, .F. ) ;
#973 = ORIENTED_EDGE ( 'NONE', *, *, #355, .T. ) ;
#974 = DIRECTION ( 'NONE',  ( -0.000000000000000000, 1.000000000000000000, -0.000000000000000000 ) ) ;
#975 = VERTEX_POINT ( 'NONE', #429 ) ;
#976 = VERTEX_POINT ( 'NONE', #822 ) ;
#977 = ADVANCED_FACE ( 'NONE', ( #526 ), #1779, .T. ) ;
#978 = ADVANCED_FACE ( 'NONE', ( #374 ), #1194, .T. ) ;
#979 = DIRECTION ( 'NONE',  ( -1.309225264888156623E-16, 0.000000000000000000, 1.000000000000000000 ) ) ;
#980 = DIRECTION ( 'NONE',  ( 1.000000000000000000, 0.000000000000000000, -5.204170427930416550E-15 ) ) ;
#981 = FACE_OUTER_BOUND ( 'NONE', #153, .T. ) ;
#982 = VERTEX_POINT ( 'NONE', #572 ) ;
#983 = VERTEX_POINT ( 'NONE', #1790 ) ;
#984 = AXIS2_PLACEMENT_3D ( 'NONE', #1316, #736, #195 ) ;
#985 = EDGE_LOOP ( 'NONE', ( #273, #638 ) ) ;
#986 = ORIENTED_EDGE ( 'NONE', *, *, #295, .T. ) ;
#987 = DIRECTION ( 'NONE',  ( -1.000000000000000000, -0.000000000000000000, -0.000000000000000000 ) ) ;
#988 = CIRCLE ( 'NONE', #246, 1.774999999999998801 ) ;
#989 = AXIS2_PLACEMENT_3D ( 'NONE', #409, #117, #276 ) ;
#990 = EDGE_CURVE ( 'NONE', #291, #1176, #1650, .T. ) ;
#991 = DIRECTION ( 'NONE',  ( 3.469446951953617147E-16, 0.000000000000000000, -1.000000000000000000 ) ) ;
#992 = DIRECTION ( 'NONE',  ( -0.000000000000000000, 1.000000000000000000, -0.000000000000000000 ) ) ;
#993 = AXIS2_PLACEMENT_3D ( 'NONE', #917, #780, #237 ) ;
#994 = EDGE_LOOP ( 'NONE', ( #670, #1293, #1565, #218 ) ) ;
#995 = EDGE_LOOP ( 'NONE', ( #774, #695, #359, #69 ) ) ;
#996 = ADVANCED_FACE ( 'NONE', ( #287 ), #927, .F. ) ;
#997 = ORIENTED_EDGE ( 'NONE', *, *, #408, .F. ) ;
#998 = CIRCLE ( 'NONE', #1069, 1.749999999999994671 ) ;
#999 = AXIS2_PLACEMENT_3D ( 'NONE', #746, #1445, #1458 ) ;
#1000 = DIRECTION ( 'NONE',  ( -0.000000000000000000, -1.000000000000000000, -0.000000000000000000 ) ) ;
#1001 = LINE ( 'NONE', #167, #1505 ) ;
#1002 = EDGE_LOOP ( 'NONE', ( #1138, #1196, #1144, #683 ) ) ;
#1003 = ORIENTED_EDGE ( 'NONE', *, *, #867, .T. ) ;
#1004 = SURFACE_STYLE_FILL_AREA ( #87 ) ;
#1005 = DIRECTION ( 'NONE',  ( 0.000000000000000000, 0.000000000000000000, -1.000000000000000000 ) ) ;
#1006 = FACE_OUTER_BOUND ( 'NONE', #84, .T. ) ;
#1007 = CARTESIAN_POINT ( 'NONE',  ( 18.06348927648623359, -84.99999999999998579, 13.24999999999999822 ) ) ;
#1008 = DIRECTION ( 'NONE',  ( 1.000000000000000000, 0.000000000000000000, 0.000000000000000000 ) ) ;
#1009 = EDGE_CURVE ( 'NONE', #934, #1262, #29, .T. ) ;
#1010 = ORIENTED_EDGE ( 'NONE', *, *, #1518, .F. ) ;
#1011 = VECTOR ( 'NONE', #992, 1000.000000000000000 ) ;
#1012 = CIRCLE ( 'NONE', #1130, 2.749999999999993783 ) ;
#1013 = CARTESIAN_POINT ( 'NONE',  ( 79.00000000000000000, 0.000000000000000000, 0.000000000000000000 ) ) ;
#1014 = ADVANCED_FACE ( 'NONE', ( #1076 ), #936, .F. ) ;
#1015 = DIRECTION ( 'NONE',  ( -0.000000000000000000, -0.000000000000000000, 1.000000000000000000 ) ) ;
#1016 = LINE ( 'NONE', #321, #618 ) ;
#1017 = LINE ( 'NONE', #1289, #372 ) ;
#1018 = CARTESIAN_POINT ( 'NONE',  ( 66.50000000000000000, 19.99999999999998224, 10.00000000000000000 ) ) ;
#1019 = AXIS2_PLACEMENT_3D ( 'NONE', #564, #1, #1083 ) ;
#1020 = EDGE_LOOP ( 'NONE', ( #607, #1546, #139, #796 ) ) ;
#1021 = ORIENTED_EDGE ( 'NONE', *, *, #591, .F. ) ;
#1022 = CARTESIAN_POINT ( 'NONE',  ( 58.06348927648620162, -124.0000000000000000, 13.24999999999999822 ) ) ;
#1023 = AXIS2_PLACEMENT_3D ( 'NONE', #1495, #249, #694 ) ;
#1024 = CARTESIAN_POINT ( 'NONE',  ( 59.81348927648620872, -84.99999999999998579, 13.24999999999998934 ) ) ;
#1025 = PLANE ( 'NONE',  #1610 ) ;
#1026 = DIRECTION ( 'NONE',  ( -0.000000000000000000, 1.000000000000000000, -0.000000000000000000 ) ) ;
#1027 = VERTEX_POINT ( 'NONE', #1255 ) ;
#1028 = CARTESIAN_POINT ( 'NONE',  ( 39.50000000000000000, -120.0000000000000000, 0.000000000000000000 ) ) ;
#1029 = VERTEX_POINT ( 'NONE', #1121 ) ;
#1030 = ORIENTED_EDGE ( 'NONE', *, *, #932, .F. ) ;
#1031 = DIRECTION ( 'NONE',  ( -3.469446951953617147E-16, 0.000000000000000000, 1.000000000000000000 ) ) ;
#1032 = LINE ( 'NONE', #1602, #421 ) ;
#1033 = DIRECTION ( 'NONE',  ( -0.7071067811865512365, 8.659560562354979697E-17, 0.7071067811865439090 ) ) ;
#1034 = EDGE_CURVE ( 'NONE', #1496, #1737, #1251, .T. ) ;
#1035 = LINE ( 'NONE', #1604, #574 ) ;
#1036 = VERTEX_POINT ( 'NONE', #11 ) ;
#1037 = CARTESIAN_POINT ( 'NONE',  ( 12.50000000000000355, 19.99999999999998224, 9.674999999999998934 ) ) ;
#1038 = CARTESIAN_POINT ( 'NONE',  ( 64.72500000000000853, 19.99999999999998224, 10.00000000000000178 ) ) ;
#1039 = DIRECTION ( 'NONE',  ( 1.000000000000000000, 0.000000000000000000, 0.000000000000000000 ) ) ;
#1040 = ADVANCED_FACE ( 'NONE', ( #981 ), #298, .F. ) ;
#1041 = DIRECTION ( 'NONE',  ( 0.000000000000000000, 0.000000000000000000, -1.000000000000000000 ) ) ;
#1042 = ORIENTED_EDGE ( 'NONE', *, *, #885, .F. ) ;
#1043 = UNCERTAINTY_MEASURE_WITH_UNIT (LENGTH_MEASURE( 1.000000000000000082E-05 ), #656, 'distance_accuracy_value', 'NONE');
#1044 = VERTEX_POINT ( 'NONE', #1751 ) ;
#1045 = VERTEX_POINT ( 'NONE', #1480 ) ;
#1046 = PLANE ( 'NONE',  #1232 ) ;
#1047 = CARTESIAN_POINT ( 'NONE',  ( 19.81348927648623004, -84.99999999999998579, 21.74999999999999645 ) ) ;
#1048 = AXIS2_PLACEMENT_3D ( 'NONE', #1024, #744, #1619 ) ;
#1049 = DIRECTION ( 'NONE',  ( 0.000000000000000000, 1.000000000000000000, 0.000000000000000000 ) ) ;
#1050 = DIRECTION ( 'NONE',  ( -0.000000000000000000, 1.000000000000000000, -0.000000000000000000 ) ) ;
#1051 = AXIS2_PLACEMENT_3D ( 'NONE', #1222, #790, #519 ) ;
#1052 = ORIENTED_EDGE ( 'NONE', *, *, #797, .T. ) ;
#1053 = ADVANCED_FACE ( 'NONE', ( #896 ), #533, .F. ) ;
#1054 = DIRECTION ( 'NONE',  ( 0.000000000000000000, 0.000000000000000000, -1.000000000000000000 ) ) ;
#1055 = CARTESIAN_POINT ( 'NONE',  ( 21.56348927648622649, -120.0000000000000000, -13.24999999999999822 ) ) ;
#1056 = CARTESIAN_POINT ( 'NONE',  ( 68.27500000000000568, 19.99999999999998224, 10.00000000000000178 ) ) ;
#1057 = ORIENTED_EDGE ( 'NONE', *, *, #1186, .F. ) ;
#1058 = EDGE_CURVE ( 'NONE', #582, #12, #686, .T. ) ;
#1059 = AXIS2_PLACEMENT_3D ( 'NONE', #664, #235, #245 ) ;
#1060 = ORIENTED_EDGE ( 'NONE', *, *, #720, .T. ) ;
#1061 = EDGE_CURVE ( 'NONE', #411, #340, #1193, .T. ) ;
#1062 = ORIENTED_EDGE ( 'NONE', *, *, #1383, .T. ) ;
#1063 = AXIS2_PLACEMENT_3D ( 'NONE', #133, #1374, #1813 ) ;
#1064 = DIRECTION ( 'NONE',  ( 0.000000000000000000, 0.000000000000000000, -1.000000000000000000 ) ) ;
#1065 = DIRECTION ( 'NONE',  ( -0.000000000000000000, 0.000000000000000000, 1.000000000000000000 ) ) ;
#1066 = VECTOR ( 'NONE', #1119, 1000.000000000000000 ) ;
#1067 = EDGE_CURVE ( 'NONE', #982, #1625, #344, .T. ) ;
#1068 = DIRECTION ( 'NONE',  ( 3.469446951953611033E-15, 0.000000000000000000, 1.000000000000000000 ) ) ;
#1069 = AXIS2_PLACEMENT_3D ( 'NONE', #122, #1657, #1678 ) ;
#1070 = DIRECTION ( 'NONE',  ( 0.000000000000000000, -1.000000000000000000, 0.000000000000000000 ) ) ;
#1071 = ORIENTED_EDGE ( 'NONE', *, *, #203, .F. ) ;
#1072 = VECTOR ( 'NONE', #196, 1000.000000000000000 ) ;
#1073 = ORIENTED_EDGE ( 'NONE', *, *, #1369, .T. ) ;
#1074 = ORIENTED_EDGE ( 'NONE', *, *, #1698, .F. ) ;
#1075 = CARTESIAN_POINT ( 'NONE',  ( 12.50000000000000355, 19.99999999999998224, 0.000000000000000000 ) ) ;
#1076 = FACE_OUTER_BOUND ( 'NONE', #521, .T. ) ;
#1077 = EDGE_CURVE ( 'NONE', #371, #1152, #1615, .T. ) ;
#1078 = CARTESIAN_POINT ( 'NONE',  ( 65.05000000000001137, 19.99999999999998224, 0.000000000000000000 ) ) ;
#1079 = CARTESIAN_POINT ( 'NONE',  ( 19.81348927648623004, -84.99999999999998579, 18.24999999999999289 ) ) ;
#1080 = ORIENTED_EDGE ( 'NONE', *, *, #1238, .F. ) ;
#1081 = ORIENTED_EDGE ( 'NONE', *, *, #911, .T. ) ;
#1082 = LINE ( 'NONE', #798, #550 ) ;
#1083 = DIRECTION ( 'NONE',  ( 1.000000000000000000, 0.000000000000000000, 0.000000000000000000 ) ) ;
#1084 = VECTOR ( 'NONE', #878, 1000.000000000000000 ) ;
#1085 = CARTESIAN_POINT ( 'NONE',  ( 14.81348927648622826, -125.0000000000000000, 24.99999999999999289 ) ) ;
#1086 = VECTOR ( 'NONE', #1507, 1000.000000000000000 ) ;
#1087 = DIRECTION ( 'NONE',  ( -0.000000000000000000, -0.000000000000000000, -1.000000000000000000 ) ) ;
#1088 = EDGE_CURVE ( 'NONE', #708, #1399, #1109, .T. ) ;
#1089 = ORIENTED_EDGE ( 'NONE', *, *, #219, .T. ) ;
#1090 = CARTESIAN_POINT ( 'NONE',  ( 59.81348927648620872, -124.0000000000000000, -13.24999999999998934 ) ) ;
#1091 = AXIS2_PLACEMENT_3D ( 'NONE', #843, #1065, #672 ) ;
#1092 = APPLICATION_CONTEXT ( 'automotive_design' ) ;
#1093 = CARTESIAN_POINT ( 'NONE',  ( 19.81348927648623004, -84.99999999999998579, -13.24999999999998934 ) ) ;
#1094 = DIRECTION ( 'NONE',  ( 0.000000000000000000, 0.000000000000000000, -1.000000000000000000 ) ) ;
#1095 = AXIS2_PLACEMENT_3D ( 'NONE', #339, #520, #1485 ) ;
#1096 = CARTESIAN_POINT ( 'NONE',  ( 19.81348927648623004, -120.0000000000000000, 18.24999999999999289 ) ) ;
#1097 = AXIS2_PLACEMENT_3D ( 'NONE', #1219, #488, #343 ) ;
#1098 = CARTESIAN_POINT ( 'NONE',  ( 66.50000000000000000, 19.99999999999998224, 0.000000000000000000 ) ) ;
#1099 = FACE_OUTER_BOUND ( 'NONE', #1541, .T. ) ;
#1100 = ORIENTED_EDGE ( 'NONE', *, *, #1238, .T. ) ;
#1101 = DIRECTION ( 'NONE',  ( 0.000000000000000000, -1.000000000000000000, 0.000000000000000000 ) ) ;
#1102 = LINE ( 'NONE', #115, #575 ) ;
#1103 = ORIENTED_EDGE ( 'NONE', *, *, #616, .T. ) ;
#1104 = CLOSED_SHELL ( 'NONE', ( #39, #731, #1414, #403, #477, #1308, #1142, #161, #1053, #88, #1538, #1686, #1435, #142, #840, #1510, #109, #1191, #215, #197, #556, #704, #387, #1040, #1503, #978, #1716, #541, #17, #740, #1115, #1345, #996, #1498, #1163, #15, #856, #1391, #358, #270, #25, #492, #1014, #1519, #1105, #147, #1672, #907, #713, #1530, #1516, #432, #928, #1243, #1728, #1360, #679, #977, #800, #860 ) ) ;
#1105 = ADVANCED_FACE ( 'NONE', ( #485 ), #326, .T. ) ;
#1106 = DIRECTION ( 'NONE',  ( -0.000000000000000000, -1.000000000000000000, -0.000000000000000000 ) ) ;
#1107 = DIRECTION ( 'NONE',  ( -1.000000000000000000, 0.000000000000000000, 0.000000000000000000 ) ) ;
#1108 = ORIENTED_EDGE ( 'NONE', *, *, #1385, .T. ) ;
#1109 = CIRCLE ( 'NONE', #869, 1.749999999999994671 ) ;
#1110 = VECTOR ( 'NONE', #1106, 1000.000000000000000 ) ;
#1111 = CARTESIAN_POINT ( 'NONE',  ( 67.95000000000000284, 19.99999999999998224, 9.674999999999998934 ) ) ;
#1112 = EDGE_CURVE ( 'NONE', #390, #1029, #882, .T. ) ;
#1113 = CARTESIAN_POINT ( 'NONE',  ( 39.50000000000000000, -120.0000000000000000, -7.701725444404988075 ) ) ;
#1114 = DIRECTION ( 'NONE',  ( 0.000000000000000000, 0.000000000000000000, -1.000000000000000000 ) ) ;
#1115 = ADVANCED_FACE ( 'NONE', ( #231 ), #1434, .F. ) ;
#1116 = ORIENTED_EDGE ( 'NONE', *, *, #119, .T. ) ;
#1117 = CIRCLE ( 'NONE', #1023, 1.000000000000000888 ) ;
#1118 = ORIENTED_EDGE ( 'NONE', *, *, #1552, .T. ) ;
#1119 = DIRECTION ( 'NONE',  ( 0.000000000000000000, 0.000000000000000000, -1.000000000000000000 ) ) ;
#1120 = EDGE_CURVE ( 'NONE', #254, #175, #988, .T. ) ;
#1121 = CARTESIAN_POINT ( 'NONE',  ( 13.95000000000000462, 19.99999999999998224, 9.674999999999998934 ) ) ;
#1122 = ORIENTED_EDGE ( 'NONE', *, *, #559, .T. ) ;
#1123 = VERTEX_POINT ( 'NONE', #1188 ) ;
#1124 = VECTOR ( 'NONE', #1286, 1000.000000000000000 ) ;
#1125 = ORIENTED_EDGE ( 'NONE', *, *, #942, .T. ) ;
#1126 = DIRECTION ( 'NONE',  ( 1.000000000000000000, 0.000000000000000000, 0.000000000000000000 ) ) ;
#1127 = FACE_OUTER_BOUND ( 'NONE', #308, .T. ) ;
#1128 = EDGE_LOOP ( 'NONE', ( #870, #963, #823, #193 ) ) ;
#1129 = EDGE_LOOP ( 'NONE', ( #125, #1426, #1209, #1256 ) ) ;
#1130 = AXIS2_PLACEMENT_3D ( 'NONE', #938, #1648, #120 ) ;
#1131 = DIRECTION ( 'NONE',  ( -0.000000000000000000, -1.000000000000000000, -0.000000000000000000 ) ) ;
#1132 = AXIS2_PLACEMENT_3D ( 'NONE', #141, #423, #1675 ) ;
#1133 = TOROIDAL_SURFACE ( 'NONE', #1802, 2.749999999999994671, 1.000000000000000000 ) ;
#1134 = CARTESIAN_POINT ( 'NONE',  ( 21.56348927648622649, -124.0000000000000000, -13.24999999999999822 ) ) ;
#1135 = CARTESIAN_POINT ( 'NONE',  ( 58.06348927648620162, -120.0000000000000000, 0.000000000000000000 ) ) ;
#1136 = CARTESIAN_POINT ( 'NONE',  ( 19.81348927648623359, -125.0000000000000000, -22.75000000000001066 ) ) ;
#1137 = EDGE_LOOP ( 'NONE', ( #1258, #1062, #531, #929, #1542 ) ) ;
#1138 = ORIENTED_EDGE ( 'NONE', *, *, #288, .T. ) ;
#1139 = ORIENTED_EDGE ( 'NONE', *, *, #853, .T. ) ;
#1140 = VECTOR ( 'NONE', #646, 1000.000000000000000 ) ;
#1141 = VECTOR ( 'NONE', #1033, 999.9999999999998863 ) ;
#1142 = ADVANCED_FACE ( 'NONE', ( #67 ), #1294, .F. ) ;
#1143 = CARTESIAN_POINT ( 'NONE',  ( 59.81348927648620162, -84.99999999999998579, -21.74999999999999645 ) ) ;
#1144 = ORIENTED_EDGE ( 'NONE', *, *, #416, .F. ) ;
#1145 = EDGE_CURVE ( 'NONE', #1693, #728, #1303, .T. ) ;
#1146 = CYLINDRICAL_SURFACE ( 'NONE', #1268, 1.749999999999994671 ) ;
#1147 = DIRECTION ( 'NONE',  ( 0.000000000000000000, 1.000000000000000000, 0.000000000000000000 ) ) ;
#1148 = CARTESIAN_POINT ( 'NONE',  ( 19.81348927648623004, -125.0000000000000000, 13.24999999999998934 ) ) ;
#1149 = CYLINDRICAL_SURFACE ( 'NONE', #598, 1.000000000000000888 ) ;
#1150 = ORIENTED_EDGE ( 'NONE', *, *, #1203, .F. ) ;
#1151 = CIRCLE ( 'NONE', #1544, 1.000000000000000888 ) ;
#1152 = VERTEX_POINT ( 'NONE', #201 ) ;
#1153 = CARTESIAN_POINT ( 'NONE',  ( 59.81348927648623004, -125.0000000000000000, 19.99999999999999289 ) ) ;
#1154 = EDGE_CURVE ( 'NONE', #614, #1775, #892, .T. ) ;
#1155 = DIRECTION ( 'NONE',  ( 1.000000000000000000, 0.000000000000000000, 0.000000000000000000 ) ) ;
#1156 = CARTESIAN_POINT ( 'NONE',  ( 18.06348927648623359, -84.99999999999998579, -13.24999999999999822 ) ) ;
#1157 = LINE ( 'NONE', #351, #1631 ) ;
#1158 = CARTESIAN_POINT ( 'NONE',  ( 59.81348927648623004, -124.0000000000000000, 19.99999999999999289 ) ) ;
#1159 = MECHANICAL_DESIGN_GEOMETRIC_PRESENTATION_REPRESENTATION (  '', ( #7 ), #1393 ) ;
#1160 = VERTEX_POINT ( 'NONE', #637 ) ;
#1161 = CARTESIAN_POINT ( 'NONE',  ( 13.95000000000000462, 19.99999999999998224, 10.00000000000000000 ) ) ;
#1162 = ORIENTED_EDGE ( 'NONE', *, *, #1313, .F. ) ;
#1163 = ADVANCED_FACE ( 'NONE', ( #512 ), #356, .F. ) ;
#1164 = ORIENTED_EDGE ( 'NONE', *, *, #230, .F. ) ;
#1165 = VECTOR ( 'NONE', #1666, 1000.000000000000000 ) ;
#1166 = DIRECTION ( 'NONE',  ( 0.000000000000000000, -0.000000000000000000, 1.000000000000000000 ) ) ;
#1167 = EDGE_CURVE ( 'NONE', #180, #291, #1346, .T. ) ;
#1168 = DIRECTION ( 'NONE',  ( -3.469446951953611033E-15, -1.000000000000000000, 0.000000000000000000 ) ) ;
#1169 = AXIS2_PLACEMENT_3D ( 'NONE', #490, #1026, #879 ) ;
#1170 = CARTESIAN_POINT ( 'NONE',  ( 62.56348927648619451, -124.0000000000000000, -13.25000000000000355 ) ) ;
#1171 = CARTESIAN_POINT ( 'NONE',  ( 21.56348927648622293, -84.99999999999998579, 13.24999999999999822 ) ) ;
#1172 = LINE ( 'NONE', #1423, #710 ) ;
#1173 = LINE ( 'NONE', #1733, #255 ) ;
#1174 = ORIENTED_EDGE ( 'NONE', *, *, #413, .T. ) ;
#1175 = ORIENTED_EDGE ( 'NONE', *, *, #203, .T. ) ;
#1176 = VERTEX_POINT ( 'NONE', #1594 ) ;
#1177 = DIRECTION ( 'NONE',  ( -1.756682000989171735E-16, 1.000000000000000000, 0.000000000000000000 ) ) ;
#1178 = DIRECTION ( 'NONE',  ( -0.000000000000000000, -1.000000000000000000, -0.000000000000000000 ) ) ;
#1179 = CARTESIAN_POINT ( 'NONE',  ( 19.81348927648623004, -124.0000000000000000, 13.24999999999998934 ) ) ;
#1180 = EDGE_CURVE ( 'NONE', #466, #851, #1373, .T. ) ;
#1181 = LINE ( 'NONE', #1469, #1141 ) ;
#1182 = CARTESIAN_POINT ( 'NONE',  ( 61.56348927648619451, -120.0000000000000000, 13.24999999999999822 ) ) ;
#1183 = EDGE_CURVE ( 'NONE', #728, #202, #65, .T. ) ;
#1184 = FACE_OUTER_BOUND ( 'NONE', #605, .T. ) ;
#1185 = DIRECTION ( 'NONE',  ( 0.000000000000000000, -1.000000000000000000, 0.000000000000000000 ) ) ;
#1186 = EDGE_CURVE ( 'NONE', #1679, #708, #1173, .T. ) ;
#1187 = ORIENTED_EDGE ( 'NONE', *, *, #1034, .F. ) ;
#1188 = CARTESIAN_POINT ( 'NONE',  ( 67.95000000000000284, 19.99999999999998224, 0.000000000000000000 ) ) ;
#1189 = ORIENTED_EDGE ( 'NONE', *, *, #1769, .T. ) ;
#1190 = ORIENTED_EDGE ( 'NONE', *, *, #1568, .T. ) ;
#1191 = ADVANCED_FACE ( 'NONE', ( #770 ), #905, .F. ) ;
#1192 = DIRECTION ( 'NONE',  ( -0.000000000000000000, -0.000000000000000000, 1.000000000000000000 ) ) ;
#1193 = LINE ( 'NONE', #1601, #665 ) ;
#1194 = PLANE ( 'NONE',  #1549 ) ;
#1195 = AXIS2_PLACEMENT_3D ( 'NONE', #445, #991, #453 ) ;
#1196 = ORIENTED_EDGE ( 'NONE', *, *, #553, .F. ) ;
#1197 = LINE ( 'NONE', #385, #1246 ) ;
#1198 = LINE ( 'NONE', #945, #1086 ) ;
#1199 = LINE ( 'NONE', #791, #1140 ) ;
#1200 = VERTEX_POINT ( 'NONE', #510 ) ;
#1201 = ORIENTED_EDGE ( 'NONE', *, *, #591, .T. ) ;
#1202 = VECTOR ( 'NONE', #1131, 1000.000000000000000 ) ;
#1203 = EDGE_CURVE ( 'NONE', #582, #175, #1318, .T. ) ;
#1204 = DIRECTION ( 'NONE',  ( 2.523234146875361618E-15, 0.000000000000000000, -1.000000000000000000 ) ) ;
#1205 = CARTESIAN_POINT ( 'NONE',  ( 64.81348927648622293, -120.0000000000000000, -25.00000000000000711 ) ) ;
#1206 = CYLINDRICAL_SURFACE ( 'NONE', #792, 1.749999999999994671 ) ;
#1207 = AXIS2_PLACEMENT_3D ( 'NONE', #265, #1508, #940 ) ;
#1208 = PLANE ( 'NONE',  #1556 ) ;
#1209 = ORIENTED_EDGE ( 'NONE', *, *, #1563, .T. ) ;
#1210 = CARTESIAN_POINT ( 'NONE',  ( 66.50000000000000000, 19.99999999999998224, 10.00000000000000178 ) ) ;
#1211 = VERTEX_POINT ( 'NONE', #1431 ) ;
#1212 = DIRECTION ( 'NONE',  ( 0.000000000000000000, 0.000000000000000000, -1.000000000000000000 ) ) ;
#1213 = DIRECTION ( 'NONE',  ( 0.000000000000000000, 0.000000000000000000, -1.000000000000000000 ) ) ;
#1214 = EDGE_CURVE ( 'NONE', #1176, #1295, #1674, .T. ) ;
#1215 = CARTESIAN_POINT ( 'NONE',  ( 59.81348927648623004, -120.0000000000000000, 21.74999999999999645 ) ) ;
#1216 = DIRECTION ( 'NONE',  ( -0.000000000000000000, -0.000000000000000000, 1.000000000000000000 ) ) ;
#1217 = ORIENTED_EDGE ( 'NONE', *, *, #268, .T. ) ;
#1218 = DIRECTION ( 'NONE',  ( 1.000000000000000000, 0.000000000000000000, 0.000000000000000000 ) ) ;
#1219 = CARTESIAN_POINT ( 'NONE',  ( 62.56348927648619451, -124.0000000000000000, 13.24999999999999822 ) ) ;
#1220 = AXIS2_PLACEMENT_3D ( 'NONE', #1153, #857, #347 ) ;
#1221 = VECTOR ( 'NONE', #1442, 1000.000000000000000 ) ;
#1222 = CARTESIAN_POINT ( 'NONE',  ( 19.81348927648623004, -84.99999999999998579, -13.24999999999998934 ) ) ;
#1223 = APPLICATION_PROTOCOL_DEFINITION ( 'draft international standard', 'automotive_design', 1998, #1291 ) ;
#1224 = DIRECTION ( 'NONE',  ( -1.000000000000000000, 0.000000000000000000, -0.000000000000000000 ) ) ;
#1225 = ORIENTED_EDGE ( 'NONE', *, *, #538, .T. ) ;
#1226 = FACE_OUTER_BOUND ( 'NONE', #439, .T. ) ;
#1227 = AXIS2_PLACEMENT_3D ( 'NONE', #1628, #1388, #99 ) ;
#1228 = VECTOR ( 'NONE', #1241, 1000.000000000000000 ) ;
#1229 = EDGE_CURVE ( 'NONE', #1737, #180, #1199, .T. ) ;
#1230 = DIRECTION ( 'NONE',  ( -0.000000000000000000, -0.000000000000000000, 1.000000000000000000 ) ) ;
#1231 = ORIENTED_EDGE ( 'NONE', *, *, #699, .F. ) ;
#1232 = AXIS2_PLACEMENT_3D ( 'NONE', #221, #1031, #663 ) ;
#1233 = CARTESIAN_POINT ( 'NONE',  ( 61.56348927648619451, -84.99999999999998579, 13.24999999999999822 ) ) ;
#1234 = CIRCLE ( 'NONE', #454, 2.750000000000002665 ) ;
#1235 = VERTEX_POINT ( 'NONE', #1335 ) ;
#1236 = EDGE_CURVE ( 'NONE', #1676, #955, #1623, .T. ) ;
#1237 = DIRECTION ( 'NONE',  ( 1.000000000000000000, -0.000000000000000000, 0.000000000000000000 ) ) ;
#1238 = EDGE_CURVE ( 'NONE', #1341, #862, #497, .T. ) ;
#1239 = ORIENTED_EDGE ( 'NONE', *, *, #742, .T. ) ;
#1240 = EDGE_CURVE ( 'NONE', #728, #1693, #875, .T. ) ;
#1241 = DIRECTION ( 'NONE',  ( 1.000000000000000000, 0.000000000000000000, 0.000000000000000000 ) ) ;
#1242 =( NAMED_UNIT ( * ) SI_UNIT ( $, .STERADIAN. ) SOLID_ANGLE_UNIT ( ) );
#1243 = ADVANCED_FACE ( 'NONE', ( #482 ), #1149, .T. ) ;
#1244 = DIRECTION ( 'NONE',  ( -0.000000000000000000, -0.000000000000000000, 1.000000000000000000 ) ) ;
#1245 = AXIS2_PLACEMENT_3D ( 'NONE', #632, #1408, #166 ) ;
#1246 = VECTOR ( 'NONE', #951, 1000.000000000000000 ) ;
#1247 = CARTESIAN_POINT ( 'NONE',  ( 19.81348927648623359, -124.0000000000000000, -18.25000000000000711 ) ) ;
#1248 = ORIENTED_EDGE ( 'NONE', *, *, #375, .F. ) ;
#1249 = ORIENTED_EDGE ( 'NONE', *, *, #230, .T. ) ;
#1250 = EDGE_CURVE ( 'NONE', #1625, #604, #281, .T. ) ;
#1251 = CIRCLE ( 'NONE', #172, 1.749999999999994671 ) ;
#1252 = DIRECTION ( 'NONE',  ( 0.000000000000000000, 0.000000000000000000, 1.000000000000000000 ) ) ;
#1253 = AXIS2_PLACEMENT_3D ( 'NONE', #1522, #987, #1664 ) ;
#1254 = DIRECTION ( 'NONE',  ( 0.000000000000000000, -1.000000000000000000, 0.000000000000000000 ) ) ;
#1255 = CARTESIAN_POINT ( 'NONE',  ( 59.81348927648623004, -125.0000000000000000, 17.24999999999998934 ) ) ;
#1256 = ORIENTED_EDGE ( 'NONE', *, *, #1596, .T. ) ;
#1257 = VECTOR ( 'NONE', #352, 1000.000000000000000 ) ;
#1258 = ORIENTED_EDGE ( 'NONE', *, *, #721, .T. ) ;
#1259 = ORIENTED_EDGE ( 'NONE', *, *, #685, .T. ) ;
#1260 = DIRECTION ( 'NONE',  ( -0.000000000000000000, 0.000000000000000000, -1.000000000000000000 ) ) ;
#1261 = ORIENTED_EDGE ( 'NONE', *, *, #1180, .F. ) ;
#1262 = VERTEX_POINT ( 'NONE', #198 ) ;
#1263 = DIRECTION ( 'NONE',  ( -0.000000000000000000, -0.000000000000000000, 1.000000000000000000 ) ) ;
#1264 = CARTESIAN_POINT ( 'NONE',  ( 65.05000000000001137, 19.99999999999998224, 9.674999999999998934 ) ) ;
#1265 = AXIS2_PLACEMENT_3D ( 'NONE', #1170, #1756, #226 ) ;
#1266 = ORIENTED_EDGE ( 'NONE', *, *, #219, .F. ) ;
#1267 = DIRECTION ( 'NONE',  ( 0.000000000000000000, -1.000000000000000000, 0.000000000000000000 ) ) ;
#1268 = AXIS2_PLACEMENT_3D ( 'NONE', #652, #40, #1616 ) ;
#1269 = TOROIDAL_SURFACE ( 'NONE', #730, 2.749999999999994671, 1.000000000000000000 ) ;
#1270 = LINE ( 'NONE', #849, #506 ) ;
#1271 = DIRECTION ( 'NONE',  ( 1.000000000000000000, 1.756682000989171735E-16, 0.000000000000000000 ) ) ;
#1272 = CARTESIAN_POINT ( 'NONE',  ( 58.06348927648620162, -84.99999999999998579, -13.24999999999999822 ) ) ;
#1273 = ORIENTED_EDGE ( 'NONE', *, *, #846, .F. ) ;
#1274 = ORIENTED_EDGE ( 'NONE', *, *, #543, .T. ) ;
#1275 = ORIENTED_EDGE ( 'NONE', *, *, #777, .F. ) ;
#1276 = VECTOR ( 'NONE', #1811, 1000.000000000000000 ) ;
#1277 = DIRECTION ( 'NONE',  ( 0.000000000000000000, 0.000000000000000000, -1.000000000000000000 ) ) ;
#1278 = CARTESIAN_POINT ( 'NONE',  ( 59.81348927648620162, -125.0000000000000000, -17.24999999999998934 ) ) ;
#1279 = CARTESIAN_POINT ( 'NONE',  ( 19.81348927648623004, -124.0000000000000000, -13.24999999999998934 ) ) ;
#1280 = PLANE ( 'NONE',  #937 ) ;
#1281 = CARTESIAN_POINT ( 'NONE',  ( 19.81348927648623004, -124.0000000000000000, 21.74999999999999645 ) ) ;
#1282 = ORIENTED_EDGE ( 'NONE', *, *, #190, .F. ) ;
#1283 = AXIS2_PLACEMENT_3D ( 'NONE', #827, #1260, #1379 ) ;
#1284 = EDGE_CURVE ( 'NONE', #368, #1548, #757, .T. ) ;
#1285 = DIRECTION ( 'NONE',  ( -0.000000000000000000, -1.000000000000000000, -0.000000000000000000 ) ) ;
#1286 = DIRECTION ( 'NONE',  ( -0.000000000000000000, -0.000000000000000000, -1.000000000000000000 ) ) ;
#1287 = CARTESIAN_POINT ( 'NONE',  ( 58.06348927648620162, -84.99999999999998579, 13.24999999999999822 ) ) ;
#1288 = LINE ( 'NONE', #1135, #199 ) ;
#1289 = CARTESIAN_POINT ( 'NONE',  ( 65.05000000000001137, 19.99999999999998224, 10.00000000000000000 ) ) ;
#1290 = EDGE_CURVE ( 'NONE', #838, #1336, #1629, .T. ) ;
#1291 = APPLICATION_CONTEXT ( 'automotive_design' ) ;
#1292 = CARTESIAN_POINT ( 'NONE',  ( 0.000000000000000000, -125.0000000000000000, 22.74999999999999645 ) ) ;
#1293 = ORIENTED_EDGE ( 'NONE', *, *, #1406, .T. ) ;
#1294 = CYLINDRICAL_SURFACE ( 'NONE', #1727, 1.449999999999993072 ) ;
#1295 = VERTEX_POINT ( 'NONE', #1633 ) ;
#1296 = AXIS2_PLACEMENT_3D ( 'NONE', #1710, #1015, #1443 ) ;
#1297 = ORIENTED_EDGE ( 'NONE', *, *, #1383, .F. ) ;
#1298 = LINE ( 'NONE', #753, #1353 ) ;
#1299 = DIRECTION ( 'NONE',  ( -0.000000000000000000, -0.000000000000000000, 1.000000000000000000 ) ) ;
#1300 = CARTESIAN_POINT ( 'NONE',  ( 79.00000000000000000, 15.00000000000000000, -10.00000000000000000 ) ) ;
#1301 = LINE ( 'NONE', #1272, #1314 ) ;
#1302 = CARTESIAN_POINT ( 'NONE',  ( 64.81348927648622293, -125.0000000000000000, 24.99999999999999289 ) ) ;
#1303 = CIRCLE ( 'NONE', #706, 7.701725444404988075 ) ;
#1304 = EDGE_LOOP ( 'NONE', ( #785, #182, #1692, #876 ) ) ;
#1305 = DIRECTION ( 'NONE',  ( 1.309225264888156623E-16, 0.000000000000000000, -1.000000000000000000 ) ) ;
#1306 = ORIENTED_EDGE ( 'NONE', *, *, #8, .T. ) ;
#1307 = ORIENTED_EDGE ( 'NONE', *, *, #1781, .T. ) ;
#1308 = ADVANCED_FACE ( 'NONE', ( #828 ), #36, .F. ) ;
#1309 = DIRECTION ( 'NONE',  ( -0.000000000000000000, -1.000000000000000000, -0.000000000000000000 ) ) ;
#1310 = AXIS2_PLACEMENT_3D ( 'NONE', #129, #1355, #1794 ) ;
#1311 = DIRECTION ( 'NONE',  ( 0.000000000000000000, 0.000000000000000000, -1.000000000000000000 ) ) ;
#1312 = CYLINDRICAL_SURFACE ( 'NONE', #210, 7.701725444404988075 ) ;
#1313 = EDGE_CURVE ( 'NONE', #539, #1509, #682, .T. ) ;
#1314 = VECTOR ( 'NONE', #312, 1000.000000000000000 ) ;
#1315 = DIRECTION ( 'NONE',  ( 0.000000000000000000, 0.000000000000000000, -1.000000000000000000 ) ) ;
#1316 = CARTESIAN_POINT ( 'NONE',  ( 59.81348927648623004, -124.0000000000000000, 17.24999999999998934 ) ) ;
#1317 = DIRECTION ( 'NONE',  ( 0.000000000000000000, -1.000000000000000000, 0.000000000000000000 ) ) ;
#1318 = LINE ( 'NONE', #1056, #112 ) ;
#1319 = ORIENTED_EDGE ( 'NONE', *, *, #1088, .F. ) ;
#1320 = EDGE_LOOP ( 'NONE', ( #1785, #667, #280, #1108 ) ) ;
#1321 = CIRCLE ( 'NONE', #290, 1.749999999999994671 ) ;
#1322 = PLANE ( 'NONE',  #451 ) ;
#1323 = FACE_OUTER_BOUND ( 'NONE', #1809, .T. ) ;
#1324 = DIRECTION ( 'NONE',  ( 0.000000000000000000, 0.000000000000000000, 1.000000000000000000 ) ) ;
#1325 = DIRECTION ( 'NONE',  ( 0.000000000000000000, -1.000000000000000000, 0.000000000000000000 ) ) ;
#1326 = DIRECTION ( 'NONE',  ( 0.000000000000000000, 1.000000000000000000, 0.000000000000000000 ) ) ;
#1327 = DIRECTION ( 'NONE',  ( 0.000000000000000000, 0.000000000000000000, -1.000000000000000000 ) ) ;
#1328 = ORIENTED_EDGE ( 'NONE', *, *, #885, .T. ) ;
#1329 = EDGE_LOOP ( 'NONE', ( #294, #1635, #1624, #920 ) ) ;
#1330 = CARTESIAN_POINT ( 'NONE',  ( 0.000000000000000000, 29.99999999999998579, 10.00000000000000000 ) ) ;
#1331 = DIRECTION ( 'NONE',  ( -0.000000000000000000, -0.000000000000000000, 1.000000000000000000 ) ) ;
#1332 = PRESENTATION_STYLE_ASSIGNMENT (( #1382 ) ) ;
#1333 = AXIS2_PLACEMENT_3D ( 'NONE', #865, #1299, #1420 ) ;
#1334 = ORIENTED_EDGE ( 'NONE', *, *, #1203, .T. ) ;
#1335 = CARTESIAN_POINT ( 'NONE',  ( 79.00000000000000000, 30.00000000000000000, 0.000000000000000000 ) ) ;
#1336 = VERTEX_POINT ( 'NONE', #284 ) ;
#1337 = PRESENTATION_LAYER_ASSIGNMENT (  '', '', ( #7 ) ) ;
#1338 = DIRECTION ( 'NONE',  ( 0.000000000000000000, 0.000000000000000000, -1.000000000000000000 ) ) ;
#1339 = ORIENTED_EDGE ( 'NONE', *, *, #824, .T. ) ;
#1340 = EDGE_CURVE ( 'NONE', #424, #941, #136, .T. ) ;
#1341 = VERTEX_POINT ( 'NONE', #803 ) ;
#1342 = AXIS2_PLACEMENT_3D ( 'NONE', #262, #1651, #1534 ) ;
#1343 = CARTESIAN_POINT ( 'NONE',  ( 0.000000000000000000, 29.99999999999998579, 10.00000000000000000 ) ) ;
#1344 = CARTESIAN_POINT ( 'NONE',  ( 14.81348927648622826, -125.0000000000000000, 24.99999999999999289 ) ) ;
#1345 = ADVANCED_FACE ( 'NONE', ( #1380 ), #1208, .F. ) ;
#1346 = CIRCLE ( 'NONE', #967, 1.000000000000000888 ) ;
#1347 = FACE_BOUND ( 'NONE', #709, .T. ) ;
#1348 = CARTESIAN_POINT ( 'NONE',  ( 14.81348927648622826, -120.0000000000000000, 24.99999999999999289 ) ) ;
#1349 = VERTEX_POINT ( 'NONE', #1800 ) ;
#1350 = CARTESIAN_POINT ( 'NONE',  ( 14.81348927648622826, -120.0000000000000000, 24.99999999999999289 ) ) ;
#1351 = DIRECTION ( 'NONE',  ( -1.000000000000000000, -1.756682000989171735E-16, 0.000000000000000000 ) ) ;
#1352 = DIRECTION ( 'NONE',  ( -0.000000000000000000, -0.000000000000000000, 1.000000000000000000 ) ) ;
#1353 = VECTOR ( 'NONE', #23, 1000.000000000000000 ) ;
#1354 = FACE_OUTER_BOUND ( 'NONE', #236, .T. ) ;
#1355 = DIRECTION ( 'NONE',  ( -0.000000000000000000, -0.000000000000000000, 1.000000000000000000 ) ) ;
#1356 = ORIENTED_EDGE ( 'NONE', *, *, #589, .T. ) ;
#1357 = EDGE_CURVE ( 'NONE', #340, #729, #260, .T. ) ;
#1358 = EDGE_CURVE ( 'NONE', #243, #1748, #1117, .T. ) ;
#1359 = ORIENTED_EDGE ( 'NONE', *, *, #542, .F. ) ;
#1360 = ADVANCED_FACE ( 'NONE', ( #406 ), #304, .T. ) ;
#1361 = TOROIDAL_SURFACE ( 'NONE', #1575, 2.749999999999994671, 1.000000000000000000 ) ;
#1362 = CARTESIAN_POINT ( 'NONE',  ( 19.81348927648622649, -124.0000000000000000, 17.24999999999998934 ) ) ;
#1363 = VERTEX_POINT ( 'NONE', #1640 ) ;
#1364 = CARTESIAN_POINT ( 'NONE',  ( 79.00000000000000000, 30.00000000000000000, 10.00000000000000000 ) ) ;
#1365 = VECTOR ( 'NONE', #1213, 1000.000000000000000 ) ;
#1366 = EDGE_CURVE ( 'NONE', #983, #1044, #1102, .T. ) ;
#1367 = VECTOR ( 'NONE', #1808, 1000.000000000000000 ) ;
#1368 = EDGE_CURVE ( 'NONE', #804, #1676, #417, .T. ) ;
#1369 = EDGE_CURVE ( 'NONE', #1160, #325, #1590, .T. ) ;
#1370 = FACE_BOUND ( 'NONE', #814, .T. ) ;
#1371 = DIRECTION ( 'NONE',  ( 1.000000000000000000, 0.000000000000000000, 3.469446951953617147E-16 ) ) ;
#1372 = ORIENTED_EDGE ( 'NONE', *, *, #609, .T. ) ;
#1373 = CIRCLE ( 'NONE', #1095, 1.000000000000000888 ) ;
#1374 = DIRECTION ( 'NONE',  ( 0.000000000000000000, 0.000000000000000000, -1.000000000000000000 ) ) ;
#1375 = AXIS2_PLACEMENT_3D ( 'NONE', #213, #475, #1008 ) ;
#1376 = CARTESIAN_POINT ( 'NONE',  ( 59.81348927648623004, -124.0000000000000000, 19.99999999999999289 ) ) ;
#1377 = EDGE_CURVE ( 'NONE', #941, #1679, #998, .T. ) ;
#1378 = ORIENTED_EDGE ( 'NONE', *, *, #97, .F. ) ;
#1379 = DIRECTION ( 'NONE',  ( -1.000000000000000000, 0.000000000000000000, 0.000000000000000000 ) ) ;
#1380 = FACE_OUTER_BOUND ( 'NONE', #562, .T. ) ;
#1381 = ORIENTED_EDGE ( 'NONE', *, *, #1120, .F. ) ;
#1382 = SURFACE_STYLE_USAGE ( .BOTH. , #1569 ) ;
#1383 = EDGE_CURVE ( 'NONE', #442, #1211, #1427, .T. ) ;
#1384 = PRODUCT ( 'maixcam\X2\652f67b6\X0\', 'maixcam\X2\652f67b6\X0\', '', ( #546 ) ) ;
#1385 = EDGE_CURVE ( 'NONE', #164, #761, #10, .T. ) ;
#1386 = DIRECTION ( 'NONE',  ( 0.000000000000000000, 0.000000000000000000, -1.000000000000000000 ) ) ;
#1387 = CONICAL_SURFACE ( 'NONE', #1333, 1.775000000000000577, 0.7853981633974456145 ) ;
#1388 = DIRECTION ( 'NONE',  ( -0.000000000000000000, 1.000000000000000000, -0.000000000000000000 ) ) ;
#1389 = ORIENTED_EDGE ( 'NONE', *, *, #724, .F. ) ;
#1390 = ORIENTED_EDGE ( 'NONE', *, *, #1358, .T. ) ;
#1391 = ADVANCED_FACE ( 'NONE', ( #1788 ), #1479, .F. ) ;
#1392 = ORIENTED_EDGE ( 'NONE', *, *, #1154, .T. ) ;
#1393 =( GEOMETRIC_REPRESENTATION_CONTEXT ( 3 ) GLOBAL_UNCERTAINTY_ASSIGNED_CONTEXT ( ( #660 ) ) GLOBAL_UNIT_ASSIGNED_CONTEXT ( ( #1501, #145, #1242 ) ) REPRESENTATION_CONTEXT ( 'NONE', 'WORKASPACE' ) );
#1394 = DIRECTION ( 'NONE',  ( 0.000000000000000000, -1.000000000000000000, 0.000000000000000000 ) ) ;
#1395 = DIRECTION ( 'NONE',  ( 5.204170427930416550E-15, 5.204170427930416550E-15, 1.000000000000000000 ) ) ;
#1396 = DIRECTION ( 'NONE',  ( 0.000000000000000000, 0.000000000000000000, -1.000000000000000000 ) ) ;
#1397 = ORIENTED_EDGE ( 'NONE', *, *, #1476, .T. ) ;
#1398 = CIRCLE ( 'NONE', #426, 1.750000000000001554 ) ;
#1399 = VERTEX_POINT ( 'NONE', #1778 ) ;
#1400 = AXIS2_PLACEMENT_3D ( 'NONE', #363, #765, #1311 ) ;
#1401 = ORIENTED_EDGE ( 'NONE', *, *, #410, .T. ) ;
#1402 = DIRECTION ( 'NONE',  ( 1.309225264888156623E-16, -0.000000000000000000, -1.000000000000000000 ) ) ;
#1403 = EDGE_LOOP ( 'NONE', ( #639, #1297, #1595, #847 ) ) ;
#1404 = ORIENTED_EDGE ( 'NONE', *, *, #1186, .T. ) ;
#1405 = EDGE_CURVE ( 'NONE', #1211, #761, #369, .T. ) ;
#1406 = EDGE_CURVE ( 'NONE', #941, #934, #1082, .T. ) ;
#1407 = DIRECTION ( 'NONE',  ( 0.000000000000000000, 0.000000000000000000, -1.000000000000000000 ) ) ;
#1408 = DIRECTION ( 'NONE',  ( -0.000000000000000000, -0.000000000000000000, 1.000000000000000000 ) ) ;
#1409 = CARTESIAN_POINT ( 'NONE',  ( 19.81348927648623359, -125.0000000000000000, 19.99999999999999289 ) ) ;
#1410 = CIRCLE ( 'NONE', #900, 1.749999999999994671 ) ;
#1411 = ORIENTED_EDGE ( 'NONE', *, *, #751, .F. ) ;
#1412 = CIRCLE ( 'NONE', #470, 1.000000000000000888 ) ;
#1413 =( GEOMETRIC_REPRESENTATION_CONTEXT ( 3 ) GLOBAL_UNCERTAINTY_ASSIGNED_CONTEXT ( ( #1043 ) ) GLOBAL_UNIT_ASSIGNED_CONTEXT ( ( #656, #259, #808 ) ) REPRESENTATION_CONTEXT ( 'NONE', 'WORKASPACE' ) );
#1414 = ADVANCED_FACE ( 'NONE', ( #1627 ), #1489, .F. ) ;
#1415 = LINE ( 'NONE', #489, #1772 ) ;
#1416 = CARTESIAN_POINT ( 'NONE',  ( 19.81348927648623004, -124.0000000000000000, -13.24999999999998934 ) ) ;
#1417 = AXIS2_PLACEMENT_3D ( 'NONE', #707, #578, #1396 ) ;
#1418 = ORIENTED_EDGE ( 'NONE', *, *, #1358, .F. ) ;
#1419 = AXIS2_PLACEMENT_3D ( 'NONE', #596, #459, #1005 ) ;
#1420 = DIRECTION ( 'NONE',  ( 1.000000000000000000, 0.000000000000000000, 0.000000000000000000 ) ) ;
#1421 = DIRECTION ( 'NONE',  ( 1.000000000000000000, 0.000000000000000000, 0.000000000000000000 ) ) ;
#1422 = LINE ( 'NONE', #902, #469 ) ;
#1423 = CARTESIAN_POINT ( 'NONE',  ( 14.27500000000000391, 19.99999999999998224, 10.00000000000000178 ) ) ;
#1424 = ORIENTED_EDGE ( 'NONE', *, *, #1061, .F. ) ;
#1425 = EDGE_CURVE ( 'NONE', #1349, #155, #1398, .T. ) ;
#1426 = ORIENTED_EDGE ( 'NONE', *, *, #867, .F. ) ;
#1427 = CIRCLE ( 'NONE', #806, 2.749999999999993783 ) ;
#1428 = ORIENTED_EDGE ( 'NONE', *, *, #253, .T. ) ;
#1429 = LINE ( 'NONE', #462, #1491 ) ;
#1430 = FACE_OUTER_BOUND ( 'NONE', #130, .T. ) ;
#1431 = CARTESIAN_POINT ( 'NONE',  ( 59.81348927648620872, -125.0000000000000000, -15.99999999999998224 ) ) ;
#1432 = ORIENTED_EDGE ( 'NONE', *, *, #1180, .T. ) ;
#1433 = CIRCLE ( 'NONE', #854, 1.449999999999993072 ) ;
#1434 = CYLINDRICAL_SURFACE ( 'NONE', #1582, 1.750000000000001554 ) ;
#1435 = ADVANCED_FACE ( 'NONE', ( #914 ), #925, .T. ) ;
#1436 = EDGE_LOOP ( 'NONE', ( #476, #107 ) ) ;
#1437 = EDGE_LOOP ( 'NONE', ( #314, #342, #782, #1359 ) ) ;
#1438 = DIRECTION ( 'NONE',  ( 0.000000000000000000, 0.000000000000000000, -1.000000000000000000 ) ) ;
#1439 = EDGE_LOOP ( 'NONE', ( #391, #1767, #1073, #169 ) ) ;
#1440 = DIRECTION ( 'NONE',  ( 0.000000000000000000, 0.000000000000000000, -1.000000000000000000 ) ) ;
#1441 = ORIENTED_EDGE ( 'NONE', *, *, #1708, .T. ) ;
#1442 = DIRECTION ( 'NONE',  ( 1.000000000000000000, -0.000000000000000000, 3.469446951953617147E-16 ) ) ;
#1443 = DIRECTION ( 'NONE',  ( 1.000000000000000000, 0.000000000000000000, 0.000000000000000000 ) ) ;
#1444 = DIRECTION ( 'NONE',  ( -0.000000000000000000, 1.000000000000000000, -0.000000000000000000 ) ) ;
#1445 = DIRECTION ( 'NONE',  ( -1.000000000000000000, 0.000000000000000000, 0.000000000000000000 ) ) ;
#1446 = DIRECTION ( 'NONE',  ( 0.000000000000000000, 0.000000000000000000, -1.000000000000000000 ) ) ;
#1447 = EDGE_LOOP ( 'NONE', ( #1797, #812, #232, #829 ) ) ;
#1448 = CIRCLE ( 'NONE', #599, 2.750000000000002665 ) ;
#1449 = CARTESIAN_POINT ( 'NONE',  ( 18.06348927648623715, -120.0000000000000000, 2.364917653281207581E-15 ) ) ;
#1450 = EDGE_LOOP ( 'NONE', ( #1139, #324, #159, #1057 ) ) ;
#1451 = VECTOR ( 'NONE', #42, 1000.000000000000000 ) ;
#1452 = EDGE_LOOP ( 'NONE', ( #1599, #1461 ) ) ;
#1453 = DIRECTION ( 'NONE',  ( -1.000000000000000000, -0.000000000000000000, -0.000000000000000000 ) ) ;
#1454 = DIRECTION ( 'NONE',  ( 0.000000000000000000, 0.000000000000000000, -1.000000000000000000 ) ) ;
#1455 = CYLINDRICAL_SURFACE ( 'NONE', #2, 1.000000000000000888 ) ;
#1456 = AXIS2_PLACEMENT_3D ( 'NONE', #833, #1539, #293 ) ;
#1457 = DIRECTION ( 'NONE',  ( 0.000000000000000000, 5.204170427930416550E-15, 1.000000000000000000 ) ) ;
#1458 = DIRECTION ( 'NONE',  ( 0.000000000000000000, 0.000000000000000000, 1.000000000000000000 ) ) ;
#1459 = DIRECTION ( 'NONE',  ( 0.000000000000000000, 0.000000000000000000, 1.000000000000000000 ) ) ;
#1460 = AXIS2_PLACEMENT_3D ( 'NONE', #716, #1263, #317 ) ;
#1461 = ORIENTED_EDGE ( 'NONE', *, *, #1369, .F. ) ;
#1462 = DIRECTION ( 'NONE',  ( 0.000000000000000000, 0.000000000000000000, -1.000000000000000000 ) ) ;
#1463 = PRODUCT_DEFINITION_CONTEXT ( 'detailed design', #1092, 'design' ) ;
#1464 = ORIENTED_EDGE ( 'NONE', *, *, #334, .F. ) ;
#1465 = ORIENTED_EDGE ( 'NONE', *, *, #1088, .T. ) ;
#1466 = DIRECTION ( 'NONE',  ( 0.000000000000000000, 1.000000000000000000, 5.204170427930416550E-15 ) ) ;
#1467 = LINE ( 'NONE', #1344, #362 ) ;
#1468 = AXIS2_PLACEMENT_3D ( 'NONE', #501, #110, #671 ) ;
#1469 = CARTESIAN_POINT ( 'NONE',  ( 64.72500000000000853, 19.99999999999998224, 10.00000000000000178 ) ) ;
#1470 = VECTOR ( 'NONE', #613, 1000.000000000000000 ) ;
#1471 = DIRECTION ( 'NONE',  ( 0.000000000000000000, 0.000000000000000000, -1.000000000000000000 ) ) ;
#1472 = CARTESIAN_POINT ( 'NONE',  ( 19.81348927648623004, -125.0000000000000000, 17.24999999999998934 ) ) ;
#1473 = DIRECTION ( 'NONE',  ( 0.000000000000000000, -1.000000000000000000, 0.000000000000000000 ) ) ;
#1474 = DIRECTION ( 'NONE',  ( 0.7071067811865512365, 0.000000000000000000, 0.7071067811865439090 ) ) ;
#1475 = ORIENTED_EDGE ( 'NONE', *, *, #842, .T. ) ;
#1476 = EDGE_CURVE ( 'NONE', #390, #1658, #1502, .T. ) ;
#1477 = EDGE_LOOP ( 'NONE', ( #441, #486, #1577, #1576 ) ) ;
#1478 = ORIENTED_EDGE ( 'NONE', *, *, #1476, .F. ) ;
#1479 = PLANE ( 'NONE',  #733 ) ;
#1480 = CARTESIAN_POINT ( 'NONE',  ( 21.56348927648622293, -120.0000000000000000, 13.24999999999999822 ) ) ;
#1481 = DIRECTION ( 'NONE',  ( 0.000000000000000000, 0.000000000000000000, -1.000000000000000000 ) ) ;
#1482 = ORIENTED_EDGE ( 'NONE', *, *, #567, .T. ) ;
#1483 = CARTESIAN_POINT ( 'NONE',  ( 62.56348927648619451, -125.0000000000000000, -13.25000000000000355 ) ) ;
#1484 = CARTESIAN_POINT ( 'NONE',  ( 10.72500000000000320, 19.99999999999998224, 10.00000000000000178 ) ) ;
#1485 = DIRECTION ( 'NONE',  ( 1.000000000000000000, 0.000000000000000000, 5.204170427930416550E-15 ) ) ;
#1486 = DIRECTION ( 'NONE',  ( 0.000000000000000000, -1.000000000000000000, 0.000000000000000000 ) ) ;
#1487 = EDGE_LOOP ( 'NONE', ( #986, #1598, #1042, #1339 ) ) ;
#1488 = VERTEX_POINT ( 'NONE', #532 ) ;
#1489 = CYLINDRICAL_SURFACE ( 'NONE', #1804, 1.749999999999994671 ) ;
#1490 = LINE ( 'NONE', #1766, #1365 ) ;
#1491 = VECTOR ( 'NONE', #1744, 1000.000000000000000 ) ;
#1492 = VECTOR ( 'NONE', #1770, 1000.000000000000000 ) ;
#1493 = DIRECTION ( 'NONE',  ( -1.000000000000000000, 0.000000000000000000, 3.469446951953610639E-15 ) ) ;
#1494 = LINE ( 'NONE', #248, #794 ) ;
#1495 = CARTESIAN_POINT ( 'NONE',  ( 17.06348927648623359, -124.0000000000000000, 13.25000000000000355 ) ) ;
#1496 = VERTEX_POINT ( 'NONE', #118 ) ;
#1497 = LINE ( 'NONE', #548, #960 ) ;
#1498 = ADVANCED_FACE ( 'NONE', ( #234 ), #1046, .F. ) ;
#1499 = CARTESIAN_POINT ( 'NONE',  ( 59.81348927648620872, -125.0000000000000000, -13.24999999999998934 ) ) ;
#1500 = DIRECTION ( 'NONE',  ( 1.000000000000000000, 0.000000000000000000, 0.000000000000000000 ) ) ;
#1501 =( LENGTH_UNIT ( ) NAMED_UNIT ( * ) SI_UNIT ( .MILLI., .METRE. ) );
#1502 = CIRCLE ( 'NONE', #669, 1.449999999999998179 ) ;
#1503 = ADVANCED_FACE ( 'NONE', ( #807 ), #1322, .T. ) ;
#1504 = CYLINDRICAL_SURFACE ( 'NONE', #1051, 1.749999999999994671 ) ;
#1505 = VECTOR ( 'NONE', #634, 1000.000000000000000 ) ;
#1506 = EDGE_CURVE ( 'NONE', #165, #647, #786, .T. ) ;
#1507 = DIRECTION ( 'NONE',  ( -1.309225264888156623E-16, 0.000000000000000000, 1.000000000000000000 ) ) ;
#1508 = DIRECTION ( 'NONE',  ( 0.000000000000000000, -1.000000000000000000, 0.000000000000000000 ) ) ;
#1509 = VERTEX_POINT ( 'NONE', #1750 ) ;
#1510 = ADVANCED_FACE ( 'NONE', ( #1644 ), #383, .F. ) ;
#1511 = LINE ( 'NONE', #948, #1110 ) ;
#1512 = ORIENTED_EDGE ( 'NONE', *, *, #92, .F. ) ;
#1513 = CARTESIAN_POINT ( 'NONE',  ( 58.06348927648620162, -120.0000000000000000, -13.24999999999999822 ) ) ;
#1514 = DIRECTION ( 'NONE',  ( 0.000000000000000000, 0.000000000000000000, -1.000000000000000000 ) ) ;
#1515 = ORIENTED_EDGE ( 'NONE', *, *, #1058, .T. ) ;
#1516 = ADVANCED_FACE ( 'NONE', ( #680 ), #1614, .T. ) ;
#1517 = FACE_OUTER_BOUND ( 'NONE', #1320, .T. ) ;
#1518 = EDGE_CURVE ( 'NONE', #924, #1612, #220, .T. ) ;
#1519 = ADVANCED_FACE ( 'NONE', ( #75 ), #642, .F. ) ;
#1520 = CIRCLE ( 'NONE', #540, 2.749999999999993783 ) ;
#1521 = CIRCLE ( 'NONE', #957, 1.000000000000000888 ) ;
#1522 = CARTESIAN_POINT ( 'NONE',  ( 59.81348927648620872, -124.0000000000000000, -15.99999999999998224 ) ) ;
#1523 = EDGE_CURVE ( 'NONE', #12, #254, #1181, .T. ) ;
#1524 = ORIENTED_EDGE ( 'NONE', *, *, #1284, .T. ) ;
#1525 = CARTESIAN_POINT ( 'NONE',  ( 79.00000000000000000, 15.00000000000000000, 0.000000000000000000 ) ) ;
#1526 = CIRCLE ( 'NONE', #727, 1.750000000000001554 ) ;
#1527 = AXIS2_PLACEMENT_3D ( 'NONE', #124, #684, #422 ) ;
#1528 = VECTOR ( 'NONE', #874, 1000.000000000000000 ) ;
#1529 = CYLINDRICAL_SURFACE ( 'NONE', #251, 7.701725444404988075 ) ;
#1530 = ADVANCED_FACE ( 'NONE', ( #346 ), #898, .T. ) ;
#1531 = CARTESIAN_POINT ( 'NONE',  ( 12.50000000000000355, 19.99999999999998224, 10.00000000000000178 ) ) ;
#1532 = ORIENTED_EDGE ( 'NONE', *, *, #224, .F. ) ;
#1533 = AXIS2_PLACEMENT_3D ( 'NONE', #138, #561, #1094 ) ;
#1534 = DIRECTION ( 'NONE',  ( -1.000000000000000000, 0.000000000000000000, -0.000000000000000000 ) ) ;
#1535 = CARTESIAN_POINT ( 'NONE',  ( 14.81348927648622826, -125.0000000000000000, 24.99999999999999289 ) ) ;
#1536 = EDGE_LOOP ( 'NONE', ( #1404, #1465, #46, #35, #586 ) ) ;
#1537 = CARTESIAN_POINT ( 'NONE',  ( 61.56348927648619451, -84.99999999999998579, 13.24999999999999822 ) ) ;
#1538 = ADVANCED_FACE ( 'NONE', ( #208, #1617 ), #60, .F. ) ;
#1539 = DIRECTION ( 'NONE',  ( -0.000000000000000000, -1.000000000000000000, -0.000000000000000000 ) ) ;
#1540 = ORIENTED_EDGE ( 'NONE', *, *, #687, .T. ) ;
#1541 = EDGE_LOOP ( 'NONE', ( #1275, #580, #300, #1777 ) ) ;
#1542 = ORIENTED_EDGE ( 'NONE', *, *, #400, .T. ) ;
#1543 = CARTESIAN_POINT ( 'NONE',  ( 11.05000000000000426, 19.99999999999998224, 10.00000000000000000 ) ) ;
#1544 = AXIS2_PLACEMENT_3D ( 'NONE', #455, #1457, #768 ) ;
#1545 = DIRECTION ( 'NONE',  ( 0.000000000000000000, 0.000000000000000000, -1.000000000000000000 ) ) ;
#1546 = ORIENTED_EDGE ( 'NONE', *, *, #990, .F. ) ;
#1547 = VECTOR ( 'NONE', #1305, 1000.000000000000000 ) ;
#1548 = VERTEX_POINT ( 'NONE', #1740 ) ;
#1549 = AXIS2_PLACEMENT_3D ( 'NONE', #1535, #384, #5 ) ;
#1550 = DIRECTION ( 'NONE',  ( 0.000000000000000000, 0.000000000000000000, -1.000000000000000000 ) ) ;
#1551 = AXIS2_PLACEMENT_3D ( 'NONE', #18, #552, #1550 ) ;
#1552 = EDGE_CURVE ( 'NONE', #1045, #614, #601, .T. ) ;
#1553 = CYLINDRICAL_SURFACE ( 'NONE', #1663, 1.750000000000001554 ) ;
#1554 = PRODUCT_RELATED_PRODUCT_CATEGORY ( 'part', '', ( #1384 ) ) ;
#1555 = ORIENTED_EDGE ( 'NONE', *, *, #1290, .F. ) ;
#1556 = AXIS2_PLACEMENT_3D ( 'NONE', #1079, #1661, #1224 ) ;
#1557 = ORIENTED_EDGE ( 'NONE', *, *, #911, .F. ) ;
#1558 = EDGE_CURVE ( 'NONE', #1605, #56, #72, .T. ) ;
#1559 = CIRCLE ( 'NONE', #772, 2.749999999999993783 ) ;
#1560 = DIRECTION ( 'NONE',  ( -0.000000000000000000, 1.000000000000000000, -0.000000000000000000 ) ) ;
#1561 = LINE ( 'NONE', #859, #443 ) ;
#1562 = DIRECTION ( 'NONE',  ( -0.000000000000000000, -0.000000000000000000, 1.000000000000000000 ) ) ;
#1563 = EDGE_CURVE ( 'NONE', #1029, #325, #1172, .T. ) ;
#1564 = ORIENTED_EDGE ( 'NONE', *, *, #119, .F. ) ;
#1565 = ORIENTED_EDGE ( 'NONE', *, *, #1009, .T. ) ;
#1566 = EDGE_CURVE ( 'NONE', #1658, #390, #158, .T. ) ;
#1567 = ORIENTED_EDGE ( 'NONE', *, *, #268, .F. ) ;
#1568 = EDGE_CURVE ( 'NONE', #1548, #955, #1001, .T. ) ;
#1569 = SURFACE_SIDE_STYLE ('',( #1004 ) ) ;
#1570 = FACE_OUTER_BOUND ( 'NONE', #1020, .T. ) ;
#1571 = LINE ( 'NONE', #1278, #1221 ) ;
#1572 = DIRECTION ( 'NONE',  ( 5.204170427930452838E-15, 0.000000000000000000, -1.000000000000000000 ) ) ;
#1573 = EDGE_CURVE ( 'NONE', #1496, #1295, #184, .T. ) ;
#1574 = DIRECTION ( 'NONE',  ( -0.000000000000000000, -1.000000000000000000, -0.000000000000000000 ) ) ;
#1575 = AXIS2_PLACEMENT_3D ( 'NONE', #1279, #43, #1471 ) ;
#1576 = ORIENTED_EDGE ( 'NONE', *, *, #527, .F. ) ;
#1577 = ORIENTED_EDGE ( 'NONE', *, *, #742, .F. ) ;
#1578 = VECTOR ( 'NONE', #536, 1000.000000000000000 ) ;
#1579 = CIRCLE ( 'NONE', #722, 1.749999999999994671 ) ;
#1580 = FILL_AREA_STYLE_COLOUR ( '', #799 ) ;
#1581 = CARTESIAN_POINT ( 'NONE',  ( 18.06348927648623359, -120.0000000000000000, 13.24999999999999822 ) ) ;
#1582 = AXIS2_PLACEMENT_3D ( 'NONE', #668, #783, #1611 ) ;
#1583 = CARTESIAN_POINT ( 'NONE',  ( 0.000000000000000000, 29.99999999999998579, 10.00000000000000000 ) ) ;
#1584 = FACE_BOUND ( 'NONE', #1452, .T. ) ;
#1585 = DIRECTION ( 'NONE',  ( -1.309225264888156623E-16, 0.000000000000000000, 1.000000000000000000 ) ) ;
#1586 = EDGE_CURVE ( 'NONE', #1734, #12, #1017, .T. ) ;
#1587 = DIRECTION ( 'NONE',  ( -0.000000000000000000, -1.000000000000000000, -0.000000000000000000 ) ) ;
#1588 = CARTESIAN_POINT ( 'NONE',  ( 64.81348927648622293, -120.0000000000000000, 24.99999999999999289 ) ) ;
#1589 = ORIENTED_EDGE ( 'NONE', *, *, #922, .F. ) ;
#1590 = CIRCLE ( 'NONE', #398, 1.775000000000000577 ) ;
#1591 = FACE_OUTER_BOUND ( 'NONE', #1636, .T. ) ;
#1592 = LINE ( 'NONE', #1171, #1647 ) ;
#1593 = CARTESIAN_POINT ( 'NONE',  ( 59.81348927648623004, -124.0000000000000000, 18.24999999999999289 ) ) ;
#1594 = CARTESIAN_POINT ( 'NONE',  ( 19.81348927648623004, -125.0000000000000000, -15.99999999999998224 ) ) ;
#1595 = ORIENTED_EDGE ( 'NONE', *, *, #92, .T. ) ;
#1596 = EDGE_CURVE ( 'NONE', #325, #1160, #306, .T. ) ;
#1597 = DIRECTION ( 'NONE',  ( 0.000000000000000000, -1.000000000000000000, 0.000000000000000000 ) ) ;
#1598 = ORIENTED_EDGE ( 'NONE', *, *, #1698, .T. ) ;
#1599 = ORIENTED_EDGE ( 'NONE', *, *, #1596, .F. ) ;
#1600 = DIRECTION ( 'NONE',  ( 1.000000000000000000, 0.000000000000000000, 0.000000000000000000 ) ) ;
#1601 = CARTESIAN_POINT ( 'NONE',  ( 0.000000000000000000, 0.000000000000000000, 10.00000000000000000 ) ) ;
#1602 = CARTESIAN_POINT ( 'NONE',  ( 61.56348927648620162, -84.99999999999998579, -13.24999999999999822 ) ) ;
#1603 = CARTESIAN_POINT ( 'NONE',  ( 58.06348927648620162, -84.99999999999998579, 13.24999999999999822 ) ) ;
#1604 = CARTESIAN_POINT ( 'NONE',  ( 22.56348927648623004, -125.0000000000000000, -13.24999999999999822 ) ) ;
#1605 = VERTEX_POINT ( 'NONE', #1136 ) ;
#1606 = CARTESIAN_POINT ( 'NONE',  ( 0.000000000000000000, 0.000000000000000000, 10.00000000000000000 ) ) ;
#1607 = DIRECTION ( 'NONE',  ( -0.000000000000000000, -0.000000000000000000, 1.000000000000000000 ) ) ;
#1608 = CYLINDRICAL_SURFACE ( 'NONE', #826, 1.000000000000000888 ) ;
#1609 = ORIENTED_EDGE ( 'NONE', *, *, #1067, .T. ) ;
#1610 = AXIS2_PLACEMENT_3D ( 'NONE', #1300, #311, #63 ) ;
#1611 = DIRECTION ( 'NONE',  ( 0.000000000000000000, 0.000000000000000000, -1.000000000000000000 ) ) ;
#1612 = VERTEX_POINT ( 'NONE', #903 ) ;
#1613 = ORIENTED_EDGE ( 'NONE', *, *, #1558, .F. ) ;
#1614 = CYLINDRICAL_SURFACE ( 'NONE', #1097, 1.000000000000000888 ) ;
#1615 = LINE ( 'NONE', #361, #1801 ) ;
#1616 = DIRECTION ( 'NONE',  ( 0.000000000000000000, 0.000000000000000000, -1.000000000000000000 ) ) ;
#1617 = FACE_OUTER_BOUND ( 'NONE', #793, .T. ) ;
#1618 = VECTOR ( 'NONE', #1244, 1000.000000000000000 ) ;
#1619 = DIRECTION ( 'NONE',  ( 0.000000000000000000, 0.000000000000000000, -1.000000000000000000 ) ) ;
#1620 = CIRCLE ( 'NONE', #1019, 1.449999999999993072 ) ;
#1621 = DIRECTION ( 'NONE',  ( 1.000000000000000000, 0.000000000000000000, 0.000000000000000000 ) ) ;
#1622 = DIRECTION ( 'NONE',  ( 0.000000000000000000, 0.000000000000000000, 1.000000000000000000 ) ) ;
#1623 = LINE ( 'NONE', #1588, #1780 ) ;
#1624 = ORIENTED_EDGE ( 'NONE', *, *, #687, .F. ) ;
#1625 = VERTEX_POINT ( 'NONE', #1593 ) ;
#1626 = ORIENTED_EDGE ( 'NONE', *, *, #576, .T. ) ;
#1627 = FACE_OUTER_BOUND ( 'NONE', #994, .T. ) ;
#1628 = CARTESIAN_POINT ( 'NONE',  ( 19.81348927648623004, -125.0000000000000000, -13.24999999999998934 ) ) ;
#1629 = CIRCLE ( 'NONE', #157, 1.750000000000001554 ) ;
#1630 = VECTOR ( 'NONE', #61, 1000.000000000000000 ) ;
#1631 = VECTOR ( 'NONE', #1574, 1000.000000000000000 ) ;
#1632 = DIRECTION ( 'NONE',  ( 0.000000000000000000, 0.000000000000000000, 1.000000000000000000 ) ) ;
#1633 = CARTESIAN_POINT ( 'NONE',  ( 19.81348927648623004, -124.0000000000000000, -14.99999999999998401 ) ) ;
#1634 = ORIENTED_EDGE ( 'NONE', *, *, #1573, .F. ) ;
#1635 = ORIENTED_EDGE ( 'NONE', *, *, #699, .T. ) ;
#1636 = EDGE_LOOP ( 'NONE', ( #47, #96, #465, #431 ) ) ;
#1637 = CARTESIAN_POINT ( 'NONE',  ( 57.06348927648620162, -124.0000000000000000, -13.24999999999999822 ) ) ;
#1638 = DIRECTION ( 'NONE',  ( -0.000000000000000000, -1.000000000000000000, -0.000000000000000000 ) ) ;
#1639 = FACE_OUTER_BOUND ( 'NONE', #21, .T. ) ;
#1640 = CARTESIAN_POINT ( 'NONE',  ( 21.56348927648622293, -124.0000000000000000, 13.24999999999999822 ) ) ;
#1641 = EDGE_CURVE ( 'NONE', #424, #164, #1301, .T. ) ;
#1642 = VERTEX_POINT ( 'NONE', #1745 ) ;
#1643 = ORIENTED_EDGE ( 'NONE', *, *, #288, .F. ) ;
#1644 = FACE_OUTER_BOUND ( 'NONE', #821, .T. ) ;
#1645 = EDGE_CURVE ( 'NONE', #202, #1488, #399, .T. ) ;
#1646 = DIRECTION ( 'NONE',  ( 0.000000000000000000, -1.000000000000000000, 0.000000000000000000 ) ) ;
#1647 = VECTOR ( 'NONE', #745, 1000.000000000000000 ) ;
#1648 = DIRECTION ( 'NONE',  ( -0.000000000000000000, 1.000000000000000000, -0.000000000000000000 ) ) ;
#1649 = CARTESIAN_POINT ( 'NONE',  ( 59.81348927648620872, -124.0000000000000000, 13.24999999999998934 ) ) ;
#1650 = CIRCLE ( 'NONE', #1227, 2.749999999999993783 ) ;
#1651 = DIRECTION ( 'NONE',  ( 0.000000000000000000, 0.000000000000000000, -1.000000000000000000 ) ) ;
#1652 = AXIS2_PLACEMENT_3D ( 'NONE', #103, #54, #1446 ) ;
#1653 = CARTESIAN_POINT ( 'NONE',  ( 19.81348927648623359, -124.0000000000000000, -17.25000000000000355 ) ) ;
#1654 = EDGE_CURVE ( 'NONE', #975, #775, #1157, .T. ) ;
#1655 = AXIS2_PLACEMENT_3D ( 'NONE', #1603, #1753, #916 ) ;
#1656 = APPLICATION_PROTOCOL_DEFINITION ( 'draft international standard', 'automotive_design', 1998, #1092 ) ;
#1657 = DIRECTION ( 'NONE',  ( 0.000000000000000000, -1.000000000000000000, 0.000000000000000000 ) ) ;
#1658 = VERTEX_POINT ( 'NONE', #338 ) ;
#1659 = CARTESIAN_POINT ( 'NONE',  ( 59.81348927648620162, -120.0000000000000000, -21.74999999999999645 ) ) ;
#1660 = DIRECTION ( 'NONE',  ( -0.000000000000000000, 1.000000000000000000, -0.000000000000000000 ) ) ;
#1661 = DIRECTION ( 'NONE',  ( 0.000000000000000000, 0.000000000000000000, -1.000000000000000000 ) ) ;
#1662 = CYLINDRICAL_SURFACE ( 'NONE', #327, 1.000000000000000888 ) ;
#1663 = AXIS2_PLACEMENT_3D ( 'NONE', #420, #305, #26 ) ;
#1664 = DIRECTION ( 'NONE',  ( 0.000000000000000000, 0.000000000000000000, 1.000000000000000000 ) ) ;
#1665 = PRODUCT_DEFINITION_FORMATION_WITH_SPECIFIED_SOURCE ( 'ä»', '', #1384, .NOT_KNOWN. ) ;
#1666 = DIRECTION ( 'NONE',  ( -1.000000000000000000, 0.000000000000000000, 0.000000000000000000 ) ) ;
#1667 = ORIENTED_EDGE ( 'NONE', *, *, #553, .T. ) ;
#1668 = CARTESIAN_POINT ( 'NONE',  ( 79.00000000000000000, 30.00000000000000000, 10.00000000000000000 ) ) ;
#1669 = CARTESIAN_POINT ( 'NONE',  ( 59.81348927648620872, -120.0000000000000000, -14.99999999999998401 ) ) ;
#1670 = ORIENTED_EDGE ( 'NONE', *, *, #616, .F. ) ;
#1671 = AXIS2_PLACEMENT_3D ( 'NONE', #1754, #899, #1454 ) ;
#1672 = ADVANCED_FACE ( 'NONE', ( #756 ), #1608, .T. ) ;
#1673 = CARTESIAN_POINT ( 'NONE',  ( 19.81348927648623004, -124.0000000000000000, 22.74999999999999645 ) ) ;
#1674 = CIRCLE ( 'NONE', #947, 1.000000000000000888 ) ;
#1675 = DIRECTION ( 'NONE',  ( 0.000000000000000000, 0.000000000000000000, -1.000000000000000000 ) ) ;
#1676 = VERTEX_POINT ( 'NONE', #496 ) ;
#1677 = EDGE_LOOP ( 'NONE', ( #418, #71, #1010, #1030 ) ) ;
#1678 = DIRECTION ( 'NONE',  ( 0.000000000000000000, 0.000000000000000000, -1.000000000000000000 ) ) ;
#1679 = VERTEX_POINT ( 'NONE', #179 ) ;
#1680 = CARTESIAN_POINT ( 'NONE',  ( 17.06348927648623715, -125.0000000000000000, -13.25000000000000355 ) ) ;
#1681 = DIRECTION ( 'NONE',  ( 0.000000000000000000, 0.000000000000000000, -1.000000000000000000 ) ) ;
#1682 = DIRECTION ( 'NONE',  ( 0.000000000000000000, -1.000000000000000000, 0.000000000000000000 ) ) ;
#1683 = ORIENTED_EDGE ( 'NONE', *, *, #1705, .T. ) ;
#1684 = ORIENTED_EDGE ( 'NONE', *, *, #464, .T. ) ;
#1685 = EDGE_CURVE ( 'NONE', #243, #817, #1559, .T. ) ;
#1686 = ADVANCED_FACE ( 'NONE', ( #1430 ), #769, .F. ) ;
#1687 = LINE ( 'NONE', #444, #904 ) ;
#1688 = CIRCLE ( 'NONE', #1690, 1.000000000000000888 ) ;
#1689 = EDGE_CURVE ( 'NONE', #894, #1341, #1234, .T. ) ;
#1690 = AXIS2_PLACEMENT_3D ( 'NONE', #183, #1572, #495 ) ;
#1691 = PLANE ( 'NONE',  #1195 ) ;
#1692 = ORIENTED_EDGE ( 'NONE', *, *, #1645, .T. ) ;
#1693 = VERTEX_POINT ( 'NONE', #603 ) ;
#1694 = VERTEX_POINT ( 'NONE', #868 ) ;
#1695 = VECTOR ( 'NONE', #83, 1000.000000000000000 ) ;
#1696 = VECTOR ( 'NONE', #810, 1000.000000000000000 ) ;
#1697 = EDGE_CURVE ( 'NONE', #838, #1044, #456, .T. ) ;
#1698 = EDGE_CURVE ( 'NONE', #604, #1349, #463, .T. ) ;
#1699 = CARTESIAN_POINT ( 'NONE',  ( 39.50000000000000000, -120.0000000000000000, 7.701725444404988075 ) ) ;
#1700 = LINE ( 'NONE', #1156, #55 ) ;
#1701 = DIRECTION ( 'NONE',  ( 0.000000000000000000, -1.000000000000000000, 0.000000000000000000 ) ) ;
#1702 = ORIENTED_EDGE ( 'NONE', *, *, #597, .F. ) ;
#1703 = AXIS2_PLACEMENT_3D ( 'NONE', #216, #773, #1681 ) ;
#1704 = ORIENTED_EDGE ( 'NONE', *, *, #1067, .F. ) ;
#1705 = EDGE_CURVE ( 'NONE', #1336, #975, #481, .T. ) ;
#1706 = AXIS2_PLACEMENT_3D ( 'NONE', #1720, #1185, #395 ) ;
#1707 = DIRECTION ( 'NONE',  ( 0.000000000000000000, -1.000000000000000000, 0.000000000000000000 ) ) ;
#1708 = EDGE_CURVE ( 'NONE', #851, #1295, #692, .T. ) ;
#1709 = LINE ( 'NONE', #468, #819 ) ;
#1710 = CARTESIAN_POINT ( 'NONE',  ( 12.50000000000000355, 19.99999999999998224, 10.00000000000000178 ) ) ;
#1711 = CARTESIAN_POINT ( 'NONE',  ( 0.000000000000000000, 0.000000000000000000, 0.000000000000000000 ) ) ;
#1712 = DIRECTION ( 'NONE',  ( 0.000000000000000000, 0.000000000000000000, -1.000000000000000000 ) ) ;
#1713 = EDGE_LOOP ( 'NONE', ( #434, #440, #1334, #1259 ) ) ;
#1714 = ORIENTED_EDGE ( 'NONE', *, *, #1558, .T. ) ;
#1715 = ORIENTED_EDGE ( 'NONE', *, *, #253, .F. ) ;
#1716 = ADVANCED_FACE ( 'NONE', ( #1758, #509, #1347, #931, #1639 ), #528, .T. ) ;
#1717 = LINE ( 'NONE', #31, #1202 ) ;
#1718 = CARTESIAN_POINT ( 'NONE',  ( 0.000000000000000000, 0.000000000000000000, 10.00000000000000000 ) ) ;
#1719 = CARTESIAN_POINT ( 'NONE',  ( 14.81348927648622826, -125.0000000000000000, -25.00000000000000711 ) ) ;
#1720 = CARTESIAN_POINT ( 'NONE',  ( 19.81348927648623004, -124.0000000000000000, -13.24999999999998934 ) ) ;
#1721 = DIRECTION ( 'NONE',  ( 0.000000000000000000, 0.000000000000000000, -1.000000000000000000 ) ) ;
#1722 = AXIS2_PLACEMENT_3D ( 'NONE', #365, #654, #735 ) ;
#1723 = EDGE_LOOP ( 'NONE', ( #933, #946, #844, #625 ) ) ;
#1724 = VECTOR ( 'NONE', #1793, 1000.000000000000114 ) ;
#1725 = ORIENTED_EDGE ( 'NONE', *, *, #1368, .T. ) ;
#1726 = LINE ( 'NONE', #1047, #544 ) ;
#1727 = AXIS2_PLACEMENT_3D ( 'NONE', #57, #624, #1735 ) ;
#1728 = ADVANCED_FACE ( 'NONE', ( #537 ), #1783, .T. ) ;
#1729 = VECTOR ( 'NONE', #979, 1000.000000000000000 ) ;
#1730 = CARTESIAN_POINT ( 'NONE',  ( 19.81348927648623004, -125.0000000000000000, -13.24999999999998934 ) ) ;
#1731 = CARTESIAN_POINT ( 'NONE',  ( 79.00000000000000000, 0.000000000000000000, 10.00000000000000000 ) ) ;
#1732 = CARTESIAN_POINT ( 'NONE',  ( 19.81348927648623359, -124.0000000000000000, -22.75000000000001066 ) ) ;
#1733 = CARTESIAN_POINT ( 'NONE',  ( 61.56348927648619451, -120.0000000000000000, 0.000000000000000000 ) ) ;
#1734 = VERTEX_POINT ( 'NONE', #1078 ) ;
#1735 = DIRECTION ( 'NONE',  ( 1.000000000000000000, 0.000000000000000000, 0.000000000000000000 ) ) ;
#1736 = VECTOR ( 'NONE', #379, 1000.000000000000000 ) ;
#1737 = VERTEX_POINT ( 'NONE', #1055 ) ;
#1738 = ORIENTED_EDGE ( 'NONE', *, *, #703, .T. ) ;
#1739 = AXIS2_PLACEMENT_3D ( 'NONE', #726, #1701, #889 ) ;
#1740 = CARTESIAN_POINT ( 'NONE',  ( 64.81348927648622293, -125.0000000000000000, -25.00000000000000711 ) ) ;
#1741 = CARTESIAN_POINT ( 'NONE',  ( 14.81348927648622826, -125.0000000000000000, 24.99999999999999289 ) ) ;
#1742 = ORIENTED_EDGE ( 'NONE', *, *, #542, .T. ) ;
#1743 = FACE_BOUND ( 'NONE', #299, .T. ) ;
#1744 = DIRECTION ( 'NONE',  ( -0.000000000000000000, 1.000000000000000000, -0.000000000000000000 ) ) ;
#1745 = CARTESIAN_POINT ( 'NONE',  ( 19.81348927648623004, -120.0000000000000000, 21.74999999999999645 ) ) ;
#1746 = DIRECTION ( 'NONE',  ( 0.000000000000000000, 0.000000000000000000, 1.000000000000000000 ) ) ;
#1747 = EDGE_LOOP ( 'NONE', ( #845, #1725, #225, #323 ) ) ;
#1748 = VERTEX_POINT ( 'NONE', #121 ) ;
#1749 = VERTEX_POINT ( 'NONE', #1215 ) ;
#1750 = CARTESIAN_POINT ( 'NONE',  ( 0.000000000000000000, 0.000000000000000000, -10.00000000000000000 ) ) ;
#1751 = CARTESIAN_POINT ( 'NONE',  ( 59.81348927648620162, -124.0000000000000000, -21.74999999999999645 ) ) ;
#1752 = CARTESIAN_POINT ( 'NONE',  ( 18.06348927648623359, -124.0000000000000000, -13.24999999999999822 ) ) ;
#1753 = DIRECTION ( 'NONE',  ( -1.000000000000000000, 0.000000000000000000, 0.000000000000000000 ) ) ;
#1754 = CARTESIAN_POINT ( 'NONE',  ( 59.81348927648620872, -124.0000000000000000, 13.24999999999998934 ) ) ;
#1755 = PRODUCT_DEFINITION ( 'æœ', '', #1665, #1463 ) ;
#1756 = DIRECTION ( 'NONE',  ( -5.204170427930416550E-15, -0.000000000000000000, -1.000000000000000000 ) ) ;
#1757 = CARTESIAN_POINT ( 'NONE',  ( 13.95000000000000284, 19.99999999999998224, 0.000000000000000000 ) ) ;
#1758 = FACE_BOUND ( 'NONE', #891, .T. ) ;
#1759 = EDGE_CURVE ( 'NONE', #1488, #202, #864, .T. ) ;
#1760 = ORIENTED_EDGE ( 'NONE', *, *, #1313, .T. ) ;
#1761 = AXIS2_PLACEMENT_3D ( 'NONE', #1037, #619, #1421 ) ;
#1762 = DIRECTION ( 'NONE',  ( 0.000000000000000000, -1.000000000000000000, 0.000000000000000000 ) ) ;
#1763 = ORIENTED_EDGE ( 'NONE', *, *, #1284, .F. ) ;
#1764 = EDGE_LOOP ( 'NONE', ( #204, #186, #397, #880 ) ) ;
#1765 = CARTESIAN_POINT ( 'NONE',  ( 64.81348927648622293, -125.0000000000000000, 24.99999999999999289 ) ) ;
#1766 = CARTESIAN_POINT ( 'NONE',  ( 14.81348927648622826, -125.0000000000000000, 24.99999999999999289 ) ) ;
#1767 = ORIENTED_EDGE ( 'NONE', *, *, #1776, .T. ) ;
#1768 = AXIS2_PLACEMENT_3D ( 'NONE', #1376, #535, #1481 ) ;
#1769 = EDGE_CURVE ( 'NONE', #411, #1509, #1494, .T. ) ;
#1770 = DIRECTION ( 'NONE',  ( -0.000000000000000000, -1.000000000000000000, -0.000000000000000000 ) ) ;
#1771 = CARTESIAN_POINT ( 'NONE',  ( 39.50000000000000000, 0.000000000000000000, 0.000000000000000000 ) ) ;
#1772 = VECTOR ( 'NONE', #641, 1000.000000000000000 ) ;
#1773 = ORIENTED_EDGE ( 'NONE', *, *, #970, .F. ) ;
#1774 = CIRCLE ( 'NONE', #1551, 1.750000000000001554 ) ;
#1775 = VERTEX_POINT ( 'NONE', #802 ) ;
#1776 = EDGE_CURVE ( 'NONE', #1200, #1160, #238, .T. ) ;
#1777 = ORIENTED_EDGE ( 'NONE', *, *, #850, .F. ) ;
#1778 = CARTESIAN_POINT ( 'NONE',  ( 58.06348927648620162, -120.0000000000000000, 13.24999999999999822 ) ) ;
#1779 = CYLINDRICAL_SURFACE ( 'NONE', #419, 1.000000000000000888 ) ;
#1780 = VECTOR ( 'NONE', #747, 1000.000000000000000 ) ;
#1781 = EDGE_CURVE ( 'NONE', #58, #626, #1579, .T. ) ;
#1782 = CARTESIAN_POINT ( 'NONE',  ( 79.00000000000000000, 15.00000000000000000, -10.00000000000000000 ) ) ;
#1783 = CYLINDRICAL_SURFACE ( 'NONE', #414, 1.000000000000000888 ) ;
#1784 = CARTESIAN_POINT ( 'NONE',  ( 79.00000000000000000, 0.000000000000000000, 10.00000000000000000 ) ) ;
#1785 = ORIENTED_EDGE ( 'NONE', *, *, #1405, .F. ) ;
#1786 = DIRECTION ( 'NONE',  ( -0.000000000000000000, -0.000000000000000000, 1.000000000000000000 ) ) ;
#1787 = EDGE_LOOP ( 'NONE', ( #837, #1071, #1524, #1190 ) ) ;
#1788 = FACE_OUTER_BOUND ( 'NONE', #105, .T. ) ;
#1789 = DIRECTION ( 'NONE',  ( -0.000000000000000000, -0.000000000000000000, 1.000000000000000000 ) ) ;
#1790 = CARTESIAN_POINT ( 'NONE',  ( 19.81348927648623359, -124.0000000000000000, -21.75000000000001066 ) ) ;
#1791 = EDGE_CURVE ( 'NONE', #1737, #1045, #1198, .T. ) ;
#1792 = LINE ( 'NONE', #1782, #1578 ) ;
#1793 = DIRECTION ( 'NONE',  ( -0.7071067811865456854, 8.659560562354909439E-17, 0.7071067811865493491 ) ) ;
#1794 = DIRECTION ( 'NONE',  ( 1.000000000000000000, 0.000000000000000000, 0.000000000000000000 ) ) ;
#1795 = ORIENTED_EDGE ( 'NONE', *, *, #150, .F. ) ;
#1796 = DIRECTION ( 'NONE',  ( -0.000000000000000000, 0.000000000000000000, 1.000000000000000000 ) ) ;
#1797 = ORIENTED_EDGE ( 'NONE', *, *, #881, .T. ) ;
#1798 = CIRCLE ( 'NONE', #588, 1.749999999999994671 ) ;
#1799 = LINE ( 'NONE', #655, #242 ) ;
#1800 = CARTESIAN_POINT ( 'NONE',  ( 19.81348927648623004, -124.0000000000000000, 21.74999999999999645 ) ) ;
#1801 = VECTOR ( 'NONE', #1331, 1000.000000000000000 ) ;
#1802 = AXIS2_PLACEMENT_3D ( 'NONE', #1090, #964, #252 ) ;
#1803 = CARTESIAN_POINT ( 'NONE',  ( 0.000000000000000000, -120.0000000000000000, 21.74999999999999645 ) ) ;
#1804 = AXIS2_PLACEMENT_3D ( 'NONE', #86, #1309, #98 ) ;
#1805 = DIRECTION ( 'NONE',  ( 1.000000000000000000, 0.000000000000000000, 0.000000000000000000 ) ) ;
#1806 = AXIS2_PLACEMENT_3D ( 'NONE', #34, #1562, #1039 ) ;
#1807 = DIRECTION ( 'NONE',  ( 0.000000000000000000, 0.000000000000000000, 1.000000000000000000 ) ) ;
#1808 = DIRECTION ( 'NONE',  ( 1.000000000000000000, -0.000000000000000000, -0.000000000000000000 ) ) ;
#1809 = EDGE_LOOP ( 'NONE', ( #498, #162, #1390, #1231 ) ) ;
#1810 = LINE ( 'NONE', #961, #581 ) ;
#1811 = DIRECTION ( 'NONE',  ( 0.000000000000000000, 1.000000000000000000, 0.000000000000000000 ) ) ;
#1812 = EDGE_LOOP ( 'NONE', ( #1397, #653 ) ) ;
#1813 = DIRECTION ( 'NONE',  ( -1.000000000000000000, 0.000000000000000000, -0.000000000000000000 ) ) ;
ENDSEC;
END-ISO-10303-21;
