ISO-10303-21;
HEADER;
FILE_DESCRIPTION (( 'STEP AP214' ),
    '1' );
FILE_NAME ('Ö÷°åÖ§¼Ü.STEP',
    '2026-07-18T14:25:00',
    ( '' ),
    ( '' ),
    'SwSTEP 2.0',
    'SolidWorks 2024',
    '' );
FILE_SCHEMA (( 'AUTOMOTIVE_DESIGN' ));
ENDSEC;

DATA;
#1 = ADVANCED_FACE ( 'NONE', ( #624 ), #1225, .T. ) ;
#2 = ADVANCED_FACE ( 'NONE', ( #1640, #1031 ), #1817, .T. ) ;
#3 = CONICAL_SURFACE ( 'NONE', #998, 1.449999999999987743, 1.029744258676654312 ) ;
#4 = DIRECTION ( 'NONE',  ( -0.000000000000000000, 1.000000000000000000, -0.000000000000000000 ) ) ;
#5 = DIRECTION ( 'NONE',  ( 0.000000000000000000, 1.000000000000000000, -0.000000000000000000 ) ) ;
#6 = CIRCLE ( 'NONE', #366, 1.449999999999999956 ) ;
#7 = ORIENTED_EDGE ( 'NONE', *, *, #1093, .F. ) ;
#8 = EDGE_CURVE ( 'NONE', #1796, #1804, #2410, .T. ) ;
#9 = CONICAL_SURFACE ( 'NONE', #1280, 1.775000000000000577, 0.7853981633974536081 ) ;
#10 = CARTESIAN_POINT ( 'NONE',  ( 141.9149999999999920, 1.799999999999999600, -54.94999999999998153 ) ) ;
#11 = LINE ( 'NONE', #2135, #88 ) ;
#12 = CARTESIAN_POINT ( 'NONE',  ( 59.08499999999999375, 13.00000000000000355, -51.72499999999998721 ) ) ;
#13 = ORIENTED_EDGE ( 'NONE', *, *, #1093, .T. ) ;
#14 = CONICAL_SURFACE ( 'NONE', #1457, 1.774999999999998801, 0.7853981633974562726 ) ;
#15 = DIRECTION ( 'NONE',  ( 0.000000000000000000, 0.000000000000000000, -1.000000000000000000 ) ) ;
#16 = ORIENTED_EDGE ( 'NONE', *, *, #1670, .T. ) ;
#17 = AXIS2_PLACEMENT_3D ( 'NONE', #206, #979, #2369 ) ;
#18 = SURFACE_STYLE_FILL_AREA ( #1827 ) ;
#19 = VERTEX_POINT ( 'NONE', #10 ) ;
#20 = DIRECTION ( 'NONE',  ( 0.000000000000000000, 0.000000000000000000, -1.000000000000000000 ) ) ;
#21 = CARTESIAN_POINT ( 'NONE',  ( 6.000000000000001776, 1.799999999999999600, -9.449999999999988631 ) ) ;
#22 = VECTOR ( 'NONE', #2340, 1000.000000000000000 ) ;
#23 = ORIENTED_EDGE ( 'NONE', *, *, #930, .F. ) ;
#24 = ORIENTED_EDGE ( 'NONE', *, *, #671, .T. ) ;
#25 = EDGE_CURVE ( 'NONE', #338, #611, #2389, .T. ) ;
#26 = EDGE_CURVE ( 'NONE', #2241, #2379, #2017, .T. ) ;
#27 = CYLINDRICAL_SURFACE ( 'NONE', #91, 3.000000000000000888 ) ;
#28 = DIRECTION ( 'NONE',  ( 0.000000000000000000, -1.000000000000000000, 0.000000000000000000 ) ) ;
#29 = CARTESIAN_POINT ( 'NONE',  ( 122.7499999999999574, 3.000000000000000000, -43.55000000000001847 ) ) ;
#30 = ORIENTED_EDGE ( 'NONE', *, *, #1792, .F. ) ;
#31 = CARTESIAN_POINT ( 'NONE',  ( 49.99999999999998579, 13.00000000000000355, -8.000000000000007105 ) ) ;
#32 = ORIENTED_EDGE ( 'NONE', *, *, #2523, .T. ) ;
#33 = DIRECTION ( 'NONE',  ( -0.000000000000000000, 1.000000000000000000, -0.000000000000000000 ) ) ;
#34 = FACE_BOUND ( 'NONE', #2366, .T. ) ;
#35 = ORIENTED_EDGE ( 'NONE', *, *, #1639, .F. ) ;
#36 = VERTEX_POINT ( 'NONE', #891 ) ;
#37 = CARTESIAN_POINT ( 'NONE',  ( 6.000000000000001776, 13.00000000000000178, -53.44999999999998153 ) ) ;
#38 = ADVANCED_FACE ( 'NONE', ( #1249 ), #665, .F. ) ;
#39 = ADVANCED_FACE ( 'NONE', ( #1259 ), #900, .F. ) ;
#40 = VERTEX_POINT ( 'NONE', #902 ) ;
#41 = CARTESIAN_POINT ( 'NONE',  ( 22.25000000000000355, 3.000000000000000000, -43.55000000000000426 ) ) ;
#42 = DIRECTION ( 'NONE',  ( -0.000000000000000000, 1.000000000000000000, -0.000000000000000000 ) ) ;
#43 = EDGE_LOOP ( 'NONE', ( #1224, #747, #2193, #1308 ) ) ;
#44 = LINE ( 'NONE', #253, #2066 ) ;
#45 = PRESENTATION_STYLE_ASSIGNMENT (( #2213 ) ) ;
#46 = ORIENTED_EDGE ( 'NONE', *, *, #2151, .T. ) ;
#47 = CARTESIAN_POINT ( 'NONE',  ( 22.25000000000000355, -1.734723475976807094E-15, -13.22499999999999787 ) ) ;
#48 = FACE_OUTER_BOUND ( 'NONE', #1529, .T. ) ;
#49 = AXIS2_PLACEMENT_3D ( 'NONE', #1517, #1918, #2289 ) ;
#50 = DIRECTION ( 'NONE',  ( 0.000000000000000000, 1.000000000000000000, 0.000000000000000000 ) ) ;
#51 = VECTOR ( 'NONE', #1714, 1000.000000000000000 ) ;
#52 = CYLINDRICAL_SURFACE ( 'NONE', #1273, 2.999999999999999112 ) ;
#53 = DIRECTION ( 'NONE',  ( -0.000000000000000000, -1.000000000000000000, -0.000000000000000000 ) ) ;
#54 = DIRECTION ( 'NONE',  ( -0.000000000000000000, 1.000000000000000000, -0.000000000000000000 ) ) ;
#55 = ORIENTED_EDGE ( 'NONE', *, *, #1972, .F. ) ;
#56 = CARTESIAN_POINT ( 'NONE',  ( 6.000000000000001776, 13.00000000000000355, -50.22500000000000142 ) ) ;
#57 = AXIS2_PLACEMENT_3D ( 'NONE', #2246, #97, #1074 ) ;
#58 = ORIENTED_EDGE ( 'NONE', *, *, #2491, .F. ) ;
#59 = AXIS2_PLACEMENT_3D ( 'NONE', #64, #2171, #2420 ) ;
#60 = ORIENTED_EDGE ( 'NONE', *, *, #2282, .F. ) ;
#61 = DIRECTION ( 'NONE',  ( 0.000000000000000000, 0.000000000000000000, 1.000000000000000000 ) ) ;
#62 = EDGE_CURVE ( 'NONE', #622, #2195, #488, .T. ) ;
#63 = CIRCLE ( 'NONE', #633, 1.449999999999985967 ) ;
#64 = CARTESIAN_POINT ( 'NONE',  ( 22.25000000000000355, 3.000000000000000000, -15.00000000000000000 ) ) ;
#65 = PLANE ( 'NONE',  #2055 ) ;
#66 = CIRCLE ( 'NONE', #1538, 1.774999999999997025 ) ;
#67 =( NAMED_UNIT ( * ) SI_UNIT ( $, .STERADIAN. ) SOLID_ANGLE_UNIT ( ) );
#68 = ORIENTED_EDGE ( 'NONE', *, *, #410, .T. ) ;
#69 = DIRECTION ( 'NONE',  ( -0.000000000000000000, 1.000000000000000000, -0.000000000000000000 ) ) ;
#70 = FACE_OUTER_BOUND ( 'NONE', #1375, .T. ) ;
#71 = LINE ( 'NONE', #1445, #1461 ) ;
#72 = ORIENTED_EDGE ( 'NONE', *, *, #1351, .F. ) ;
#73 = DIRECTION ( 'NONE',  ( -0.000000000000000000, 1.000000000000000000, -0.000000000000000000 ) ) ;
#74 = ORIENTED_EDGE ( 'NONE', *, *, #1033, .T. ) ;
#75 = EDGE_CURVE ( 'NONE', #2378, #820, #1290, .T. ) ;
#76 = ORIENTED_EDGE ( 'NONE', *, *, #2365, .T. ) ;
#77 = CARTESIAN_POINT ( 'NONE',  ( 6.000000000000001776, 13.00000000000000355, -6.224999999999999645 ) ) ;
#78 = CARTESIAN_POINT ( 'NONE',  ( 59.08499999999999375, 13.00000000000000178, -53.49999999999998579 ) ) ;
#79 = LINE ( 'NONE', #864, #907 ) ;
#80 = FACE_OUTER_BOUND ( 'NONE', #111, .T. ) ;
#81 = DIRECTION ( 'NONE',  ( 0.000000000000000000, 1.000000000000000000, 0.000000000000000000 ) ) ;
#82 = ORIENTED_EDGE ( 'NONE', *, *, #1705, .F. ) ;
#83 = DIRECTION ( 'NONE',  ( 0.000000000000000000, -1.000000000000000000, 0.000000000000000000 ) ) ;
#84 = CARTESIAN_POINT ( 'NONE',  ( 49.99999999999998579, 1.799999999999999600, -8.000000000000007105 ) ) ;
#85 = CARTESIAN_POINT ( 'NONE',  ( 6.000000000000001776, 2.999999999999999112, -55.00000000000000000 ) ) ;
#86 = EDGE_CURVE ( 'NONE', #1911, #403, #715, .T. ) ;
#87 = CARTESIAN_POINT ( 'NONE',  ( 0.000000000000000000, 3.000000000000000000, 0.000000000000000000 ) ) ;
#88 = VECTOR ( 'NONE', #1555, 1000.000000000000000 ) ;
#89 = CARTESIAN_POINT ( 'NONE',  ( 22.25000000000000355, -1.734723475976807094E-15, -13.22499999999999787 ) ) ;
#90 = CARTESIAN_POINT ( 'NONE',  ( 49.99999999999998579, 13.00000000000000178, -53.44999999999998153 ) ) ;
#91 = AXIS2_PLACEMENT_3D ( 'NONE', #814, #489, #1299 ) ;
#92 = FACE_OUTER_BOUND ( 'NONE', #358, .T. ) ;
#93 = VECTOR ( 'NONE', #782, 1000.000000000000000 ) ;
#94 = ORIENTED_EDGE ( 'NONE', *, *, #1548, .F. ) ;
#95 = CARTESIAN_POINT ( 'NONE',  ( 49.99999999999998579, 13.00000000000000178, -48.99999999999998579 ) ) ;
#96 = AXIS2_PLACEMENT_3D ( 'NONE', #1925, #1912, #954 ) ;
#97 = DIRECTION ( 'NONE',  ( 0.000000000000000000, -1.000000000000000000, 0.000000000000000000 ) ) ;
#98 = AXIS2_PLACEMENT_3D ( 'NONE', #2504, #739, #663 ) ;
#99 = AXIS2_PLACEMENT_3D ( 'NONE', #1596, #981, #1781 ) ;
#100 = APPLICATION_PROTOCOL_DEFINITION ( 'draft international standard', 'automotive_design', 1998, #700 ) ;
#101 = CARTESIAN_POINT ( 'NONE',  ( 5.999999999999998224, 13.00000000000000178, -11.00000000000000000 ) ) ;
#102 = DIRECTION ( 'NONE',  ( 0.000000000000000000, 0.000000000000000000, -1.000000000000000000 ) ) ;
#103 = CYLINDRICAL_SURFACE ( 'NONE', #262, 1.449999999999985967 ) ;
#104 = DIRECTION ( 'NONE',  ( -0.000000000000000000, -1.000000000000000000, -0.000000000000000000 ) ) ;
#105 = ADVANCED_FACE ( 'NONE', ( #2050 ), #1651, .T. ) ;
#106 = ADVANCED_FACE ( 'NONE', ( #2255 ), #2086, .F. ) ;
#107 = EDGE_LOOP ( 'NONE', ( #2080, #2442 ) ) ;
#108 = DIRECTION ( 'NONE',  ( -0.000000000000000000, -1.000000000000000000, -0.000000000000000000 ) ) ;
#109 = CARTESIAN_POINT ( 'NONE',  ( 6.000000000000001776, 13.00000000000000355, -9.775000000000000355 ) ) ;
#110 = LINE ( 'NONE', #874, #2056 ) ;
#111 = EDGE_LOOP ( 'NONE', ( #1322, #1624, #515, #2139 ) ) ;
#112 = PRODUCT_RELATED_PRODUCT_CATEGORY ( 'part', '', ( #234 ) ) ;
#113 = ADVANCED_FACE ( 'NONE', ( #478 ), #2464, .F. ) ;
#114 = ORIENTED_EDGE ( 'NONE', *, *, #2290, .T. ) ;
#115 = ADVANCED_FACE ( 'NONE', ( #699 ), #2052, .F. ) ;
#116 = EDGE_LOOP ( 'NONE', ( #1597, #465, #920, #427 ) ) ;
#117 = LINE ( 'NONE', #1693, #1449 ) ;
#118 = CARTESIAN_POINT ( 'NONE',  ( 49.99999999999998579, 13.00000000000000355, -8.000000000000007105 ) ) ;
#119 = AXIS2_PLACEMENT_3D ( 'NONE', #2480, #1455, #1480 ) ;
#120 = CIRCLE ( 'NONE', #698, 1.775000000000000577 ) ;
#121 = AXIS2_PLACEMENT_3D ( 'NONE', #1876, #692, #2248 ) ;
#122 = FACE_OUTER_BOUND ( 'NONE', #833, .T. ) ;
#123 = DIRECTION ( 'NONE',  ( -0.000000000000000000, 1.000000000000000000, -0.000000000000000000 ) ) ;
#124 = ORIENTED_EDGE ( 'NONE', *, *, #1770, .T. ) ;
#125 = AXIS2_PLACEMENT_3D ( 'NONE', #2300, #929, #1119 ) ;
#126 = DIRECTION ( 'NONE',  ( -0.000000000000000000, -1.000000000000000000, -0.000000000000000000 ) ) ;
#127 = ORIENTED_EDGE ( 'NONE', *, *, #157, .T. ) ;
#128 = CONICAL_SURFACE ( 'NONE', #704, 1.774999999999997025, 0.7853981633974522758 ) ;
#129 = EDGE_CURVE ( 'NONE', #622, #1114, #736, .T. ) ;
#130 = ADVANCED_FACE ( 'NONE', ( #1067 ), #2071, .T. ) ;
#131 = CARTESIAN_POINT ( 'NONE',  ( 141.9149999999999920, 1.799999999999999600, -6.499999999999999112 ) ) ;
#132 = AXIS2_PLACEMENT_3D ( 'NONE', #1134, #953, #497 ) ;
#133 = CIRCLE ( 'NONE', #1940, 3.000000000000002665 ) ;
#134 = DIRECTION ( 'NONE',  ( 0.000000000000000000, 0.000000000000000000, -1.000000000000000000 ) ) ;
#135 = CIRCLE ( 'NONE', #1945, 1.449999999999993072 ) ;
#136 = ORIENTED_EDGE ( 'NONE', *, *, #1464, .F. ) ;
#137 = LINE ( 'NONE', #1507, #1991 ) ;
#138 = CARTESIAN_POINT ( 'NONE',  ( 0.000000000000000000, 0.000000000000000000, -60.00000000000000000 ) ) ;
#139 = CARTESIAN_POINT ( 'NONE',  ( 49.99999999999998579, 12.67499999999999538, -51.99999999999999289 ) ) ;
#140 = ORIENTED_EDGE ( 'NONE', *, *, #2291, .F. ) ;
#141 = FACE_OUTER_BOUND ( 'NONE', #2439, .T. ) ;
#142 = ORIENTED_EDGE ( 'NONE', *, *, #2404, .F. ) ;
#143 = PRODUCT_DEFINITION_CONTEXT ( 'detailed design', #2063, 'design' ) ;
#144 = EDGE_CURVE ( 'NONE', #2302, #1544, #117, .T. ) ;
#145 = ADVANCED_FACE ( 'NONE', ( #2034 ), #326, .F. ) ;
#146 = LINE ( 'NONE', #927, #22 ) ;
#147 = CARTESIAN_POINT ( 'NONE',  ( 49.99999999999998579, 12.67499999999999538, -53.44999999999998153 ) ) ;
#148 = CARTESIAN_POINT ( 'NONE',  ( 6.000000000000001776, 13.00000000000000355, -8.000000000000000000 ) ) ;
#149 = CARTESIAN_POINT ( 'NONE',  ( 141.9149999999999920, 2.999999999999999112, -3.500000000000004441 ) ) ;
#150 = ORIENTED_EDGE ( 'NONE', *, *, #2365, .F. ) ;
#151 = ORIENTED_EDGE ( 'NONE', *, *, #477, .T. ) ;
#152 = DIRECTION ( 'NONE',  ( -0.000000000000000000, -1.000000000000000000, -0.000000000000000000 ) ) ;
#153 = VERTEX_POINT ( 'NONE', #1844 ) ;
#154 = LINE ( 'NONE', #1189, #2524 ) ;
#155 = CARTESIAN_POINT ( 'NONE',  ( 49.99999999999998579, 1.799999999999999600, -6.550000000000021139 ) ) ;
#156 = VERTEX_POINT ( 'NONE', #2247 ) ;
#157 = EDGE_CURVE ( 'NONE', #937, #1635, #1866, .T. ) ;
#158 = FACE_OUTER_BOUND ( 'NONE', #857, .T. ) ;
#159 = DIRECTION ( 'NONE',  ( 0.000000000000000000, 0.000000000000000000, -1.000000000000000000 ) ) ;
#160 = ORIENTED_EDGE ( 'NONE', *, *, #1204, .T. ) ;
#161 = AXIS2_PLACEMENT_3D ( 'NONE', #1767, #2336, #772 ) ;
#162 = DIRECTION ( 'NONE',  ( 0.000000000000000000, 0.000000000000000000, 1.000000000000000000 ) ) ;
#163 = CIRCLE ( 'NONE', #121, 1.774999999999998801 ) ;
#164 = ORIENTED_EDGE ( 'NONE', *, *, #357, .F. ) ;
#165 = ORIENTED_EDGE ( 'NONE', *, *, #896, .T. ) ;
#166 = VECTOR ( 'NONE', #2239, 1000.000000000000000 ) ;
#167 = DIRECTION ( 'NONE',  ( 0.000000000000000000, 0.000000000000000000, -1.000000000000000000 ) ) ;
#168 = CIRCLE ( 'NONE', #1528, 1.449999999999985967 ) ;
#169 = DIRECTION ( 'NONE',  ( 1.049727191138617833E-16, 0.5150380749100552658, -0.8571673007021116675 ) ) ;
#170 = AXIS2_PLACEMENT_3D ( 'NONE', #1268, #2053, #1236 ) ;
#171 = DIRECTION ( 'NONE',  ( 0.000000000000000000, 1.000000000000000000, -0.000000000000000000 ) ) ;
#172 = ORIENTED_EDGE ( 'NONE', *, *, #1205, .F. ) ;
#173 = AXIS2_PLACEMENT_3D ( 'NONE', #1802, #2337, #1563 ) ;
#174 = VECTOR ( 'NONE', #1812, 1000.000000000000000 ) ;
#175 = EDGE_CURVE ( 'NONE', #1709, #2214, #1723, .T. ) ;
#176 = ADVANCED_FACE ( 'NONE', ( #1502 ), #516, .T. ) ;
#177 = DIRECTION ( 'NONE',  ( 0.000000000000000000, 0.000000000000000000, 1.000000000000000000 ) ) ;
#178 = ORIENTED_EDGE ( 'NONE', *, *, #2253, .T. ) ;
#179 = AXIS2_PLACEMENT_3D ( 'NONE', #1195, #1984, #223 ) ;
#180 = DIRECTION ( 'NONE',  ( 0.000000000000000000, 0.000000000000000000, 1.000000000000000000 ) ) ;
#181 = ORIENTED_EDGE ( 'NONE', *, *, #775, .F. ) ;
#182 = DIRECTION ( 'NONE',  ( -0.000000000000000000, 1.000000000000000000, -0.000000000000000000 ) ) ;
#183 = CARTESIAN_POINT ( 'NONE',  ( 22.25000000000000355, -1.734723475976807094E-15, -45.00000000000000000 ) ) ;
#184 = CARTESIAN_POINT ( 'NONE',  ( 6.000000000000001776, 13.00000000000000178, -48.99999999999999289 ) ) ;
#185 = CARTESIAN_POINT ( 'NONE',  ( 122.7499999999999574, 3.000000000000000000, -46.45000000000000284 ) ) ;
#186 = DIRECTION ( 'NONE',  ( 0.000000000000000000, 0.000000000000000000, -1.000000000000000000 ) ) ;
#187 = ORIENTED_EDGE ( 'NONE', *, *, #318, .F. ) ;
#188 = EDGE_LOOP ( 'NONE', ( #726, #1581, #1185, #1130 ) ) ;
#189 = DIRECTION ( 'NONE',  ( 0.000000000000000000, 0.000000000000000000, -1.000000000000000000 ) ) ;
#190 = FACE_OUTER_BOUND ( 'NONE', #1614, .T. ) ;
#191 = CARTESIAN_POINT ( 'NONE',  ( 141.9149999999999920, 1.799999999999999600, -7.949999999999977973 ) ) ;
#192 = VERTEX_POINT ( 'NONE', #1426 ) ;
#193 = DIRECTION ( 'NONE',  ( -0.000000000000000000, 1.000000000000000000, -0.000000000000000000 ) ) ;
#194 = EDGE_CURVE ( 'NONE', #2335, #2002, #2508, .T. ) ;
#195 = EDGE_LOOP ( 'NONE', ( #1763, #2118, #2355, #813 ) ) ;
#196 = ORIENTED_EDGE ( 'NONE', *, *, #2463, .F. ) ;
#197 = DIRECTION ( 'NONE',  ( -0.000000000000000000, -1.000000000000000000, -0.000000000000000000 ) ) ;
#198 = CARTESIAN_POINT ( 'NONE',  ( 6.000000000000001776, 13.00000000000000355, -52.00000000000000000 ) ) ;
#199 = EDGE_CURVE ( 'NONE', #1688, #1120, #565, .T. ) ;
#200 = DIRECTION ( 'NONE',  ( 0.000000000000000000, 0.000000000000000000, -1.000000000000000000 ) ) ;
#201 = DIRECTION ( 'NONE',  ( -0.000000000000000000, -1.000000000000000000, -0.000000000000000000 ) ) ;
#202 = ORIENTED_EDGE ( 'NONE', *, *, #1705, .T. ) ;
#203 = DIRECTION ( 'NONE',  ( 0.000000000000000000, -0.000000000000000000, 1.000000000000000000 ) ) ;
#204 = CARTESIAN_POINT ( 'NONE',  ( 22.25000000000000355, -1.734723475976807094E-15, -46.77499999999999858 ) ) ;
#205 = CARTESIAN_POINT ( 'NONE',  ( 22.25000000000000355, -1.734723475976807094E-15, -46.77499999999999858 ) ) ;
#206 = CARTESIAN_POINT ( 'NONE',  ( 141.9149999999999920, 12.67499999999999538, -53.50000000000000000 ) ) ;
#207 = ORIENTED_EDGE ( 'NONE', *, *, #831, .F. ) ;
#208 = EDGE_LOOP ( 'NONE', ( #2217, #1071, #127, #975 ) ) ;
#209 = ORIENTED_EDGE ( 'NONE', *, *, #930, .T. ) ;
#210 = DIRECTION ( 'NONE',  ( 0.000000000000000000, 0.000000000000000000, 1.000000000000000000 ) ) ;
#211 = DIRECTION ( 'NONE',  ( -0.000000000000000000, 1.000000000000000000, -0.000000000000000000 ) ) ;
#212 = AXIS2_PLACEMENT_3D ( 'NONE', #1776, #1142, #359 ) ;
#213 = ADVANCED_FACE ( 'NONE', ( #821 ), #1753, .T. ) ;
#214 = EDGE_CURVE ( 'NONE', #2390, #448, #2376, .T. ) ;
#215 = AXIS2_PLACEMENT_3D ( 'NONE', #433, #1845, #2394 ) ;
#216 = CIRCLE ( 'NONE', #1311, 3.000000000000002665 ) ;
#217 = ORIENTED_EDGE ( 'NONE', *, *, #1769, .T. ) ;
#218 = CONICAL_SURFACE ( 'NONE', #2265, 1.449999999999979083, 1.029744258676653201 ) ;
#219 = ORIENTED_EDGE ( 'NONE', *, *, #671, .F. ) ;
#220 = DIRECTION ( 'NONE',  ( 0.000000000000000000, 0.000000000000000000, -1.000000000000000000 ) ) ;
#221 = COLOUR_RGB ( '',0.7921568627450980005, 0.8196078431372548767, 0.9333333333333333481 ) ;
#222 = CARTESIAN_POINT ( 'NONE',  ( 141.9149999999999920, 2.999999999999999112, -9.499999999999992895 ) ) ;
#223 = DIRECTION ( 'NONE',  ( 0.000000000000000000, 0.000000000000000000, 1.000000000000000000 ) ) ;
#224 = ORIENTED_EDGE ( 'NONE', *, *, #329, .F. ) ;
#225 = AXIS2_PLACEMENT_3D ( 'NONE', #2372, #1607, #2383 ) ;
#226 = DIRECTION ( 'NONE',  ( 0.000000000000000000, 0.000000000000000000, 1.000000000000000000 ) ) ;
#227 = AXIS2_PLACEMENT_3D ( 'NONE', #1543, #1734, #2494 ) ;
#228 = ORIENTED_EDGE ( 'NONE', *, *, #1002, .F. ) ;
#229 = DIRECTION ( 'NONE',  ( 0.000000000000000000, 0.000000000000000000, 1.000000000000000000 ) ) ;
#230 = DIRECTION ( 'NONE',  ( 1.049727191138618572E-16, 0.5150380749100542666, -0.8571673007021122226 ) ) ;
#231 = VECTOR ( 'NONE', #169, 1000.000000000000000 ) ;
#232 = EDGE_CURVE ( 'NONE', #2161, #1796, #487, .T. ) ;
#233 = ORIENTED_EDGE ( 'NONE', *, *, #1867, .F. ) ;
#234 = PRODUCT ( '\X2\4e3b677f652f67b6\X0\', '\X2\4e3b677f652f67b6\X0\', '', ( #2488 ) ) ;
#235 = ORIENTED_EDGE ( 'NONE', *, *, #1020, .T. ) ;
#236 = CARTESIAN_POINT ( 'NONE',  ( 141.9149999999999920, 13.00000000000000178, -3.500000000000004441 ) ) ;
#237 = DIRECTION ( 'NONE',  ( -0.000000000000000000, -1.000000000000000000, -0.000000000000000000 ) ) ;
#238 = DIRECTION ( 'NONE',  ( 0.000000000000000000, 0.000000000000000000, 1.000000000000000000 ) ) ;
#239 = ORIENTED_EDGE ( 'NONE', *, *, #860, .F. ) ;
#240 = DIRECTION ( 'NONE',  ( 1.000000000000000000, 0.000000000000000000, 0.000000000000000000 ) ) ;
#241 =( NAMED_UNIT ( * ) SI_UNIT ( $, .STERADIAN. ) SOLID_ANGLE_UNIT ( ) );
#242 = ORIENTED_EDGE ( 'NONE', *, *, #1652, .F. ) ;
#243 = ORIENTED_EDGE ( 'NONE', *, *, #1479, .T. ) ;
#244 = CARTESIAN_POINT ( 'NONE',  ( 6.000000000000001776, 13.00000000000000355, -50.22500000000000142 ) ) ;
#245 = CARTESIAN_POINT ( 'NONE',  ( 141.9149999999999920, 1.799999999999999600, -6.499999999999999112 ) ) ;
#246 = FACE_OUTER_BOUND ( 'NONE', #789, .T. ) ;
#247 = DIRECTION ( 'NONE',  ( 0.000000000000000000, 0.000000000000000000, -1.000000000000000000 ) ) ;
#248 = DIRECTION ( 'NONE',  ( 0.000000000000000000, 0.000000000000000000, 1.000000000000000000 ) ) ;
#249 = CARTESIAN_POINT ( 'NONE',  ( 59.08499999999999375, 13.00000000000000178, -3.499999999999997335 ) ) ;
#250 = DIRECTION ( 'NONE',  ( -0.000000000000000000, -1.000000000000000000, -0.000000000000000000 ) ) ;
#251 = EDGE_CURVE ( 'NONE', #2069, #270, #2539, .T. ) ;
#252 = ORIENTED_EDGE ( 'NONE', *, *, #443, .T. ) ;
#253 = CARTESIAN_POINT ( 'NONE',  ( 49.99999999999996447, 13.00000000000000178, -11.00000000000000888 ) ) ;
#254 = ORIENTED_EDGE ( 'NONE', *, *, #2019, .T. ) ;
#255 = ORIENTED_EDGE ( 'NONE', *, *, #1140, .F. ) ;
#256 = DIRECTION ( 'NONE',  ( -0.000000000000000000, -1.000000000000000000, -0.000000000000000000 ) ) ;
#257 = VECTOR ( 'NONE', #197, 1000.000000000000000 ) ;
#258 = CIRCLE ( 'NONE', #566, 1.449999999999993072 ) ;
#259 =( LENGTH_UNIT ( ) NAMED_UNIT ( * ) SI_UNIT ( .MILLI., .METRE. ) );
#260 = EDGE_LOOP ( 'NONE', ( #2418, #2157, #181, #1608 ) ) ;
#261 = DIRECTION ( 'NONE',  ( 0.000000000000000000, 0.000000000000000000, -1.000000000000000000 ) ) ;
#262 = AXIS2_PLACEMENT_3D ( 'NONE', #299, #886, #1631 ) ;
#263 = CARTESIAN_POINT ( 'NONE',  ( 59.08499999999999375, 1.799999999999999600, -52.04999999999999716 ) ) ;
#264 = CARTESIAN_POINT ( 'NONE',  ( 49.99999999999996447, 13.00000000000000178, -11.00000000000001066 ) ) ;
#265 = EDGE_LOOP ( 'NONE', ( #1004, #1722 ) ) ;
#266 = CARTESIAN_POINT ( 'NONE',  ( 59.08499999999999375, 13.00000000000000355, -6.500000000000012434 ) ) ;
#267 = AXIS2_PLACEMENT_3D ( 'NONE', #1030, #387, #2540 ) ;
#268 = EDGE_CURVE ( 'NONE', #19, #1860, #2088, .T. ) ;
#269 = EDGE_CURVE ( 'NONE', #1977, #322, #2555, .T. ) ;
#270 = VERTEX_POINT ( 'NONE', #604 ) ;
#271 = CIRCLE ( 'NONE', #1006, 1.449999999999985967 ) ;
#272 = DIRECTION ( 'NONE',  ( -0.000000000000000000, -0.000000000000000000, 1.000000000000000000 ) ) ;
#273 = AXIS2_PLACEMENT_3D ( 'NONE', #472, #887, #877 ) ;
#274 = DIRECTION ( 'NONE',  ( -0.000000000000000000, 1.000000000000000000, -0.000000000000000000 ) ) ;
#275 = DIRECTION ( 'NONE',  ( -0.000000000000000000, -1.000000000000000000, -0.000000000000000000 ) ) ;
#276 = DIRECTION ( 'NONE',  ( 0.000000000000000000, 0.000000000000000000, -1.000000000000000000 ) ) ;
#277 = FACE_OUTER_BOUND ( 'NONE', #1064, .T. ) ;
#278 = CARTESIAN_POINT ( 'NONE',  ( 141.9149999999999920, 13.00000000000000178, -53.50000000000000000 ) ) ;
#279 = DIRECTION ( 'NONE',  ( -0.000000000000000000, 1.000000000000000000, -0.000000000000000000 ) ) ;
#280 = ORIENTED_EDGE ( 'NONE', *, *, #175, .T. ) ;
#281 = ADVANCED_FACE ( 'NONE', ( #2168 ), #1029, .F. ) ;
#282 = ADVANCED_FACE ( 'NONE', ( #1399 ), #1387, .F. ) ;
#283 = FACE_OUTER_BOUND ( 'NONE', #1702, .T. ) ;
#284 = EDGE_CURVE ( 'NONE', #2371, #1160, #1629, .T. ) ;
#285 = CARTESIAN_POINT ( 'NONE',  ( 122.7499999999999574, -1.734723475976807094E-15, -45.00000000000001421 ) ) ;
#286 = DIRECTION ( 'NONE',  ( -0.000000000000000000, -1.000000000000000000, -0.000000000000000000 ) ) ;
#287 = DIRECTION ( 'NONE',  ( 0.000000000000000000, 0.000000000000000000, 1.000000000000000000 ) ) ;
#288 = CARTESIAN_POINT ( 'NONE',  ( 0.000000000000000000, 3.000000000000000000, -60.00000000000000000 ) ) ;
#289 = DIRECTION ( 'NONE',  ( 0.000000000000000000, 0.000000000000000000, 1.000000000000000000 ) ) ;
#290 = DIRECTION ( 'NONE',  ( 0.000000000000000000, 0.000000000000000000, 1.000000000000000000 ) ) ;
#291 = ORIENTED_EDGE ( 'NONE', *, *, #852, .F. ) ;
#292 = FACE_OUTER_BOUND ( 'NONE', #910, .T. ) ;
#293 = VECTOR ( 'NONE', #1774, 1000.000000000000000 ) ;
#294 = EDGE_CURVE ( 'NONE', #1258, #2079, #1583, .T. ) ;
#295 = EDGE_CURVE ( 'NONE', #2002, #1878, #2359, .T. ) ;
#296 = DIRECTION ( 'NONE',  ( 8.659560562354921765E-17, -0.7071067811865484609, 0.7071067811865465735 ) ) ;
#297 = CARTESIAN_POINT ( 'NONE',  ( 49.99999999999996447, 13.00000000000000178, -8.000000000000007105 ) ) ;
#298 = CIRCLE ( 'NONE', #996, 1.775000000000002354 ) ;
#299 = CARTESIAN_POINT ( 'NONE',  ( 59.08499999999999375, 13.00000000000000178, -6.500000000000012434 ) ) ;
#300 = DIRECTION ( 'NONE',  ( -0.000000000000000000, 1.000000000000000000, -0.000000000000000000 ) ) ;
#301 = VECTOR ( 'NONE', #667, 1000.000000000000000 ) ;
#302 = CIRCLE ( 'NONE', #1078, 1.774999999999998801 ) ;
#303 = ORIENTED_EDGE ( 'NONE', *, *, #75, .T. ) ;
#304 = AXIS2_PLACEMENT_3D ( 'NONE', #1902, #1332, #1133 ) ;
#305 = CARTESIAN_POINT ( 'NONE',  ( 59.08499999999999375, 13.00000000000000355, -8.275000000000011013 ) ) ;
#306 = AXIS2_PLACEMENT_3D ( 'NONE', #804, #54, #583 ) ;
#307 = DIRECTION ( 'NONE',  ( 0.000000000000000000, 0.000000000000000000, -1.000000000000000000 ) ) ;
#308 = ADVANCED_FACE ( 'NONE', ( #399 ), #1197, .F. ) ;
#309 = EDGE_CURVE ( 'NONE', #1013, #192, #2387, .T. ) ;
#310 = DIRECTION ( 'NONE',  ( -0.000000000000000000, -1.000000000000000000, -0.000000000000000000 ) ) ;
#311 = AXIS2_PLACEMENT_3D ( 'NONE', #1469, #1612, #1663 ) ;
#312 = DIRECTION ( 'NONE',  ( 0.000000000000000000, -0.7071067811865445751, -0.7071067811865503483 ) ) ;
#313 = ORIENTED_EDGE ( 'NONE', *, *, #2279, .T. ) ;
#314 = ORIENTED_EDGE ( 'NONE', *, *, #2207, .T. ) ;
#315 = VERTEX_POINT ( 'NONE', #85 ) ;
#316 = DIRECTION ( 'NONE',  ( 0.000000000000000000, 0.000000000000000000, 1.000000000000000000 ) ) ;
#317 = DIRECTION ( 'NONE',  ( -1.000000000000000000, -0.000000000000000000, -0.000000000000000000 ) ) ;
#318 = EDGE_CURVE ( 'NONE', #2057, #430, #2237, .T. ) ;
#319 = EDGE_CURVE ( 'NONE', #543, #720, #1859, .T. ) ;
#320 = LINE ( 'NONE', #1886, #2235 ) ;
#321 = EDGE_LOOP ( 'NONE', ( #178, #1899, #2507, #931 ) ) ;
#322 = VERTEX_POINT ( 'NONE', #1182 ) ;
#323 = ORIENTED_EDGE ( 'NONE', *, *, #1065, .F. ) ;
#324 = CARTESIAN_POINT ( 'NONE',  ( 22.25000000000000355, 3.000000000000000000, -16.44999999999999218 ) ) ;
#325 = DIRECTION ( 'NONE',  ( 0.000000000000000000, 0.000000000000000000, -1.000000000000000000 ) ) ;
#326 = CONICAL_SURFACE ( 'NONE', #2338, 1.774999999999998801, 0.7853981633974670418 ) ;
#327 = DIRECTION ( 'NONE',  ( 0.000000000000000000, 0.7071067811865439090, 0.7071067811865512365 ) ) ;
#328 = ORIENTED_EDGE ( 'NONE', *, *, #2074, .T. ) ;
#329 = EDGE_CURVE ( 'NONE', #2002, #2335, #1242, .T. ) ;
#330 = AXIS2_PLACEMENT_3D ( 'NONE', #2117, #1947, #2091 ) ;
#331 = ORIENTED_EDGE ( 'NONE', *, *, #319, .T. ) ;
#332 = DIRECTION ( 'NONE',  ( -0.000000000000000000, -1.000000000000000000, -0.000000000000000000 ) ) ;
#333 = DIRECTION ( 'NONE',  ( -0.000000000000000000, 1.000000000000000000, -0.000000000000000000 ) ) ;
#334 = CONICAL_SURFACE ( 'NONE', #2349, 1.449999999999979083, 1.029744258676653201 ) ;
#335 = AXIS2_PLACEMENT_3D ( 'NONE', #463, #1634, #2452 ) ;
#336 = DIRECTION ( 'NONE',  ( 1.049727191138617833E-16, 0.5150380749100552658, -0.8571673007021116675 ) ) ;
#337 = VECTOR ( 'NONE', #1070, 1000.000000000000000 ) ;
#338 = VERTEX_POINT ( 'NONE', #95 ) ;
#339 = PLANE ( 'NONE',  #2301 ) ;
#340 = CARTESIAN_POINT ( 'NONE',  ( 59.08499999999999375, 2.999999999999999112, -53.49999999999998579 ) ) ;
#341 = ORIENTED_EDGE ( 'NONE', *, *, #1906, .F. ) ;
#342 = DIRECTION ( 'NONE',  ( 0.000000000000000000, 0.000000000000000000, -1.000000000000000000 ) ) ;
#343 = ORIENTED_EDGE ( 'NONE', *, *, #913, .F. ) ;
#344 = CARTESIAN_POINT ( 'NONE',  ( 122.7499999999999574, -1.734723475976807094E-15, -14.99999999999998757 ) ) ;
#345 = EDGE_CURVE ( 'NONE', #1160, #754, #298, .T. ) ;
#346 = DIRECTION ( 'NONE',  ( 0.000000000000000000, 0.000000000000000000, -1.000000000000000000 ) ) ;
#347 = DIRECTION ( 'NONE',  ( -0.000000000000000000, 1.000000000000000000, -0.000000000000000000 ) ) ;
#348 = ORIENTED_EDGE ( 'NONE', *, *, #1770, .F. ) ;
#349 = DIRECTION ( 'NONE',  ( 0.000000000000000000, 0.000000000000000000, -1.000000000000000000 ) ) ;
#350 = ORIENTED_EDGE ( 'NONE', *, *, #1056, .F. ) ;
#351 = DIRECTION ( 'NONE',  ( 0.000000000000000000, 0.000000000000000000, 1.000000000000000000 ) ) ;
#352 = ORIENTED_EDGE ( 'NONE', *, *, #1704, .F. ) ;
#353 = DIRECTION ( 'NONE',  ( -0.000000000000000000, -1.000000000000000000, -0.000000000000000000 ) ) ;
#354 = DIRECTION ( 'NONE',  ( 0.000000000000000000, 1.000000000000000000, 0.000000000000000000 ) ) ;
#355 = ADVANCED_FACE ( 'NONE', ( #647, #2008 ), #65, .F. ) ;
#356 = DIRECTION ( 'NONE',  ( 0.000000000000000000, 1.000000000000000000, 0.000000000000000000 ) ) ;
#357 = EDGE_CURVE ( 'NONE', #1013, #2319, #1686, .T. ) ;
#358 = EDGE_LOOP ( 'NONE', ( #239, #533, #1743, #1908 ) ) ;
#359 = DIRECTION ( 'NONE',  ( 0.000000000000000000, 0.000000000000000000, 1.000000000000000000 ) ) ;
#360 = ORIENTED_EDGE ( 'NONE', *, *, #2364, .F. ) ;
#361 = AXIS2_PLACEMENT_3D ( 'NONE', #570, #1000, #2187 ) ;
#362 = DIRECTION ( 'NONE',  ( -0.000000000000000000, 1.000000000000000000, -0.000000000000000000 ) ) ;
#363 = CIRCLE ( 'NONE', #1357, 1.449999999999999956 ) ;
#364 = EDGE_LOOP ( 'NONE', ( #2022, #1386, #1718, #1390 ) ) ;
#365 = ORIENTED_EDGE ( 'NONE', *, *, #1104, .F. ) ;
#366 = AXIS2_PLACEMENT_3D ( 'NONE', #2178, #815, #1593 ) ;
#367 = FACE_BOUND ( 'NONE', #717, .T. ) ;
#368 = CIRCLE ( 'NONE', #170, 1.449999999999999956 ) ;
#369 = CARTESIAN_POINT ( 'NONE',  ( 5.999999999999998224, 2.999999999999999112, -8.000000000000000000 ) ) ;
#370 = DIRECTION ( 'NONE',  ( -0.000000000000000000, -1.000000000000000000, -0.000000000000000000 ) ) ;
#371 = VERTEX_POINT ( 'NONE', #1679 ) ;
#372 = AXIS2_PLACEMENT_3D ( 'NONE', #1986, #1180, #382 ) ;
#373 = EDGE_CURVE ( 'NONE', #1880, #156, #1314, .T. ) ;
#374 = ADVANCED_FACE ( 'NONE', ( #2076 ), #1521, .F. ) ;
#375 = ORIENTED_EDGE ( 'NONE', *, *, #1955, .F. ) ;
#376 = DIRECTION ( 'NONE',  ( -0.000000000000000000, -1.000000000000000000, -0.000000000000000000 ) ) ;
#377 = DIRECTION ( 'NONE',  ( 0.000000000000000000, 0.000000000000000000, 1.000000000000000000 ) ) ;
#378 = DIRECTION ( 'NONE',  ( 0.000000000000000000, 0.000000000000000000, 1.000000000000000000 ) ) ;
#379 = ADVANCED_FACE ( 'NONE', ( #2348, #963 ), #1122, .T. ) ;
#380 = ORIENTED_EDGE ( 'NONE', *, *, #157, .F. ) ;
#381 = AXIS2_PLACEMENT_3D ( 'NONE', #1173, #1551, #989 ) ;
#382 = DIRECTION ( 'NONE',  ( 0.000000000000000000, 0.000000000000000000, 1.000000000000000000 ) ) ;
#383 = CIRCLE ( 'NONE', #1423, 1.774999999999998801 ) ;
#384 = ORIENTED_EDGE ( 'NONE', *, *, #357, .T. ) ;
#385 = CARTESIAN_POINT ( 'NONE',  ( 49.99999999999998579, 12.67499999999999538, -6.550000000000014033 ) ) ;
#386 = VERTEX_POINT ( 'NONE', #1909 ) ;
#387 = DIRECTION ( 'NONE',  ( -0.000000000000000000, -1.000000000000000000, -0.000000000000000000 ) ) ;
#388 = FACE_OUTER_BOUND ( 'NONE', #1681, .T. ) ;
#389 = CARTESIAN_POINT ( 'NONE',  ( 59.08499999999999375, 13.00000000000000355, -55.27499999999998437 ) ) ;
#390 = EDGE_LOOP ( 'NONE', ( #1401, #32, #1541, #1437 ) ) ;
#391 = CARTESIAN_POINT ( 'NONE',  ( 141.9149999999999920, 2.999999999999999112, -53.50000000000000000 ) ) ;
#392 = CARTESIAN_POINT ( 'NONE',  ( 6.000000000000001776, 13.00000000000000178, -52.00000000000000000 ) ) ;
#393 = DIRECTION ( 'NONE',  ( -0.000000000000000000, 1.000000000000000000, -0.000000000000000000 ) ) ;
#394 = ORIENTED_EDGE ( 'NONE', *, *, #1639, .T. ) ;
#395 = EDGE_CURVE ( 'NONE', #2509, #430, #120, .T. ) ;
#396 = EDGE_CURVE ( 'NONE', #990, #1979, #1138, .T. ) ;
#397 = ORIENTED_EDGE ( 'NONE', *, *, #727, .F. ) ;
#398 = ORIENTED_EDGE ( 'NONE', *, *, #2282, .T. ) ;
#399 = FACE_OUTER_BOUND ( 'NONE', #2206, .T. ) ;
#400 = DIRECTION ( 'NONE',  ( -0.000000000000000000, 1.000000000000000000, -0.000000000000000000 ) ) ;
#401 = CARTESIAN_POINT ( 'NONE',  ( 49.99999999999998579, 1.799999999999999600, -51.99999999999999289 ) ) ;
#402 = EDGE_LOOP ( 'NONE', ( #1738, #675 ) ) ;
#403 = VERTEX_POINT ( 'NONE', #2150 ) ;
#404 = DIRECTION ( 'NONE',  ( -0.000000000000000000, 1.000000000000000000, -0.000000000000000000 ) ) ;
#405 = DIRECTION ( 'NONE',  ( 0.000000000000000000, 0.000000000000000000, 1.000000000000000000 ) ) ;
#406 = FACE_OUTER_BOUND ( 'NONE', #1174, .T. ) ;
#407 = VERTEX_POINT ( 'NONE', #1542 ) ;
#408 = DIRECTION ( 'NONE',  ( 0.000000000000000000, 0.7071067811865419106, 0.7071067811865531239 ) ) ;
#409 = ORIENTED_EDGE ( 'NONE', *, *, #2019, .F. ) ;
#410 = EDGE_CURVE ( 'NONE', #2132, #156, #2126, .T. ) ;
#411 = DIRECTION ( 'NONE',  ( -0.000000000000000000, -1.000000000000000000, -0.000000000000000000 ) ) ;
#412 = CARTESIAN_POINT ( 'NONE',  ( 59.08499999999999375, 13.00000000000000178, -6.499999999999999112 ) ) ;
#413 = AXIS2_PLACEMENT_3D ( 'NONE', #1347, #1151, #708 ) ;
#414 = DIRECTION ( 'NONE',  ( -0.000000000000000000, -1.000000000000000000, -0.000000000000000000 ) ) ;
#415 = VECTOR ( 'NONE', #53, 1000.000000000000000 ) ;
#416 = ORIENTED_EDGE ( 'NONE', *, *, #2010, .T. ) ;
#417 = CONICAL_SURFACE ( 'NONE', #1626, 1.449999999999985967, 1.029744258676653201 ) ;
#418 = ORIENTED_EDGE ( 'NONE', *, *, #742, .F. ) ;
#419 = DIRECTION ( 'NONE',  ( -0.000000000000000000, 1.000000000000000000, -0.000000000000000000 ) ) ;
#420 = CONICAL_SURFACE ( 'NONE', #796, 1.449999999999985967, 1.029744258676653201 ) ;
#421 = CYLINDRICAL_SURFACE ( 'NONE', #1573, 2.999999999999993783 ) ;
#422 = PLANE ( 'NONE',  #1900 ) ;
#423 = EDGE_LOOP ( 'NONE', ( #508, #1257, #2471, #1218 ) ) ;
#424 = VECTOR ( 'NONE', #256, 1000.000000000000000 ) ;
#425 =( NAMED_UNIT ( * ) PLANE_ANGLE_UNIT ( ) SI_UNIT ( $, .RADIAN. ) );
#426 = EDGE_LOOP ( 'NONE', ( #2326, #384 ) ) ;
#427 = ORIENTED_EDGE ( 'NONE', *, *, #2478, .T. ) ;
#428 = DIRECTION ( 'NONE',  ( 0.000000000000000000, 0.000000000000000000, -1.000000000000000000 ) ) ;
#429 = AXIS2_PLACEMENT_3D ( 'NONE', #2160, #956, #1946 ) ;
#430 = VERTEX_POINT ( 'NONE', #2094 ) ;
#431 = EDGE_CURVE ( 'NONE', #2079, #754, #2532, .T. ) ;
#432 = ORIENTED_EDGE ( 'NONE', *, *, #62, .F. ) ;
#433 = CARTESIAN_POINT ( 'NONE',  ( 141.9149999999999920, 1.799999999999999600, -53.50000000000000000 ) ) ;
#434 = CARTESIAN_POINT ( 'NONE',  ( 49.99999999999996447, 2.999999999999999112, -8.000000000000007105 ) ) ;
#435 = FACE_OUTER_BOUND ( 'NONE', #364, .T. ) ;
#436 = EDGE_LOOP ( 'NONE', ( #707, #1598 ) ) ;
#437 = DIRECTION ( 'NONE',  ( -0.000000000000000000, 1.000000000000000000, -0.000000000000000000 ) ) ;
#438 = SURFACE_SIDE_STYLE ('',( #18 ) ) ;
#439 = ORIENTED_EDGE ( 'NONE', *, *, #554, .F. ) ;
#440 = CARTESIAN_POINT ( 'NONE',  ( 6.000000000000001776, 13.00000000000000178, -52.00000000000000000 ) ) ;
#441 = CARTESIAN_POINT ( 'NONE',  ( 122.7499999999999574, 0.3250000000000015099, -16.44999999999997797 ) ) ;
#442 = ORIENTED_EDGE ( 'NONE', *, *, #872, .F. ) ;
#443 = EDGE_CURVE ( 'NONE', #1833, #536, #11, .T. ) ;
#444 = EDGE_CURVE ( 'NONE', #2264, #2180, #1040, .T. ) ;
#445 = DIRECTION ( 'NONE',  ( 0.000000000000000000, -1.000000000000000000, 0.000000000000000000 ) ) ;
#446 = FACE_OUTER_BOUND ( 'NONE', #1758, .T. ) ;
#447 = DIRECTION ( 'NONE',  ( -0.000000000000000000, 1.000000000000000000, -0.000000000000000000 ) ) ;
#448 = VERTEX_POINT ( 'NONE', #2328 ) ;
#449 = DIRECTION ( 'NONE',  ( -0.000000000000000000, 1.000000000000000000, -0.000000000000000000 ) ) ;
#450 = CARTESIAN_POINT ( 'NONE',  ( 0.000000000000000000, 3.000000000000000000, 0.000000000000000000 ) ) ;
#451 = ORIENTED_EDGE ( 'NONE', *, *, #2253, .F. ) ;
#452 = ORIENTED_EDGE ( 'NONE', *, *, #539, .F. ) ;
#453 = VECTOR ( 'NONE', #1609, 1000.000000000000000 ) ;
#454 = AXIS2_PLACEMENT_3D ( 'NONE', #854, #2367, #220 ) ;
#455 = DIRECTION ( 'NONE',  ( 1.049727191138617833E-16, 0.5150380749100552658, -0.8571673007021116675 ) ) ;
#456 = AXIS2_PLACEMENT_3D ( 'NONE', #1928, #941, #531 ) ;
#457 = CARTESIAN_POINT ( 'NONE',  ( 6.000000000000001776, 12.67499999999999538, -6.550000000000010481 ) ) ;
#458 = EDGE_CURVE ( 'NONE', #588, #192, #785, .T. ) ;
#459 = EDGE_CURVE ( 'NONE', #820, #995, #1717, .T. ) ;
#460 = DIRECTION ( 'NONE',  ( -0.000000000000000000, 1.000000000000000000, -0.000000000000000000 ) ) ;
#461 = DIRECTION ( 'NONE',  ( 0.000000000000000000, 0.000000000000000000, -1.000000000000000000 ) ) ;
#462 = ORIENTED_EDGE ( 'NONE', *, *, #1265, .F. ) ;
#463 = CARTESIAN_POINT ( 'NONE',  ( 59.08499999999999375, 1.799999999999999600, -6.500000000000012434 ) ) ;
#464 = ADVANCED_FACE ( 'NONE', ( #780 ), #3, .F. ) ;
#465 = ORIENTED_EDGE ( 'NONE', *, *, #1183, .F. ) ;
#466 = AXIS2_PLACEMENT_3D ( 'NONE', #1898, #1936, #159 ) ;
#467 = ORIENTED_EDGE ( 'NONE', *, *, #2404, .T. ) ;
#468 = CIRCLE ( 'NONE', #714, 1.449999999999989519 ) ;
#469 = DIRECTION ( 'NONE',  ( 8.659560562354979697E-17, 0.7071067811865439090, -0.7071067811865512365 ) ) ;
#470 = DIRECTION ( 'NONE',  ( 0.000000000000000000, 1.000000000000000000, 0.000000000000000000 ) ) ;
#471 = DIRECTION ( 'NONE',  ( -0.000000000000000000, 1.000000000000000000, -0.000000000000000000 ) ) ;
#472 = CARTESIAN_POINT ( 'NONE',  ( 141.9149999999999920, 13.00000000000000355, -53.50000000000000000 ) ) ;
#473 = DIRECTION ( 'NONE',  ( -0.000000000000000000, 1.000000000000000000, -0.000000000000000000 ) ) ;
#474 = ORIENTED_EDGE ( 'NONE', *, *, #1973, .F. ) ;
#475 = LINE ( 'NONE', #882, #424 ) ;
#476 = EDGE_CURVE ( 'NONE', #2263, #1391, #490, .T. ) ;
#477 = EDGE_CURVE ( 'NONE', #322, #2264, #756, .T. ) ;
#478 = FACE_OUTER_BOUND ( 'NONE', #1298, .T. ) ;
#479 = DIRECTION ( 'NONE',  ( -0.000000000000000000, 1.000000000000000000, -0.000000000000000000 ) ) ;
#480 = DIRECTION ( 'NONE',  ( -0.000000000000000000, 1.000000000000000000, -0.000000000000000000 ) ) ;
#481 = CARTESIAN_POINT ( 'NONE',  ( 6.000000000000001776, 13.00000000000000355, -52.00000000000000000 ) ) ;
#482 = ORIENTED_EDGE ( 'NONE', *, *, #25, .T. ) ;
#483 = ORIENTED_EDGE ( 'NONE', *, *, #1162, .F. ) ;
#484 = EDGE_CURVE ( 'NONE', #2347, #1766, #1934, .T. ) ;
#485 = ADVANCED_FACE ( 'NONE', ( #158 ), #1161, .F. ) ;
#486 = AXIS2_PLACEMENT_3D ( 'NONE', #2271, #108, #884 ) ;
#487 = CIRCLE ( 'NONE', #1978, 1.449999999999979083 ) ;
#488 = LINE ( 'NONE', #2042, #1720 ) ;
#489 = DIRECTION ( 'NONE',  ( -0.000000000000000000, -1.000000000000000000, -0.000000000000000000 ) ) ;
#490 = CIRCLE ( 'NONE', #49, 2.999999999999994227 ) ;
#491 = CARTESIAN_POINT ( 'NONE',  ( 59.08499999999998664, 0.9287521024100471312, -6.500000000000012434 ) ) ;
#492 = CONICAL_SURFACE ( 'NONE', #456, 1.775000000000000577, 0.7853981633974536081 ) ;
#493 = ORIENTED_EDGE ( 'NONE', *, *, #1704, .T. ) ;
#494 = CIRCLE ( 'NONE', #2029, 1.449999999999993072 ) ;
#495 = ORIENTED_EDGE ( 'NONE', *, *, #759, .T. ) ;
#496 = EDGE_LOOP ( 'NONE', ( #1346, #1384 ) ) ;
#497 = DIRECTION ( 'NONE',  ( 0.000000000000000000, 0.000000000000000000, 1.000000000000000000 ) ) ;
#498 = CIRCLE ( 'NONE', #1086, 1.774999999999998801 ) ;
#499 = VECTOR ( 'NONE', #1655, 1000.000000000000000 ) ;
#500 = DIRECTION ( 'NONE',  ( -0.000000000000000000, 1.000000000000000000, -0.000000000000000000 ) ) ;
#501 = ADVANCED_FACE ( 'NONE', ( #977, #1760 ), #2546, .T. ) ;
#502 = DIRECTION ( 'NONE',  ( 0.000000000000000000, 0.000000000000000000, -1.000000000000000000 ) ) ;
#503 = AXIS2_PLACEMENT_3D ( 'NONE', #795, #2324, #2500 ) ;
#504 = DIRECTION ( 'NONE',  ( 0.000000000000000000, 0.000000000000000000, -1.000000000000000000 ) ) ;
#505 = VERTEX_POINT ( 'NONE', #1641 ) ;
#506 = ORIENTED_EDGE ( 'NONE', *, *, #1102, .F. ) ;
#507 = ORIENTED_EDGE ( 'NONE', *, *, #2421, .T. ) ;
#508 = ORIENTED_EDGE ( 'NONE', *, *, #2269, .F. ) ;
#509 = DIRECTION ( 'NONE',  ( 0.000000000000000000, 0.000000000000000000, 1.000000000000000000 ) ) ;
#510 = EDGE_CURVE ( 'NONE', #1330, #1957, #1980, .T. ) ;
#511 = EDGE_CURVE ( 'NONE', #2496, #371, #1490, .T. ) ;
#512 = ORIENTED_EDGE ( 'NONE', *, *, #2290, .F. ) ;
#513 = ORIENTED_EDGE ( 'NONE', *, *, #2306, .F. ) ;
#514 = CARTESIAN_POINT ( 'NONE',  ( 6.000000000000001776, 1.799999999999999600, -50.55000000000001137 ) ) ;
#515 = ORIENTED_EDGE ( 'NONE', *, *, #1531, .T. ) ;
#516 = CYLINDRICAL_SURFACE ( 'NONE', #901, 3.000000000000002665 ) ;
#517 = FACE_OUTER_BOUND ( 'NONE', #2345, .T. ) ;
#518 = ORIENTED_EDGE ( 'NONE', *, *, #759, .F. ) ;
#519 = FACE_OUTER_BOUND ( 'NONE', #564, .T. ) ;
#520 = CIRCLE ( 'NONE', #454, 1.774999999999998801 ) ;
#521 = VERTEX_POINT ( 'NONE', #1235 ) ;
#522 = VECTOR ( 'NONE', #1706, 1000.000000000000000 ) ;
#523 = EDGE_CURVE ( 'NONE', #2551, #843, #1451, .T. ) ;
#524 = ORIENTED_EDGE ( 'NONE', *, *, #1162, .T. ) ;
#525 = AXIS2_PLACEMENT_3D ( 'NONE', #2450, #2220, #682 ) ;
#526 = LINE ( 'NONE', #184, #2230 ) ;
#527 = AXIS2_PLACEMENT_3D ( 'NONE', #450, #983, #2357 ) ;
#528 = ORIENTED_EDGE ( 'NONE', *, *, #175, .F. ) ;
#529 = DIRECTION ( 'NONE',  ( 1.049727191138617833E-16, 0.5150380749100552658, -0.8571673007021116675 ) ) ;
#530 = AXIS2_PLACEMENT_3D ( 'NONE', #1232, #83, #868 ) ;
#531 = DIRECTION ( 'NONE',  ( 0.000000000000000000, 0.000000000000000000, 1.000000000000000000 ) ) ;
#532 = VECTOR ( 'NONE', #598, 1000.000000000000000 ) ;
#533 = ORIENTED_EDGE ( 'NONE', *, *, #2323, .T. ) ;
#534 = DIRECTION ( 'NONE',  ( 0.000000000000000000, 0.000000000000000000, -1.000000000000000000 ) ) ;
#535 = EDGE_LOOP ( 'NONE', ( #462, #2518, #493, #779 ) ) ;
#536 = VERTEX_POINT ( 'NONE', #595 ) ;
#537 = CARTESIAN_POINT ( 'NONE',  ( 6.000000000000001776, 13.00000000000000355, -53.77499999999999858 ) ) ;
#538 = EDGE_CURVE ( 'NONE', #2180, #2264, #2089, .T. ) ;
#539 = EDGE_CURVE ( 'NONE', #2347, #1601, #1592, .T. ) ;
#540 = CARTESIAN_POINT ( 'NONE',  ( 49.99999999999998579, 13.00000000000000178, -8.000000000000007105 ) ) ;
#541 = CARTESIAN_POINT ( 'NONE',  ( 0.000000000000000000, 3.000000000000000000, 0.000000000000000000 ) ) ;
#542 = FACE_OUTER_BOUND ( 'NONE', #2492, .T. ) ;
#543 = VERTEX_POINT ( 'NONE', #2380 ) ;
#544 = DIRECTION ( 'NONE',  ( -0.000000000000000000, 1.000000000000000000, -0.000000000000000000 ) ) ;
#545 = DIRECTION ( 'NONE',  ( -0.000000000000000000, -1.000000000000000000, -0.000000000000000000 ) ) ;
#546 = FACE_OUTER_BOUND ( 'NONE', #1500, .T. ) ;
#547 = EDGE_LOOP ( 'NONE', ( #2144, #1953, #1999 ) ) ;
#548 = LINE ( 'NONE', #1344, #1897 ) ;
#549 = EDGE_LOOP ( 'NONE', ( #350, #2199, #303, #643 ) ) ;
#550 = DIRECTION ( 'NONE',  ( 0.000000000000000000, 0.000000000000000000, -1.000000000000000000 ) ) ;
#551 = ORIENTED_EDGE ( 'NONE', *, *, #2243, .F. ) ;
#552 = FACE_OUTER_BOUND ( 'NONE', #1990, .T. ) ;
#553 = FACE_OUTER_BOUND ( 'NONE', #615, .T. ) ;
#554 = EDGE_CURVE ( 'NONE', #1860, #19, #1659, .T. ) ;
#555 = EDGE_CURVE ( 'NONE', #1957, #2335, #839, .T. ) ;
#556 = FACE_OUTER_BOUND ( 'NONE', #2313, .T. ) ;
#557 = DIRECTION ( 'NONE',  ( -0.000000000000000000, 1.000000000000000000, -0.000000000000000000 ) ) ;
#558 = ORIENTED_EDGE ( 'NONE', *, *, #742, .T. ) ;
#559 = EDGE_CURVE ( 'NONE', #2308, #1103, #1076, .T. ) ;
#560 = VERTEX_POINT ( 'NONE', #457 ) ;
#561 = CARTESIAN_POINT ( 'NONE',  ( 6.000000000000001776, 1.799999999999999600, -8.000000000000000000 ) ) ;
#562 = CARTESIAN_POINT ( 'NONE',  ( 49.99999999999998579, 2.999999999999999112, -51.99999999999999289 ) ) ;
#563 = CARTESIAN_POINT ( 'NONE',  ( 6.000000000000001776, 1.799999999999999600, -52.00000000000000000 ) ) ;
#564 = EDGE_LOOP ( 'NONE', ( #688, #1149, #2166, #233 ) ) ;
#565 = CIRCLE ( 'NONE', #1616, 1.774999999999998801 ) ;
#566 = AXIS2_PLACEMENT_3D ( 'NONE', #2449, #903, #2072 ) ;
#567 = EDGE_LOOP ( 'NONE', ( #1910, #586 ) ) ;
#568 = LINE ( 'NONE', #1305, #2515 ) ;
#569 = ORIENTED_EDGE ( 'NONE', *, *, #1955, .T. ) ;
#570 = CARTESIAN_POINT ( 'NONE',  ( 122.7499999999999574, 0.000000000000000000, -14.99999999999998757 ) ) ;
#571 = AXIS2_PLACEMENT_3D ( 'NONE', #974, #370, #765 ) ;
#572 = DIRECTION ( 'NONE',  ( -0.000000000000000000, 1.000000000000000000, -0.000000000000000000 ) ) ;
#573 = DIRECTION ( 'NONE',  ( 0.000000000000000000, 0.000000000000000000, 1.000000000000000000 ) ) ;
#574 = AXIS2_PLACEMENT_3D ( 'NONE', #2377, #2388, #1815 ) ;
#575 = LINE ( 'NONE', #2129, #2344 ) ;
#576 = ORIENTED_EDGE ( 'NONE', *, *, #928, .F. ) ;
#577 = CIRCLE ( 'NONE', #99, 1.774999999999998801 ) ;
#578 = VERTEX_POINT ( 'NONE', #1432 ) ;
#579 = ADVANCED_FACE ( 'NONE', ( #1981 ), #52, .T. ) ;
#580 = EDGE_CURVE ( 'NONE', #1391, #1979, #1250, .T. ) ;
#581 = DIRECTION ( 'NONE',  ( 0.000000000000000000, -0.000000000000000000, 1.000000000000000000 ) ) ;
#582 = CARTESIAN_POINT ( 'NONE',  ( 141.9149999999999920, 13.00000000000000355, -8.274999999999996803 ) ) ;
#583 = DIRECTION ( 'NONE',  ( 0.000000000000000000, 0.000000000000000000, -1.000000000000000000 ) ) ;
#584 = ORIENTED_EDGE ( 'NONE', *, *, #1442, .F. ) ;
#585 = FACE_OUTER_BOUND ( 'NONE', #770, .T. ) ;
#586 = ORIENTED_EDGE ( 'NONE', *, *, #1842, .F. ) ;
#587 = CARTESIAN_POINT ( 'NONE',  ( 59.08499999999999375, 12.67499999999999538, -7.949999999999998401 ) ) ;
#588 = VERTEX_POINT ( 'NONE', #1022 ) ;
#589 = ORIENTED_EDGE ( 'NONE', *, *, #511, .T. ) ;
#590 = DIRECTION ( 'NONE',  ( -0.000000000000000000, 1.000000000000000000, -0.000000000000000000 ) ) ;
#591 = LINE ( 'NONE', #2360, #2445 ) ;
#592 = LINE ( 'NONE', #1389, #1901 ) ;
#593 = EDGE_LOOP ( 'NONE', ( #365, #650, #1343 ) ) ;
#594 = ORIENTED_EDGE ( 'NONE', *, *, #268, .T. ) ;
#595 = CARTESIAN_POINT ( 'NONE',  ( 5.999999999999998224, 2.999999999999999112, -5.000000000000000888 ) ) ;
#596 = ADVANCED_FACE ( 'NONE', ( #1818 ), #946, .F. ) ;
#597 = DIRECTION ( 'NONE',  ( 0.000000000000000000, -0.000000000000000000, 1.000000000000000000 ) ) ;
#598 = DIRECTION ( 'NONE',  ( -0.000000000000000000, -1.000000000000000000, -0.000000000000000000 ) ) ;
#599 = ORIENTED_EDGE ( 'NONE', *, *, #1842, .T. ) ;
#600 = CARTESIAN_POINT ( 'NONE',  ( 6.000000000000001776, 1.799999999999999600, -6.550000000000012257 ) ) ;
#601 = VERTEX_POINT ( 'NONE', #1630 ) ;
#602 = EDGE_LOOP ( 'NONE', ( #114, #235 ) ) ;
#603 = ORIENTED_EDGE ( 'NONE', *, *, #1749, .T. ) ;
#604 = CARTESIAN_POINT ( 'NONE',  ( 122.7499999999999574, 0.3250000000000015099, -43.55000000000001847 ) ) ;
#605 = DIRECTION ( 'NONE',  ( -0.000000000000000000, 1.000000000000000000, -0.000000000000000000 ) ) ;
#606 = EDGE_LOOP ( 'NONE', ( #1710, #82, #1047, #1942 ) ) ;
#607 = ORIENTED_EDGE ( 'NONE', *, *, #1564, .F. ) ;
#608 = DIRECTION ( 'NONE',  ( 0.000000000000000000, 0.000000000000000000, -1.000000000000000000 ) ) ;
#609 = CARTESIAN_POINT ( 'NONE',  ( 122.7499999999999574, 0.000000000000000000, -13.54999999999999361 ) ) ;
#610 = DIRECTION ( 'NONE',  ( 0.000000000000000000, 0.000000000000000000, -1.000000000000000000 ) ) ;
#611 = VERTEX_POINT ( 'NONE', #2411 ) ;
#612 = DIRECTION ( 'NONE',  ( 0.000000000000000000, 0.5150380749100552658, 0.8571673007021116675 ) ) ;
#613 = VECTOR ( 'NONE', #1814, 1000.000000000000000 ) ;
#614 = ORIENTED_EDGE ( 'NONE', *, *, #696, .F. ) ;
#615 = EDGE_LOOP ( 'NONE', ( #1715, #2141, #1339, #209 ) ) ;
#616 = DIRECTION ( 'NONE',  ( 0.000000000000000000, 0.000000000000000000, 1.000000000000000000 ) ) ;
#617 = FACE_BOUND ( 'NONE', #1025, .T. ) ;
#618 = ADVANCED_FACE ( 'NONE', ( #1226, #642 ), #1806, .F. ) ;
#619 = VECTOR ( 'NONE', #2158, 999.9999999999998863 ) ;
#620 = AXIS2_PLACEMENT_3D ( 'NONE', #1950, #2316, #189 ) ;
#621 = CONICAL_SURFACE ( 'NONE', #1622, 1.449999999999985967, 1.029744258676653201 ) ;
#622 = VERTEX_POINT ( 'NONE', #1834 ) ;
#623 = LINE ( 'NONE', #837, #679 ) ;
#624 = FACE_OUTER_BOUND ( 'NONE', #1132, .T. ) ;
#625 = DIRECTION ( 'NONE',  ( 0.000000000000000000, 0.000000000000000000, 1.000000000000000000 ) ) ;
#626 = VECTOR ( 'NONE', #572, 1000.000000000000000 ) ;
#627 = EDGE_LOOP ( 'NONE', ( #343, #2167 ) ) ;
#628 = LINE ( 'NONE', #1798, #2130 ) ;
#629 = CARTESIAN_POINT ( 'NONE',  ( 59.08499999999999375, 2.999999999999999112, -50.49999999999998579 ) ) ;
#630 = ORIENTED_EDGE ( 'NONE', *, *, #477, .F. ) ;
#631 = AXIS2_PLACEMENT_3D ( 'NONE', #2038, #437, #1063 ) ;
#632 = CARTESIAN_POINT ( 'NONE',  ( 59.08499999999999375, 2.999999999999999112, -6.499999999999999112 ) ) ;
#633 = AXIS2_PLACEMENT_3D ( 'NONE', #1165, #1967, #1952 ) ;
#634 = FACE_OUTER_BOUND ( 'NONE', #2070, .T. ) ;
#635 = EDGE_LOOP ( 'NONE', ( #432, #2277, #889, #569 ) ) ;
#636 = CYLINDRICAL_SURFACE ( 'NONE', #706, 2.999999999999995559 ) ;
#637 = AXIS2_PLACEMENT_3D ( 'NONE', #2216, #1430, #2205 ) ;
#638 = EDGE_CURVE ( 'NONE', #1544, #995, #520, .T. ) ;
#639 = ADVANCED_FACE ( 'NONE', ( #1008 ), #27, .T. ) ;
#640 = DIRECTION ( 'NONE',  ( -0.000000000000000000, -1.000000000000000000, -0.000000000000000000 ) ) ;
#641 = CARTESIAN_POINT ( 'NONE',  ( 49.99999999999998579, 13.00000000000000178, -51.99999999999999289 ) ) ;
#642 = FACE_OUTER_BOUND ( 'NONE', #402, .T. ) ;
#643 = ORIENTED_EDGE ( 'NONE', *, *, #1183, .T. ) ;
#644 = CARTESIAN_POINT ( 'NONE',  ( 59.08499999999999375, 13.00000000000000355, -4.725000000000013856 ) ) ;
#645 = DIRECTION ( 'NONE',  ( -0.000000000000000000, 1.000000000000000000, -0.000000000000000000 ) ) ;
#646 = ORIENTED_EDGE ( 'NONE', *, *, #559, .F. ) ;
#647 = FACE_BOUND ( 'NONE', #1933, .T. ) ;
#648 = DIRECTION ( 'NONE',  ( 0.000000000000000000, 0.000000000000000000, 1.000000000000000000 ) ) ;
#649 = ORIENTED_EDGE ( 'NONE', *, *, #1867, .T. ) ;
#650 = ORIENTED_EDGE ( 'NONE', *, *, #1652, .T. ) ;
#651 = ADVANCED_FACE ( 'NONE', ( #1869 ), #2051, .T. ) ;
#652 = EDGE_CURVE ( 'NONE', #407, #1356, #2081, .T. ) ;
#653 = CARTESIAN_POINT ( 'NONE',  ( 49.99999999999998579, 1.799999999999999600, -53.44999999999997442 ) ) ;
#654 = ORIENTED_EDGE ( 'NONE', *, *, #1002, .T. ) ;
#655 = EDGE_CURVE ( 'NONE', #2331, #1780, #1862, .T. ) ;
#656 = DIRECTION ( 'NONE',  ( 0.000000000000000000, 0.000000000000000000, 1.000000000000000000 ) ) ;
#657 = CARTESIAN_POINT ( 'NONE',  ( 49.99999999999998579, 1.799999999999999600, -8.000000000000007105 ) ) ;
#658 = PLANE ( 'NONE',  #2142 ) ;
#659 = ORIENTED_EDGE ( 'NONE', *, *, #2472, .F. ) ;
#660 = CYLINDRICAL_SURFACE ( 'NONE', #1416, 1.449999999999979083 ) ;
#661 = ORIENTED_EDGE ( 'NONE', *, *, #1291, .F. ) ;
#662 = VECTOR ( 'NONE', #455, 1000.000000000000000 ) ;
#663 = DIRECTION ( 'NONE',  ( 0.000000000000000000, 0.000000000000000000, 1.000000000000000000 ) ) ;
#664 = AXIS2_PLACEMENT_3D ( 'NONE', #1392, #1032, #656 ) ;
#665 = CYLINDRICAL_SURFACE ( 'NONE', #2294, 1.449999999999989519 ) ;
#666 = CIRCLE ( 'NONE', #1276, 1.449999999999985967 ) ;
#667 = DIRECTION ( 'NONE',  ( 0.000000000000000000, 0.5150380749100552658, 0.8571673007021116675 ) ) ;
#668 = FACE_OUTER_BOUND ( 'NONE', #1168, .T. ) ;
#669 = CARTESIAN_POINT ( 'NONE',  ( 122.7499999999999574, 3.000000000000000000, -45.00000000000001421 ) ) ;
#670 = EDGE_CURVE ( 'NONE', #1114, #951, #2281, .T. ) ;
#671 = EDGE_CURVE ( 'NONE', #2302, #820, #363, .T. ) ;
#672 = DIRECTION ( 'NONE',  ( 0.000000000000000000, 0.000000000000000000, -1.000000000000000000 ) ) ;
#673 = AXIS2_PLACEMENT_3D ( 'NONE', #2497, #2334, #2111 ) ;
#674 = CARTESIAN_POINT ( 'NONE',  ( 6.000000000000001776, 1.799999999999999600, -52.00000000000000000 ) ) ;
#675 = ORIENTED_EDGE ( 'NONE', *, *, #1792, .T. ) ;
#676 = CIRCLE ( 'NONE', #2270, 3.000000000000000888 ) ;
#677 = LINE ( 'NONE', #1861, #1831 ) ;
#678 = VECTOR ( 'NONE', #2459, 1000.000000000000000 ) ;
#679 = VECTOR ( 'NONE', #640, 1000.000000000000000 ) ;
#680 = CARTESIAN_POINT ( 'NONE',  ( 49.99999999999998579, 1.799999999999999600, -9.449999999999993960 ) ) ;
#681 = FACE_OUTER_BOUND ( 'NONE', #1200, .T. ) ;
#682 = DIRECTION ( 'NONE',  ( 0.000000000000000000, 0.000000000000000000, -1.000000000000000000 ) ) ;
#683 = CARTESIAN_POINT ( 'NONE',  ( 5.999999999999998224, 2.999999999999999112, -8.000000000000000000 ) ) ;
#684 = LINE ( 'NONE', #1254, #1284 ) ;
#685 = ADVANCED_FACE ( 'NONE', ( #2458 ), #2238, .F. ) ;
#686 = EDGE_LOOP ( 'NONE', ( #914, #165, #1674, #1699 ) ) ;
#687 = DIRECTION ( 'NONE',  ( -0.000000000000000000, -1.000000000000000000, -0.000000000000000000 ) ) ;
#688 = ORIENTED_EDGE ( 'NONE', *, *, #1670, .F. ) ;
#689 = CYLINDRICAL_SURFACE ( 'NONE', #911, 1.449999999999989519 ) ;
#690 = CARTESIAN_POINT ( 'NONE',  ( 0.000000000000000000, 0.000000000000000000, 0.000000000000000000 ) ) ;
#691 = DIRECTION ( 'NONE',  ( -0.000000000000000000, 1.000000000000000000, -0.000000000000000000 ) ) ;
#692 = DIRECTION ( 'NONE',  ( -0.000000000000000000, 1.000000000000000000, -0.000000000000000000 ) ) ;
#693 = LINE ( 'NONE', #2250, #1323 ) ;
#694 = LINE ( 'NONE', #1110, #2517 ) ;
#695 = EDGE_LOOP ( 'NONE', ( #1559, #757, #923, #2109 ) ) ;
#696 = EDGE_CURVE ( 'NONE', #371, #2496, #163, .T. ) ;
#697 = DIRECTION ( 'NONE',  ( 1.000000000000000000, 0.000000000000000000, 0.000000000000000000 ) ) ;
#698 = AXIS2_PLACEMENT_3D ( 'NONE', #148, #544, #2303 ) ;
#699 = FACE_OUTER_BOUND ( 'NONE', #1097, .T. ) ;
#700 = APPLICATION_CONTEXT ( 'automotive_design' ) ;
#701 = LINE ( 'NONE', #87, #2225 ) ;
#702 = AXIS2_PLACEMENT_3D ( 'NONE', #1471, #1683, #325 ) ;
#703 = VECTOR ( 'NONE', #1212, 999.9999999999998863 ) ;
#704 = AXIS2_PLACEMENT_3D ( 'NONE', #1739, #2527, #2322 ) ;
#705 = ORIENTED_EDGE ( 'NONE', *, *, #431, .T. ) ;
#706 = AXIS2_PLACEMENT_3D ( 'NONE', #2431, #1850, #1427 ) ;
#707 = ORIENTED_EDGE ( 'NONE', *, *, #395, .F. ) ;
#708 = DIRECTION ( 'NONE',  ( 0.000000000000000000, 0.000000000000000000, -1.000000000000000000 ) ) ;
#709 = CONICAL_SURFACE ( 'NONE', #1053, 1.774999999999998801, 0.7853981633974536081 ) ;
#710 = DIRECTION ( 'NONE',  ( -0.000000000000000000, -1.000000000000000000, -0.000000000000000000 ) ) ;
#711 = EDGE_CURVE ( 'NONE', #36, #543, #110, .T. ) ;
#712 = ADVANCED_FACE ( 'NONE', ( #1260 ), #2272, .T. ) ;
#713 = SHAPE_DEFINITION_REPRESENTATION ( #731, #762 ) ;
#714 = AXIS2_PLACEMENT_3D ( 'NONE', #1438, #1247, #2032 ) ;
#715 = LINE ( 'NONE', #680, #662 ) ;
#716 = CARTESIAN_POINT ( 'NONE',  ( 59.08499999999999375, 13.00000000000000178, -52.04999999999999716 ) ) ;
#717 = EDGE_LOOP ( 'NONE', ( #1937, #1589 ) ) ;
#718 = DIRECTION ( 'NONE',  ( 0.000000000000000000, 0.000000000000000000, 1.000000000000000000 ) ) ;
#719 = LINE ( 'NONE', #1342, #1159 ) ;
#720 = VERTEX_POINT ( 'NONE', #885 ) ;
#721 = ORIENTED_EDGE ( 'NONE', *, *, #760, .F. ) ;
#722 = FACE_OUTER_BOUND ( 'NONE', #1243, .T. ) ;
#723 = PRODUCT_DEFINITION ( 'æœ', '', #1325, #143 ) ;
#724 = EDGE_CURVE ( 'NONE', #767, #403, #945, .T. ) ;
#725 = CARTESIAN_POINT ( 'NONE',  ( 59.08499999999999375, 12.67499999999999538, -6.500000000000012434 ) ) ;
#726 = ORIENTED_EDGE ( 'NONE', *, *, #2268, .F. ) ;
#727 = EDGE_CURVE ( 'NONE', #812, #1103, #1267, .T. ) ;
#728 = FACE_BOUND ( 'NONE', #2274, .T. ) ;
#729 = CARTESIAN_POINT ( 'NONE',  ( 6.000000000000001776, 12.67499999999999538, -50.55000000000001137 ) ) ;
#730 = ORIENTED_EDGE ( 'NONE', *, *, #1972, .T. ) ;
#731 = PRODUCT_DEFINITION_SHAPE ( 'NONE', 'NONE',  #723 ) ;
#732 = CARTESIAN_POINT ( 'NONE',  ( 59.08499999999999375, 1.799999999999999600, -6.500000000000012434 ) ) ;
#733 = ORIENTED_EDGE ( 'NONE', *, *, #830, .T. ) ;
#734 = DIRECTION ( 'NONE',  ( -0.000000000000000000, -1.000000000000000000, -0.000000000000000000 ) ) ;
#735 = DIRECTION ( 'NONE',  ( -0.000000000000000000, 1.000000000000000000, -0.000000000000000000 ) ) ;
#736 = CIRCLE ( 'NONE', #1038, 1.449999999999985967 ) ;
#737 = EDGE_LOOP ( 'NONE', ( #228, #1811, #2470, #1486 ) ) ;
#738 = AXIS2_PLACEMENT_3D ( 'NONE', #790, #182, #970 ) ;
#739 = DIRECTION ( 'NONE',  ( -0.000000000000000000, 1.000000000000000000, -0.000000000000000000 ) ) ;
#740 = DIRECTION ( 'NONE',  ( 0.000000000000000000, 0.5150380749100542666, 0.8571673007021122226 ) ) ;
#741 = ADVANCED_FACE ( 'NONE', ( #681 ), #2391, .F. ) ;
#742 = EDGE_CURVE ( 'NONE', #2456, #798, #701, .T. ) ;
#743 = EDGE_LOOP ( 'NONE', ( #1988, #2115, #1576 ) ) ;
#744 = AXIS2_PLACEMENT_3D ( 'NONE', #562, #1617, #2396 ) ;
#745 = EDGE_LOOP ( 'NONE', ( #1829, #1633, #243, #1595 ) ) ;
#746 = CARTESIAN_POINT ( 'NONE',  ( 49.99999999999998579, 1.799999999999999600, -53.44999999999997442 ) ) ;
#747 = ORIENTED_EDGE ( 'NONE', *, *, #1931, .T. ) ;
#748 = AXIS2_PLACEMENT_3D ( 'NONE', #1657, #279, #1789 ) ;
#749 = VECTOR ( 'NONE', #2309, 1000.000000000000000 ) ;
#750 = EDGE_LOOP ( 'NONE', ( #1402, #1476, #46 ) ) ;
#751 = DIRECTION ( 'NONE',  ( 0.000000000000000000, 0.000000000000000000, 1.000000000000000000 ) ) ;
#752 = DIRECTION ( 'NONE',  ( -0.000000000000000000, 1.000000000000000000, -0.000000000000000000 ) ) ;
#753 = AXIS2_PLACEMENT_3D ( 'NONE', #2153, #1036, #1821 ) ;
#754 = VERTEX_POINT ( 'NONE', #1100 ) ;
#755 = AXIS2_PLACEMENT_3D ( 'NONE', #2128, #1565, #1962 ) ;
#756 = LINE ( 'NONE', #1358, #870 ) ;
#757 = ORIENTED_EDGE ( 'NONE', *, *, #1749, .F. ) ;
#758 = DIRECTION ( 'NONE',  ( 0.000000000000000000, 0.000000000000000000, 1.000000000000000000 ) ) ;
#759 = EDGE_CURVE ( 'NONE', #1729, #1880, #787, .T. ) ;
#760 = EDGE_CURVE ( 'NONE', #1354, #1849, #1653, .T. ) ;
#761 = DIRECTION ( 'NONE',  ( -0.000000000000000000, 1.000000000000000000, -0.000000000000000000 ) ) ;
#762 = ADVANCED_BREP_SHAPE_REPRESENTATION ( '\X2\4e3b677f652f67b6\X0\', ( #1440, #1288 ), #2408 ) ;
#763 = ORIENTED_EDGE ( 'NONE', *, *, #2026, .F. ) ;
#764 = DIRECTION ( 'NONE',  ( 0.000000000000000000, -1.000000000000000000, 0.000000000000000000 ) ) ;
#765 = DIRECTION ( 'NONE',  ( 0.000000000000000000, 0.000000000000000000, -1.000000000000000000 ) ) ;
#766 = ORIENTED_EDGE ( 'NONE', *, *, #986, .T. ) ;
#767 = VERTEX_POINT ( 'NONE', #2256 ) ;
#768 = DIRECTION ( 'NONE',  ( -0.000000000000000000, 1.000000000000000000, -0.000000000000000000 ) ) ;
#769 = CYLINDRICAL_SURFACE ( 'NONE', #1088, 1.449999999999993072 ) ;
#770 = EDGE_LOOP ( 'NONE', ( #1219, #576, #160, #1367 ) ) ;
#771 = ORIENTED_EDGE ( 'NONE', *, *, #2478, .F. ) ;
#772 = DIRECTION ( 'NONE',  ( 0.000000000000000000, 0.000000000000000000, 1.000000000000000000 ) ) ;
#773 = CARTESIAN_POINT ( 'NONE',  ( 122.7499999999999574, -1.734723475976807094E-15, -43.22500000000001563 ) ) ;
#774 = EDGE_CURVE ( 'NONE', #2378, #1052, #258, .T. ) ;
#775 = EDGE_CURVE ( 'NONE', #1042, #1125, #1695, .T. ) ;
#776 = CYLINDRICAL_SURFACE ( 'NONE', #1998, 1.449999999999988631 ) ;
#777 = CYLINDRICAL_SURFACE ( 'NONE', #2395, 3.000000000000002665 ) ;
#778 = ORIENTED_EDGE ( 'NONE', *, *, #2190, .F. ) ;
#779 = ORIENTED_EDGE ( 'NONE', *, *, #848, .T. ) ;
#780 = FACE_OUTER_BOUND ( 'NONE', #2476, .T. ) ;
#781 = CLOSED_SHELL ( 'NONE', ( #106, #2064, #1382, #861, #2489, #2083, #1590, #485, #741, #38, #39, #1238, #1163, #464, #2191, #1903, #1255, #1914, #2133, #1396, #2280, #1458, #2134, #1841, #2384, #1222, #1101, #2502, #1275, #145, #1851, #1625, #639, #1397, #105, #213, #1680, #1021, #1648, #130, #2204, #1441, #897, #2102, #1669, #1489, #917, #501, #1513, #1689, #1, #2, #712, #618, #176, #1005, #1549, #355, #579, #943, #651, #379, #1127, #281, #2244, #1274, #1429, #308, #1353, #685, #2453, #2101, #1732, #1638, #1997, #1188, #1748, #1591, #1319, #596, #374, #2341, #849, #1116, #1506, #1840, #2040, #1302, #113, #1301, #282, #1294, #1377, #115 ) ) ;
#782 = DIRECTION ( 'NONE',  ( -1.000000000000000000, -0.000000000000000000, -0.000000000000000000 ) ) ;
#783 = DIRECTION ( 'NONE',  ( 0.000000000000000000, 0.000000000000000000, 1.000000000000000000 ) ) ;
#784 = VERTEX_POINT ( 'NONE', #2481 ) ;
#785 = CIRCLE ( 'NONE', #2219, 3.000000000000000888 ) ;
#786 = CARTESIAN_POINT ( 'NONE',  ( 59.08499999999999375, 13.00000000000000355, -6.500000000000012434 ) ) ;
#787 = CIRCLE ( 'NONE', #1141, 3.000000000000002665 ) ;
#788 = VERTEX_POINT ( 'NONE', #1540 ) ;
#789 = EDGE_LOOP ( 'NONE', ( #1365, #2124, #895, #1113 ) ) ;
#790 = CARTESIAN_POINT ( 'NONE',  ( 141.9149999999999920, 13.00000000000000178, -53.50000000000000000 ) ) ;
#791 = AXIS2_PLACEMENT_3D ( 'NONE', #841, #1164, #2329 ) ;
#792 = DIRECTION ( 'NONE',  ( 0.000000000000000000, 0.000000000000000000, 1.000000000000000000 ) ) ;
#793 = DIRECTION ( 'NONE',  ( -0.000000000000000000, 1.000000000000000000, -0.000000000000000000 ) ) ;
#794 = VECTOR ( 'NONE', #2041, 999.9999999999998863 ) ;
#795 = CARTESIAN_POINT ( 'NONE',  ( 59.08499999999999375, 13.00000000000000355, -53.49999999999998579 ) ) ;
#796 = AXIS2_PLACEMENT_3D ( 'NONE', #732, #1366, #2143 ) ;
#797 = EDGE_CURVE ( 'NONE', #2293, #622, #2105, .T. ) ;
#798 = VERTEX_POINT ( 'NONE', #2315 ) ;
#799 = CIRCLE ( 'NONE', #1697, 2.999999999999995559 ) ;
#800 = ORIENTED_EDGE ( 'NONE', *, *, #555, .F. ) ;
#801 = DIRECTION ( 'NONE',  ( -0.000000000000000000, 1.000000000000000000, -0.000000000000000000 ) ) ;
#802 = CONICAL_SURFACE ( 'NONE', #1211, 1.449999999999985967, 1.029744258676654312 ) ;
#803 = DIRECTION ( 'NONE',  ( 0.000000000000000000, 0.000000000000000000, -1.000000000000000000 ) ) ;
#804 = CARTESIAN_POINT ( 'NONE',  ( 59.08499999999999375, 2.999999999999999112, -53.49999999999998579 ) ) ;
#805 = ORIENTED_EDGE ( 'NONE', *, *, #1956, .T. ) ;
#806 = AXIS2_PLACEMENT_3D ( 'NONE', #1726, #201, #1756 ) ;
#807 = DIRECTION ( 'NONE',  ( 0.000000000000000000, 0.000000000000000000, -1.000000000000000000 ) ) ;
#808 = CARTESIAN_POINT ( 'NONE',  ( 141.9149999999999920, 12.67499999999999538, -5.050000000000019362 ) ) ;
#809 = ORIENTED_EDGE ( 'NONE', *, *, #655, .T. ) ;
#810 = DIRECTION ( 'NONE',  ( -0.000000000000000000, -1.000000000000000000, -0.000000000000000000 ) ) ;
#811 = CARTESIAN_POINT ( 'NONE',  ( 141.9149999999999920, 13.00000000000000355, -51.72500000000000142 ) ) ;
#812 = VERTEX_POINT ( 'NONE', #147 ) ;
#813 = ORIENTED_EDGE ( 'NONE', *, *, #2113, .T. ) ;
#814 = CARTESIAN_POINT ( 'NONE',  ( 49.99999999999996447, 13.00000000000000178, -8.000000000000007105 ) ) ;
#815 = DIRECTION ( 'NONE',  ( -0.000000000000000000, -1.000000000000000000, -0.000000000000000000 ) ) ;
#816 = DIRECTION ( 'NONE',  ( -0.000000000000000000, 1.000000000000000000, -0.000000000000000000 ) ) ;
#817 = EDGE_CURVE ( 'NONE', #784, #1345, #216, .T. ) ;
#818 = ORIENTED_EDGE ( 'NONE', *, *, #1223, .T. ) ;
#819 = DIRECTION ( 'NONE',  ( 0.000000000000000000, 1.000000000000000000, -0.000000000000000000 ) ) ;
#820 = VERTEX_POINT ( 'NONE', #1512 ) ;
#821 = FACE_OUTER_BOUND ( 'NONE', #980, .T. ) ;
#822 = FACE_BOUND ( 'NONE', #1546, .T. ) ;
#823 = ORIENTED_EDGE ( 'NONE', *, *, #8, .F. ) ;
#824 = ORIENTED_EDGE ( 'NONE', *, *, #373, .F. ) ;
#825 = CARTESIAN_POINT ( 'NONE',  ( 49.99999999999998579, 13.00000000000000355, -51.99999999999999289 ) ) ;
#826 = DIRECTION ( 'NONE',  ( 0.000000000000000000, 0.000000000000000000, -1.000000000000000000 ) ) ;
#827 = CARTESIAN_POINT ( 'NONE',  ( 22.25000000000000355, 0.3250000000000015099, -16.44999999999999929 ) ) ;
#828 = ORIENTED_EDGE ( 'NONE', *, *, #1504, .T. ) ;
#829 = CARTESIAN_POINT ( 'NONE',  ( 59.08499999999999375, 12.67499999999999538, -53.49999999999998579 ) ) ;
#830 = EDGE_CURVE ( 'NONE', #1333, #36, #2441, .T. ) ;
#831 = EDGE_CURVE ( 'NONE', #2195, #1148, #1894, .T. ) ;
#832 = CARTESIAN_POINT ( 'NONE',  ( 141.9149999999999920, 13.00000000000000178, -56.49999999999999289 ) ) ;
#833 = EDGE_LOOP ( 'NONE', ( #2382, #1229 ) ) ;
#834 = VECTOR ( 'NONE', #1068, 1000.000000000000000 ) ;
#835 = CIRCLE ( 'NONE', #2262, 3.000000000000002665 ) ;
#836 = CONICAL_SURFACE ( 'NONE', #1578, 1.774999999999998801, 0.7853981633974522758 ) ;
#837 = CARTESIAN_POINT ( 'NONE',  ( 49.99999999999998579, 13.00000000000000178, -48.99999999999998579 ) ) ;
#838 = ORIENTED_EDGE ( 'NONE', *, *, #831, .T. ) ;
#839 = LINE ( 'NONE', #37, #1926 ) ;
#840 = CIRCLE ( 'NONE', #59, 1.449999999999993072 ) ;
#841 = CARTESIAN_POINT ( 'NONE',  ( 122.7499999999999574, 0.3250000000000015099, -14.99999999999998757 ) ) ;
#842 = CARTESIAN_POINT ( 'NONE',  ( 0.000000000000000000, 3.000000000000000000, 0.000000000000000000 ) ) ;
#843 = VERTEX_POINT ( 'NONE', #2147 ) ;
#844 = CIRCLE ( 'NONE', #335, 1.449999999999985967 ) ;
#845 = CARTESIAN_POINT ( 'NONE',  ( 59.08499999999999375, 1.799999999999999600, -5.050000000000026468 ) ) ;
#846 = AXIS2_PLACEMENT_3D ( 'NONE', #1303, #1919, #1112 ) ;
#847 = EDGE_LOOP ( 'NONE', ( #1417, #1158, #124, #2358 ) ) ;
#848 = EDGE_CURVE ( 'NONE', #315, #788, #835, .T. ) ;
#849 = ADVANCED_FACE ( 'NONE', ( #542 ), #492, .F. ) ;
#850 = CARTESIAN_POINT ( 'NONE',  ( 122.7499999999999574, -1.734723475976807094E-15, -43.22500000000001563 ) ) ;
#851 = VECTOR ( 'NONE', #2528, 1000.000000000000000 ) ;
#852 = EDGE_CURVE ( 'NONE', #2161, #2530, #575, .T. ) ;
#853 = DIRECTION ( 'NONE',  ( -0.000000000000000000, -1.000000000000000000, -0.000000000000000000 ) ) ;
#854 = CARTESIAN_POINT ( 'NONE',  ( 22.25000000000000355, -1.734723475976807094E-15, -45.00000000000000000 ) ) ;
#855 = CARTESIAN_POINT ( 'NONE',  ( 49.99999999999998579, 1.799999999999999600, -51.99999999999999289 ) ) ;
#856 = CARTESIAN_POINT ( 'NONE',  ( 49.99999999999998579, 13.00000000000000355, -6.225000000000008527 ) ) ;
#857 = EDGE_LOOP ( 'NONE', ( #35, #1405, #24, #1963 ) ) ;
#858 = DIRECTION ( 'NONE',  ( 0.000000000000000000, 0.000000000000000000, 1.000000000000000000 ) ) ;
#859 = EDGE_LOOP ( 'NONE', ( #1794, #76, #1839 ) ) ;
#860 = EDGE_CURVE ( 'NONE', #1450, #1736, #666, .T. ) ;
#861 = ADVANCED_FACE ( 'NONE', ( #919 ), #2287, .F. ) ;
#862 = CARTESIAN_POINT ( 'NONE',  ( 141.9149999999999920, 12.67499999999999538, -7.949999999999977973 ) ) ;
#863 = DIRECTION ( 'NONE',  ( 0.000000000000000000, 0.000000000000000000, 1.000000000000000000 ) ) ;
#864 = CARTESIAN_POINT ( 'NONE',  ( 6.000000000000001776, 13.00000000000000178, -50.55000000000001137 ) ) ;
#865 = DIRECTION ( 'NONE',  ( 1.000000000000000000, -0.000000000000000000, 0.000000000000000000 ) ) ;
#866 = DIRECTION ( 'NONE',  ( 0.000000000000000000, 0.000000000000000000, 1.000000000000000000 ) ) ;
#867 = EDGE_LOOP ( 'NONE', ( #524, #2461 ) ) ;
#868 = DIRECTION ( 'NONE',  ( 0.000000000000000000, -0.000000000000000000, -1.000000000000000000 ) ) ;
#869 = VECTOR ( 'NONE', #469, 999.9999999999998863 ) ;
#870 = VECTOR ( 'NONE', #376, 1000.000000000000000 ) ;
#871 = DIRECTION ( 'NONE',  ( -0.000000000000000000, -1.000000000000000000, -0.000000000000000000 ) ) ;
#872 = EDGE_CURVE ( 'NONE', #2319, #1013, #1143, .T. ) ;
#873 = AXIS2_PLACEMENT_3D ( 'NONE', #1327, #171, #1727 ) ;
#874 = CARTESIAN_POINT ( 'NONE',  ( 49.99999999999998579, 13.00000000000000355, -9.775000000000005684 ) ) ;
#875 = CIRCLE ( 'NONE', #1246, 1.774999999999997025 ) ;
#876 = DIRECTION ( 'NONE',  ( -0.000000000000000000, 1.000000000000000000, -0.000000000000000000 ) ) ;
#877 = DIRECTION ( 'NONE',  ( 0.000000000000000000, 0.000000000000000000, 1.000000000000000000 ) ) ;
#878 = LINE ( 'NONE', #845, #2405 ) ;
#879 = AXIS2_PLACEMENT_3D ( 'NONE', #1519, #152, #342 ) ;
#880 = ORIENTED_EDGE ( 'NONE', *, *, #396, .T. ) ;
#881 = CONICAL_SURFACE ( 'NONE', #2189, 1.774999999999998801, 0.7853981633974456145 ) ;
#882 = CARTESIAN_POINT ( 'NONE',  ( 49.99999999999996447, 13.00000000000000178, -5.000000000000006217 ) ) ;
#883 = CIRCLE ( 'NONE', #918, 1.449999999999985967 ) ;
#884 = DIRECTION ( 'NONE',  ( 0.000000000000000000, 0.000000000000000000, -1.000000000000000000 ) ) ;
#885 = CARTESIAN_POINT ( 'NONE',  ( 49.99999999999998579, 13.00000000000000355, -6.225000000000008527 ) ) ;
#886 = DIRECTION ( 'NONE',  ( -0.000000000000000000, 1.000000000000000000, -0.000000000000000000 ) ) ;
#887 = DIRECTION ( 'NONE',  ( -0.000000000000000000, 1.000000000000000000, -0.000000000000000000 ) ) ;
#888 = EDGE_CURVE ( 'NONE', #611, #2060, #958, .T. ) ;
#889 = ORIENTED_EDGE ( 'NONE', *, *, #670, .T. ) ;
#890 = DIRECTION ( 'NONE',  ( 0.000000000000000000, 0.000000000000000000, 1.000000000000000000 ) ) ;
#891 = CARTESIAN_POINT ( 'NONE',  ( 49.99999999999998579, 12.67499999999999538, -9.449999999999999289 ) ) ;
#892 = DIRECTION ( 'NONE',  ( 8.659560562354909439E-17, 0.7071067811865493491, -0.7071067811865456854 ) ) ;
#893 = ORIENTED_EDGE ( 'NONE', *, *, #1930, .T. ) ;
#894 = DIRECTION ( 'NONE',  ( -0.000000000000000000, 1.000000000000000000, -0.000000000000000000 ) ) ;
#895 = ORIENTED_EDGE ( 'NONE', *, *, #2073, .T. ) ;
#896 = EDGE_CURVE ( 'NONE', #843, #601, #1742, .T. ) ;
#897 = ADVANCED_FACE ( 'NONE', ( #517 ), #1309, .F. ) ;
#898 = ORIENTED_EDGE ( 'NONE', *, *, #295, .F. ) ;
#899 = DIRECTION ( 'NONE',  ( -0.000000000000000000, -1.000000000000000000, -0.000000000000000000 ) ) ;
#900 = CONICAL_SURFACE ( 'NONE', #1520, 1.449999999999985967, 1.029744258676653201 ) ;
#901 = AXIS2_PLACEMENT_3D ( 'NONE', #1369, #411, #20 ) ;
#902 = CARTESIAN_POINT ( 'NONE',  ( 59.08499999999999375, 1.799999999999999600, -7.949999999999998401 ) ) ;
#903 = DIRECTION ( 'NONE',  ( 0.000000000000000000, -1.000000000000000000, 0.000000000000000000 ) ) ;
#904 = VECTOR ( 'NONE', #317, 1000.000000000000000 ) ;
#905 = VECTOR ( 'NONE', #1137, 1000.000000000000000 ) ;
#906 = CARTESIAN_POINT ( 'NONE',  ( 5.999999999999998224, 13.00000000000000178, -8.000000000000000000 ) ) ;
#907 = VECTOR ( 'NONE', #1459, 1000.000000000000000 ) ;
#908 = PLANE ( 'NONE',  #1929 ) ;
#909 = CARTESIAN_POINT ( 'NONE',  ( 6.000000000000001776, 12.67499999999999538, -9.449999999999990408 ) ) ;
#910 = EDGE_LOOP ( 'NONE', ( #1837, #1415, #2320, #733 ) ) ;
#911 = AXIS2_PLACEMENT_3D ( 'NONE', #540, #2499, #2526 ) ;
#912 = AXIS2_PLACEMENT_3D ( 'NONE', #2332, #1363, #758 ) ;
#913 = EDGE_CURVE ( 'NONE', #578, #1435, #1777, .T. ) ;
#914 = ORIENTED_EDGE ( 'NONE', *, *, #1057, .F. ) ;
#915 = EDGE_CURVE ( 'NONE', #1911, #767, #2543, .T. ) ;
#916 = CIRCLE ( 'NONE', #2447, 2.999999999999999112 ) ;
#917 = ADVANCED_FACE ( 'NONE', ( #1915 ), #777, .T. ) ;
#918 = AXIS2_PLACEMENT_3D ( 'NONE', #401, #1741, #1713 ) ;
#919 = FACE_OUTER_BOUND ( 'NONE', #1805, .T. ) ;
#920 = ORIENTED_EDGE ( 'NONE', *, *, #459, .T. ) ;
#921 = FACE_BOUND ( 'NONE', #265, .T. ) ;
#922 = LINE ( 'NONE', #2506, #1286 ) ;
#923 = ORIENTED_EDGE ( 'NONE', *, *, #1568, .T. ) ;
#924 = CARTESIAN_POINT ( 'NONE',  ( 145.0000000000000000, 0.000000000000000000, -60.00000000000000000 ) ) ;
#925 = ORIENTED_EDGE ( 'NONE', *, *, #2207, .F. ) ;
#926 = ORIENTED_EDGE ( 'NONE', *, *, #1868, .T. ) ;
#927 = CARTESIAN_POINT ( 'NONE',  ( 0.000000000000000000, 3.000000000000000000, 0.000000000000000000 ) ) ;
#928 = EDGE_CURVE ( 'NONE', #1736, #1450, #1359, .T. ) ;
#929 = DIRECTION ( 'NONE',  ( -0.000000000000000000, 1.000000000000000000, -0.000000000000000000 ) ) ;
#930 = EDGE_CURVE ( 'NONE', #2214, #1709, #302, .T. ) ;
#931 = ORIENTED_EDGE ( 'NONE', *, *, #775, .T. ) ;
#932 = DIRECTION ( 'NONE',  ( 0.000000000000000000, -1.000000000000000000, 0.000000000000000000 ) ) ;
#933 = CARTESIAN_POINT ( 'NONE',  ( 59.08499999999999375, 2.999999999999999112, -6.499999999999999112 ) ) ;
#934 = DIRECTION ( 'NONE',  ( -0.000000000000000000, -1.000000000000000000, -0.000000000000000000 ) ) ;
#935 = ORIENTED_EDGE ( 'NONE', *, *, #1888, .T. ) ;
#936 = FACE_OUTER_BOUND ( 'NONE', #1759, .T. ) ;
#937 = VERTEX_POINT ( 'NONE', #947 ) ;
#938 = DIRECTION ( 'NONE',  ( -0.000000000000000000, 1.000000000000000000, -0.000000000000000000 ) ) ;
#939 = VERTEX_POINT ( 'NONE', #138 ) ;
#940 = CARTESIAN_POINT ( 'NONE',  ( 5.999999999999996447, 0.9287521024100471312, -8.000000000000000000 ) ) ;
#941 = DIRECTION ( 'NONE',  ( -0.000000000000000000, 1.000000000000000000, -0.000000000000000000 ) ) ;
#942 = AXIS2_PLACEMENT_3D ( 'NONE', #2215, #5, #1190 ) ;
#943 = ADVANCED_FACE ( 'NONE', ( #1733, #122 ), #908, .F. ) ;
#944 = VERTEX_POINT ( 'NONE', #2493 ) ;
#945 = CIRCLE ( 'NONE', #2175, 1.449999999999985967 ) ;
#946 = CONICAL_SURFACE ( 'NONE', #1044, 1.774999999999998801, 0.7853981633974670418 ) ;
#947 = CARTESIAN_POINT ( 'NONE',  ( 5.999999999999998224, 13.00000000000000178, -11.00000000000000000 ) ) ;
#948 = FACE_OUTER_BOUND ( 'NONE', #549, .T. ) ;
#949 = ORIENTED_EDGE ( 'NONE', *, *, #476, .F. ) ;
#950 = ORIENTED_EDGE ( 'NONE', *, *, #294, .F. ) ;
#951 = VERTEX_POINT ( 'NONE', #1315 ) ;
#952 = CIRCLE ( 'NONE', #2400, 1.449999999999999956 ) ;
#953 = DIRECTION ( 'NONE',  ( -0.000000000000000000, 1.000000000000000000, -0.000000000000000000 ) ) ;
#954 = DIRECTION ( 'NONE',  ( 0.000000000000000000, 0.000000000000000000, -1.000000000000000000 ) ) ;
#955 = CONICAL_SURFACE ( 'NONE', #574, 1.449999999999979083, 1.029744258676653201 ) ;
#956 = DIRECTION ( 'NONE',  ( 0.000000000000000000, 1.000000000000000000, 0.000000000000000000 ) ) ;
#957 = VECTOR ( 'NONE', #2428, 1000.000000000000000 ) ;
#958 = LINE ( 'NONE', #1129, #51 ) ;
#959 = ORIENTED_EDGE ( 'NONE', *, *, #1020, .F. ) ;
#960 = VECTOR ( 'NONE', #2381, 1000.000000000000000 ) ;
#961 = ORIENTED_EDGE ( 'NONE', *, *, #1409, .T. ) ;
#962 = CIRCLE ( 'NONE', #806, 1.775000000000002354 ) ;
#963 = FACE_OUTER_BOUND ( 'NONE', #1317, .T. ) ;
#964 = ORIENTED_EDGE ( 'NONE', *, *, #2343, .T. ) ;
#965 = DIRECTION ( 'NONE',  ( 0.000000000000000000, 0.000000000000000000, 1.000000000000000000 ) ) ;
#966 = EDGE_CURVE ( 'NONE', #1435, #578, #2025, .T. ) ;
#967 = ORIENTED_EDGE ( 'NONE', *, *, #444, .T. ) ;
#968 = CARTESIAN_POINT ( 'NONE',  ( 59.08499999999999375, 1.799999999999999600, -5.050000000000026468 ) ) ;
#969 = ORIENTED_EDGE ( 'NONE', *, *, #1478, .T. ) ;
#970 = DIRECTION ( 'NONE',  ( 0.000000000000000000, 0.000000000000000000, 1.000000000000000000 ) ) ;
#971 = DIRECTION ( 'NONE',  ( 0.000000000000000000, 0.000000000000000000, 1.000000000000000000 ) ) ;
#972 = CARTESIAN_POINT ( 'NONE',  ( 59.08499999999999375, 1.799999999999999600, -53.49999999999998579 ) ) ;
#973 = CARTESIAN_POINT ( 'NONE',  ( 49.99999999999998579, 13.00000000000000178, -51.99999999999999289 ) ) ;
#974 = CARTESIAN_POINT ( 'NONE',  ( 122.7499999999999574, 0.000000000000000000, -14.99999999999998757 ) ) ;
#975 = ORIENTED_EDGE ( 'NONE', *, *, #2463, .T. ) ;
#976 = ORIENTED_EDGE ( 'NONE', *, *, #144, .T. ) ;
#977 = FACE_BOUND ( 'NONE', #496, .T. ) ;
#978 = DIRECTION ( 'NONE',  ( -0.000000000000000000, 1.000000000000000000, -0.000000000000000000 ) ) ;
#979 = DIRECTION ( 'NONE',  ( -0.000000000000000000, 1.000000000000000000, -0.000000000000000000 ) ) ;
#980 = EDGE_LOOP ( 'NONE', ( #1606, #2223, #2386, #352 ) ) ;
#981 = DIRECTION ( 'NONE',  ( -0.000000000000000000, 1.000000000000000000, -0.000000000000000000 ) ) ;
#982 = ORIENTED_EDGE ( 'NONE', *, *, #2385, .F. ) ;
#983 = DIRECTION ( 'NONE',  ( 0.000000000000000000, 0.000000000000000000, -1.000000000000000000 ) ) ;
#984 = ORIENTED_EDGE ( 'NONE', *, *, #329, .T. ) ;
#985 = EDGE_CURVE ( 'NONE', #1356, #939, #1177, .T. ) ;
#986 = EDGE_CURVE ( 'NONE', #2552, #843, #2000, .T. ) ;
#987 = DIRECTION ( 'NONE',  ( 0.000000000000000000, 0.000000000000000000, -1.000000000000000000 ) ) ;
#988 = DIRECTION ( 'NONE',  ( -0.000000000000000000, -1.000000000000000000, -0.000000000000000000 ) ) ;
#989 = DIRECTION ( 'NONE',  ( 0.000000000000000000, 0.000000000000000000, 1.000000000000000000 ) ) ;
#990 = VERTEX_POINT ( 'NONE', #222 ) ;
#991 = CARTESIAN_POINT ( 'NONE',  ( 141.9149999999999920, 13.00000000000000178, -5.050000000000019362 ) ) ;
#992 = CARTESIAN_POINT ( 'NONE',  ( 22.25000000000000355, -1.734723475976807094E-15, -16.77500000000000213 ) ) ;
#993 = CARTESIAN_POINT ( 'NONE',  ( 6.000000000000001776, 13.00000000000000355, -52.00000000000000000 ) ) ;
#994 = LINE ( 'NONE', #1594, #532 ) ;
#995 = VERTEX_POINT ( 'NONE', #205 ) ;
#996 = AXIS2_PLACEMENT_3D ( 'NONE', #1285, #2275, #807 ) ;
#997 = CARTESIAN_POINT ( 'NONE',  ( 59.08499999999999375, 12.67499999999999538, -5.050000000000026468 ) ) ;
#998 = AXIS2_PLACEMENT_3D ( 'NONE', #561, #2519, #1131 ) ;
#999 = ORIENTED_EDGE ( 'NONE', *, *, #2421, .F. ) ;
#1000 = DIRECTION ( 'NONE',  ( -0.000000000000000000, -1.000000000000000000, -0.000000000000000000 ) ) ;
#1001 = DIRECTION ( 'NONE',  ( 8.659560562354966138E-17, -0.7071067811865445751, 0.7071067811865503483 ) ) ;
#1002 = EDGE_CURVE ( 'NONE', #2371, #2079, #6, .T. ) ;
#1003 = AXIS2_PLACEMENT_3D ( 'NONE', #855, #2425, #1289 ) ;
#1004 = ORIENTED_EDGE ( 'NONE', *, *, #2370, .F. ) ;
#1005 = ADVANCED_FACE ( 'NONE', ( #1604, #190 ), #1227, .T. ) ;
#1006 = AXIS2_PLACEMENT_3D ( 'NONE', #1477, #1043, #61 ) ;
#1007 = ORIENTED_EDGE ( 'NONE', *, *, #538, .F. ) ;
#1008 = FACE_OUTER_BOUND ( 'NONE', #2048, .T. ) ;
#1009 = CIRCLE ( 'NONE', #1498, 1.449999999999979083 ) ;
#1010 = DIRECTION ( 'NONE',  ( -0.000000000000000000, 1.000000000000000000, -0.000000000000000000 ) ) ;
#1011 = CARTESIAN_POINT ( 'NONE',  ( 59.08499999999999375, 12.67499999999999538, -54.94999999999997442 ) ) ;
#1012 = VERTEX_POINT ( 'NONE', #1403 ) ;
#1013 = VERTEX_POINT ( 'NONE', #249 ) ;
#1014 = DIRECTION ( 'NONE',  ( 0.000000000000000000, 1.000000000000000000, -0.000000000000000000 ) ) ;
#1015 = LINE ( 'NONE', #773, #1935 ) ;
#1016 = DIRECTION ( 'NONE',  ( -0.000000000000000000, -1.000000000000000000, -0.000000000000000000 ) ) ;
#1017 = DIRECTION ( 'NONE',  ( 0.000000000000000000, 0.000000000000000000, -1.000000000000000000 ) ) ;
#1018 = ORIENTED_EDGE ( 'NONE', *, *, #2523, .F. ) ;
#1019 = ORIENTED_EDGE ( 'NONE', *, *, #1568, .F. ) ;
#1020 = EDGE_CURVE ( 'NONE', #2069, #2390, #1491, .T. ) ;
#1021 = ADVANCED_FACE ( 'NONE', ( #1035 ), #421, .T. ) ;
#1022 = CARTESIAN_POINT ( 'NONE',  ( 59.08499999999999375, 2.999999999999999112, -9.500000000000000000 ) ) ;
#1023 = CARTESIAN_POINT ( 'NONE',  ( 122.7499999999999574, 3.000000000000000000, -45.00000000000001421 ) ) ;
#1024 = DIRECTION ( 'NONE',  ( 1.000000000000000000, 0.000000000000000000, -0.000000000000000000 ) ) ;
#1025 = EDGE_LOOP ( 'NONE', ( #1385, #1055 ) ) ;
#1026 = DIRECTION ( 'NONE',  ( -0.000000000000000000, 1.000000000000000000, -0.000000000000000000 ) ) ;
#1027 = CYLINDRICAL_SURFACE ( 'NONE', #1150, 1.449999999999985967 ) ;
#1028 = ORIENTED_EDGE ( 'NONE', *, *, #199, .F. ) ;
#1029 = CYLINDRICAL_SURFACE ( 'NONE', #738, 1.449999999999979083 ) ;
#1030 = CARTESIAN_POINT ( 'NONE',  ( 49.99999999999998579, 13.00000000000000178, -51.99999999999999289 ) ) ;
#1031 = FACE_OUTER_BOUND ( 'NONE', #2229, .T. ) ;
#1032 = DIRECTION ( 'NONE',  ( -0.000000000000000000, 1.000000000000000000, -0.000000000000000000 ) ) ;
#1033 = EDGE_CURVE ( 'NONE', #1878, #1422, #1892, .T. ) ;
#1034 = EDGE_CURVE ( 'NONE', #2530, #371, #1820, .T. ) ;
#1035 = FACE_OUTER_BOUND ( 'NONE', #2078, .T. ) ;
#1036 = DIRECTION ( 'NONE',  ( 0.000000000000000000, 1.000000000000000000, 0.000000000000000000 ) ) ;
#1037 = ORIENTED_EDGE ( 'NONE', *, *, #510, .T. ) ;
#1038 = AXIS2_PLACEMENT_3D ( 'NONE', #1059, #500, #316 ) ;
#1039 = CARTESIAN_POINT ( 'NONE',  ( 5.999999999999998224, 13.00000000000000178, -5.000000000000000888 ) ) ;
#1040 = CIRCLE ( 'NONE', #1355, 2.999999999999995559 ) ;
#1041 = CARTESIAN_POINT ( 'NONE',  ( 49.99999999999996447, 2.999999999999999112, -5.000000000000005329 ) ) ;
#1042 = VERTEX_POINT ( 'NONE', #1808 ) ;
#1043 = DIRECTION ( 'NONE',  ( -0.000000000000000000, 1.000000000000000000, -0.000000000000000000 ) ) ;
#1044 = AXIS2_PLACEMENT_3D ( 'NONE', #2035, #801, #248 ) ;
#1045 = AXIS2_PLACEMENT_3D ( 'NONE', #1761, #2547, #2350 ) ;
#1046 = CARTESIAN_POINT ( 'NONE',  ( 49.99999999999998579, 13.00000000000000178, -51.99999999999999289 ) ) ;
#1047 = ORIENTED_EDGE ( 'NONE', *, *, #1647, .T. ) ;
#1048 = DIRECTION ( 'NONE',  ( 0.000000000000000000, -0.000000000000000000, -1.000000000000000000 ) ) ;
#1049 = AXIS2_PLACEMENT_3D ( 'NONE', #2181, #1969, #162 ) ;
#1050 = CARTESIAN_POINT ( 'NONE',  ( 59.08499999999999375, 1.799999999999999600, -7.949999999999998401 ) ) ;
#1051 = CARTESIAN_POINT ( 'NONE',  ( 59.08499999999999375, 13.00000000000000178, -9.500000000000000000 ) ) ;
#1052 = VERTEX_POINT ( 'NONE', #41 ) ;
#1053 = AXIS2_PLACEMENT_3D ( 'NONE', #481, #645, #289 ) ;
#1054 = CARTESIAN_POINT ( 'NONE',  ( 6.000000000000001776, 13.00000000000000178, -9.449999999999990408 ) ) ;
#1055 = ORIENTED_EDGE ( 'NONE', *, *, #2538, .F. ) ;
#1056 = EDGE_CURVE ( 'NONE', #1052, #2302, #1778, .T. ) ;
#1057 = EDGE_CURVE ( 'NONE', #843, #2551, #1982, .T. ) ;
#1058 = DIRECTION ( 'NONE',  ( 0.000000000000000000, 0.000000000000000000, -1.000000000000000000 ) ) ;
#1059 = CARTESIAN_POINT ( 'NONE',  ( 59.08499999999999375, 1.799999999999999600, -53.49999999999998579 ) ) ;
#1060 = DIRECTION ( 'NONE',  ( 1.049727191138618572E-16, 0.5150380749100542666, -0.8571673007021122226 ) ) ;
#1061 = CARTESIAN_POINT ( 'NONE',  ( 6.000000000000001776, 1.799999999999999600, -50.55000000000001137 ) ) ;
#1062 = CARTESIAN_POINT ( 'NONE',  ( 0.000000000000000000, 3.000000000000000000, 0.000000000000000000 ) ) ;
#1063 = DIRECTION ( 'NONE',  ( 0.000000000000000000, 0.000000000000000000, 1.000000000000000000 ) ) ;
#1064 = EDGE_LOOP ( 'NONE', ( #16, #418, #451, #1231 ) ) ;
#1065 = EDGE_CURVE ( 'NONE', #2060, #505, #1412, .T. ) ;
#1066 = CARTESIAN_POINT ( 'NONE',  ( 122.7499999999999574, 3.000000000000000000, -13.54999999999999361 ) ) ;
#1067 = FACE_OUTER_BOUND ( 'NONE', #2401, .T. ) ;
#1068 = DIRECTION ( 'NONE',  ( 0.000000000000000000, 0.000000000000000000, -1.000000000000000000 ) ) ;
#1069 = CARTESIAN_POINT ( 'NONE',  ( 59.08499999999999375, 13.00000000000000355, -55.27499999999998437 ) ) ;
#1070 = DIRECTION ( 'NONE',  ( -0.000000000000000000, 1.000000000000000000, -0.000000000000000000 ) ) ;
#1071 = ORIENTED_EDGE ( 'NONE', *, *, #1826, .F. ) ;
#1072 = DIRECTION ( 'NONE',  ( -0.000000000000000000, 1.000000000000000000, -0.000000000000000000 ) ) ;
#1073 = VERTEX_POINT ( 'NONE', #1360 ) ;
#1074 = DIRECTION ( 'NONE',  ( 0.000000000000000000, -0.000000000000000000, -1.000000000000000000 ) ) ;
#1075 = AXIS2_PLACEMENT_3D ( 'NONE', #2286, #1536, #2541 ) ;
#1076 = CIRCLE ( 'NONE', #1524, 1.774999999999998801 ) ;
#1077 = CARTESIAN_POINT ( 'NONE',  ( 59.08499999999999375, 13.00000000000000178, -53.49999999999998579 ) ) ;
#1078 = AXIS2_PLACEMENT_3D ( 'NONE', #2501, #545, #1341 ) ;
#1079 = EDGE_CURVE ( 'NONE', #19, #2241, #628, .T. ) ;
#1080 = CARTESIAN_POINT ( 'NONE',  ( 22.25000000000000355, 0.3250000000000015099, -45.00000000000000000 ) ) ;
#1081 = CIRCLE ( 'NONE', #96, 1.449999999999993072 ) ;
#1082 = CARTESIAN_POINT ( 'NONE',  ( 6.000000000000001776, 13.00000000000000178, -8.000000000000000000 ) ) ;
#1083 = CARTESIAN_POINT ( 'NONE',  ( 22.25000000000000355, 0.3250000000000015099, -43.54999999999999716 ) ) ;
#1084 = AXIS2_PLACEMENT_3D ( 'NONE', #2075, #1885, #1696 ) ;
#1085 = ORIENTED_EDGE ( 'NONE', *, *, #2087, .T. ) ;
#1086 = AXIS2_PLACEMENT_3D ( 'NONE', #31, #193, #226 ) ;
#1087 = FACE_BOUND ( 'NONE', #1383, .T. ) ;
#1088 = AXIS2_PLACEMENT_3D ( 'NONE', #1296, #1316, #2077 ) ;
#1089 = VECTOR ( 'NONE', #529, 1000.000000000000000 ) ;
#1090 = DIRECTION ( 'NONE',  ( 0.000000000000000000, 0.000000000000000000, 1.000000000000000000 ) ) ;
#1091 = CARTESIAN_POINT ( 'NONE',  ( 49.99999999999998579, 1.799999999999999600, -50.55000000000000426 ) ) ;
#1092 = DIRECTION ( 'NONE',  ( 0.000000000000000000, 0.000000000000000000, -1.000000000000000000 ) ) ;
#1093 = EDGE_CURVE ( 'NONE', #1103, #2308, #2393, .T. ) ;
#1094 = EDGE_CURVE ( 'NONE', #1422, #1878, #2513, .T. ) ;
#1095 = CARTESIAN_POINT ( 'NONE',  ( 6.000000000000001776, 13.00000000000000178, -52.00000000000000000 ) ) ;
#1096 = ORIENTED_EDGE ( 'NONE', *, *, #1793, .T. ) ;
#1097 = EDGE_LOOP ( 'NONE', ( #1547, #2245, #705, #1985 ) ) ;
#1098 = DIRECTION ( 'NONE',  ( -0.000000000000000000, -1.000000000000000000, -0.000000000000000000 ) ) ;
#1099 = DIRECTION ( 'NONE',  ( 0.000000000000000000, 0.000000000000000000, -1.000000000000000000 ) ) ;
#1100 = CARTESIAN_POINT ( 'NONE',  ( 22.25000000000000355, -1.734723475976807094E-15, -16.77500000000000213 ) ) ;
#1101 = ADVANCED_FACE ( 'NONE', ( #2164 ), #2177, .F. ) ;
#1102 = EDGE_CURVE ( 'NONE', #505, #2060, #1728, .T. ) ;
#1103 = VERTEX_POINT ( 'NONE', #2209 ) ;
#1104 = EDGE_CURVE ( 'NONE', #153, #1330, #1871, .T. ) ;
#1105 = ORIENTED_EDGE ( 'NONE', *, *, #555, .T. ) ;
#1106 = VECTOR ( 'NONE', #1313, 1000.000000000000000 ) ;
#1107 = CARTESIAN_POINT ( 'NONE',  ( 49.99999999999998579, 13.00000000000000178, -51.99999999999999289 ) ) ;
#1108 = VECTOR ( 'NONE', #336, 1000.000000000000000 ) ;
#1109 = AXIS2_PLACEMENT_3D ( 'NONE', #434, #2152, #803 ) ;
#1110 = CARTESIAN_POINT ( 'NONE',  ( 6.000000000000001776, 13.00000000000000355, -53.77499999999999858 ) ) ;
#1111 = CIRCLE ( 'NONE', #1782, 1.775000000000000577 ) ;
#1112 = DIRECTION ( 'NONE',  ( 0.000000000000000000, 0.000000000000000000, 1.000000000000000000 ) ) ;
#1113 = ORIENTED_EDGE ( 'NONE', *, *, #670, .F. ) ;
#1114 = VERTEX_POINT ( 'NONE', #263 ) ;
#1115 = ORIENTED_EDGE ( 'NONE', *, *, #727, .T. ) ;
#1116 = ADVANCED_FACE ( 'NONE', ( #1667 ), #621, .F. ) ;
#1117 = AXIS2_PLACEMENT_3D ( 'NONE', #1228, #2330, #2013 ) ;
#1118 = AXIS2_PLACEMENT_3D ( 'NONE', #1771, #354, #573 ) ;
#1119 = DIRECTION ( 'NONE',  ( 0.000000000000000000, 0.000000000000000000, 1.000000000000000000 ) ) ;
#1120 = VERTEX_POINT ( 'NONE', #2044 ) ;
#1121 = CARTESIAN_POINT ( 'NONE',  ( 0.000000000000000000, 0.000000000000000000, 0.000000000000000000 ) ) ;
#1122 = PLANE ( 'NONE',  #2258 ) ;
#1123 = ORIENTED_EDGE ( 'NONE', *, *, #1057, .T. ) ;
#1124 = FACE_OUTER_BOUND ( 'NONE', #686, .T. ) ;
#1125 = VERTEX_POINT ( 'NONE', #288 ) ;
#1126 = DIRECTION ( 'NONE',  ( -0.000000000000000000, 1.000000000000000000, -0.000000000000000000 ) ) ;
#1127 = ADVANCED_FACE ( 'NONE', ( #1654 ), #2473, .F. ) ;
#1128 = FACE_OUTER_BOUND ( 'NONE', #695, .T. ) ;
#1129 = CARTESIAN_POINT ( 'NONE',  ( 49.99999999999998579, 13.00000000000000178, -54.99999999999999289 ) ) ;
#1130 = ORIENTED_EDGE ( 'NONE', *, *, #1378, .T. ) ;
#1131 = DIRECTION ( 'NONE',  ( 0.000000000000000000, 0.000000000000000000, 1.000000000000000000 ) ) ;
#1132 = EDGE_LOOP ( 'NONE', ( #2149, #949, #1553, #880 ) ) ;
#1133 = DIRECTION ( 'NONE',  ( 0.000000000000000000, 0.000000000000000000, 1.000000000000000000 ) ) ;
#1134 = CARTESIAN_POINT ( 'NONE',  ( 59.08499999999999375, 13.00000000000000355, -53.49999999999998579 ) ) ;
#1135 = DIRECTION ( 'NONE',  ( 0.000000000000000000, 0.000000000000000000, 1.000000000000000000 ) ) ;
#1136 = DIRECTION ( 'NONE',  ( 0.000000000000000000, 0.5150380749100552658, 0.8571673007021116675 ) ) ;
#1137 = DIRECTION ( 'NONE',  ( 8.659560562355001884E-17, 0.7071067811865419106, -0.7071067811865531239 ) ) ;
#1138 = CIRCLE ( 'NONE', #2466, 2.999999999999993783 ) ;
#1139 = ORIENTED_EDGE ( 'NONE', *, *, #484, .F. ) ;
#1140 = EDGE_CURVE ( 'NONE', #1330, #2002, #79, .T. ) ;
#1141 = AXIS2_PLACEMENT_3D ( 'NONE', #78, #1494, #863 ) ;
#1142 = DIRECTION ( 'NONE',  ( -0.000000000000000000, 1.000000000000000000, -0.000000000000000000 ) ) ;
#1143 = CIRCLE ( 'NONE', #873, 3.000000000000000888 ) ;
#1144 = DIRECTION ( 'NONE',  ( 0.000000000000000000, 0.000000000000000000, 1.000000000000000000 ) ) ;
#1145 = ORIENTED_EDGE ( 'NONE', *, *, #251, .T. ) ;
#1146 = CARTESIAN_POINT ( 'NONE',  ( 49.99999999999996447, 13.00000000000000178, -5.000000000000005329 ) ) ;
#1147 = AXIS2_PLACEMENT_3D ( 'NONE', #1511, #1016, #200 ) ;
#1148 = VERTEX_POINT ( 'NONE', #1069 ) ;
#1149 = ORIENTED_EDGE ( 'NONE', *, *, #985, .F. ) ;
#1150 = AXIS2_PLACEMENT_3D ( 'NONE', #1784, #2183, #1580 ) ;
#1151 = DIRECTION ( 'NONE',  ( -0.000000000000000000, -1.000000000000000000, -0.000000000000000000 ) ) ;
#1152 = FACE_OUTER_BOUND ( 'NONE', #2285, .T. ) ;
#1153 = DIRECTION ( 'NONE',  ( 0.000000000000000000, 0.000000000000000000, 1.000000000000000000 ) ) ;
#1154 = AXIS2_PLACEMENT_3D ( 'NONE', #2200, #1858, #1462 ) ;
#1155 = CARTESIAN_POINT ( 'NONE',  ( 22.25000000000000355, 0.3250000000000015099, -13.54999999999999893 ) ) ;
#1156 = VECTOR ( 'NONE', #2397, 1000.000000000000114 ) ;
#1157 = DIRECTION ( 'NONE',  ( 8.659560562354966138E-17, -0.7071067811865445751, 0.7071067811865503483 ) ) ;
#1158 = ORIENTED_EDGE ( 'NONE', *, *, #26, .T. ) ;
#1159 = VECTOR ( 'NONE', #327, 999.9999999999998863 ) ;
#1160 = VERTEX_POINT ( 'NONE', #89 ) ;
#1161 = CYLINDRICAL_SURFACE ( 'NONE', #620, 1.449999999999993072 ) ;
#1162 = EDGE_CURVE ( 'NONE', #1209, #2552, #1364, .T. ) ;
#1163 = ADVANCED_FACE ( 'NONE', ( #668 ), #1472, .F. ) ;
#1164 = DIRECTION ( 'NONE',  ( -0.000000000000000000, -1.000000000000000000, -0.000000000000000000 ) ) ;
#1165 = CARTESIAN_POINT ( 'NONE',  ( 49.99999999999998579, 1.799999999999999600, -8.000000000000007105 ) ) ;
#1166 = ORIENTED_EDGE ( 'NONE', *, *, #1825, .F. ) ;
#1167 = LINE ( 'NONE', #1545, #2479 ) ;
#1168 = EDGE_LOOP ( 'NONE', ( #140, #926, #2521, #1019 ) ) ;
#1169 = DIRECTION ( 'NONE',  ( 0.000000000000000000, 0.000000000000000000, -1.000000000000000000 ) ) ;
#1170 = ORIENTED_EDGE ( 'NONE', *, *, #1769, .F. ) ;
#1171 = DIRECTION ( 'NONE',  ( -0.000000000000000000, -1.000000000000000000, -0.000000000000000000 ) ) ;
#1172 = CARTESIAN_POINT ( 'NONE',  ( 49.99999999999998579, 12.67499999999999538, -51.99999999999999289 ) ) ;
#1173 = CARTESIAN_POINT ( 'NONE',  ( 49.99999999999998579, 13.00000000000000355, -51.99999999999999289 ) ) ;
#1174 = EDGE_LOOP ( 'NONE', ( #242, #2148, #1037 ) ) ;
#1175 = CARTESIAN_POINT ( 'NONE',  ( 141.9149999999999920, 13.00000000000000178, -6.499999999999999112 ) ) ;
#1176 = DIRECTION ( 'NONE',  ( -0.000000000000000000, 1.000000000000000000, -0.000000000000000000 ) ) ;
#1177 = LINE ( 'NONE', #1966, #93 ) ;
#1178 = CARTESIAN_POINT ( 'NONE',  ( 49.99999999999998579, 13.00000000000000355, -50.22499999999999432 ) ) ;
#1179 = EDGE_LOOP ( 'NONE', ( #409, #2375, #280, #551 ) ) ;
#1180 = DIRECTION ( 'NONE',  ( -0.000000000000000000, 1.000000000000000000, -0.000000000000000000 ) ) ;
#1181 = EDGE_CURVE ( 'NONE', #430, #2509, #1111, .T. ) ;
#1182 = CARTESIAN_POINT ( 'NONE',  ( 141.9149999999999920, 13.00000000000000178, -50.50000000000000000 ) ) ;
#1183 = EDGE_CURVE ( 'NONE', #820, #2302, #368, .T. ) ;
#1184 = FACE_OUTER_BOUND ( 'NONE', #1526, .T. ) ;
#1185 = ORIENTED_EDGE ( 'NONE', *, *, #294, .T. ) ;
#1186 = CARTESIAN_POINT ( 'NONE',  ( 59.08499999999999375, 13.00000000000000355, -53.49999999999998579 ) ) ;
#1187 = LINE ( 'NONE', #1584, #626 ) ;
#1188 = ADVANCED_FACE ( 'NONE', ( #446 ), #103, .F. ) ;
#1189 = CARTESIAN_POINT ( 'NONE',  ( 141.9149999999999920, 1.799999999999999600, -52.05000000000001847 ) ) ;
#1190 = DIRECTION ( 'NONE',  ( 0.000000000000000000, 0.000000000000000000, -1.000000000000000000 ) ) ;
#1191 = ORIENTED_EDGE ( 'NONE', *, *, #638, .T. ) ;
#1192 = EDGE_LOOP ( 'NONE', ( #360, #1379, #594 ) ) ;
#1193 = CARTESIAN_POINT ( 'NONE',  ( 122.7499999999999574, 0.3250000000000015099, -14.99999999999998757 ) ) ;
#1194 = CARTESIAN_POINT ( 'NONE',  ( 141.9149999999999920, 13.00000000000000178, -6.499999999999999112 ) ) ;
#1195 = CARTESIAN_POINT ( 'NONE',  ( 141.9149999999999920, 13.00000000000000355, -6.499999999999999112 ) ) ;
#1196 = ORIENTED_EDGE ( 'NONE', *, *, #2011, .F. ) ;
#1197 = CONICAL_SURFACE ( 'NONE', #1406, 1.774999999999998801, 0.7853981633974562726 ) ;
#1198 = LINE ( 'NONE', #2534, #2353 ) ;
#1199 = ORIENTED_EDGE ( 'NONE', *, *, #2291, .T. ) ;
#1200 = EDGE_LOOP ( 'NONE', ( #1646, #2468, #331, #1439 ) ) ;
#1201 = DIRECTION ( 'NONE',  ( -0.000000000000000000, -1.000000000000000000, -0.000000000000000000 ) ) ;
#1202 = VECTOR ( 'NONE', #1983, 1000.000000000000000 ) ;
#1203 = DIRECTION ( 'NONE',  ( -0.000000000000000000, -1.000000000000000000, -0.000000000000000000 ) ) ;
#1204 = EDGE_CURVE ( 'NONE', #1736, #1120, #2412, .T. ) ;
#1205 = EDGE_CURVE ( 'NONE', #2317, #40, #2020, .T. ) ;
#1206 = CIRCLE ( 'NONE', #98, 1.449999999999985967 ) ;
#1207 = ORIENTED_EDGE ( 'NONE', *, *, #580, .T. ) ;
#1208 = CONICAL_SURFACE ( 'NONE', #1321, 1.774999999999998801, 0.7853981633974562726 ) ;
#1209 = VERTEX_POINT ( 'NONE', #1835 ) ;
#1210 = DIRECTION ( 'NONE',  ( -0.000000000000000000, -1.000000000000000000, -0.000000000000000000 ) ) ;
#1211 = AXIS2_PLACEMENT_3D ( 'NONE', #563, #1762, #1361 ) ;
#1212 = DIRECTION ( 'NONE',  ( 8.659560562355096793E-17, 0.7071067811865343611, -0.7071067811865607844 ) ) ;
#1213 = DIRECTION ( 'NONE',  ( 0.000000000000000000, 0.000000000000000000, -1.000000000000000000 ) ) ;
#1214 = ORIENTED_EDGE ( 'NONE', *, *, #2170, .T. ) ;
#1215 = AXIS2_PLACEMENT_3D ( 'NONE', #1482, #300, #2210 ) ;
#1216 = DIRECTION ( 'NONE',  ( -0.000000000000000000, 1.000000000000000000, -0.000000000000000000 ) ) ;
#1217 = DIRECTION ( 'NONE',  ( -0.000000000000000000, 1.000000000000000000, -0.000000000000000000 ) ) ;
#1218 = ORIENTED_EDGE ( 'NONE', *, *, #1223, .F. ) ;
#1219 = ORIENTED_EDGE ( 'NONE', *, *, #2323, .F. ) ;
#1220 = CARTESIAN_POINT ( 'NONE',  ( 122.7499999999999574, 0.000000000000000000, -46.45000000000000284 ) ) ;
#1221 = FACE_BOUND ( 'NONE', #1712, .T. ) ;
#1222 = ADVANCED_FACE ( 'NONE', ( #70 ), #1830, .F. ) ;
#1223 = EDGE_CURVE ( 'NONE', #1804, #2496, #1649, .T. ) ;
#1224 = ORIENTED_EDGE ( 'NONE', *, *, #2151, .F. ) ;
#1225 = CYLINDRICAL_SURFACE ( 'NONE', #1307, 2.999999999999993783 ) ;
#1226 = FACE_BOUND ( 'NONE', #1483, .T. ) ;
#1227 = PLANE ( 'NONE',  #2298 ) ;
#1228 = CARTESIAN_POINT ( 'NONE',  ( 59.08499999999999375, 13.00000000000000178, -6.500000000000012434 ) ) ;
#1229 = ORIENTED_EDGE ( 'NONE', *, *, #1464, .T. ) ;
#1230 = DIRECTION ( 'NONE',  ( 0.000000000000000000, 0.000000000000000000, -1.000000000000000000 ) ) ;
#1231 = ORIENTED_EDGE ( 'NONE', *, *, #2432, .T. ) ;
#1232 = CARTESIAN_POINT ( 'NONE',  ( 59.08499999999999375, 13.00000000000000178, -6.499999999999999112 ) ) ;
#1233 = UNCERTAINTY_MEASURE_WITH_UNIT (LENGTH_MEASURE( 1.000000000000000082E-05 ), #2416, 'distance_accuracy_value', 'NONE');
#1234 = DIRECTION ( 'NONE',  ( 0.000000000000000000, 0.000000000000000000, -1.000000000000000000 ) ) ;
#1235 = CARTESIAN_POINT ( 'NONE',  ( 145.0000000000000000, 3.000000000000000000, 0.000000000000000000 ) ) ;
#1236 = DIRECTION ( 'NONE',  ( 0.000000000000000000, 0.000000000000000000, -1.000000000000000000 ) ) ;
#1237 = CARTESIAN_POINT ( 'NONE',  ( 59.08499999999998664, 0.9287521024100471312, -53.49999999999998579 ) ) ;
#1238 = ADVANCED_FACE ( 'NONE', ( #1453 ), #9, .F. ) ;
#1239 = EDGE_LOOP ( 'NONE', ( #1018, #982, #1719, #2201 ) ) ;
#1240 = EDGE_CURVE ( 'NONE', #560, #2057, #2182, .T. ) ;
#1241 = LINE ( 'NONE', #1054, #1251 ) ;
#1242 = CIRCLE ( 'NONE', #2018, 1.449999999999985967 ) ;
#1243 = EDGE_LOOP ( 'NONE', ( #1485, #1085, #828 ) ) ;
#1244 = FACE_OUTER_BOUND ( 'NONE', #321, .T. ) ;
#1245 = CARTESIAN_POINT ( 'NONE',  ( 6.000000000000001776, 1.799999999999999600, -53.44999999999998153 ) ) ;
#1246 = AXIS2_PLACEMENT_3D ( 'NONE', #344, #353, #167 ) ;
#1247 = DIRECTION ( 'NONE',  ( -0.000000000000000000, 1.000000000000000000, -0.000000000000000000 ) ) ;
#1248 = CIRCLE ( 'NONE', #132, 1.774999999999998801 ) ;
#1249 = FACE_OUTER_BOUND ( 'NONE', #43, .T. ) ;
#1250 = LINE ( 'NONE', #236, #2467 ) ;
#1251 = VECTOR ( 'NONE', #1026, 1000.000000000000000 ) ;
#1252 = DIRECTION ( 'NONE',  ( 0.000000000000000000, 0.000000000000000000, 1.000000000000000000 ) ) ;
#1253 = DIRECTION ( 'NONE',  ( 0.000000000000000000, 0.000000000000000000, -1.000000000000000000 ) ) ;
#1254 = CARTESIAN_POINT ( 'NONE',  ( 0.000000000000000000, 0.000000000000000000, 0.000000000000000000 ) ) ;
#1255 = ADVANCED_FACE ( 'NONE', ( #2103 ), #218, .F. ) ;
#1256 = AXIS2_PLACEMENT_3D ( 'NONE', #669, #2054, #461 ) ;
#1257 = ORIENTED_EDGE ( 'NONE', *, *, #1034, .T. ) ;
#1258 = VERTEX_POINT ( 'NONE', #324 ) ;
#1259 = FACE_OUTER_BOUND ( 'NONE', #750, .T. ) ;
#1260 = FACE_OUTER_BOUND ( 'NONE', #2545, .T. ) ;
#1261 = DIRECTION ( 'NONE',  ( 0.000000000000000000, 0.000000000000000000, 1.000000000000000000 ) ) ;
#1262 = DIRECTION ( 'NONE',  ( -0.000000000000000000, -1.000000000000000000, -0.000000000000000000 ) ) ;
#1263 = CARTESIAN_POINT ( 'NONE',  ( 49.99999999999997868, 0.9287521024100471312, -8.000000000000007105 ) ) ;
#1264 = ORIENTED_EDGE ( 'NONE', *, *, #8, .T. ) ;
#1265 = EDGE_CURVE ( 'NONE', #1345, #788, #526, .T. ) ;
#1266 = DIRECTION ( 'NONE',  ( -0.000000000000000000, -1.000000000000000000, -0.000000000000000000 ) ) ;
#1267 = LINE ( 'NONE', #2043, #2511 ) ;
#1268 = CARTESIAN_POINT ( 'NONE',  ( 22.25000000000000355, 0.3250000000000015099, -45.00000000000000000 ) ) ;
#1269 = LINE ( 'NONE', #90, #337 ) ;
#1270 = ORIENTED_EDGE ( 'NONE', *, *, #232, .F. ) ;
#1271 = PLANE ( 'NONE',  #57 ) ;
#1272 = VECTOR ( 'NONE', #810, 1000.000000000000000 ) ;
#1273 = AXIS2_PLACEMENT_3D ( 'NONE', #2196, #1210, #2012 ) ;
#1274 = ADVANCED_FACE ( 'NONE', ( #722 ), #2028, .F. ) ;
#1275 = ADVANCED_FACE ( 'NONE', ( #1724 ), #417, .F. ) ;
#1276 = AXIS2_PLACEMENT_3D ( 'NONE', #1757, #347, #2529 ) ;
#1277 = DIRECTION ( 'NONE',  ( -0.000000000000000000, 1.000000000000000000, -0.000000000000000000 ) ) ;
#1278 = AXIS2_PLACEMENT_3D ( 'NONE', #2137, #2197, #377 ) ;
#1279 = CARTESIAN_POINT ( 'NONE',  ( 145.0000000000000000, 0.000000000000000000, 0.000000000000000000 ) ) ;
#1280 = AXIS2_PLACEMENT_3D ( 'NONE', #2233, #1468, #2512 ) ;
#1281 = CARTESIAN_POINT ( 'NONE',  ( 59.08499999999999375, 13.00000000000000355, -8.275000000000011013 ) ) ;
#1282 = VECTOR ( 'NONE', #230, 1000.000000000000000 ) ;
#1283 = ORIENTED_EDGE ( 'NONE', *, *, #129, .T. ) ;
#1284 = VECTOR ( 'NONE', #240, 1000.000000000000000 ) ;
#1285 = CARTESIAN_POINT ( 'NONE',  ( 22.25000000000000355, -1.734723475976807094E-15, -15.00000000000000000 ) ) ;
#1286 = VECTOR ( 'NONE', #934, 1000.000000000000000 ) ;
#1287 = EDGE_LOOP ( 'NONE', ( #2363, #442, #398, #2503 ) ) ;
#1288 = AXIS2_PLACEMENT_3D ( 'NONE', #690, #2254, #697 ) ;
#1289 = DIRECTION ( 'NONE',  ( 0.000000000000000000, 0.000000000000000000, 1.000000000000000000 ) ) ;
#1290 = LINE ( 'NONE', #1883, #1447 ) ;
#1291 = EDGE_CURVE ( 'NONE', #601, #2310, #875, .T. ) ;
#1292 = EDGE_CURVE ( 'NONE', #448, #270, #1081, .T. ) ;
#1293 = DIRECTION ( 'NONE',  ( -0.000000000000000000, 1.000000000000000000, -0.000000000000000000 ) ) ;
#1294 = ADVANCED_FACE ( 'NONE', ( #2474 ), #128, .F. ) ;
#1295 = DIRECTION ( 'NONE',  ( -0.000000000000000000, -1.000000000000000000, -0.000000000000000000 ) ) ;
#1296 = CARTESIAN_POINT ( 'NONE',  ( 22.25000000000000355, 0.000000000000000000, -45.00000000000000000 ) ) ;
#1297 = ORIENTED_EDGE ( 'NONE', *, *, #1905, .F. ) ;
#1298 = EDGE_LOOP ( 'NONE', ( #2414, #512, #1964, #2373 ) ) ;
#1299 = DIRECTION ( 'NONE',  ( 0.000000000000000000, 0.000000000000000000, -1.000000000000000000 ) ) ;
#1300 = DIRECTION ( 'NONE',  ( 0.000000000000000000, -0.7071067811865445751, -0.7071067811865503483 ) ) ;
#1301 = ADVANCED_FACE ( 'NONE', ( #553 ), #836, .F. ) ;
#1302 = ADVANCED_FACE ( 'NONE', ( #1891 ), #1864, .F. ) ;
#1303 = CARTESIAN_POINT ( 'NONE',  ( 59.08499999999999375, 1.799999999999999600, -6.500000000000012434 ) ) ;
#1304 = ORIENTED_EDGE ( 'NONE', *, *, #523, .T. ) ;
#1305 = CARTESIAN_POINT ( 'NONE',  ( 145.0000000000000000, 3.000000000000000000, -60.00000000000000000 ) ) ;
#1306 = EDGE_LOOP ( 'NONE', ( #1270, #2097, #2174, #823 ) ) ;
#1307 = AXIS2_PLACEMENT_3D ( 'NONE', #2009, #853, #247 ) ;
#1308 = ORIENTED_EDGE ( 'NONE', *, *, #2049, .F. ) ;
#1309 = PLANE ( 'NONE',  #330 ) ;
#1310 = AXIS2_PLACEMENT_3D ( 'NONE', #1418, #69, #261 ) ;
#1311 = AXIS2_PLACEMENT_3D ( 'NONE', #1523, #356, #1352 ) ;
#1312 = ORIENTED_EDGE ( 'NONE', *, *, #559, .T. ) ;
#1313 = DIRECTION ( 'NONE',  ( 0.000000000000000000, -0.7071067811865484609, -0.7071067811865465735 ) ) ;
#1314 = LINE ( 'NONE', #1475, #2435 ) ;
#1315 = CARTESIAN_POINT ( 'NONE',  ( 59.08499999999999375, 12.67499999999999538, -52.04999999999999716 ) ) ;
#1316 = DIRECTION ( 'NONE',  ( -0.000000000000000000, -1.000000000000000000, -0.000000000000000000 ) ) ;
#1317 = EDGE_LOOP ( 'NONE', ( #809, #467 ) ) ;
#1318 = AXIS2_PLACEMENT_3D ( 'NONE', #412, #1203, #428 ) ;
#1319 = ADVANCED_FACE ( 'NONE', ( #2429 ), #2227, .F. ) ;
#1320 = EDGE_CURVE ( 'NONE', #1957, #1330, #168, .T. ) ;
#1321 = AXIS2_PLACEMENT_3D ( 'NONE', #786, #1764, #965 ) ;
#1322 = ORIENTED_EDGE ( 'NONE', *, *, #26, .F. ) ;
#1323 = VECTOR ( 'NONE', #1262, 1000.000000000000000 ) ;
#1324 = DIRECTION ( 'NONE',  ( 0.000000000000000000, 0.000000000000000000, 1.000000000000000000 ) ) ;
#1325 = PRODUCT_DEFINITION_FORMATION_WITH_SPECIFIED_SOURCE ( 'ä»', '', #234, .NOT_KNOWN. ) ;
#1326 = CARTESIAN_POINT ( 'NONE',  ( 0.000000000000000000, 3.000000000000000000, -60.00000000000000000 ) ) ;
#1327 = CARTESIAN_POINT ( 'NONE',  ( 59.08499999999999375, 13.00000000000000178, -6.499999999999999112 ) ) ;
#1328 = EDGE_LOOP ( 'NONE', ( #291, #1939, #1264, #730 ) ) ;
#1329 = DIRECTION ( 'NONE',  ( -0.000000000000000000, 1.000000000000000000, -0.000000000000000000 ) ) ;
#1330 = VERTEX_POINT ( 'NONE', #514 ) ;
#1331 = ORIENTED_EDGE ( 'NONE', *, *, #1336, .F. ) ;
#1332 = DIRECTION ( 'NONE',  ( -0.000000000000000000, 1.000000000000000000, -0.000000000000000000 ) ) ;
#1333 = VERTEX_POINT ( 'NONE', #385 ) ;
#1334 = DIRECTION ( 'NONE',  ( 0.000000000000000000, 0.000000000000000000, -1.000000000000000000 ) ) ;
#1335 = DIRECTION ( 'NONE',  ( -0.000000000000000000, -1.000000000000000000, -0.000000000000000000 ) ) ;
#1336 = EDGE_CURVE ( 'NONE', #1042, #1356, #568, .T. ) ;
#1337 = CARTESIAN_POINT ( 'NONE',  ( 141.9149999999999920, 1.799999999999999600, -7.949999999999977973 ) ) ;
#1338 = CARTESIAN_POINT ( 'NONE',  ( 122.7499999999999574, -1.734723475976807094E-15, -13.22499999999998899 ) ) ;
#1339 = ORIENTED_EDGE ( 'NONE', *, *, #2243, .T. ) ;
#1340 = CARTESIAN_POINT ( 'NONE',  ( 141.9149999999999920, 2.999999999999999112, -6.499999999999999112 ) ) ;
#1341 = DIRECTION ( 'NONE',  ( 0.000000000000000000, 0.000000000000000000, -1.000000000000000000 ) ) ;
#1342 = CARTESIAN_POINT ( 'NONE',  ( 6.000000000000001776, 13.00000000000000355, -6.224999999999999645 ) ) ;
#1343 = ORIENTED_EDGE ( 'NONE', *, *, #1320, .T. ) ;
#1344 = CARTESIAN_POINT ( 'NONE',  ( 59.08499999999999375, 13.00000000000000178, -5.050000000000026468 ) ) ;
#1345 = VERTEX_POINT ( 'NONE', #2536 ) ;
#1346 = ORIENTED_EDGE ( 'NONE', *, *, #2462, .F. ) ;
#1347 = CARTESIAN_POINT ( 'NONE',  ( 122.7499999999999574, -1.734723475976807094E-15, -45.00000000000001421 ) ) ;
#1348 = FACE_BOUND ( 'NONE', #2184, .T. ) ;
#1349 = CARTESIAN_POINT ( 'NONE',  ( 122.7499999999999574, -1.734723475976807094E-15, -45.00000000000001421 ) ) ;
#1350 = LINE ( 'NONE', #1372, #231 ) ;
#1351 = EDGE_CURVE ( 'NONE', #1120, #1688, #1414, .T. ) ;
#1352 = DIRECTION ( 'NONE',  ( 0.000000000000000000, 0.000000000000000000, 1.000000000000000000 ) ) ;
#1353 = ADVANCED_FACE ( 'NONE', ( #141 ), #2059, .F. ) ;
#1354 = VERTEX_POINT ( 'NONE', #1560 ) ;
#1355 = AXIS2_PLACEMENT_3D ( 'NONE', #391, #1176, #1745 ) ;
#1356 = VERTEX_POINT ( 'NONE', #924 ) ;
#1357 = AXIS2_PLACEMENT_3D ( 'NONE', #1080, #2434, #102 ) ;
#1358 = CARTESIAN_POINT ( 'NONE',  ( 141.9149999999999920, 13.00000000000000178, -50.50000000000000000 ) ) ;
#1359 = CIRCLE ( 'NONE', #1863, 1.449999999999985967 ) ;
#1360 = CARTESIAN_POINT ( 'NONE',  ( 22.25000000000000355, 3.000000000000000000, -13.55000000000000426 ) ) ;
#1361 = DIRECTION ( 'NONE',  ( 0.000000000000000000, 0.000000000000000000, 1.000000000000000000 ) ) ;
#1362 = EDGE_LOOP ( 'NONE', ( #1170, #1921 ) ) ;
#1363 = DIRECTION ( 'NONE',  ( -0.000000000000000000, 1.000000000000000000, -0.000000000000000000 ) ) ;
#1364 = CIRCLE ( 'NONE', #525, 1.449999999999991296 ) ;
#1365 = ORIENTED_EDGE ( 'NONE', *, *, #129, .F. ) ;
#1366 = DIRECTION ( 'NONE',  ( -0.000000000000000000, 1.000000000000000000, -0.000000000000000000 ) ) ;
#1367 = ORIENTED_EDGE ( 'NONE', *, *, #1351, .T. ) ;
#1368 = CIRCLE ( 'NONE', #2185, 2.999999999999999112 ) ;
#1369 = CARTESIAN_POINT ( 'NONE',  ( 6.000000000000001776, 13.00000000000000178, -52.00000000000000000 ) ) ;
#1370 = CARTESIAN_POINT ( 'NONE',  ( 59.08499999999999375, 13.00000000000000178, -7.949999999999998401 ) ) ;
#1371 = VECTOR ( 'NONE', #687, 1000.000000000000000 ) ;
#1372 = CARTESIAN_POINT ( 'NONE',  ( 141.9149999999999920, 1.799999999999999600, -54.94999999999998153 ) ) ;
#1373 = CIRCLE ( 'NONE', #846, 1.449999999999985967 ) ;
#1374 = DIRECTION ( 'NONE',  ( -0.000000000000000000, -1.000000000000000000, -0.000000000000000000 ) ) ;
#1375 = EDGE_LOOP ( 'NONE', ( #721, #961, #507 ) ) ;
#1376 = CIRCLE ( 'NONE', #1118, 3.000000000000000888 ) ;
#1377 = ADVANCED_FACE ( 'NONE', ( #1711 ), #2123, .F. ) ;
#1378 = EDGE_CURVE ( 'NONE', #2079, #2371, #952, .T. ) ;
#1379 = ORIENTED_EDGE ( 'NONE', *, *, #2422, .T. ) ;
#1380 = CARTESIAN_POINT ( 'NONE',  ( 59.08499999999999375, 13.00000000000000355, -53.49999999999998579 ) ) ;
#1381 = LINE ( 'NONE', #1605, #960 ) ;
#1382 = ADVANCED_FACE ( 'NONE', ( #1124 ), #1932, .F. ) ;
#1383 = EDGE_LOOP ( 'NONE', ( #72, #1028 ) ) ;
#1384 = ORIENTED_EDGE ( 'NONE', *, *, #1514, .F. ) ;
#1385 = ORIENTED_EDGE ( 'NONE', *, *, #848, .F. ) ;
#1386 = ORIENTED_EDGE ( 'NONE', *, *, #1548, .T. ) ;
#1387 = CYLINDRICAL_SURFACE ( 'NONE', #361, 1.449999999999991296 ) ;
#1388 = FACE_OUTER_BOUND ( 'NONE', #1239, .T. ) ;
#1389 = CARTESIAN_POINT ( 'NONE',  ( 122.7499999999999574, 0.000000000000000000, -16.44999999999997797 ) ) ;
#1390 = ORIENTED_EDGE ( 'NONE', *, *, #1793, .F. ) ;
#1391 = VERTEX_POINT ( 'NONE', #2100 ) ;
#1392 = CARTESIAN_POINT ( 'NONE',  ( 6.000000000000001776, 1.799999999999999600, -52.00000000000000000 ) ) ;
#1393 = DIRECTION ( 'NONE',  ( -0.000000000000000000, 1.000000000000000000, -0.000000000000000000 ) ) ;
#1394 = FACE_OUTER_BOUND ( 'NONE', #1534, .T. ) ;
#1395 = VERTEX_POINT ( 'NONE', #968 ) ;
#1396 = ADVANCED_FACE ( 'NONE', ( #1751 ), #420, .F. ) ;
#1397 = ADVANCED_FACE ( 'NONE', ( #936 ), #2486, .T. ) ;
#1398 = VERTEX_POINT ( 'NONE', #1533 ) ;
#1399 = FACE_OUTER_BOUND ( 'NONE', #1410, .T. ) ;
#1400 = DIRECTION ( 'NONE',  ( -0.000000000000000000, 1.000000000000000000, -0.000000000000000000 ) ) ;
#1401 = ORIENTED_EDGE ( 'NONE', *, *, #25, .F. ) ;
#1402 = ORIENTED_EDGE ( 'NONE', *, *, #915, .F. ) ;
#1403 = CARTESIAN_POINT ( 'NONE',  ( 141.9149999999999920, 12.67499999999999538, -52.05000000000001847 ) ) ;
#1404 = CARTESIAN_POINT ( 'NONE',  ( 0.000000000000000000, 3.000000000000000000, -60.00000000000000000 ) ) ;
#1405 = ORIENTED_EDGE ( 'NONE', *, *, #1056, .T. ) ;
#1406 = AXIS2_PLACEMENT_3D ( 'NONE', #1186, #1974, #210 ) ;
#1407 = CARTESIAN_POINT ( 'NONE',  ( 6.000000000000001776, 12.67499999999999538, -52.00000000000000000 ) ) ;
#1408 = ORIENTED_EDGE ( 'NONE', *, *, #1487, .F. ) ;
#1409 = EDGE_CURVE ( 'NONE', #1354, #2544, #2510, .T. ) ;
#1410 = EDGE_LOOP ( 'NONE', ( #1971, #483, #2039, #1304 ) ) ;
#1411 = CARTESIAN_POINT ( 'NONE',  ( 141.9149999999999920, 1.799999999999999600, -6.499999999999999112 ) ) ;
#1412 = CIRCLE ( 'NONE', #744, 3.000000000000002665 ) ;
#1413 = FACE_BOUND ( 'NONE', #1904, .T. ) ;
#1414 = CIRCLE ( 'NONE', #304, 1.774999999999998801 ) ;
#1415 = ORIENTED_EDGE ( 'NONE', *, *, #724, .F. ) ;
#1416 = AXIS2_PLACEMENT_3D ( 'NONE', #278, #473, #648 ) ;
#1417 = ORIENTED_EDGE ( 'NONE', *, *, #1731, .F. ) ;
#1418 = CARTESIAN_POINT ( 'NONE',  ( 141.9149999999999920, 2.999999999999999112, -53.50000000000000000 ) ) ;
#1419 = CONICAL_SURFACE ( 'NONE', #2305, 1.449999999999985967, 1.029744258676654312 ) ;
#1420 = CARTESIAN_POINT ( 'NONE',  ( 22.25000000000000355, 0.000000000000000000, -43.55000000000000426 ) ) ;
#1421 = CYLINDRICAL_SURFACE ( 'NONE', #1671, 1.449999999999993072 ) ;
#1422 = VERTEX_POINT ( 'NONE', #537 ) ;
#1423 = AXIS2_PLACEMENT_3D ( 'NONE', #1522, #414, #1017 ) ;
#1424 = FACE_OUTER_BOUND ( 'NONE', #1488, .T. ) ;
#1425 = ORIENTED_EDGE ( 'NONE', *, *, #539, .T. ) ;
#1426 = CARTESIAN_POINT ( 'NONE',  ( 59.08499999999999375, 2.999999999999999112, -3.499999999999997335 ) ) ;
#1427 = DIRECTION ( 'NONE',  ( 0.000000000000000000, 0.000000000000000000, -1.000000000000000000 ) ) ;
#1428 = DIRECTION ( 'NONE',  ( 0.000000000000000000, -1.000000000000000000, 0.000000000000000000 ) ) ;
#1429 = ADVANCED_FACE ( 'NONE', ( #2374 ), #1027, .F. ) ;
#1430 = DIRECTION ( 'NONE',  ( -0.000000000000000000, 1.000000000000000000, -0.000000000000000000 ) ) ;
#1431 = DIRECTION ( 'NONE',  ( 0.000000000000000000, 1.000000000000000000, -0.000000000000000000 ) ) ;
#1432 = CARTESIAN_POINT ( 'NONE',  ( 49.99999999999996447, 2.999999999999999112, -11.00000000000000888 ) ) ;
#1433 = DIRECTION ( 'NONE',  ( 0.000000000000000000, 0.7071067811865419106, 0.7071067811865531239 ) ) ;
#1434 = CARTESIAN_POINT ( 'NONE',  ( 122.7499999999999574, -1.734723475976807094E-15, -46.77500000000001279 ) ) ;
#1435 = VERTEX_POINT ( 'NONE', #1041 ) ;
#1436 = CARTESIAN_POINT ( 'NONE',  ( 59.08499999999999375, 13.00000000000000178, -56.49999999999998579 ) ) ;
#1437 = ORIENTED_EDGE ( 'NONE', *, *, #888, .F. ) ;
#1438 = CARTESIAN_POINT ( 'NONE',  ( 6.000000000000001776, 12.67499999999999538, -8.000000000000000000 ) ) ;
#1439 = ORIENTED_EDGE ( 'NONE', *, *, #2224, .F. ) ;
#1440 = MANIFOLD_SOLID_BREP ( 'M3.5 ÂÝÎÆ¿×5', #781 ) ;
#1441 = ADVANCED_FACE ( 'NONE', ( #634 ), #1958, .F. ) ;
#1442 = EDGE_CURVE ( 'NONE', #1977, #2180, #2004, .T. ) ;
#1443 = CARTESIAN_POINT ( 'NONE',  ( 6.000000000000001776, 1.799999999999999600, -9.449999999999988631 ) ) ;
#1444 = DIRECTION ( 'NONE',  ( -0.000000000000000000, 1.000000000000000000, -0.000000000000000000 ) ) ;
#1445 = CARTESIAN_POINT ( 'NONE',  ( 145.0000000000000000, 3.000000000000000000, 0.000000000000000000 ) ) ;
#1446 = ORIENTED_EDGE ( 'NONE', *, *, #268, .F. ) ;
#1447 = VECTOR ( 'NONE', #1266, 1000.000000000000000 ) ;
#1448 = CARTESIAN_POINT ( 'NONE',  ( 145.0000000000000000, 3.000000000000000000, 0.000000000000000000 ) ) ;
#1449 = VECTOR ( 'NONE', #296, 1000.000000000000000 ) ;
#1450 = VERTEX_POINT ( 'NONE', #587 ) ;
#1451 = CIRCLE ( 'NONE', #2438, 1.449999999999991296 ) ;
#1452 = VECTOR ( 'NONE', #1157, 1000.000000000000114 ) ;
#1453 = FACE_OUTER_BOUND ( 'NONE', #2252, .T. ) ;
#1454 = AXIS2_PLACEMENT_3D ( 'NONE', #198, #605, #971 ) ;
#1455 = DIRECTION ( 'NONE',  ( -0.000000000000000000, -1.000000000000000000, -0.000000000000000000 ) ) ;
#1456 = CARTESIAN_POINT ( 'NONE',  ( 0.000000000000000000, 3.000000000000000000, -60.00000000000000000 ) ) ;
#1457 = AXIS2_PLACEMENT_3D ( 'NONE', #266, #73, #858 ) ;
#1458 = ADVANCED_FACE ( 'NONE', ( #1184 ), #1970, .F. ) ;
#1459 = DIRECTION ( 'NONE',  ( -0.000000000000000000, 1.000000000000000000, -0.000000000000000000 ) ) ;
#1460 = LINE ( 'NONE', #1632, #678 ) ;
#1461 = VECTOR ( 'NONE', #2221, 1000.000000000000000 ) ;
#1462 = DIRECTION ( 'NONE',  ( 0.000000000000000000, 0.000000000000000000, 1.000000000000000000 ) ) ;
#1463 = DIRECTION ( 'NONE',  ( 0.000000000000000000, 0.000000000000000000, 1.000000000000000000 ) ) ;
#1464 = EDGE_CURVE ( 'NONE', #1833, #937, #1368, .T. ) ;
#1465 = AXIS2_PLACEMENT_3D ( 'NONE', #285, #2234, #1058 ) ;
#1466 = ORIENTED_EDGE ( 'NONE', *, *, #2279, .F. ) ;
#1467 = PLANE ( 'NONE',  #530 ) ;
#1468 = DIRECTION ( 'NONE',  ( -0.000000000000000000, 1.000000000000000000, -0.000000000000000000 ) ) ;
#1469 = CARTESIAN_POINT ( 'NONE',  ( 59.08499999999999375, 13.00000000000000178, -53.49999999999998579 ) ) ;
#1470 = DIRECTION ( 'NONE',  ( 0.000000000000000000, 0.000000000000000000, 1.000000000000000000 ) ) ;
#1471 = CARTESIAN_POINT ( 'NONE',  ( 141.9149999999999920, 13.00000000000000178, -53.50000000000000000 ) ) ;
#1472 = CYLINDRICAL_SURFACE ( 'NONE', #1694, 1.449999999999988631 ) ;
#1473 = CARTESIAN_POINT ( 'NONE',  ( 122.7499999999999574, -1.734723475976807094E-15, -46.77500000000001279 ) ) ;
#1474 = LINE ( 'NONE', #2251, #174 ) ;
#1475 = CARTESIAN_POINT ( 'NONE',  ( 59.08499999999999375, 13.00000000000000178, -56.49999999999998579 ) ) ;
#1476 = ORIENTED_EDGE ( 'NONE', *, *, #86, .T. ) ;
#1477 = CARTESIAN_POINT ( 'NONE',  ( 49.99999999999998579, 1.799999999999999600, -51.99999999999999289 ) ) ;
#1478 = EDGE_CURVE ( 'NONE', #1258, #1073, #2061, .T. ) ;
#1479 = EDGE_CURVE ( 'NONE', #2551, #2310, #137, .T. ) ;
#1480 = DIRECTION ( 'NONE',  ( 0.000000000000000000, 0.000000000000000000, -1.000000000000000000 ) ) ;
#1481 = DIRECTION ( 'NONE',  ( -0.000000000000000000, 1.000000000000000000, -0.000000000000000000 ) ) ;
#1482 = CARTESIAN_POINT ( 'NONE',  ( 6.000000000000001776, 1.799999999999999600, -8.000000000000000000 ) ) ;
#1483 = EDGE_LOOP ( 'NONE', ( #2430, #348 ) ) ;
#1484 = FACE_BOUND ( 'NONE', #1949, .T. ) ;
#1485 = ORIENTED_EDGE ( 'NONE', *, *, #797, .F. ) ;
#1486 = ORIENTED_EDGE ( 'NONE', *, *, #431, .F. ) ;
#1487 = EDGE_CURVE ( 'NONE', #2335, #1422, #694, .T. ) ;
#1488 = EDGE_LOOP ( 'NONE', ( #1446, #2549, #2005, #2016 ) ) ;
#1489 = ADVANCED_FACE ( 'NONE', ( #921, #728, #1516, #1484, #519 ), #339, .T. ) ;
#1490 = CIRCLE ( 'NONE', #1571, 1.774999999999998801 ) ;
#1491 = CIRCLE ( 'NONE', #2469, 1.449999999999993072 ) ;
#1492 = DIRECTION ( 'NONE',  ( -0.000000000000000000, -1.000000000000000000, -0.000000000000000000 ) ) ;
#1493 = AXIS2_PLACEMENT_3D ( 'NONE', #1923, #1941, #550 ) ;
#1494 = DIRECTION ( 'NONE',  ( 0.000000000000000000, 1.000000000000000000, 0.000000000000000000 ) ) ;
#1495 = AXIS2_PLACEMENT_3D ( 'NONE', #183, #988, #1550 ) ;
#1496 = CIRCLE ( 'NONE', #1832, 1.449999999999979083 ) ;
#1497 = ORIENTED_EDGE ( 'NONE', *, *, #1905, .T. ) ;
#1498 = AXIS2_PLACEMENT_3D ( 'NONE', #2413, #2437, #2451 ) ;
#1499 = VECTOR ( 'NONE', #2021, 1000.000000000000000 ) ;
#1500 = EDGE_LOOP ( 'NONE', ( #172, #2533, #1881 ) ) ;
#1501 = AXIS2_PLACEMENT_3D ( 'NONE', #2146, #764, #346 ) ;
#1502 = FACE_OUTER_BOUND ( 'NONE', #535, .T. ) ;
#1503 = DIRECTION ( 'NONE',  ( 0.000000000000000000, 0.000000000000000000, -1.000000000000000000 ) ) ;
#1504 = EDGE_CURVE ( 'NONE', #1114, #622, #1206, .T. ) ;
#1505 = CARTESIAN_POINT ( 'NONE',  ( 49.99999999999996447, 13.00000000000000178, -8.000000000000007105 ) ) ;
#1506 = ADVANCED_FACE ( 'NONE', ( #292 ), #689, .F. ) ;
#1507 = CARTESIAN_POINT ( 'NONE',  ( 122.7499999999999574, -1.734723475976807094E-15, -16.77499999999998437 ) ) ;
#1508 = ORIENTED_EDGE ( 'NONE', *, *, #2026, .T. ) ;
#1509 = CARTESIAN_POINT ( 'NONE',  ( 22.25000000000000355, 0.3250000000000015099, -15.00000000000000000 ) ) ;
#1510 = ORIENTED_EDGE ( 'NONE', *, *, #760, .T. ) ;
#1511 = CARTESIAN_POINT ( 'NONE',  ( 22.25000000000000355, -1.734723475976807094E-15, -45.00000000000000000 ) ) ;
#1512 = CARTESIAN_POINT ( 'NONE',  ( 22.25000000000000355, 0.3250000000000015099, -46.44999999999999574 ) ) ;
#1513 = ADVANCED_FACE ( 'NONE', ( #1535 ), #2311, .T. ) ;
#1514 = EDGE_CURVE ( 'NONE', #1148, #2106, #1248, .T. ) ;
#1515 = ORIENTED_EDGE ( 'NONE', *, *, #2082, .T. ) ;
#1516 = FACE_BOUND ( 'NONE', #1554, .T. ) ;
#1517 = CARTESIAN_POINT ( 'NONE',  ( 141.9149999999999920, 13.00000000000000178, -6.499999999999999112 ) ) ;
#1518 = EDGE_LOOP ( 'NONE', ( #2485, #1996, #1283 ) ) ;
#1519 = CARTESIAN_POINT ( 'NONE',  ( 5.999999999999998224, 13.00000000000000178, -8.000000000000000000 ) ) ;
#1520 = AXIS2_PLACEMENT_3D ( 'NONE', #84, #2457, #2236 ) ;
#1521 = CONICAL_SURFACE ( 'NONE', #212, 1.449999999999987743, 1.029744258676654312 ) ;
#1522 = CARTESIAN_POINT ( 'NONE',  ( 22.25000000000000355, -1.734723475976807094E-15, -45.00000000000000000 ) ) ;
#1523 = CARTESIAN_POINT ( 'NONE',  ( 6.000000000000001776, 13.00000000000000178, -52.00000000000000000 ) ) ;
#1524 = AXIS2_PLACEMENT_3D ( 'NONE', #825, #419, #1797 ) ;
#1525 = AXIS2_PLACEMENT_3D ( 'NONE', #993, #1010, #1574 ) ;
#1526 = EDGE_LOOP ( 'NONE', ( #1822, #1105, #1765, #255 ) ) ;
#1527 = DIRECTION ( 'NONE',  ( 0.000000000000000000, 1.000000000000000000, 0.000000000000000000 ) ) ;
#1528 = AXIS2_PLACEMENT_3D ( 'NONE', #674, #793, #1463 ) ;
#1529 = EDGE_LOOP ( 'NONE', ( #219, #976, #1191, #1587 ) ) ;
#1530 =( GEOMETRIC_REPRESENTATION_CONTEXT ( 3 ) GLOBAL_UNCERTAINTY_ASSIGNED_CONTEXT ( ( #1233 ) ) GLOBAL_UNIT_ASSIGNED_CONTEXT ( ( #2416, #425, #241 ) ) REPRESENTATION_CONTEXT ( 'NONE', 'WORKASPACE' ) );
#1531 = EDGE_CURVE ( 'NONE', #1012, #386, #1882, .T. ) ;
#1532 = CIRCLE ( 'NONE', #1994, 1.449999999999993072 ) ;
#1533 = CARTESIAN_POINT ( 'NONE',  ( 141.9149999999999920, 0.9287521024100471312, -53.50000000000000000 ) ) ;
#1534 = EDGE_LOOP ( 'NONE', ( #959, #1145, #254, #1968 ) ) ;
#1535 = FACE_OUTER_BOUND ( 'NONE', #1287, .T. ) ;
#1536 = DIRECTION ( 'NONE',  ( -0.000000000000000000, 1.000000000000000000, -0.000000000000000000 ) ) ;
#1537 = CIRCLE ( 'NONE', #17, 1.449999999999979083 ) ;
#1538 = AXIS2_PLACEMENT_3D ( 'NONE', #1872, #104, #1253 ) ;
#1539 = LINE ( 'NONE', #1337, #1089 ) ;
#1540 = CARTESIAN_POINT ( 'NONE',  ( 6.000000000000001776, 2.999999999999999112, -48.99999999999999289 ) ) ;
#1541 = ORIENTED_EDGE ( 'NONE', *, *, #1102, .T. ) ;
#1542 = CARTESIAN_POINT ( 'NONE',  ( 145.0000000000000000, 0.000000000000000000, 0.000000000000000000 ) ) ;
#1543 = CARTESIAN_POINT ( 'NONE',  ( 59.08499999999999375, 1.799999999999999600, -6.500000000000012434 ) ) ;
#1544 = VERTEX_POINT ( 'NONE', #2007 ) ;
#1545 = CARTESIAN_POINT ( 'NONE',  ( 141.9149999999999920, 13.00000000000000178, -52.05000000000001847 ) ) ;
#1546 = EDGE_LOOP ( 'NONE', ( #1895, #394 ) ) ;
#1547 = ORIENTED_EDGE ( 'NONE', *, *, #284, .F. ) ;
#1548 = EDGE_CURVE ( 'NONE', #40, #1450, #2145, .T. ) ;
#1549 = ADVANCED_FACE ( 'NONE', ( #1388 ), #2125, .T. ) ;
#1550 = DIRECTION ( 'NONE',  ( 0.000000000000000000, 0.000000000000000000, -1.000000000000000000 ) ) ;
#1551 = DIRECTION ( 'NONE',  ( -0.000000000000000000, 1.000000000000000000, -0.000000000000000000 ) ) ;
#1552 = CARTESIAN_POINT ( 'NONE',  ( 49.99999999999996447, 2.999999999999999112, -8.000000000000007105 ) ) ;
#1553 = ORIENTED_EDGE ( 'NONE', *, *, #2190, .T. ) ;
#1554 = EDGE_LOOP ( 'NONE', ( #23, #528 ) ) ;
#1555 = DIRECTION ( 'NONE',  ( -0.000000000000000000, -1.000000000000000000, -0.000000000000000000 ) ) ;
#1556 = CYLINDRICAL_SURFACE ( 'NONE', #1117, 1.449999999999985967 ) ;
#1557 = EDGE_LOOP ( 'NONE', ( #328, #495 ) ) ;
#1558 = FACE_OUTER_BOUND ( 'NONE', #1579, .T. ) ;
#1559 = ORIENTED_EDGE ( 'NONE', *, *, #1868, .F. ) ;
#1560 = CARTESIAN_POINT ( 'NONE',  ( 49.99999999999997868, 0.9287521024100471312, -51.99999999999999289 ) ) ;
#1561 = ORIENTED_EDGE ( 'NONE', *, *, #1690, .T. ) ;
#1562 = DIRECTION ( 'NONE',  ( 0.000000000000000000, 0.000000000000000000, -1.000000000000000000 ) ) ;
#1563 = DIRECTION ( 'NONE',  ( 0.000000000000000000, 0.000000000000000000, -1.000000000000000000 ) ) ;
#1564 = EDGE_CURVE ( 'NONE', #2333, #812, #494, .T. ) ;
#1565 = DIRECTION ( 'NONE',  ( 0.000000000000000000, 1.000000000000000000, -0.000000000000000000 ) ) ;
#1566 = CARTESIAN_POINT ( 'NONE',  ( 6.000000000000001776, 2.999999999999999112, -52.00000000000000000 ) ) ;
#1567 = ORIENTED_EDGE ( 'NONE', *, *, #1094, .T. ) ;
#1568 = EDGE_CURVE ( 'NONE', #1766, #560, #1187, .T. ) ;
#1569 = VECTOR ( 'NONE', #899, 1000.000000000000000 ) ;
#1570 = ORIENTED_EDGE ( 'NONE', *, *, #817, .T. ) ;
#1571 = AXIS2_PLACEMENT_3D ( 'NONE', #1615, #404, #625 ) ;
#1572 = CARTESIAN_POINT ( 'NONE',  ( 59.08499999999999375, 13.00000000000000178, -53.49999999999998579 ) ) ;
#1573 = AXIS2_PLACEMENT_3D ( 'NONE', #1194, #237, #1951 ) ;
#1574 = DIRECTION ( 'NONE',  ( 0.000000000000000000, 0.000000000000000000, 1.000000000000000000 ) ) ;
#1575 = CARTESIAN_POINT ( 'NONE',  ( 59.08499999999999375, 12.67499999999999538, -53.49999999999998579 ) ) ;
#1576 = ORIENTED_EDGE ( 'NONE', *, *, #554, .T. ) ;
#1577 = CARTESIAN_POINT ( 'NONE',  ( 141.9149999999999920, 13.00000000000000178, -53.50000000000000000 ) ) ;
#1578 = AXIS2_PLACEMENT_3D ( 'NONE', #1349, #710, #2278 ) ;
#1579 = EDGE_LOOP ( 'NONE', ( #800, #1687, #1917, #984 ) ) ;
#1580 = DIRECTION ( 'NONE',  ( 0.000000000000000000, 0.000000000000000000, 1.000000000000000000 ) ) ;
#1581 = ORIENTED_EDGE ( 'NONE', *, *, #1478, .F. ) ;
#1582 = MECHANICAL_DESIGN_GEOMETRIC_PRESENTATION_REPRESENTATION (  '', ( #1627 ), #1530 ) ;
#1583 = LINE ( 'NONE', #1599, #453 ) ;
#1584 = CARTESIAN_POINT ( 'NONE',  ( 6.000000000000001776, 13.00000000000000178, -6.550000000000011369 ) ) ;
#1585 = DIRECTION ( 'NONE',  ( -0.000000000000000000, 1.000000000000000000, -0.000000000000000000 ) ) ;
#1586 = CIRCLE ( 'NONE', #306, 3.000000000000002665 ) ;
#1587 = ORIENTED_EDGE ( 'NONE', *, *, #459, .F. ) ;
#1588 = CONICAL_SURFACE ( 'NONE', #1465, 1.774999999999998801, 0.7853981633974522758 ) ;
#1589 = ORIENTED_EDGE ( 'NONE', *, *, #410, .F. ) ;
#1590 = ADVANCED_FACE ( 'NONE', ( #48 ), #2231, .F. ) ;
#1591 = ADVANCED_FACE ( 'NONE', ( #1975 ), #334, .F. ) ;
#1592 = LINE ( 'NONE', #1443, #2023 ) ;
#1593 = DIRECTION ( 'NONE',  ( 0.000000000000000000, 0.000000000000000000, -1.000000000000000000 ) ) ;
#1594 = CARTESIAN_POINT ( 'NONE',  ( 141.9149999999999920, 13.00000000000000178, -9.499999999999992895 ) ) ;
#1595 = ORIENTED_EDGE ( 'NONE', *, *, #2306, .T. ) ;
#1596 = CARTESIAN_POINT ( 'NONE',  ( 141.9149999999999920, 13.00000000000000355, -53.50000000000000000 ) ) ;
#1597 = ORIENTED_EDGE ( 'NONE', *, *, #144, .F. ) ;
#1598 = ORIENTED_EDGE ( 'NONE', *, *, #1181, .F. ) ;
#1599 = CARTESIAN_POINT ( 'NONE',  ( 22.25000000000000355, 0.000000000000000000, -16.44999999999999218 ) ) ;
#1600 = FACE_OUTER_BOUND ( 'NONE', #1192, .T. ) ;
#1601 = VERTEX_POINT ( 'NONE', #21 ) ;
#1602 = ORIENTED_EDGE ( 'NONE', *, *, #1825, .T. ) ;
#1603 = EDGE_CURVE ( 'NONE', #270, #1709, #1015, .T. ) ;
#1604 = FACE_BOUND ( 'NONE', #107, .T. ) ;
#1605 = CARTESIAN_POINT ( 'NONE',  ( 59.08499999999999375, 1.799999999999999600, -52.04999999999999716 ) ) ;
#1606 = ORIENTED_EDGE ( 'NONE', *, *, #1888, .F. ) ;
#1607 = DIRECTION ( 'NONE',  ( 0.000000000000000000, 1.000000000000000000, -0.000000000000000000 ) ) ;
#1608 = ORIENTED_EDGE ( 'NONE', *, *, #1336, .T. ) ;
#1609 = DIRECTION ( 'NONE',  ( -0.000000000000000000, -1.000000000000000000, -0.000000000000000000 ) ) ;
#1610 = FACE_BOUND ( 'NONE', #2487, .T. ) ;
#1611 = ORIENTED_EDGE ( 'NONE', *, *, #1442, .T. ) ;
#1612 = DIRECTION ( 'NONE',  ( -0.000000000000000000, 1.000000000000000000, -0.000000000000000000 ) ) ;
#1613 = AXIS2_PLACEMENT_3D ( 'NONE', #2062, #1492, #307 ) ;
#1614 = EDGE_LOOP ( 'NONE', ( #1570, #935 ) ) ;
#1615 = CARTESIAN_POINT ( 'NONE',  ( 141.9149999999999920, 13.00000000000000355, -6.499999999999999112 ) ) ;
#1616 = AXIS2_PLACEMENT_3D ( 'NONE', #2202, #590, #616 ) ;
#1617 = DIRECTION ( 'NONE',  ( -0.000000000000000000, 1.000000000000000000, -0.000000000000000000 ) ) ;
#1618 = CARTESIAN_POINT ( 'NONE',  ( 141.9149999999999920, 1.799999999999999600, -6.499999999999999112 ) ) ;
#1619 = EDGE_LOOP ( 'NONE', ( #452, #2162, #603 ) ) ;
#1620 = AXIS2_PLACEMENT_3D ( 'NONE', #1505, #1884, #502 ) ;
#1621 = FACE_OUTER_BOUND ( 'NONE', #2427, .T. ) ;
#1622 = AXIS2_PLACEMENT_3D ( 'NONE', #657, #471, #1846 ) ;
#1623 = DIRECTION ( 'NONE',  ( -0.000000000000000000, -1.000000000000000000, -0.000000000000000000 ) ) ;
#1624 = ORIENTED_EDGE ( 'NONE', *, *, #2170, .F. ) ;
#1625 = ADVANCED_FACE ( 'NONE', ( #1600 ), #955, .F. ) ;
#1626 = AXIS2_PLACEMENT_3D ( 'NONE', #2112, #1703, #1324 ) ;
#1627 = STYLED_ITEM ( 'NONE', ( #45 ), #1440 ) ;
#1628 = AXIS2_PLACEMENT_3D ( 'NONE', #829, #1216, #2003 ) ;
#1629 = LINE ( 'NONE', #47, #613 ) ;
#1630 = CARTESIAN_POINT ( 'NONE',  ( 122.7499999999999574, -1.734723475976807094E-15, -13.22499999999998899 ) ) ;
#1631 = DIRECTION ( 'NONE',  ( 0.000000000000000000, 0.000000000000000000, 1.000000000000000000 ) ) ;
#1632 = CARTESIAN_POINT ( 'NONE',  ( 22.25000000000000355, 0.000000000000000000, -13.55000000000000426 ) ) ;
#1633 = ORIENTED_EDGE ( 'NONE', *, *, #523, .F. ) ;
#1634 = DIRECTION ( 'NONE',  ( -0.000000000000000000, 1.000000000000000000, -0.000000000000000000 ) ) ;
#1635 = VERTEX_POINT ( 'NONE', #2321 ) ;
#1636 = ORIENTED_EDGE ( 'NONE', *, *, #1647, .F. ) ;
#1637 = LINE ( 'NONE', #2419, #2140 ) ;
#1638 = ADVANCED_FACE ( 'NONE', ( #1152 ), #2267, .F. ) ;
#1639 = EDGE_CURVE ( 'NONE', #1052, #2378, #2402, .T. ) ;
#1640 = FACE_BOUND ( 'NONE', #1684, .T. ) ;
#1641 = CARTESIAN_POINT ( 'NONE',  ( 49.99999999999998579, 2.999999999999999112, -48.99999999999998579 ) ) ;
#1642 = DIRECTION ( 'NONE',  ( 1.049727191138617833E-16, 0.5150380749100552658, -0.8571673007021116675 ) ) ;
#1643 = LINE ( 'NONE', #1473, #2033 ) ;
#1644 = ORIENTED_EDGE ( 'NONE', *, *, #2403, .F. ) ;
#1645 = DIRECTION ( 'NONE',  ( 0.000000000000000000, 0.5150380749100552658, 0.8571673007021116675 ) ) ;
#1646 = ORIENTED_EDGE ( 'NONE', *, *, #1810, .F. ) ;
#1647 = EDGE_CURVE ( 'NONE', #1849, #2333, #591, .T. ) ;
#1648 = ADVANCED_FACE ( 'NONE', ( #552 ), #2169, .T. ) ;
#1649 = LINE ( 'NONE', #1661, #794 ) ;
#1650 =( NAMED_UNIT ( * ) PLANE_ANGLE_UNIT ( ) SI_UNIT ( $, .RADIAN. ) );
#1651 = CYLINDRICAL_SURFACE ( 'NONE', #119, 3.000000000000002665 ) ;
#1652 = EDGE_CURVE ( 'NONE', #153, #1957, #1768, .T. ) ;
#1653 = LINE ( 'NONE', #1091, #301 ) ;
#1654 = FACE_OUTER_BOUND ( 'NONE', #743, .T. ) ;
#1655 = DIRECTION ( 'NONE',  ( -0.000000000000000000, -0.000000000000000000, 1.000000000000000000 ) ) ;
#1656 = CARTESIAN_POINT ( 'NONE',  ( 49.99999999999998579, 1.799999999999999600, -50.55000000000000426 ) ) ;
#1657 = CARTESIAN_POINT ( 'NONE',  ( 141.9149999999999920, 13.00000000000000178, -6.499999999999999112 ) ) ;
#1658 = ORIENTED_EDGE ( 'NONE', *, *, #1205, .T. ) ;
#1659 = CIRCLE ( 'NONE', #215, 1.449999999999979083 ) ;
#1660 = AXIS2_PLACEMENT_3D ( 'NONE', #1552, #557, #186 ) ;
#1661 = CARTESIAN_POINT ( 'NONE',  ( 141.9149999999999920, 13.00000000000000355, -4.724999999999999645 ) ) ;
#1662 = AXIS2_PLACEMENT_3D ( 'NONE', #1855, #1444, #1261 ) ;
#1663 = DIRECTION ( 'NONE',  ( 0.000000000000000000, 0.000000000000000000, 1.000000000000000000 ) ) ;
#1664 = DIRECTION ( 'NONE',  ( 8.659560562355096793E-17, 0.7071067811865343611, -0.7071067811865607844 ) ) ;
#1665 = DIRECTION ( 'NONE',  ( -0.000000000000000000, 1.000000000000000000, -0.000000000000000000 ) ) ;
#1666 = CIRCLE ( 'NONE', #1154, 1.774999999999998801 ) ;
#1667 = FACE_OUTER_BOUND ( 'NONE', #547, .T. ) ;
#1668 = CARTESIAN_POINT ( 'NONE',  ( 141.9149999999999920, 13.00000000000000178, -9.499999999999994671 ) ) ;
#1669 = ADVANCED_FACE ( 'NONE', ( #34, #1754, #2554, #822, #2159, #1610, #1221, #617, #1413, #1348, #2188, #367, #1244 ), #1271, .F. ) ;
#1670 = EDGE_CURVE ( 'NONE', #939, #798, #677, .T. ) ;
#1671 = AXIS2_PLACEMENT_3D ( 'NONE', #1779, #2179, #1213 ) ;
#1672 = FACE_OUTER_BOUND ( 'NONE', #2454, .T. ) ;
#1673 = CIRCLE ( 'NONE', #503, 1.774999999999998801 ) ;
#1674 = ORIENTED_EDGE ( 'NONE', *, *, #1291, .T. ) ;
#1675 = LINE ( 'NONE', #2455, #1371 ) ;
#1676 = CARTESIAN_POINT ( 'NONE',  ( 141.9149999999999920, 13.00000000000000355, -55.27499999999999858 ) ) ;
#1677 = DIRECTION ( 'NONE',  ( 0.000000000000000000, 0.000000000000000000, 1.000000000000000000 ) ) ;
#1678 = FACE_OUTER_BOUND ( 'NONE', #2156, .T. ) ;
#1679 = CARTESIAN_POINT ( 'NONE',  ( 141.9149999999999920, 13.00000000000000355, -8.274999999999996803 ) ) ;
#1680 = ADVANCED_FACE ( 'NONE', ( #283 ), #636, .T. ) ;
#1681 = EDGE_LOOP ( 'NONE', ( #397, #607, #2085, #1312 ) ) ;
#1682 = CARTESIAN_POINT ( 'NONE',  ( 22.25000000000000355, -1.734723475976807094E-15, -15.00000000000000000 ) ) ;
#1683 = DIRECTION ( 'NONE',  ( -0.000000000000000000, -1.000000000000000000, -0.000000000000000000 ) ) ;
#1684 = EDGE_LOOP ( 'NONE', ( #2172, #614 ) ) ;
#1685 = ORIENTED_EDGE ( 'NONE', *, *, #2433, .F. ) ;
#1686 = CIRCLE ( 'NONE', #942, 3.000000000000000888 ) ;
#1687 = ORIENTED_EDGE ( 'NONE', *, *, #510, .F. ) ;
#1688 = VERTEX_POINT ( 'NONE', #305 ) ;
#1689 = ADVANCED_FACE ( 'NONE', ( #1087, #2444 ), #1467, .F. ) ;
#1690 = EDGE_CURVE ( 'NONE', #1780, #1435, #475, .T. ) ;
#1691 = AXIS2_PLACEMENT_3D ( 'NONE', #2208, #445, #1048 ) ;
#1692 = AXIS2_PLACEMENT_3D ( 'NONE', #1380, #1393, #405 ) ;
#1693 = CARTESIAN_POINT ( 'NONE',  ( 22.25000000000000355, -1.734723475976807094E-15, -43.22500000000000142 ) ) ;
#1694 = AXIS2_PLACEMENT_3D ( 'NONE', #1082, #460, #2036 ) ;
#1695 = LINE ( 'NONE', #1456, #904 ) ;
#1696 = DIRECTION ( 'NONE',  ( 0.000000000000000000, 0.000000000000000000, -1.000000000000000000 ) ) ;
#1697 = AXIS2_PLACEMENT_3D ( 'NONE', #1577, #819, #15 ) ;
#1698 = CARTESIAN_POINT ( 'NONE',  ( 49.99999999999998579, 2.999999999999999112, -54.99999999999999289 ) ) ;
#1699 = ORIENTED_EDGE ( 'NONE', *, *, #1479, .F. ) ;
#1700 = CIRCLE ( 'NONE', #466, 1.449999999999993072 ) ;
#1701 = CIRCLE ( 'NONE', #1501, 1.449999999999991296 ) ;
#1702 = EDGE_LOOP ( 'NONE', ( #30, #151, #967, #584 ) ) ;
#1703 = DIRECTION ( 'NONE',  ( -0.000000000000000000, 1.000000000000000000, -0.000000000000000000 ) ) ;
#1704 = EDGE_CURVE ( 'NONE', #784, #315, #1675, .T. ) ;
#1705 = EDGE_CURVE ( 'NONE', #1849, #2544, #271, .T. ) ;
#1706 = DIRECTION ( 'NONE',  ( 0.000000000000000000, 0.5150380749100552658, 0.8571673007021116675 ) ) ;
#1707 = ORIENTED_EDGE ( 'NONE', *, *, #1487, .T. ) ;
#1708 = DIRECTION ( 'NONE',  ( 0.000000000000000000, -0.000000000000000000, -1.000000000000000000 ) ) ;
#1709 = VERTEX_POINT ( 'NONE', #850 ) ;
#1710 = ORIENTED_EDGE ( 'NONE', *, *, #2222, .F. ) ;
#1711 = FACE_OUTER_BOUND ( 'NONE', #188, .T. ) ;
#1712 = EDGE_LOOP ( 'NONE', ( #323, #506 ) ) ;
#1713 = DIRECTION ( 'NONE',  ( 0.000000000000000000, 0.000000000000000000, 1.000000000000000000 ) ) ;
#1714 = DIRECTION ( 'NONE',  ( -0.000000000000000000, -1.000000000000000000, -0.000000000000000000 ) ) ;
#1715 = ORIENTED_EDGE ( 'NONE', *, *, #1603, .F. ) ;
#1716 = EDGE_CURVE ( 'NONE', #944, #1796, #1637, .T. ) ;
#1717 = LINE ( 'NONE', #204, #1106 ) ;
#1718 = ORIENTED_EDGE ( 'NONE', *, *, #860, .T. ) ;
#1719 = ORIENTED_EDGE ( 'NONE', *, *, #888, .T. ) ;
#1720 = VECTOR ( 'NONE', #1277, 1000.000000000000000 ) ;
#1721 = CARTESIAN_POINT ( 'NONE',  ( 49.99999999999998579, 1.799999999999999600, -51.99999999999999289 ) ) ;
#1722 = ORIENTED_EDGE ( 'NONE', *, *, #345, .F. ) ;
#1723 = CIRCLE ( 'NONE', #413, 1.774999999999998801 ) ;
#1724 = FACE_OUTER_BOUND ( 'NONE', #1518, .T. ) ;
#1725 = AXIS2_PLACEMENT_3D ( 'NONE', #2553, #33, #229 ) ;
#1726 = CARTESIAN_POINT ( 'NONE',  ( 22.25000000000000355, -1.734723475976807094E-15, -15.00000000000000000 ) ) ;
#1727 = DIRECTION ( 'NONE',  ( 0.000000000000000000, 0.000000000000000000, -1.000000000000000000 ) ) ;
#1728 = CIRCLE ( 'NONE', #2228, 3.000000000000002665 ) ;
#1729 = VERTEX_POINT ( 'NONE', #2354 ) ;
#1730 = CARTESIAN_POINT ( 'NONE',  ( 49.99999999999996447, 13.00000000000000178, -8.000000000000007105 ) ) ;
#1731 = EDGE_CURVE ( 'NONE', #2241, #1012, #2095, .T. ) ;
#1732 = ADVANCED_FACE ( 'NONE', ( #1558 ), #1954, .F. ) ;
#1733 = FACE_BOUND ( 'NONE', #436, .T. ) ;
#1734 = DIRECTION ( 'NONE',  ( -0.000000000000000000, 1.000000000000000000, -0.000000000000000000 ) ) ;
#1735 = ORIENTED_EDGE ( 'NONE', *, *, #1916, .F. ) ;
#1736 = VERTEX_POINT ( 'NONE', #997 ) ;
#1737 = CIRCLE ( 'NONE', #2520, 2.999999999999993783 ) ;
#1738 = ORIENTED_EDGE ( 'NONE', *, *, #269, .T. ) ;
#1739 = CARTESIAN_POINT ( 'NONE',  ( 122.7499999999999574, -1.734723475976807094E-15, -14.99999999999998757 ) ) ;
#1740 = CIRCLE ( 'NONE', #637, 3.000000000000002665 ) ;
#1741 = DIRECTION ( 'NONE',  ( -0.000000000000000000, 1.000000000000000000, -0.000000000000000000 ) ) ;
#1742 = LINE ( 'NONE', #1338, #1452 ) ;
#1743 = ORIENTED_EDGE ( 'NONE', *, *, #199, .T. ) ;
#1744 = ORIENTED_EDGE ( 'NONE', *, *, #2224, .T. ) ;
#1745 = DIRECTION ( 'NONE',  ( 0.000000000000000000, 0.000000000000000000, -1.000000000000000000 ) ) ;
#1746 = DIRECTION ( 'NONE',  ( -0.000000000000000000, 1.000000000000000000, -0.000000000000000000 ) ) ;
#1747 = ORIENTED_EDGE ( 'NONE', *, *, #1956, .F. ) ;
#1748 = ADVANCED_FACE ( 'NONE', ( #585 ), #1208, .F. ) ;
#1749 = EDGE_CURVE ( 'NONE', #1766, #1601, #2446, .T. ) ;
#1750 = ORIENTED_EDGE ( 'NONE', *, *, #711, .F. ) ;
#1751 = FACE_OUTER_BOUND ( 'NONE', #1813, .T. ) ;
#1752 = ORIENTED_EDGE ( 'NONE', *, *, #1034, .F. ) ;
#1753 = CYLINDRICAL_SURFACE ( 'NONE', #2173, 3.000000000000002665 ) ;
#1754 = FACE_BOUND ( 'NONE', #867, .T. ) ;
#1755 = EDGE_CURVE ( 'NONE', #1860, #1012, #1167, .T. ) ;
#1756 = DIRECTION ( 'NONE',  ( 0.000000000000000000, 0.000000000000000000, -1.000000000000000000 ) ) ;
#1757 = CARTESIAN_POINT ( 'NONE',  ( 59.08499999999999375, 12.67499999999999538, -6.500000000000012434 ) ) ;
#1758 = EDGE_LOOP ( 'NONE', ( #94, #474, #1096, #2288 ) ) ;
#1759 = EDGE_LOOP ( 'NONE', ( #136, #252, #313, #380 ) ) ;
#1760 = FACE_OUTER_BOUND ( 'NONE', #1557, .T. ) ;
#1761 = CARTESIAN_POINT ( 'NONE',  ( 6.000000000000001776, 13.00000000000000355, -52.00000000000000000 ) ) ;
#1762 = DIRECTION ( 'NONE',  ( -0.000000000000000000, 1.000000000000000000, -0.000000000000000000 ) ) ;
#1763 = ORIENTED_EDGE ( 'NONE', *, *, #2010, .F. ) ;
#1764 = DIRECTION ( 'NONE',  ( -0.000000000000000000, 1.000000000000000000, -0.000000000000000000 ) ) ;
#1765 = ORIENTED_EDGE ( 'NONE', *, *, #194, .T. ) ;
#1766 = VERTEX_POINT ( 'NONE', #600 ) ;
#1767 = CARTESIAN_POINT ( 'NONE',  ( 6.000000000000001776, 12.67499999999999538, -52.00000000000000000 ) ) ;
#1768 = LINE ( 'NONE', #1993, #1282 ) ;
#1769 = EDGE_CURVE ( 'NONE', #720, #543, #498, .T. ) ;
#1770 = EDGE_CURVE ( 'NONE', #2379, #386, #577, .T. ) ;
#1771 = CARTESIAN_POINT ( 'NONE',  ( 49.99999999999996447, 13.00000000000000178, -8.000000000000007105 ) ) ;
#1772 = EDGE_LOOP ( 'NONE', ( #2304, #439, #1807, #1214 ) ) ;
#1773 = AXIS2_PLACEMENT_3D ( 'NONE', #1077, #871, #1099 ) ;
#1774 = DIRECTION ( 'NONE',  ( -0.000000000000000000, 1.000000000000000000, -0.000000000000000000 ) ) ;
#1775 = AXIS2_PLACEMENT_3D ( 'NONE', #297, #470, #1677 ) ;
#1776 = CARTESIAN_POINT ( 'NONE',  ( 6.000000000000001776, 1.799999999999999600, -8.000000000000000000 ) ) ;
#1777 = CIRCLE ( 'NONE', #1660, 3.000000000000000888 ) ;
#1778 = LINE ( 'NONE', #1420, #415 ) ;
#1779 = CARTESIAN_POINT ( 'NONE',  ( 122.7499999999999574, 0.000000000000000000, -45.00000000000001421 ) ) ;
#1780 = VERTEX_POINT ( 'NONE', #1146 ) ;
#1781 = DIRECTION ( 'NONE',  ( 0.000000000000000000, 0.000000000000000000, 1.000000000000000000 ) ) ;
#1782 = AXIS2_PLACEMENT_3D ( 'NONE', #2249, #480, #1252 ) ;
#1783 = EDGE_LOOP ( 'NONE', ( #1752, #55, #818, #589 ) ) ;
#1784 = CARTESIAN_POINT ( 'NONE',  ( 59.08499999999999375, 13.00000000000000178, -53.49999999999998579 ) ) ;
#1785 = ORIENTED_EDGE ( 'NONE', *, *, #309, .T. ) ;
#1786 = AXIS2_PLACEMENT_3D ( 'NONE', #2266, #1098, #1334 ) ;
#1787 = CARTESIAN_POINT ( 'NONE',  ( 59.08499999999999375, 13.00000000000000178, -3.499999999999997335 ) ) ;
#1788 = DIRECTION ( 'NONE',  ( 0.000000000000000000, 0.7071067811865343611, 0.7071067811865607844 ) ) ;
#1789 = DIRECTION ( 'NONE',  ( 0.000000000000000000, 0.000000000000000000, 1.000000000000000000 ) ) ;
#1790 = CIRCLE ( 'NONE', #1628, 1.449999999999985967 ) ;
#1791 = CONICAL_SURFACE ( 'NONE', #273, 1.774999999999998801, 0.7853981633974670418 ) ;
#1792 = EDGE_CURVE ( 'NONE', #322, #1977, #799, .T. ) ;
#1793 = EDGE_CURVE ( 'NONE', #1395, #1736, #548, .T. ) ;
#1794 = ORIENTED_EDGE ( 'NONE', *, *, #1716, .F. ) ;
#1795 = AXIS2_PLACEMENT_3D ( 'NONE', #973, #2299, #2314 ) ;
#1796 = VERTEX_POINT ( 'NONE', #2121 ) ;
#1797 = DIRECTION ( 'NONE',  ( 0.000000000000000000, 0.000000000000000000, 1.000000000000000000 ) ) ;
#1798 = CARTESIAN_POINT ( 'NONE',  ( 141.9149999999999920, 13.00000000000000178, -54.94999999999998153 ) ) ;
#1799 = CARTESIAN_POINT ( 'NONE',  ( 22.25000000000000355, 0.000000000000000000, -15.00000000000000000 ) ) ;
#1800 = ORIENTED_EDGE ( 'NONE', *, *, #2462, .T. ) ;
#1801 = EDGE_LOOP ( 'NONE', ( #1959, #838, #2261, #1166 ) ) ;
#1802 = CARTESIAN_POINT ( 'NONE',  ( 22.25000000000000355, 3.000000000000000000, -45.00000000000000000 ) ) ;
#1803 = CARTESIAN_POINT ( 'NONE',  ( 141.9149999999999920, 12.67499999999999538, -6.499999999999999112 ) ) ;
#1804 = VERTEX_POINT ( 'NONE', #808 ) ;
#1805 = EDGE_LOOP ( 'NONE', ( #1685, #766, #1123, #659 ) ) ;
#1806 = PLANE ( 'NONE',  #1691 ) ;
#1807 = ORIENTED_EDGE ( 'NONE', *, *, #1755, .T. ) ;
#1808 = CARTESIAN_POINT ( 'NONE',  ( 145.0000000000000000, 3.000000000000000000, -60.00000000000000000 ) ) ;
#1809 = LINE ( 'NONE', #1178, #1156 ) ;
#1810 = EDGE_CURVE ( 'NONE', #36, #1333, #1532, .T. ) ;
#1811 = ORIENTED_EDGE ( 'NONE', *, *, #284, .T. ) ;
#1812 = DIRECTION ( 'NONE',  ( -0.000000000000000000, 1.000000000000000000, -0.000000000000000000 ) ) ;
#1813 = EDGE_LOOP ( 'NONE', ( #1735, #1658, #893 ) ) ;
#1814 = DIRECTION ( 'NONE',  ( 8.659560562354921765E-17, -0.7071067811865484609, 0.7071067811865465735 ) ) ;
#1815 = DIRECTION ( 'NONE',  ( 0.000000000000000000, 0.000000000000000000, 1.000000000000000000 ) ) ;
#1816 = CYLINDRICAL_SURFACE ( 'NONE', #311, 1.449999999999985967 ) ;
#1817 = PLANE ( 'NONE',  #2122 ) ;
#1818 = FACE_OUTER_BOUND ( 'NONE', #1783, .T. ) ;
#1819 = VECTOR ( 'NONE', #1171, 1000.000000000000000 ) ;
#1820 = LINE ( 'NONE', #582, #703 ) ;
#1821 = DIRECTION ( 'NONE',  ( 0.000000000000000000, 0.000000000000000000, 1.000000000000000000 ) ) ;
#1822 = ORIENTED_EDGE ( 'NONE', *, *, #1320, .F. ) ;
#1823 = AXIS2_PLACEMENT_3D ( 'NONE', #1107, #479, #509 ) ;
#1824 = CARTESIAN_POINT ( 'NONE',  ( 141.9149999999999920, 2.999999999999999112, -6.499999999999999112 ) ) ;
#1825 = EDGE_CURVE ( 'NONE', #951, #2106, #1198, .T. ) ;
#1826 = EDGE_CURVE ( 'NONE', #937, #1833, #1870, .T. ) ;
#1827 = FILL_AREA_STYLE ('',( #1989 ) ) ;
#1828 = ORIENTED_EDGE ( 'NONE', *, *, #2114, .F. ) ;
#1829 = ORIENTED_EDGE ( 'NONE', *, *, #896, .F. ) ;
#1830 = CONICAL_SURFACE ( 'NONE', #1003, 1.449999999999985967, 1.029744258676653201 ) ;
#1831 = VECTOR ( 'NONE', #272, 1000.000000000000000 ) ;
#1832 = AXIS2_PLACEMENT_3D ( 'NONE', #1803, #1746, #1144 ) ;
#1833 = VERTEX_POINT ( 'NONE', #1039 ) ;
#1834 = CARTESIAN_POINT ( 'NONE',  ( 59.08499999999999375, 1.799999999999999600, -54.94999999999997442 ) ) ;
#1835 = CARTESIAN_POINT ( 'NONE',  ( 122.7499999999999574, 3.000000000000000000, -16.44999999999997797 ) ) ;
#1836 = CARTESIAN_POINT ( 'NONE',  ( 49.99999999999998579, 12.67499999999999538, -50.54999999999999716 ) ) ;
#1837 = ORIENTED_EDGE ( 'NONE', *, *, #1931, .F. ) ;
#1838 = CARTESIAN_POINT ( 'NONE',  ( 49.99999999999998579, 13.00000000000000355, -8.000000000000007105 ) ) ;
#1839 = ORIENTED_EDGE ( 'NONE', *, *, #232, .T. ) ;
#1840 = ADVANCED_FACE ( 'NONE', ( #1621 ), #881, .F. ) ;
#1841 = ADVANCED_FACE ( 'NONE', ( #1672 ), #2030, .F. ) ;
#1842 = EDGE_CURVE ( 'NONE', #192, #588, #676, .T. ) ;
#1843 = CARTESIAN_POINT ( 'NONE',  ( 141.9149999999999920, 13.00000000000000355, -4.724999999999999645 ) ) ;
#1844 = CARTESIAN_POINT ( 'NONE',  ( 5.999999999999996447, 0.9287521024100471312, -52.00000000000000000 ) ) ;
#1845 = DIRECTION ( 'NONE',  ( -0.000000000000000000, 1.000000000000000000, -0.000000000000000000 ) ) ;
#1846 = DIRECTION ( 'NONE',  ( 0.000000000000000000, 0.000000000000000000, 1.000000000000000000 ) ) ;
#1847 = LINE ( 'NONE', #1281, #1499 ) ;
#1848 = DIRECTION ( 'NONE',  ( -0.000000000000000000, 1.000000000000000000, -0.000000000000000000 ) ) ;
#1849 = VERTEX_POINT ( 'NONE', #1656 ) ;
#1850 = DIRECTION ( 'NONE',  ( -0.000000000000000000, -1.000000000000000000, -0.000000000000000000 ) ) ;
#1851 = ADVANCED_FACE ( 'NONE', ( #1424 ), #660, .F. ) ;
#1852 = EDGE_CURVE ( 'NONE', #386, #2379, #1666, .T. ) ;
#1853 = CARTESIAN_POINT ( 'NONE',  ( 49.99999999999998579, 13.00000000000000178, -8.000000000000007105 ) ) ;
#1854 = DIRECTION ( 'NONE',  ( 8.659560562354909439E-17, 0.7071067811865493491, -0.7071067811865456854 ) ) ;
#1855 = CARTESIAN_POINT ( 'NONE',  ( 141.9149999999999920, 1.799999999999999600, -53.50000000000000000 ) ) ;
#1856 = CARTESIAN_POINT ( 'NONE',  ( 141.9149999999999920, 12.67499999999999538, -54.94999999999998153 ) ) ;
#1857 = AXIS2_PLACEMENT_3D ( 'NONE', #1682, #286, #1503 ) ;
#1858 = DIRECTION ( 'NONE',  ( -0.000000000000000000, 1.000000000000000000, -0.000000000000000000 ) ) ;
#1859 = CIRCLE ( 'NONE', #1075, 1.774999999999998801 ) ;
#1860 = VERTEX_POINT ( 'NONE', #2440 ) ;
#1861 = CARTESIAN_POINT ( 'NONE',  ( 0.000000000000000000, 0.000000000000000000, 0.000000000000000000 ) ) ;
#1862 = CIRCLE ( 'NONE', #1775, 3.000000000000000888 ) ;
#1863 = AXIS2_PLACEMENT_3D ( 'NONE', #725, #1907, #2516 ) ;
#1864 = CONICAL_SURFACE ( 'NONE', #1147, 1.774999999999998801, 0.7853981633974469467 ) ;
#1865 = VECTOR ( 'NONE', #1623, 1000.000000000000000 ) ;
#1866 = LINE ( 'NONE', #101, #1569 ) ;
#1867 = EDGE_CURVE ( 'NONE', #798, #407, #684, .T. ) ;
#1868 = EDGE_CURVE ( 'NONE', #1601, #2057, #1241, .T. ) ;
#1869 = FACE_OUTER_BOUND ( 'NONE', #2537, .T. ) ;
#1870 = CIRCLE ( 'NONE', #225, 2.999999999999999112 ) ;
#1871 = LINE ( 'NONE', #1061, #166 ) ;
#1872 = CARTESIAN_POINT ( 'NONE',  ( 122.7499999999999574, -1.734723475976807094E-15, -14.99999999999998757 ) ) ;
#1873 = CONICAL_SURFACE ( 'NONE', #179, 1.774999999999998801, 0.7853981633974670418 ) ;
#1874 = CONICAL_SURFACE ( 'NONE', #381, 1.774999999999998801, 0.7853981633974456145 ) ;
#1875 = ORIENTED_EDGE ( 'NONE', *, *, #1690, .F. ) ;
#1876 = CARTESIAN_POINT ( 'NONE',  ( 141.9149999999999920, 13.00000000000000355, -6.499999999999999112 ) ) ;
#1877 = LINE ( 'NONE', #856, #2068 ) ;
#1878 = VERTEX_POINT ( 'NONE', #56 ) ;
#1879 = EDGE_CURVE ( 'NONE', #1979, #990, #1737, .T. ) ;
#1880 = VERTEX_POINT ( 'NONE', #1436 ) ;
#1881 = ORIENTED_EDGE ( 'NONE', *, *, #1973, .T. ) ;
#1882 = LINE ( 'NONE', #811, #2136 ) ;
#1883 = CARTESIAN_POINT ( 'NONE',  ( 22.25000000000000355, 0.000000000000000000, -46.44999999999998863 ) ) ;
#1884 = DIRECTION ( 'NONE',  ( -0.000000000000000000, -1.000000000000000000, -0.000000000000000000 ) ) ;
#1885 = DIRECTION ( 'NONE',  ( 0.000000000000000000, -1.000000000000000000, 0.000000000000000000 ) ) ;
#1886 = CARTESIAN_POINT ( 'NONE',  ( 49.99999999999998579, 13.00000000000000178, -6.550000000000017586 ) ) ;
#1887 = ORIENTED_EDGE ( 'NONE', *, *, #2222, .T. ) ;
#1888 = EDGE_CURVE ( 'NONE', #1345, #784, #133, .T. ) ;
#1889 = VECTOR ( 'NONE', #2107, 1000.000000000000000 ) ;
#1890 = ORIENTED_EDGE ( 'NONE', *, *, #269, .F. ) ;
#1891 = FACE_OUTER_BOUND ( 'NONE', #116, .T. ) ;
#1892 = CIRCLE ( 'NONE', #1525, 1.774999999999998801 ) ;
#1893 = AXIS2_PLACEMENT_3D ( 'NONE', #1721, #761, #351 ) ;
#1894 = LINE ( 'NONE', #389, #905 ) ;
#1895 = ORIENTED_EDGE ( 'NONE', *, *, #774, .T. ) ;
#1896 = DIRECTION ( 'NONE',  ( 8.659560562354979697E-17, 0.7071067811865439090, -0.7071067811865512365 ) ) ;
#1897 = VECTOR ( 'NONE', #2155, 1000.000000000000000 ) ;
#1898 = CARTESIAN_POINT ( 'NONE',  ( 122.7499999999999574, 0.3250000000000015099, -45.00000000000001421 ) ) ;
#1899 = ORIENTED_EDGE ( 'NONE', *, *, #2403, .T. ) ;
#1900 = AXIS2_PLACEMENT_3D ( 'NONE', #1404, #378, #1024 ) ;
#1901 = VECTOR ( 'NONE', #734, 1000.000000000000000 ) ;
#1902 = CARTESIAN_POINT ( 'NONE',  ( 59.08499999999999375, 13.00000000000000355, -6.500000000000012434 ) ) ;
#1903 = ADVANCED_FACE ( 'NONE', ( #2212 ), #2024, .F. ) ;
#1904 = EDGE_LOOP ( 'NONE', ( #1007, #2131 ) ) ;
#1905 = EDGE_CURVE ( 'NONE', #2331, #578, #44, .T. ) ;
#1906 = EDGE_CURVE ( 'NONE', #521, #1042, #2415, .T. ) ;
#1907 = DIRECTION ( 'NONE',  ( -0.000000000000000000, 1.000000000000000000, -0.000000000000000000 ) ) ;
#1908 = ORIENTED_EDGE ( 'NONE', *, *, #1204, .F. ) ;
#1909 = CARTESIAN_POINT ( 'NONE',  ( 141.9149999999999920, 13.00000000000000355, -51.72500000000000142 ) ) ;
#1910 = ORIENTED_EDGE ( 'NONE', *, *, #458, .F. ) ;
#1911 = VERTEX_POINT ( 'NONE', #1263 ) ;
#1912 = DIRECTION ( 'NONE',  ( -0.000000000000000000, -1.000000000000000000, -0.000000000000000000 ) ) ;
#1913 = CARTESIAN_POINT ( 'NONE',  ( 6.000000000000001776, 13.00000000000000178, -8.000000000000000000 ) ) ;
#1914 = ADVANCED_FACE ( 'NONE', ( #92 ), #14, .F. ) ;
#1915 = FACE_OUTER_BOUND ( 'NONE', #195, .T. ) ;
#1916 = EDGE_CURVE ( 'NONE', #2317, #1395, #878, .T. ) ;
#1917 = ORIENTED_EDGE ( 'NONE', *, *, #1140, .T. ) ;
#1918 = DIRECTION ( 'NONE',  ( 0.000000000000000000, 1.000000000000000000, 0.000000000000000000 ) ) ;
#1919 = DIRECTION ( 'NONE',  ( -0.000000000000000000, 1.000000000000000000, -0.000000000000000000 ) ) ;
#1920 = ORIENTED_EDGE ( 'NONE', *, *, #652, .T. ) ;
#1921 = ORIENTED_EDGE ( 'NONE', *, *, #319, .F. ) ;
#1922 = AXIS2_PLACEMENT_3D ( 'NONE', #641, #1431, #1234 ) ;
#1923 = CARTESIAN_POINT ( 'NONE',  ( 22.25000000000000355, 0.000000000000000000, -15.00000000000000000 ) ) ;
#1924 = AXIS2_PLACEMENT_3D ( 'NONE', #1943, #1014, #1562 ) ;
#1925 = CARTESIAN_POINT ( 'NONE',  ( 122.7499999999999574, 0.3250000000000015099, -45.00000000000001421 ) ) ;
#1926 = VECTOR ( 'NONE', #2176, 1000.000000000000000 ) ;
#1927 = LINE ( 'NONE', #1326, #851 ) ;
#1928 = CARTESIAN_POINT ( 'NONE',  ( 6.000000000000001776, 13.00000000000000355, -8.000000000000000000 ) ) ;
#1929 = AXIS2_PLACEMENT_3D ( 'NONE', #2084, #2283, #1708 ) ;
#1930 = EDGE_CURVE ( 'NONE', #40, #1395, #844, .T. ) ;
#1931 = EDGE_CURVE ( 'NONE', #403, #36, #1474, .T. ) ;
#1932 = CONICAL_SURFACE ( 'NONE', #673, 1.774999999999997025, 0.7853981633974522758 ) ;
#1933 = EDGE_LOOP ( 'NONE', ( #646, #7 ) ) ;
#1934 = LINE ( 'NONE', #2505, #2127 ) ;
#1935 = VECTOR ( 'NONE', #1001, 1000.000000000000114 ) ;
#1936 = DIRECTION ( 'NONE',  ( -0.000000000000000000, -1.000000000000000000, -0.000000000000000000 ) ) ;
#1937 = ORIENTED_EDGE ( 'NONE', *, *, #2113, .F. ) ;
#1938 = AXIS2_PLACEMENT_3D ( 'NONE', #1095, #894, #718 ) ;
#1939 = ORIENTED_EDGE ( 'NONE', *, *, #2082, .F. ) ;
#1940 = AXIS2_PLACEMENT_3D ( 'NONE', #2226, #81, #866 ) ;
#1941 = DIRECTION ( 'NONE',  ( -0.000000000000000000, -1.000000000000000000, -0.000000000000000000 ) ) ;
#1942 = ORIENTED_EDGE ( 'NONE', *, *, #1564, .T. ) ;
#1943 = CARTESIAN_POINT ( 'NONE',  ( 141.9149999999999920, 13.00000000000000178, -53.50000000000000000 ) ) ;
#1944 = DIRECTION ( 'NONE',  ( 0.000000000000000000, 0.000000000000000000, 1.000000000000000000 ) ) ;
#1945 = AXIS2_PLACEMENT_3D ( 'NONE', #139, #2292, #177 ) ;
#1946 = DIRECTION ( 'NONE',  ( 0.000000000000000000, 0.000000000000000000, 1.000000000000000000 ) ) ;
#1947 = DIRECTION ( 'NONE',  ( -1.000000000000000000, 0.000000000000000000, 0.000000000000000000 ) ) ;
#1948 = ORIENTED_EDGE ( 'NONE', *, *, #655, .F. ) ;
#1949 = EDGE_LOOP ( 'NONE', ( #771, #2276 ) ) ;
#1950 = CARTESIAN_POINT ( 'NONE',  ( 22.25000000000000355, 0.000000000000000000, -45.00000000000000000 ) ) ;
#1951 = DIRECTION ( 'NONE',  ( 0.000000000000000000, 0.000000000000000000, -1.000000000000000000 ) ) ;
#1952 = DIRECTION ( 'NONE',  ( 0.000000000000000000, 0.000000000000000000, 1.000000000000000000 ) ) ;
#1953 = ORIENTED_EDGE ( 'NONE', *, *, #915, .T. ) ;
#1954 = CYLINDRICAL_SURFACE ( 'NONE', #1049, 1.449999999999985967 ) ;
#1955 = EDGE_CURVE ( 'NONE', #951, #2195, #1790, .T. ) ;
#1956 = EDGE_CURVE ( 'NONE', #1073, #1258, #840, .T. ) ;
#1957 = VERTEX_POINT ( 'NONE', #1245 ) ;
#1958 = PLANE ( 'NONE',  #527 ) ;
#1959 = ORIENTED_EDGE ( 'NONE', *, *, #2073, .F. ) ;
#1960 = DIRECTION ( 'NONE',  ( -0.000000000000000000, 1.000000000000000000, -0.000000000000000000 ) ) ;
#1961 = DIRECTION ( 'NONE',  ( -0.000000000000000000, 1.000000000000000000, -0.000000000000000000 ) ) ;
#1962 = DIRECTION ( 'NONE',  ( 0.000000000000000000, 0.000000000000000000, -1.000000000000000000 ) ) ;
#1963 = ORIENTED_EDGE ( 'NONE', *, *, #75, .F. ) ;
#1964 = ORIENTED_EDGE ( 'NONE', *, *, #214, .T. ) ;
#1965 = DIRECTION ( 'NONE',  ( -0.000000000000000000, 1.000000000000000000, -0.000000000000000000 ) ) ;
#1966 = CARTESIAN_POINT ( 'NONE',  ( 0.000000000000000000, 0.000000000000000000, -60.00000000000000000 ) ) ;
#1967 = DIRECTION ( 'NONE',  ( -0.000000000000000000, 1.000000000000000000, -0.000000000000000000 ) ) ;
#1968 = ORIENTED_EDGE ( 'NONE', *, *, #214, .F. ) ;
#1969 = DIRECTION ( 'NONE',  ( -0.000000000000000000, 1.000000000000000000, -0.000000000000000000 ) ) ;
#1970 = CYLINDRICAL_SURFACE ( 'NONE', #1938, 1.449999999999985967 ) ;
#1971 = ORIENTED_EDGE ( 'NONE', *, *, #986, .F. ) ;
#1972 = EDGE_CURVE ( 'NONE', #1804, #2530, #1496, .T. ) ;
#1973 = EDGE_CURVE ( 'NONE', #1395, #40, #1373, .T. ) ;
#1974 = DIRECTION ( 'NONE',  ( -0.000000000000000000, 1.000000000000000000, -0.000000000000000000 ) ) ;
#1975 = FACE_OUTER_BOUND ( 'NONE', #2417, .T. ) ;
#1976 = VECTOR ( 'NONE', #1664, 999.9999999999998863 ) ;
#1977 = VERTEX_POINT ( 'NONE', #2108 ) ;
#1978 = AXIS2_PLACEMENT_3D ( 'NONE', #1411, #1960, #1992 ) ;
#1979 = VERTEX_POINT ( 'NONE', #149 ) ;
#1980 = CIRCLE ( 'NONE', #664, 1.449999999999985967 ) ;
#1981 = FACE_OUTER_BOUND ( 'NONE', #208, .T. ) ;
#1982 = CIRCLE ( 'NONE', #791, 1.449999999999991296 ) ;
#1983 = DIRECTION ( 'NONE',  ( -0.000000000000000000, -1.000000000000000000, -0.000000000000000000 ) ) ;
#1984 = DIRECTION ( 'NONE',  ( -0.000000000000000000, 1.000000000000000000, -0.000000000000000000 ) ) ;
#1985 = ORIENTED_EDGE ( 'NONE', *, *, #2370, .T. ) ;
#1986 = CARTESIAN_POINT ( 'NONE',  ( 141.9149999999999920, 12.67499999999999538, -53.50000000000000000 ) ) ;
#1987 = VECTOR ( 'NONE', #1642, 1000.000000000000000 ) ;
#1988 = ORIENTED_EDGE ( 'NONE', *, *, #2422, .F. ) ;
#1989 = FILL_AREA_STYLE_COLOUR ( '', #221 ) ;
#1990 = EDGE_LOOP ( 'NONE', ( #164, #1785, #599, #60 ) ) ;
#1991 = VECTOR ( 'NONE', #1300, 1000.000000000000114 ) ;
#1992 = DIRECTION ( 'NONE',  ( 0.000000000000000000, 0.000000000000000000, 1.000000000000000000 ) ) ;
#1993 = CARTESIAN_POINT ( 'NONE',  ( 6.000000000000001776, 1.799999999999999600, -53.44999999999998153 ) ) ;
#1994 = AXIS2_PLACEMENT_3D ( 'NONE', #2550, #362, #180 ) ;
#1995 = AXIS2_PLACEMENT_3D ( 'NONE', #1799, #250, #610 ) ;
#1996 = ORIENTED_EDGE ( 'NONE', *, *, #797, .T. ) ;
#1997 = ADVANCED_FACE ( 'NONE', ( #546 ), #2098, .F. ) ;
#1998 = AXIS2_PLACEMENT_3D ( 'NONE', #1913, #4, #751 ) ;
#1999 = ORIENTED_EDGE ( 'NONE', *, *, #724, .T. ) ;
#2000 = LINE ( 'NONE', #609, #1202 ) ;
#2001 = FACE_OUTER_BOUND ( 'NONE', #260, .T. ) ;
#2002 = VERTEX_POINT ( 'NONE', #729 ) ;
#2003 = DIRECTION ( 'NONE',  ( 0.000000000000000000, 0.000000000000000000, 1.000000000000000000 ) ) ;
#2004 = LINE ( 'NONE', #832, #1865 ) ;
#2005 = ORIENTED_EDGE ( 'NONE', *, *, #1731, .T. ) ;
#2006 = CARTESIAN_POINT ( 'NONE',  ( 122.7499999999999574, 0.000000000000000000, -43.55000000000001847 ) ) ;
#2007 = CARTESIAN_POINT ( 'NONE',  ( 22.25000000000000355, -1.734723475976807094E-15, -43.22500000000000142 ) ) ;
#2008 = FACE_OUTER_BOUND ( 'NONE', #2327, .T. ) ;
#2009 = CARTESIAN_POINT ( 'NONE',  ( 141.9149999999999920, 13.00000000000000178, -6.499999999999999112 ) ) ;
#2010 = EDGE_CURVE ( 'NONE', #1729, #2132, #922, .T. ) ;
#2011 = EDGE_CURVE ( 'NONE', #560, #2509, #719, .T. ) ;
#2012 = DIRECTION ( 'NONE',  ( 0.000000000000000000, 0.000000000000000000, -1.000000000000000000 ) ) ;
#2013 = DIRECTION ( 'NONE',  ( 0.000000000000000000, 0.000000000000000000, 1.000000000000000000 ) ) ;
#2014 = ORIENTED_EDGE ( 'NONE', *, *, #2011, .T. ) ;
#2015 = DIRECTION ( 'NONE',  ( 0.000000000000000000, 0.000000000000000000, 1.000000000000000000 ) ) ;
#2016 = ORIENTED_EDGE ( 'NONE', *, *, #1755, .F. ) ;
#2017 = LINE ( 'NONE', #1676, #1976 ) ;
#2018 = AXIS2_PLACEMENT_3D ( 'NONE', #1407, #1217, #890 ) ;
#2019 = EDGE_CURVE ( 'NONE', #270, #448, #1700, .T. ) ;
#2020 = LINE ( 'NONE', #1050, #1987 ) ;
#2021 = DIRECTION ( 'NONE',  ( 8.659560562355001884E-17, 0.7071067811865419106, -0.7071067811865531239 ) ) ;
#2022 = ORIENTED_EDGE ( 'NONE', *, *, #1930, .F. ) ;
#2023 = VECTOR ( 'NONE', #1060, 1000.000000000000000 ) ;
#2024 = CYLINDRICAL_SURFACE ( 'NONE', #2232, 1.449999999999979083 ) ;
#2025 = CIRCLE ( 'NONE', #1109, 3.000000000000000888 ) ;
#2026 = EDGE_CURVE ( 'NONE', #812, #2333, #135, .T. ) ;
#2027 = ORIENTED_EDGE ( 'NONE', *, *, #396, .F. ) ;
#2028 = CONICAL_SURFACE ( 'NONE', #2346, 1.449999999999985967, 1.029744258676653201 ) ;
#2029 = AXIS2_PLACEMENT_3D ( 'NONE', #1172, #400, #1944 ) ;
#2030 = CONICAL_SURFACE ( 'NONE', #631, 1.774999999999998801, 0.7853981633974456145 ) ;
#2031 = UNCERTAINTY_MEASURE_WITH_UNIT (LENGTH_MEASURE( 1.000000000000000082E-05 ), #259, 'distance_accuracy_value', 'NONE');
#2032 = DIRECTION ( 'NONE',  ( 0.000000000000000000, 0.000000000000000000, 1.000000000000000000 ) ) ;
#2033 = VECTOR ( 'NONE', #312, 1000.000000000000114 ) ;
#2034 = FACE_OUTER_BOUND ( 'NONE', #847, .T. ) ;
#2035 = CARTESIAN_POINT ( 'NONE',  ( 141.9149999999999920, 13.00000000000000355, -6.499999999999999112 ) ) ;
#2036 = DIRECTION ( 'NONE',  ( 0.000000000000000000, 0.000000000000000000, 1.000000000000000000 ) ) ;
#2037 = CARTESIAN_POINT ( 'NONE',  ( 49.99999999999998579, 13.00000000000000355, -50.22499999999999432 ) ) ;
#2038 = CARTESIAN_POINT ( 'NONE',  ( 49.99999999999998579, 13.00000000000000355, -51.99999999999999289 ) ) ;
#2039 = ORIENTED_EDGE ( 'NONE', *, *, #2472, .T. ) ;
#2040 = ADVANCED_FACE ( 'NONE', ( #948 ), #769, .F. ) ;
#2041 = DIRECTION ( 'NONE',  ( 0.000000000000000000, 0.7071067811865343611, 0.7071067811865607844 ) ) ;
#2042 = CARTESIAN_POINT ( 'NONE',  ( 59.08499999999999375, 13.00000000000000178, -54.94999999999997442 ) ) ;
#2043 = CARTESIAN_POINT ( 'NONE',  ( 49.99999999999998579, 13.00000000000000355, -53.77499999999999147 ) ) ;
#2044 = CARTESIAN_POINT ( 'NONE',  ( 59.08499999999999375, 13.00000000000000355, -4.725000000000013856 ) ) ;
#2045 = LINE ( 'NONE', #842, #499 ) ;
#2046 = ORIENTED_EDGE ( 'NONE', *, *, #913, .T. ) ;
#2047 = DIRECTION ( 'NONE',  ( -0.000000000000000000, -1.000000000000000000, -0.000000000000000000 ) ) ;
#2048 = EDGE_LOOP ( 'NONE', ( #142, #1561, #2110, #1297 ) ) ;
#2049 = EDGE_CURVE ( 'NONE', #767, #1333, #320, .T. ) ;
#2050 = FACE_OUTER_BOUND ( 'NONE', #390, .T. ) ;
#2051 = CYLINDRICAL_SURFACE ( 'NONE', #1620, 3.000000000000000888 ) ;
#2052 = CONICAL_SURFACE ( 'NONE', #486, 1.775000000000002354, 0.7853981633974469467 ) ;
#2053 = DIRECTION ( 'NONE',  ( -0.000000000000000000, -1.000000000000000000, -0.000000000000000000 ) ) ;
#2054 = DIRECTION ( 'NONE',  ( 0.000000000000000000, -1.000000000000000000, 0.000000000000000000 ) ) ;
#2055 = AXIS2_PLACEMENT_3D ( 'NONE', #1046, #1428, #2203 ) ;
#2056 = VECTOR ( 'NONE', #892, 1000.000000000000114 ) ;
#2057 = VERTEX_POINT ( 'NONE', #909 ) ;
#2058 = AXIS2_PLACEMENT_3D ( 'NONE', #1572, #2218, #2163 ) ;
#2059 = CONICAL_SURFACE ( 'NONE', #1893, 1.449999999999985967, 1.029744258676653201 ) ;
#2060 = VERTEX_POINT ( 'NONE', #1698 ) ;
#2061 = CIRCLE ( 'NONE', #1084, 1.449999999999993072 ) ;
#2062 = CARTESIAN_POINT ( 'NONE',  ( 122.7499999999999574, 0.000000000000000000, -45.00000000000001421 ) ) ;
#2063 = APPLICATION_CONTEXT ( 'automotive_design' ) ;
#2064 = ADVANCED_FACE ( 'NONE', ( #2484 ), #2096, .F. ) ;
#2065 = DIRECTION ( 'NONE',  ( 0.000000000000000000, 0.000000000000000000, 1.000000000000000000 ) ) ;
#2066 = VECTOR ( 'NONE', #2047, 1000.000000000000000 ) ;
#2067 = CARTESIAN_POINT ( 'NONE',  ( 141.9149999999999920, 2.999999999999999112, -50.50000000000000000 ) ) ;
#2068 = VECTOR ( 'NONE', #2240, 1000.000000000000114 ) ;
#2069 = VERTEX_POINT ( 'NONE', #29 ) ;
#2070 = EDGE_LOOP ( 'NONE', ( #649, #925, #1644, #558 ) ) ;
#2071 = CYLINDRICAL_SURFACE ( 'NONE', #1773, 3.000000000000002665 ) ;
#2072 = DIRECTION ( 'NONE',  ( 0.000000000000000000, 0.000000000000000000, -1.000000000000000000 ) ) ;
#2073 = EDGE_CURVE ( 'NONE', #2195, #951, #2273, .T. ) ;
#2074 = EDGE_CURVE ( 'NONE', #1880, #1729, #2407, .T. ) ;
#2075 = CARTESIAN_POINT ( 'NONE',  ( 22.25000000000000355, 3.000000000000000000, -15.00000000000000000 ) ) ;
#2076 = FACE_OUTER_BOUND ( 'NONE', #1619, .T. ) ;
#2077 = DIRECTION ( 'NONE',  ( 0.000000000000000000, 0.000000000000000000, -1.000000000000000000 ) ) ;
#2078 = EDGE_LOOP ( 'NONE', ( #2296, #1207, #2093, #778 ) ) ;
#2079 = VERTEX_POINT ( 'NONE', #827 ) ;
#2080 = ORIENTED_EDGE ( 'NONE', *, *, #1033, .F. ) ;
#2081 = LINE ( 'NONE', #1279, #834 ) ;
#2082 = EDGE_CURVE ( 'NONE', #1796, #2161, #2192, .T. ) ;
#2083 = ADVANCED_FACE ( 'NONE', ( #1394 ), #1421, .F. ) ;
#2084 = CARTESIAN_POINT ( 'NONE',  ( 5.999999999999998224, 13.00000000000000178, -8.000000000000000000 ) ) ;
#2085 = ORIENTED_EDGE ( 'NONE', *, *, #2114, .T. ) ;
#2086 = CONICAL_SURFACE ( 'NONE', #1857, 1.775000000000002354, 0.7853981633974469467 ) ;
#2087 = EDGE_CURVE ( 'NONE', #2293, #1114, #1381, .T. ) ;
#2088 = CIRCLE ( 'NONE', #1725, 1.449999999999979083 ) ;
#2089 = CIRCLE ( 'NONE', #1310, 2.999999999999995559 ) ;
#2090 = AXIS2_PLACEMENT_3D ( 'NONE', #2297, #333, #2312 ) ;
#2091 = DIRECTION ( 'NONE',  ( 0.000000000000000000, 0.000000000000000000, 1.000000000000000000 ) ) ;
#2092 = VECTOR ( 'NONE', #211, 1000.000000000000000 ) ;
#2093 = ORIENTED_EDGE ( 'NONE', *, *, #1879, .T. ) ;
#2094 = CARTESIAN_POINT ( 'NONE',  ( 6.000000000000001776, 13.00000000000000355, -9.775000000000000355 ) ) ;
#2095 = CIRCLE ( 'NONE', #372, 1.449999999999979083 ) ;
#2096 = CYLINDRICAL_SURFACE ( 'NONE', #1995, 1.449999999999993072 ) ;
#2097 = ORIENTED_EDGE ( 'NONE', *, *, #852, .T. ) ;
#2098 = CONICAL_SURFACE ( 'NONE', #227, 1.449999999999985967, 1.029744258676653201 ) ;
#2099 = CIRCLE ( 'NONE', #429, 2.999999999999994227 ) ;
#2100 = CARTESIAN_POINT ( 'NONE',  ( 141.9149999999999920, 13.00000000000000178, -3.500000000000004441 ) ) ;
#2101 = ADVANCED_FACE ( 'NONE', ( #406 ), #1419, .F. ) ;
#2102 = ADVANCED_FACE ( 'NONE', ( #2001 ), #422, .F. ) ;
#2103 = FACE_OUTER_BOUND ( 'NONE', #859, .T. ) ;
#2104 = CYLINDRICAL_SURFACE ( 'NONE', #1795, 1.449999999999993072 ) ;
#2105 = LINE ( 'NONE', #2325, #1108 ) ;
#2106 = VERTEX_POINT ( 'NONE', #12 ) ;
#2107 = DIRECTION ( 'NONE',  ( 0.000000000000000000, -0.7071067811865484609, -0.7071067811865465735 ) ) ;
#2108 = CARTESIAN_POINT ( 'NONE',  ( 141.9149999999999920, 13.00000000000000178, -56.49999999999999289 ) ) ;
#2109 = ORIENTED_EDGE ( 'NONE', *, *, #1240, .T. ) ;
#2110 = ORIENTED_EDGE ( 'NONE', *, *, #966, .T. ) ;
#2111 = DIRECTION ( 'NONE',  ( 0.000000000000000000, 0.000000000000000000, -1.000000000000000000 ) ) ;
#2112 = CARTESIAN_POINT ( 'NONE',  ( 59.08499999999999375, 1.799999999999999600, -53.49999999999998579 ) ) ;
#2113 = EDGE_CURVE ( 'NONE', #156, #2132, #1586, .T. ) ;
#2114 = EDGE_CURVE ( 'NONE', #2333, #2308, #1809, .T. ) ;
#2115 = ORIENTED_EDGE ( 'NONE', *, *, #2364, .T. ) ;
#2116 = CARTESIAN_POINT ( 'NONE',  ( 141.9149999999999920, 13.00000000000000355, -55.27499999999999858 ) ) ;
#2117 = CARTESIAN_POINT ( 'NONE',  ( 145.0000000000000000, 3.000000000000000000, 0.000000000000000000 ) ) ;
#2118 = ORIENTED_EDGE ( 'NONE', *, *, #2074, .F. ) ;
#2119 = DIRECTION ( 'NONE',  ( 0.000000000000000000, 0.000000000000000000, -1.000000000000000000 ) ) ;
#2120 = ORIENTED_EDGE ( 'NONE', *, *, #295, .T. ) ;
#2121 = CARTESIAN_POINT ( 'NONE',  ( 141.9149999999999920, 1.799999999999999600, -5.050000000000019362 ) ) ;
#2122 = AXIS2_PLACEMENT_3D ( 'NONE', #1175, #50, #203 ) ;
#2123 = CYLINDRICAL_SURFACE ( 'NONE', #1493, 1.449999999999993072 ) ;
#2124 = ORIENTED_EDGE ( 'NONE', *, *, #62, .T. ) ;
#2125 = CYLINDRICAL_SURFACE ( 'NONE', #267, 3.000000000000002665 ) ;
#2126 = CIRCLE ( 'NONE', #2295, 3.000000000000002665 ) ;
#2127 = VECTOR ( 'NONE', #740, 1000.000000000000000 ) ;
#2128 = CARTESIAN_POINT ( 'NONE',  ( 49.99999999999998579, 13.00000000000000178, -51.99999999999999289 ) ) ;
#2129 = CARTESIAN_POINT ( 'NONE',  ( 141.9149999999999920, 13.00000000000000178, -7.949999999999977973 ) ) ;
#2130 = VECTOR ( 'NONE', #978, 1000.000000000000000 ) ;
#2131 = ORIENTED_EDGE ( 'NONE', *, *, #444, .F. ) ;
#2132 = VERTEX_POINT ( 'NONE', #629 ) ;
#2133 = ADVANCED_FACE ( 'NONE', ( #435 ), #1556, .F. ) ;
#2134 = ADVANCED_FACE ( 'NONE', ( #2548 ), #802, .F. ) ;
#2135 = CARTESIAN_POINT ( 'NONE',  ( 5.999999999999998224, 13.00000000000000178, -5.000000000000000888 ) ) ;
#2136 = VECTOR ( 'NONE', #1788, 999.9999999999998863 ) ;
#2137 = CARTESIAN_POINT ( 'NONE',  ( 49.99999999999998579, 13.00000000000000355, -51.99999999999999289 ) ) ;
#2138 = CARTESIAN_POINT ( 'NONE',  ( 6.000000000000001776, 1.799999999999999600, -52.00000000000000000 ) ) ;
#2139 = ORIENTED_EDGE ( 'NONE', *, *, #1852, .T. ) ;
#2140 = VECTOR ( 'NONE', #612, 1000.000000000000000 ) ;
#2141 = ORIENTED_EDGE ( 'NONE', *, *, #1292, .F. ) ;
#2142 = AXIS2_PLACEMENT_3D ( 'NONE', #1062, #865, #1092 ) ;
#2143 = DIRECTION ( 'NONE',  ( 0.000000000000000000, 0.000000000000000000, 1.000000000000000000 ) ) ;
#2144 = ORIENTED_EDGE ( 'NONE', *, *, #86, .F. ) ;
#2145 = LINE ( 'NONE', #1370, #2092 ) ;
#2146 = CARTESIAN_POINT ( 'NONE',  ( 122.7499999999999574, 3.000000000000000000, -14.99999999999998757 ) ) ;
#2147 = CARTESIAN_POINT ( 'NONE',  ( 122.7499999999999574, 0.3250000000000015099, -13.54999999999999361 ) ) ;
#2148 = ORIENTED_EDGE ( 'NONE', *, *, #1104, .T. ) ;
#2149 = ORIENTED_EDGE ( 'NONE', *, *, #580, .F. ) ;
#2150 = CARTESIAN_POINT ( 'NONE',  ( 49.99999999999998579, 1.799999999999999600, -9.449999999999993960 ) ) ;
#2151 = EDGE_CURVE ( 'NONE', #403, #767, #63, .T. ) ;
#2152 = DIRECTION ( 'NONE',  ( -0.000000000000000000, 1.000000000000000000, -0.000000000000000000 ) ) ;
#2153 = CARTESIAN_POINT ( 'NONE',  ( 59.08499999999999375, 13.00000000000000178, -53.49999999999998579 ) ) ;
#2154 = ORIENTED_EDGE ( 'NONE', *, *, #830, .F. ) ;
#2155 = DIRECTION ( 'NONE',  ( -0.000000000000000000, 1.000000000000000000, -0.000000000000000000 ) ) ;
#2156 = EDGE_LOOP ( 'NONE', ( #2284, #1707, #1567, #898 ) ) ;
#2157 = ORIENTED_EDGE ( 'NONE', *, *, #2432, .F. ) ;
#2158 = DIRECTION ( 'NONE',  ( 0.000000000000000000, 0.7071067811865439090, 0.7071067811865512365 ) ) ;
#2159 = FACE_BOUND ( 'NONE', #627, .T. ) ;
#2160 = CARTESIAN_POINT ( 'NONE',  ( 141.9149999999999920, 13.00000000000000178, -6.499999999999999112 ) ) ;
#2161 = VERTEX_POINT ( 'NONE', #191 ) ;
#2162 = ORIENTED_EDGE ( 'NONE', *, *, #484, .T. ) ;
#2163 = DIRECTION ( 'NONE',  ( 0.000000000000000000, -0.000000000000000000, 1.000000000000000000 ) ) ;
#2164 = FACE_OUTER_BOUND ( 'NONE', #1801, .T. ) ;
#2165 = FACE_OUTER_BOUND ( 'NONE', #423, .T. ) ;
#2166 = ORIENTED_EDGE ( 'NONE', *, *, #652, .F. ) ;
#2167 = ORIENTED_EDGE ( 'NONE', *, *, #966, .F. ) ;
#2168 = FACE_OUTER_BOUND ( 'NONE', #1772, .T. ) ;
#2169 = CYLINDRICAL_SURFACE ( 'NONE', #1318, 3.000000000000000888 ) ;
#2170 = EDGE_CURVE ( 'NONE', #1012, #2241, #1537, .T. ) ;
#2171 = DIRECTION ( 'NONE',  ( 0.000000000000000000, -1.000000000000000000, 0.000000000000000000 ) ) ;
#2172 = ORIENTED_EDGE ( 'NONE', *, *, #511, .F. ) ;
#2173 = AXIS2_PLACEMENT_3D ( 'NONE', #440, #1201, #987 ) ;
#2174 = ORIENTED_EDGE ( 'NONE', *, *, #2269, .T. ) ;
#2175 = AXIS2_PLACEMENT_3D ( 'NONE', #2465, #1665, #2065 ) ;
#2176 = DIRECTION ( 'NONE',  ( -0.000000000000000000, 1.000000000000000000, -0.000000000000000000 ) ) ;
#2177 = CONICAL_SURFACE ( 'NONE', #1692, 1.774999999999998801, 0.7853981633974562726 ) ;
#2178 = CARTESIAN_POINT ( 'NONE',  ( 22.25000000000000355, 0.3250000000000015099, -15.00000000000000000 ) ) ;
#2179 = DIRECTION ( 'NONE',  ( -0.000000000000000000, -1.000000000000000000, -0.000000000000000000 ) ) ;
#2180 = VERTEX_POINT ( 'NONE', #2351 ) ;
#2181 = CARTESIAN_POINT ( 'NONE',  ( 6.000000000000001776, 13.00000000000000178, -52.00000000000000000 ) ) ;
#2182 = CIRCLE ( 'NONE', #2090, 1.449999999999989519 ) ;
#2183 = DIRECTION ( 'NONE',  ( -0.000000000000000000, 1.000000000000000000, -0.000000000000000000 ) ) ;
#2184 = EDGE_LOOP ( 'NONE', ( #2027, #2398 ) ) ;
#2185 = AXIS2_PLACEMENT_3D ( 'NONE', #906, #2460, #504 ) ;
#2186 = ORIENTED_EDGE ( 'NONE', *, *, #395, .T. ) ;
#2187 = DIRECTION ( 'NONE',  ( 0.000000000000000000, 0.000000000000000000, -1.000000000000000000 ) ) ;
#2188 = FACE_BOUND ( 'NONE', #567, .T. ) ;
#2189 = AXIS2_PLACEMENT_3D ( 'NONE', #1838, #2399, #290 ) ;
#2190 = EDGE_CURVE ( 'NONE', #2263, #990, #994, .T. ) ;
#2191 = ADVANCED_FACE ( 'NONE', ( #2165 ), #1873, .F. ) ;
#2192 = CIRCLE ( 'NONE', #2356, 1.449999999999979083 ) ;
#2193 = ORIENTED_EDGE ( 'NONE', *, *, #1810, .T. ) ;
#2194 = AXIS2_PLACEMENT_3D ( 'NONE', #369, #1585, #2362 ) ;
#2195 = VERTEX_POINT ( 'NONE', #1011 ) ;
#2196 = CARTESIAN_POINT ( 'NONE',  ( 5.999999999999998224, 13.00000000000000178, -8.000000000000000000 ) ) ;
#2197 = DIRECTION ( 'NONE',  ( -0.000000000000000000, 1.000000000000000000, -0.000000000000000000 ) ) ;
#2198 = DIRECTION ( 'NONE',  ( 0.000000000000000000, 0.000000000000000000, 1.000000000000000000 ) ) ;
#2199 = ORIENTED_EDGE ( 'NONE', *, *, #774, .F. ) ;
#2200 = CARTESIAN_POINT ( 'NONE',  ( 141.9149999999999920, 13.00000000000000355, -53.50000000000000000 ) ) ;
#2201 = ORIENTED_EDGE ( 'NONE', *, *, #1065, .T. ) ;
#2202 = CARTESIAN_POINT ( 'NONE',  ( 59.08499999999999375, 13.00000000000000355, -6.500000000000012434 ) ) ;
#2203 = DIRECTION ( 'NONE',  ( 0.000000000000000000, -0.000000000000000000, -1.000000000000000000 ) ) ;
#2204 = ADVANCED_FACE ( 'NONE', ( #277 ), #658, .F. ) ;
#2205 = DIRECTION ( 'NONE',  ( 0.000000000000000000, 0.000000000000000000, -1.000000000000000000 ) ) ;
#2206 = EDGE_LOOP ( 'NONE', ( #207, #375, #1602, #1800 ) ) ;
#2207 = EDGE_CURVE ( 'NONE', #521, #407, #71, .T. ) ;
#2208 = CARTESIAN_POINT ( 'NONE',  ( 141.9149999999999920, 13.00000000000000178, -53.50000000000000000 ) ) ;
#2209 = CARTESIAN_POINT ( 'NONE',  ( 49.99999999999998579, 13.00000000000000355, -53.77499999999999147 ) ) ;
#2210 = DIRECTION ( 'NONE',  ( 0.000000000000000000, 0.000000000000000000, 1.000000000000000000 ) ) ;
#2211 = ORIENTED_EDGE ( 'NONE', *, *, #1181, .T. ) ;
#2212 = FACE_OUTER_BOUND ( 'NONE', #1306, .T. ) ;
#2213 = SURFACE_STYLE_USAGE ( .BOTH. , #438 ) ;
#2214 = VERTEX_POINT ( 'NONE', #1434 ) ;
#2215 = CARTESIAN_POINT ( 'NONE',  ( 59.08499999999999375, 13.00000000000000178, -6.499999999999999112 ) ) ;
#2216 = CARTESIAN_POINT ( 'NONE',  ( 6.000000000000001776, 2.999999999999999112, -52.00000000000000000 ) ) ;
#2217 = ORIENTED_EDGE ( 'NONE', *, *, #443, .F. ) ;
#2218 = DIRECTION ( 'NONE',  ( 0.000000000000000000, 1.000000000000000000, 0.000000000000000000 ) ) ;
#2219 = AXIS2_PLACEMENT_3D ( 'NONE', #933, #1965, #349 ) ;
#2220 = DIRECTION ( 'NONE',  ( 0.000000000000000000, -1.000000000000000000, 0.000000000000000000 ) ) ;
#2221 = DIRECTION ( 'NONE',  ( -0.000000000000000000, -1.000000000000000000, -0.000000000000000000 ) ) ;
#2222 = EDGE_CURVE ( 'NONE', #2544, #812, #1269, .T. ) ;
#2223 = ORIENTED_EDGE ( 'NONE', *, *, #1265, .T. ) ;
#2224 = EDGE_CURVE ( 'NONE', #1333, #720, #1877, .T. ) ;
#2225 = VECTOR ( 'NONE', #310, 1000.000000000000000 ) ;
#2226 = CARTESIAN_POINT ( 'NONE',  ( 6.000000000000001776, 13.00000000000000178, -52.00000000000000000 ) ) ;
#2227 = CYLINDRICAL_SURFACE ( 'NONE', #748, 1.449999999999979083 ) ;
#2228 = AXIS2_PLACEMENT_3D ( 'NONE', #2436, #876, #276 ) ;
#2229 = EDGE_LOOP ( 'NONE', ( #2525, #964 ) ) ;
#2230 = VECTOR ( 'NONE', #1335, 1000.000000000000000 ) ;
#2231 = CONICAL_SURFACE ( 'NONE', #1495, 1.774999999999998801, 0.7853981633974469467 ) ;
#2232 = AXIS2_PLACEMENT_3D ( 'NONE', #2242, #449, #2015 ) ;
#2233 = CARTESIAN_POINT ( 'NONE',  ( 6.000000000000001776, 13.00000000000000355, -8.000000000000000000 ) ) ;
#2234 = DIRECTION ( 'NONE',  ( -0.000000000000000000, -1.000000000000000000, -0.000000000000000000 ) ) ;
#2235 = VECTOR ( 'NONE', #123, 1000.000000000000000 ) ;
#2236 = DIRECTION ( 'NONE',  ( 0.000000000000000000, 0.000000000000000000, 1.000000000000000000 ) ) ;
#2237 = LINE ( 'NONE', #109, #869 ) ;
#2238 = CYLINDRICAL_SURFACE ( 'NONE', #1823, 1.449999999999993072 ) ;
#2239 = DIRECTION ( 'NONE',  ( 0.000000000000000000, 0.5150380749100542666, 0.8571673007021122226 ) ) ;
#2240 = DIRECTION ( 'NONE',  ( 0.000000000000000000, 0.7071067811865493491, 0.7071067811865456854 ) ) ;
#2241 = VERTEX_POINT ( 'NONE', #1856 ) ;
#2242 = CARTESIAN_POINT ( 'NONE',  ( 141.9149999999999920, 13.00000000000000178, -6.499999999999999112 ) ) ;
#2243 = EDGE_CURVE ( 'NONE', #448, #2214, #1643, .T. ) ;
#2244 = ADVANCED_FACE ( 'NONE', ( #80 ), #1791, .F. ) ;
#2245 = ORIENTED_EDGE ( 'NONE', *, *, #1378, .F. ) ;
#2246 = CARTESIAN_POINT ( 'NONE',  ( 0.000000000000000000, 3.000000000000000000, 0.000000000000000000 ) ) ;
#2247 = CARTESIAN_POINT ( 'NONE',  ( 59.08499999999999375, 2.999999999999999112, -56.49999999999998579 ) ) ;
#2248 = DIRECTION ( 'NONE',  ( 0.000000000000000000, 0.000000000000000000, 1.000000000000000000 ) ) ;
#2249 = CARTESIAN_POINT ( 'NONE',  ( 6.000000000000001776, 13.00000000000000355, -8.000000000000000000 ) ) ;
#2250 = CARTESIAN_POINT ( 'NONE',  ( 59.08499999999999375, 13.00000000000000178, -9.500000000000000000 ) ) ;
#2251 = CARTESIAN_POINT ( 'NONE',  ( 49.99999999999998579, 13.00000000000000178, -9.449999999999995737 ) ) ;
#2252 = EDGE_LOOP ( 'NONE', ( #58, #2392, #2211, #1196 ) ) ;
#2253 = EDGE_CURVE ( 'NONE', #1125, #2456, #2045, .T. ) ;
#2254 = DIRECTION ( 'NONE',  ( 0.000000000000000000, 0.000000000000000000, 1.000000000000000000 ) ) ;
#2255 = FACE_OUTER_BOUND ( 'NONE', #737, .T. ) ;
#2256 = CARTESIAN_POINT ( 'NONE',  ( 49.99999999999998579, 1.799999999999999600, -6.550000000000021139 ) ) ;
#2257 = CARTESIAN_POINT ( 'NONE',  ( 122.7499999999999574, -1.734723475976807094E-15, -16.77499999999998437 ) ) ;
#2258 = AXIS2_PLACEMENT_3D ( 'NONE', #1730, #1527, #581 ) ;
#2259 = DIRECTION ( 'NONE',  ( 0.000000000000000000, -0.000000000000000000, -1.000000000000000000 ) ) ;
#2260 = AXIS2_PLACEMENT_3D ( 'NONE', #118, #1481, #287 ) ;
#2261 = ORIENTED_EDGE ( 'NONE', *, *, #1514, .T. ) ;
#2262 = AXIS2_PLACEMENT_3D ( 'NONE', #1566, #752, #134 ) ;
#2263 = VERTEX_POINT ( 'NONE', #1668 ) ;
#2264 = VERTEX_POINT ( 'NONE', #2067 ) ;
#2265 = AXIS2_PLACEMENT_3D ( 'NONE', #131, #938, #1153 ) ;
#2266 = CARTESIAN_POINT ( 'NONE',  ( 59.08499999999999375, 13.00000000000000178, -6.499999999999999112 ) ) ;
#2267 = CONICAL_SURFACE ( 'NONE', #1454, 1.774999999999998801, 0.7853981633974536081 ) ;
#2268 = EDGE_CURVE ( 'NONE', #1073, #2371, #1460, .T. ) ;
#2269 = EDGE_CURVE ( 'NONE', #2530, #1804, #1009, .T. ) ;
#2270 = AXIS2_PLACEMENT_3D ( 'NONE', #632, #1072, #672 ) ;
#2271 = CARTESIAN_POINT ( 'NONE',  ( 22.25000000000000355, -1.734723475976807094E-15, -15.00000000000000000 ) ) ;
#2272 = CYLINDRICAL_SURFACE ( 'NONE', #702, 2.999999999999995559 ) ;
#2273 = CIRCLE ( 'NONE', #2522, 1.449999999999985967 ) ;
#2274 = EDGE_LOOP ( 'NONE', ( #513, #661 ) ) ;
#2275 = DIRECTION ( 'NONE',  ( -0.000000000000000000, -1.000000000000000000, -0.000000000000000000 ) ) ;
#2276 = ORIENTED_EDGE ( 'NONE', *, *, #638, .F. ) ;
#2277 = ORIENTED_EDGE ( 'NONE', *, *, #1504, .F. ) ;
#2278 = DIRECTION ( 'NONE',  ( 0.000000000000000000, 0.000000000000000000, -1.000000000000000000 ) ) ;
#2279 = EDGE_CURVE ( 'NONE', #536, #1635, #916, .T. ) ;
#2280 = ADVANCED_FACE ( 'NONE', ( #1678 ), #709, .F. ) ;
#2281 = LINE ( 'NONE', #716, #2339 ) ;
#2282 = EDGE_CURVE ( 'NONE', #2319, #588, #693, .T. ) ;
#2283 = DIRECTION ( 'NONE',  ( 0.000000000000000000, -1.000000000000000000, 0.000000000000000000 ) ) ;
#2284 = ORIENTED_EDGE ( 'NONE', *, *, #194, .F. ) ;
#2285 = EDGE_LOOP ( 'NONE', ( #1408, #224, #2120, #74 ) ) ;
#2286 = CARTESIAN_POINT ( 'NONE',  ( 49.99999999999998579, 13.00000000000000355, -8.000000000000007105 ) ) ;
#2287 = CYLINDRICAL_SURFACE ( 'NONE', #571, 1.449999999999991296 ) ;
#2288 = ORIENTED_EDGE ( 'NONE', *, *, #928, .T. ) ;
#2289 = DIRECTION ( 'NONE',  ( 0.000000000000000000, 0.000000000000000000, 1.000000000000000000 ) ) ;
#2290 = EDGE_CURVE ( 'NONE', #2390, #2069, #2482, .T. ) ;
#2291 = EDGE_CURVE ( 'NONE', #1601, #1766, #2307, .T. ) ;
#2292 = DIRECTION ( 'NONE',  ( -0.000000000000000000, 1.000000000000000000, -0.000000000000000000 ) ) ;
#2293 = VERTEX_POINT ( 'NONE', #1237 ) ;
#2294 = AXIS2_PLACEMENT_3D ( 'NONE', #1853, #691, #1090 ) ;
#2295 = AXIS2_PLACEMENT_3D ( 'NONE', #340, #768, #2119 ) ;
#2296 = ORIENTED_EDGE ( 'NONE', *, *, #2343, .F. ) ;
#2297 = CARTESIAN_POINT ( 'NONE',  ( 6.000000000000001776, 12.67499999999999538, -8.000000000000000000 ) ) ;
#2298 = AXIS2_PLACEMENT_3D ( 'NONE', #392, #2368, #597 ) ;
#2299 = DIRECTION ( 'NONE',  ( -0.000000000000000000, 1.000000000000000000, -0.000000000000000000 ) ) ;
#2300 = CARTESIAN_POINT ( 'NONE',  ( 49.99999999999998579, 12.67499999999999538, -8.000000000000007105 ) ) ;
#2301 = AXIS2_PLACEMENT_3D ( 'NONE', #1121, #932, #2259 ) ;
#2302 = VERTEX_POINT ( 'NONE', #1083 ) ;
#2303 = DIRECTION ( 'NONE',  ( 0.000000000000000000, 0.000000000000000000, 1.000000000000000000 ) ) ;
#2304 = ORIENTED_EDGE ( 'NONE', *, *, #1079, .F. ) ;
#2305 = AXIS2_PLACEMENT_3D ( 'NONE', #2138, #816, #2198 ) ;
#2306 = EDGE_CURVE ( 'NONE', #2310, #601, #66, .T. ) ;
#2307 = CIRCLE ( 'NONE', #1215, 1.449999999999987743 ) ;
#2308 = VERTEX_POINT ( 'NONE', #2037 ) ;
#2309 = DIRECTION ( 'NONE',  ( 1.049727191138617833E-16, 0.5150380749100552658, -0.8571673007021116675 ) ) ;
#2310 = VERTEX_POINT ( 'NONE', #2257 ) ;
#2311 = CYLINDRICAL_SURFACE ( 'NONE', #1786, 3.000000000000000888 ) ;
#2312 = DIRECTION ( 'NONE',  ( 0.000000000000000000, 0.000000000000000000, 1.000000000000000000 ) ) ;
#2313 = EDGE_LOOP ( 'NONE', ( #999, #1887, #1508, #1636 ) ) ;
#2314 = DIRECTION ( 'NONE',  ( 0.000000000000000000, 0.000000000000000000, 1.000000000000000000 ) ) ;
#2315 = CARTESIAN_POINT ( 'NONE',  ( 0.000000000000000000, 0.000000000000000000, 0.000000000000000000 ) ) ;
#2316 = DIRECTION ( 'NONE',  ( -0.000000000000000000, -1.000000000000000000, -0.000000000000000000 ) ) ;
#2317 = VERTEX_POINT ( 'NONE', #491 ) ;
#2318 = DIRECTION ( 'NONE',  ( -0.000000000000000000, 1.000000000000000000, -0.000000000000000000 ) ) ;
#2319 = VERTEX_POINT ( 'NONE', #1051 ) ;
#2320 = ORIENTED_EDGE ( 'NONE', *, *, #2049, .T. ) ;
#2321 = CARTESIAN_POINT ( 'NONE',  ( 5.999999999999998224, 2.999999999999999112, -11.00000000000000000 ) ) ;
#2322 = DIRECTION ( 'NONE',  ( 0.000000000000000000, 0.000000000000000000, -1.000000000000000000 ) ) ;
#2323 = EDGE_CURVE ( 'NONE', #1450, #1688, #1847, .T. ) ;
#2324 = DIRECTION ( 'NONE',  ( -0.000000000000000000, 1.000000000000000000, -0.000000000000000000 ) ) ;
#2325 = CARTESIAN_POINT ( 'NONE',  ( 59.08499999999999375, 1.799999999999999600, -54.94999999999997442 ) ) ;
#2326 = ORIENTED_EDGE ( 'NONE', *, *, #872, .T. ) ;
#2327 = EDGE_LOOP ( 'NONE', ( #2423, #482 ) ) ;
#2328 = CARTESIAN_POINT ( 'NONE',  ( 122.7499999999999574, 0.3250000000000015099, -46.45000000000000284 ) ) ;
#2329 = DIRECTION ( 'NONE',  ( 0.000000000000000000, 0.000000000000000000, -1.000000000000000000 ) ) ;
#2330 = DIRECTION ( 'NONE',  ( -0.000000000000000000, 1.000000000000000000, -0.000000000000000000 ) ) ;
#2331 = VERTEX_POINT ( 'NONE', #264 ) ;
#2332 = CARTESIAN_POINT ( 'NONE',  ( 6.000000000000001776, 1.799999999999999600, -8.000000000000000000 ) ) ;
#2333 = VERTEX_POINT ( 'NONE', #1836 ) ;
#2334 = DIRECTION ( 'NONE',  ( -0.000000000000000000, -1.000000000000000000, -0.000000000000000000 ) ) ;
#2335 = VERTEX_POINT ( 'NONE', #2514 ) ;
#2336 = DIRECTION ( 'NONE',  ( -0.000000000000000000, 1.000000000000000000, -0.000000000000000000 ) ) ;
#2337 = DIRECTION ( 'NONE',  ( 0.000000000000000000, -1.000000000000000000, 0.000000000000000000 ) ) ;
#2338 = AXIS2_PLACEMENT_3D ( 'NONE', #2448, #274, #1470 ) ;
#2339 = VECTOR ( 'NONE', #1293, 1000.000000000000000 ) ;
#2340 = DIRECTION ( 'NONE',  ( 1.000000000000000000, 0.000000000000000000, 0.000000000000000000 ) ) ;
#2341 = ADVANCED_FACE ( 'NONE', ( #1128 ), #776, .F. ) ;
#2342 = CARTESIAN_POINT ( 'NONE',  ( 59.08499999999999375, 13.00000000000000178, -53.49999999999998579 ) ) ;
#2343 = EDGE_CURVE ( 'NONE', #1391, #2263, #2099, .T. ) ;
#2344 = VECTOR ( 'NONE', #735, 1000.000000000000000 ) ;
#2345 = EDGE_LOOP ( 'NONE', ( #1920, #1331, #341, #314 ) ) ;
#2346 = AXIS2_PLACEMENT_3D ( 'NONE', #972, #1126, #1135 ) ;
#2347 = VERTEX_POINT ( 'NONE', #940 ) ;
#2348 = FACE_BOUND ( 'NONE', #1362, .T. ) ;
#2349 = AXIS2_PLACEMENT_3D ( 'NONE', #245, #1961, #792 ) ;
#2350 = DIRECTION ( 'NONE',  ( 0.000000000000000000, 0.000000000000000000, 1.000000000000000000 ) ) ;
#2351 = CARTESIAN_POINT ( 'NONE',  ( 141.9149999999999920, 2.999999999999999112, -56.49999999999999289 ) ) ;
#2352 = ORIENTED_EDGE ( 'NONE', *, *, #2268, .T. ) ;
#2353 = VECTOR ( 'NONE', #408, 1000.000000000000000 ) ;
#2354 = CARTESIAN_POINT ( 'NONE',  ( 59.08499999999999375, 13.00000000000000178, -50.49999999999998579 ) ) ;
#2355 = ORIENTED_EDGE ( 'NONE', *, *, #373, .T. ) ;
#2356 = AXIS2_PLACEMENT_3D ( 'NONE', #1618, #393, #238 ) ;
#2357 = DIRECTION ( 'NONE',  ( -1.000000000000000000, 0.000000000000000000, -0.000000000000000000 ) ) ;
#2358 = ORIENTED_EDGE ( 'NONE', *, *, #1531, .F. ) ;
#2359 = LINE ( 'NONE', #244, #619 ) ;
#2360 = CARTESIAN_POINT ( 'NONE',  ( 49.99999999999998579, 13.00000000000000178, -50.54999999999999716 ) ) ;
#2361 = CIRCLE ( 'NONE', #755, 3.000000000000002665 ) ;
#2362 = DIRECTION ( 'NONE',  ( 0.000000000000000000, 0.000000000000000000, -1.000000000000000000 ) ) ;
#2363 = ORIENTED_EDGE ( 'NONE', *, *, #309, .F. ) ;
#2364 = EDGE_CURVE ( 'NONE', #1398, #1860, #154, .T. ) ;
#2365 = EDGE_CURVE ( 'NONE', #944, #2161, #1539, .T. ) ;
#2366 = EDGE_LOOP ( 'NONE', ( #969, #805 ) ) ;
#2367 = DIRECTION ( 'NONE',  ( -0.000000000000000000, -1.000000000000000000, -0.000000000000000000 ) ) ;
#2368 = DIRECTION ( 'NONE',  ( 0.000000000000000000, 1.000000000000000000, 0.000000000000000000 ) ) ;
#2369 = DIRECTION ( 'NONE',  ( 0.000000000000000000, 0.000000000000000000, 1.000000000000000000 ) ) ;
#2370 = EDGE_CURVE ( 'NONE', #754, #1160, #962, .T. ) ;
#2371 = VERTEX_POINT ( 'NONE', #1155 ) ;
#2372 = CARTESIAN_POINT ( 'NONE',  ( 5.999999999999998224, 13.00000000000000178, -8.000000000000000000 ) ) ;
#2373 = ORIENTED_EDGE ( 'NONE', *, *, #1292, .T. ) ;
#2374 = FACE_OUTER_BOUND ( 'NONE', #635, .T. ) ;
#2375 = ORIENTED_EDGE ( 'NONE', *, *, #1603, .T. ) ;
#2376 = LINE ( 'NONE', #1220, #1819 ) ;
#2377 = CARTESIAN_POINT ( 'NONE',  ( 141.9149999999999920, 1.799999999999999600, -53.50000000000000000 ) ) ;
#2378 = VERTEX_POINT ( 'NONE', #2542 ) ;
#2379 = VERTEX_POINT ( 'NONE', #2116 ) ;
#2380 = CARTESIAN_POINT ( 'NONE',  ( 49.99999999999998579, 13.00000000000000355, -9.775000000000005684 ) ) ;
#2381 = DIRECTION ( 'NONE',  ( 0.000000000000000000, 0.5150380749100552658, 0.8571673007021116675 ) ) ;
#2382 = ORIENTED_EDGE ( 'NONE', *, *, #1826, .T. ) ;
#2383 = DIRECTION ( 'NONE',  ( 0.000000000000000000, 0.000000000000000000, -1.000000000000000000 ) ) ;
#2384 = ADVANCED_FACE ( 'NONE', ( #556 ), #2104, .F. ) ;
#2385 = EDGE_CURVE ( 'NONE', #611, #338, #2361, .T. ) ;
#2386 = ORIENTED_EDGE ( 'NONE', *, *, #2538, .T. ) ;
#2387 = LINE ( 'NONE', #1787, #1272 ) ;
#2388 = DIRECTION ( 'NONE',  ( -0.000000000000000000, 1.000000000000000000, -0.000000000000000000 ) ) ;
#2389 = CIRCLE ( 'NONE', #1922, 3.000000000000002665 ) ;
#2390 = VERTEX_POINT ( 'NONE', #185 ) ;
#2391 = CONICAL_SURFACE ( 'NONE', #2260, 1.774999999999998801, 0.7853981633974456145 ) ;
#2392 = ORIENTED_EDGE ( 'NONE', *, *, #318, .T. ) ;
#2393 = CIRCLE ( 'NONE', #1278, 1.774999999999998801 ) ;
#2394 = DIRECTION ( 'NONE',  ( 0.000000000000000000, 0.000000000000000000, 1.000000000000000000 ) ) ;
#2395 = AXIS2_PLACEMENT_3D ( 'NONE', #2342, #1374, #2490 ) ;
#2396 = DIRECTION ( 'NONE',  ( 0.000000000000000000, 0.000000000000000000, -1.000000000000000000 ) ) ;
#2397 = DIRECTION ( 'NONE',  ( 0.000000000000000000, 0.7071067811865493491, 0.7071067811865456854 ) ) ;
#2398 = ORIENTED_EDGE ( 'NONE', *, *, #1879, .F. ) ;
#2399 = DIRECTION ( 'NONE',  ( -0.000000000000000000, 1.000000000000000000, -0.000000000000000000 ) ) ;
#2400 = AXIS2_PLACEMENT_3D ( 'NONE', #1509, #126, #1169 ) ;
#2401 = EDGE_LOOP ( 'NONE', ( #518, #416, #68, #824 ) ) ;
#2402 = CIRCLE ( 'NONE', #173, 1.449999999999993072 ) ;
#2403 = EDGE_CURVE ( 'NONE', #2456, #521, #146, .T. ) ;
#2404 = EDGE_CURVE ( 'NONE', #1780, #2331, #1376, .T. ) ;
#2405 = VECTOR ( 'NONE', #1645, 1000.000000000000000 ) ;
#2406 = EDGE_LOOP ( 'NONE', ( #1747, #2352, #654, #950 ) ) ;
#2407 = CIRCLE ( 'NONE', #753, 3.000000000000002665 ) ;
#2408 =( GEOMETRIC_REPRESENTATION_CONTEXT ( 3 ) GLOBAL_UNCERTAINTY_ASSIGNED_CONTEXT ( ( #2031 ) ) GLOBAL_UNIT_ASSIGNED_CONTEXT ( ( #259, #1650, #67 ) ) REPRESENTATION_CONTEXT ( 'NONE', 'WORKASPACE' ) );
#2409 = FACE_OUTER_BOUND ( 'NONE', #1179, .T. ) ;
#2410 = LINE ( 'NONE', #991, #293 ) ;
#2411 = CARTESIAN_POINT ( 'NONE',  ( 49.99999999999998579, 13.00000000000000178, -54.99999999999999289 ) ) ;
#2412 = LINE ( 'NONE', #644, #2443 ) ;
#2413 = CARTESIAN_POINT ( 'NONE',  ( 141.9149999999999920, 12.67499999999999538, -6.499999999999999112 ) ) ;
#2414 = ORIENTED_EDGE ( 'NONE', *, *, #251, .F. ) ;
#2415 = LINE ( 'NONE', #1448, #957 ) ;
#2416 =( LENGTH_UNIT ( ) NAMED_UNIT ( * ) SI_UNIT ( .MILLI., .METRE. ) );
#2417 = EDGE_LOOP ( 'NONE', ( #150, #2535, #1515 ) ) ;
#2418 = ORIENTED_EDGE ( 'NONE', *, *, #985, .T. ) ;
#2419 = CARTESIAN_POINT ( 'NONE',  ( 141.9149999999999920, 1.799999999999999600, -5.050000000000019362 ) ) ;
#2420 = DIRECTION ( 'NONE',  ( 0.000000000000000000, 0.000000000000000000, -1.000000000000000000 ) ) ;
#2421 = EDGE_CURVE ( 'NONE', #2544, #1849, #883, .T. ) ;
#2422 = EDGE_CURVE ( 'NONE', #1398, #19, #1350, .T. ) ;
#2423 = ORIENTED_EDGE ( 'NONE', *, *, #2385, .T. ) ;
#2424 = DIRECTION ( 'NONE',  ( -0.000000000000000000, -1.000000000000000000, -0.000000000000000000 ) ) ;
#2425 = DIRECTION ( 'NONE',  ( -0.000000000000000000, 1.000000000000000000, -0.000000000000000000 ) ) ;
#2426 = DIRECTION ( 'NONE',  ( 0.000000000000000000, 0.000000000000000000, -1.000000000000000000 ) ) ;
#2427 = EDGE_LOOP ( 'NONE', ( #1750, #2154, #1744, #217 ) ) ;
#2428 = DIRECTION ( 'NONE',  ( 0.000000000000000000, 0.000000000000000000, -1.000000000000000000 ) ) ;
#2429 = FACE_OUTER_BOUND ( 'NONE', #1328, .T. ) ;
#2430 = ORIENTED_EDGE ( 'NONE', *, *, #1852, .F. ) ;
#2431 = CARTESIAN_POINT ( 'NONE',  ( 141.9149999999999920, 13.00000000000000178, -53.50000000000000000 ) ) ;
#2432 = EDGE_CURVE ( 'NONE', #1125, #939, #1927, .T. ) ;
#2433 = EDGE_CURVE ( 'NONE', #2552, #1209, #1701, .T. ) ;
#2434 = DIRECTION ( 'NONE',  ( -0.000000000000000000, -1.000000000000000000, -0.000000000000000000 ) ) ;
#2435 = VECTOR ( 'NONE', #1295, 1000.000000000000000 ) ;
#2436 = CARTESIAN_POINT ( 'NONE',  ( 49.99999999999998579, 2.999999999999999112, -51.99999999999999289 ) ) ;
#2437 = DIRECTION ( 'NONE',  ( -0.000000000000000000, 1.000000000000000000, -0.000000000000000000 ) ) ;
#2438 = AXIS2_PLACEMENT_3D ( 'NONE', #1193, #275, #608 ) ;
#2439 = EDGE_LOOP ( 'NONE', ( #2531, #1510, #202 ) ) ;
#2440 = CARTESIAN_POINT ( 'NONE',  ( 141.9149999999999920, 1.799999999999999600, -52.05000000000001847 ) ) ;
#2441 = CIRCLE ( 'NONE', #125, 1.449999999999993072 ) ;
#2442 = ORIENTED_EDGE ( 'NONE', *, *, #1094, .F. ) ;
#2443 = VECTOR ( 'NONE', #1433, 1000.000000000000000 ) ;
#2444 = FACE_OUTER_BOUND ( 'NONE', #426, .T. ) ;
#2445 = VECTOR ( 'NONE', #1400, 1000.000000000000000 ) ;
#2446 = CIRCLE ( 'NONE', #912, 1.449999999999987743 ) ;
#2447 = AXIS2_PLACEMENT_3D ( 'NONE', #683, #447, #2426 ) ;
#2448 = CARTESIAN_POINT ( 'NONE',  ( 141.9149999999999920, 13.00000000000000355, -53.50000000000000000 ) ) ;
#2449 = CARTESIAN_POINT ( 'NONE',  ( 22.25000000000000355, 3.000000000000000000, -45.00000000000000000 ) ) ;
#2450 = CARTESIAN_POINT ( 'NONE',  ( 122.7499999999999574, 3.000000000000000000, -14.99999999999998757 ) ) ;
#2451 = DIRECTION ( 'NONE',  ( 0.000000000000000000, 0.000000000000000000, 1.000000000000000000 ) ) ;
#2452 = DIRECTION ( 'NONE',  ( 0.000000000000000000, 0.000000000000000000, 1.000000000000000000 ) ) ;
#2453 = ADVANCED_FACE ( 'NONE', ( #388 ), #1874, .F. ) ;
#2454 = EDGE_LOOP ( 'NONE', ( #763, #1115, #13, #1828 ) ) ;
#2455 = CARTESIAN_POINT ( 'NONE',  ( 6.000000000000001776, 13.00000000000000178, -55.00000000000000000 ) ) ;
#2456 = VERTEX_POINT ( 'NONE', #541 ) ;
#2457 = DIRECTION ( 'NONE',  ( -0.000000000000000000, 1.000000000000000000, -0.000000000000000000 ) ) ;
#2458 = FACE_OUTER_BOUND ( 'NONE', #606, .T. ) ;
#2459 = DIRECTION ( 'NONE',  ( -0.000000000000000000, -1.000000000000000000, -0.000000000000000000 ) ) ;
#2460 = DIRECTION ( 'NONE',  ( 0.000000000000000000, 1.000000000000000000, -0.000000000000000000 ) ) ;
#2461 = ORIENTED_EDGE ( 'NONE', *, *, #2433, .T. ) ;
#2462 = EDGE_CURVE ( 'NONE', #2106, #1148, #1673, .T. ) ;
#2463 = EDGE_CURVE ( 'NONE', #1635, #536, #2483, .T. ) ;
#2464 = CYLINDRICAL_SURFACE ( 'NONE', #1613, 1.449999999999993072 ) ;
#2465 = CARTESIAN_POINT ( 'NONE',  ( 49.99999999999998579, 1.799999999999999600, -8.000000000000007105 ) ) ;
#2466 = AXIS2_PLACEMENT_3D ( 'NONE', #1340, #1329, #534 ) ;
#2467 = VECTOR ( 'NONE', #2424, 1000.000000000000000 ) ;
#2468 = ORIENTED_EDGE ( 'NONE', *, *, #711, .T. ) ;
#2469 = AXIS2_PLACEMENT_3D ( 'NONE', #1023, #28, #826 ) ;
#2470 = ORIENTED_EDGE ( 'NONE', *, *, #345, .T. ) ;
#2471 = ORIENTED_EDGE ( 'NONE', *, *, #696, .T. ) ;
#2472 = EDGE_CURVE ( 'NONE', #1209, #2551, #592, .T. ) ;
#2473 = CONICAL_SURFACE ( 'NONE', #1662, 1.449999999999979083, 1.029744258676653201 ) ;
#2474 = FACE_OUTER_BOUND ( 'NONE', #745, .T. ) ;
#2475 = PRESENTATION_LAYER_ASSIGNMENT (  '', '', ( #1627 ) ) ;
#2476 = EDGE_LOOP ( 'NONE', ( #1139, #1425, #1199 ) ) ;
#2477 = APPLICATION_PROTOCOL_DEFINITION ( 'draft international standard', 'automotive_design', 1998, #2063 ) ;
#2478 = EDGE_CURVE ( 'NONE', #995, #1544, #383, .T. ) ;
#2479 = VECTOR ( 'NONE', #2318, 1000.000000000000000 ) ;
#2480 = CARTESIAN_POINT ( 'NONE',  ( 49.99999999999998579, 13.00000000000000178, -51.99999999999999289 ) ) ;
#2481 = CARTESIAN_POINT ( 'NONE',  ( 6.000000000000001776, 13.00000000000000178, -55.00000000000000000 ) ) ;
#2482 = CIRCLE ( 'NONE', #1256, 1.449999999999993072 ) ;
#2483 = CIRCLE ( 'NONE', #2194, 2.999999999999999112 ) ;
#2484 = FACE_OUTER_BOUND ( 'NONE', #2406, .T. ) ;
#2485 = ORIENTED_EDGE ( 'NONE', *, *, #2087, .F. ) ;
#2486 = CYLINDRICAL_SURFACE ( 'NONE', #879, 2.999999999999999112 ) ;
#2487 = EDGE_LOOP ( 'NONE', ( #196, #1466 ) ) ;
#2488 = PRODUCT_CONTEXT ( 'NONE', #700, 'mechanical' ) ;
#2489 = ADVANCED_FACE ( 'NONE', ( #2409 ), #1588, .F. ) ;
#2490 = DIRECTION ( 'NONE',  ( 0.000000000000000000, 0.000000000000000000, -1.000000000000000000 ) ) ;
#2491 = EDGE_CURVE ( 'NONE', #2057, #560, #468, .T. ) ;
#2492 = EDGE_LOOP ( 'NONE', ( #187, #2498, #2014, #2186 ) ) ;
#2493 = CARTESIAN_POINT ( 'NONE',  ( 141.9149999999999920, 0.9287521024100471312, -6.499999999999999112 ) ) ;
#2494 = DIRECTION ( 'NONE',  ( 0.000000000000000000, 0.000000000000000000, 1.000000000000000000 ) ) ;
#2495 = ORIENTED_EDGE ( 'NONE', *, *, #538, .T. ) ;
#2496 = VERTEX_POINT ( 'NONE', #1843 ) ;
#2497 = CARTESIAN_POINT ( 'NONE',  ( 122.7499999999999574, -1.734723475976807094E-15, -14.99999999999998757 ) ) ;
#2498 = ORIENTED_EDGE ( 'NONE', *, *, #1240, .F. ) ;
#2499 = DIRECTION ( 'NONE',  ( -0.000000000000000000, 1.000000000000000000, -0.000000000000000000 ) ) ;
#2500 = DIRECTION ( 'NONE',  ( 0.000000000000000000, 0.000000000000000000, 1.000000000000000000 ) ) ;
#2501 = CARTESIAN_POINT ( 'NONE',  ( 122.7499999999999574, -1.734723475976807094E-15, -45.00000000000001421 ) ) ;
#2502 = ADVANCED_FACE ( 'NONE', ( #246 ), #1816, .F. ) ;
#2503 = ORIENTED_EDGE ( 'NONE', *, *, #458, .T. ) ;
#2504 = CARTESIAN_POINT ( 'NONE',  ( 59.08499999999999375, 1.799999999999999600, -53.49999999999998579 ) ) ;
#2505 = CARTESIAN_POINT ( 'NONE',  ( 6.000000000000001776, 1.799999999999999600, -6.550000000000012257 ) ) ;
#2506 = CARTESIAN_POINT ( 'NONE',  ( 59.08499999999999375, 13.00000000000000178, -50.49999999999998579 ) ) ;
#2507 = ORIENTED_EDGE ( 'NONE', *, *, #1906, .T. ) ;
#2508 = CIRCLE ( 'NONE', #161, 1.449999999999985967 ) ;
#2509 = VERTEX_POINT ( 'NONE', #77 ) ;
#2510 = LINE ( 'NONE', #746, #749 ) ;
#2511 = VECTOR ( 'NONE', #1854, 1000.000000000000114 ) ;
#2512 = DIRECTION ( 'NONE',  ( 0.000000000000000000, 0.000000000000000000, 1.000000000000000000 ) ) ;
#2513 = CIRCLE ( 'NONE', #1045, 1.774999999999998801 ) ;
#2514 = CARTESIAN_POINT ( 'NONE',  ( 6.000000000000001776, 12.67499999999999538, -53.44999999999998153 ) ) ;
#2515 = VECTOR ( 'NONE', #332, 1000.000000000000000 ) ;
#2516 = DIRECTION ( 'NONE',  ( 0.000000000000000000, 0.000000000000000000, 1.000000000000000000 ) ) ;
#2517 = VECTOR ( 'NONE', #1896, 999.9999999999998863 ) ;
#2518 = ORIENTED_EDGE ( 'NONE', *, *, #817, .F. ) ;
#2519 = DIRECTION ( 'NONE',  ( -0.000000000000000000, 1.000000000000000000, -0.000000000000000000 ) ) ;
#2520 = AXIS2_PLACEMENT_3D ( 'NONE', #1824, #1848, #1230 ) ;
#2521 = ORIENTED_EDGE ( 'NONE', *, *, #2491, .T. ) ;
#2522 = AXIS2_PLACEMENT_3D ( 'NONE', #1575, #42, #783 ) ;
#2523 = EDGE_CURVE ( 'NONE', #338, #505, #623, .T. ) ;
#2524 = VECTOR ( 'NONE', #1136, 1000.000000000000000 ) ;
#2525 = ORIENTED_EDGE ( 'NONE', *, *, #476, .T. ) ;
#2526 = DIRECTION ( 'NONE',  ( 0.000000000000000000, 0.000000000000000000, 1.000000000000000000 ) ) ;
#2527 = DIRECTION ( 'NONE',  ( -0.000000000000000000, -1.000000000000000000, -0.000000000000000000 ) ) ;
#2528 = DIRECTION ( 'NONE',  ( -0.000000000000000000, -1.000000000000000000, -0.000000000000000000 ) ) ;
#2529 = DIRECTION ( 'NONE',  ( 0.000000000000000000, 0.000000000000000000, 1.000000000000000000 ) ) ;
#2530 = VERTEX_POINT ( 'NONE', #862 ) ;
#2531 = ORIENTED_EDGE ( 'NONE', *, *, #1409, .F. ) ;
#2532 = LINE ( 'NONE', #992, #1889 ) ;
#2533 = ORIENTED_EDGE ( 'NONE', *, *, #1916, .T. ) ;
#2534 = CARTESIAN_POINT ( 'NONE',  ( 59.08499999999999375, 13.00000000000000355, -51.72499999999998721 ) ) ;
#2535 = ORIENTED_EDGE ( 'NONE', *, *, #1716, .T. ) ;
#2536 = CARTESIAN_POINT ( 'NONE',  ( 6.000000000000001776, 13.00000000000000178, -48.99999999999999289 ) ) ;
#2537 = EDGE_LOOP ( 'NONE', ( #1875, #1948, #1497, #2046 ) ) ;
#2538 = EDGE_CURVE ( 'NONE', #788, #315, #1740, .T. ) ;
#2539 = LINE ( 'NONE', #2006, #257 ) ;
#2540 = DIRECTION ( 'NONE',  ( 0.000000000000000000, 0.000000000000000000, -1.000000000000000000 ) ) ;
#2541 = DIRECTION ( 'NONE',  ( 0.000000000000000000, 0.000000000000000000, 1.000000000000000000 ) ) ;
#2542 = CARTESIAN_POINT ( 'NONE',  ( 22.25000000000000355, 3.000000000000000000, -46.44999999999998863 ) ) ;
#2543 = LINE ( 'NONE', #155, #522 ) ;
#2544 = VERTEX_POINT ( 'NONE', #653 ) ;
#2545 = EDGE_LOOP ( 'NONE', ( #630, #1890, #1611, #2495 ) ) ;
#2546 = PLANE ( 'NONE',  #2058 ) ;
#2547 = DIRECTION ( 'NONE',  ( -0.000000000000000000, 1.000000000000000000, -0.000000000000000000 ) ) ;
#2548 = FACE_OUTER_BOUND ( 'NONE', #593, .T. ) ;
#2549 = ORIENTED_EDGE ( 'NONE', *, *, #1079, .T. ) ;
#2550 = CARTESIAN_POINT ( 'NONE',  ( 49.99999999999998579, 12.67499999999999538, -8.000000000000007105 ) ) ;
#2551 = VERTEX_POINT ( 'NONE', #441 ) ;
#2552 = VERTEX_POINT ( 'NONE', #1066 ) ;
#2553 = CARTESIAN_POINT ( 'NONE',  ( 141.9149999999999920, 1.799999999999999600, -53.50000000000000000 ) ) ;
#2554 = FACE_BOUND ( 'NONE', #602, .T. ) ;
#2555 = CIRCLE ( 'NONE', #1924, 2.999999999999995559 ) ;
ENDSEC;
END-ISO-10303-21;
