ISO-10303-21;
HEADER;
FILE_DESCRIPTION (( 'STEP AP214' ),
    '1' );
FILE_NAME ('ÉãÏñÍ·Ö§¼ÜÏÂ2.STEP',
    '2026-07-31T06:31:02',
    ( '' ),
    ( '' ),
    'SwSTEP 2.0',
    'SolidWorks 2024',
    '' );
FILE_SCHEMA (( 'AUTOMOTIVE_DESIGN' ));
ENDSEC;

DATA;
#1 = VERTEX_POINT ( 'NONE', #207 ) ;
#2 = VERTEX_POINT ( 'NONE', #834 ) ;
#3 = CYLINDRICAL_SURFACE ( 'NONE', #377, 1.749999999999994671 ) ;
#4 = CARTESIAN_POINT ( 'NONE',  ( 51.31061598951508529, 52.00000000000000711, -24.99999999999998579 ) ) ;
#5 = DIRECTION ( 'NONE',  ( 0.000000000000000000, -1.000000000000000000, 0.000000000000000000 ) ) ;
#6 = VECTOR ( 'NONE', #403, 1000.000000000000000 ) ;
#7 = DIRECTION ( 'NONE',  ( 0.000000000000000000, 0.000000000000000000, 1.000000000000000000 ) ) ;
#8 = EDGE_LOOP ( 'NONE', ( #1746, #204, #771, #849 ) ) ;
#9 = ORIENTED_EDGE ( 'NONE', *, *, #1853, .F. ) ;
#10 = EDGE_LOOP ( 'NONE', ( #1065, #164, #2005, #911, #438 ) ) ;
#11 = DIRECTION ( 'NONE',  ( 0.000000000000000000, 0.000000000000000000, 1.000000000000000000 ) ) ;
#12 = DIRECTION ( 'NONE',  ( -0.000000000000000000, -1.000000000000000000, -0.000000000000000000 ) ) ;
#13 = EDGE_CURVE ( 'NONE', #1919, #837, #1455, .T. ) ;
#14 = AXIS2_PLACEMENT_3D ( 'NONE', #814, #206, #831 ) ;
#15 = CARTESIAN_POINT ( 'NONE',  ( -1.667262007466598596E-14, 2.000000000000000000, -43.25000000000000711 ) ) ;
#16 = EDGE_CURVE ( 'NONE', #761, #267, #1301, .T. ) ;
#17 = CARTESIAN_POINT ( 'NONE',  ( 51.31061598951508529, 2.000000000000001776, -24.99999999999998579 ) ) ;
#18 = ORIENTED_EDGE ( 'NONE', *, *, #149, .T. ) ;
#19 = AXIS2_PLACEMENT_3D ( 'NONE', #105, #575, #1662 ) ;
#20 = ORIENTED_EDGE ( 'NONE', *, *, #649, .T. ) ;
#21 = ADVANCED_FACE ( 'NONE', ( #1324 ), #421, .F. ) ;
#22 = DIRECTION ( 'NONE',  ( -0.000000000000000000, -1.000000000000000000, -0.000000000000000000 ) ) ;
#23 = CARTESIAN_POINT ( 'NONE',  ( 4.560615989515088842, 30.00000000000000000, -11.74999999999999645 ) ) ;
#24 = DIRECTION ( 'NONE',  ( 0.000000000000000000, 0.000000000000000000, -1.000000000000000000 ) ) ;
#25 = DIRECTION ( 'NONE',  ( -0.000000000000000000, -1.000000000000000000, -0.000000000000000000 ) ) ;
#26 = VERTEX_POINT ( 'NONE', #902 ) ;
#27 = ORIENTED_EDGE ( 'NONE', *, *, #1638, .T. ) ;
#28 = CARTESIAN_POINT ( 'NONE',  ( 11.56061598951508707, 2.000000000000000000, -38.25000000000000711 ) ) ;
#29 = CARTESIAN_POINT ( 'NONE',  ( 6.310615989515079072, 2.000000000000001776, -46.75000000000000711 ) ) ;
#30 = ORIENTED_EDGE ( 'NONE', *, *, #1639, .F. ) ;
#31 = CARTESIAN_POINT ( 'NONE',  ( 98.06061598951504266, 2.000000000000001776, -11.74999999999998579 ) ) ;
#32 = ORIENTED_EDGE ( 'NONE', *, *, #1959, .T. ) ;
#33 = AXIS2_PLACEMENT_3D ( 'NONE', #48, #1436, #660 ) ;
#34 = CARTESIAN_POINT ( 'NONE',  ( 101.3106159895150853, 0.000000000000000000, -50.00000000000000000 ) ) ;
#35 = EDGE_CURVE ( 'NONE', #1207, #189, #82, .T. ) ;
#36 = ORIENTED_EDGE ( 'NONE', *, *, #742, .F. ) ;
#37 = CARTESIAN_POINT ( 'NONE',  ( 6.310615989515079960, 2.000000000000001776, -45.00000000000000000 ) ) ;
#38 = DIRECTION ( 'NONE',  ( -1.000000000000000000, -0.000000000000000000, -0.000000000000000000 ) ) ;
#39 = EDGE_CURVE ( 'NONE', #1479, #861, #1229, .T. ) ;
#40 = EDGE_LOOP ( 'NONE', ( #788, #782, #1939, #1160 ) ) ;
#41 = CARTESIAN_POINT ( 'NONE',  ( 13.31061598951507818, 0.000000000000000000, -38.25000000000000711 ) ) ;
#42 = ORIENTED_EDGE ( 'NONE', *, *, #534, .T. ) ;
#43 = CIRCLE ( 'NONE', #1451, 1.749999999999994671 ) ;
#44 = DIRECTION ( 'NONE',  ( 0.000000000000000000, -1.000000000000000000, 0.000000000000000000 ) ) ;
#45 = ORIENTED_EDGE ( 'NONE', *, *, #1337, .T. ) ;
#46 = EDGE_LOOP ( 'NONE', ( #537, #990, #752, #1084 ) ) ;
#47 = CARTESIAN_POINT ( 'NONE',  ( 27.31061598951507818, 0.000000000000000000, -11.75000000000000000 ) ) ;
#48 = CARTESIAN_POINT ( 'NONE',  ( 51.31061598951508529, 52.00000000000000711, -24.99999999999998579 ) ) ;
#49 = VECTOR ( 'NONE', #192, 1000.000000000000000 ) ;
#50 = CARTESIAN_POINT ( 'NONE',  ( 22.06061598951507463, 30.00000000000000000, -11.75000000000000000 ) ) ;
#51 =( NAMED_UNIT ( * ) SI_UNIT ( $, .STERADIAN. ) SOLID_ANGLE_UNIT ( ) );
#52 = VERTEX_POINT ( 'NONE', #1673 ) ;
#53 = CARTESIAN_POINT ( 'NONE',  ( 8.060615989515078184, 30.00000000000000000, -11.75000000000000000 ) ) ;
#54 = EDGE_CURVE ( 'NONE', #1577, #1919, #730, .T. ) ;
#55 = ORIENTED_EDGE ( 'NONE', *, *, #710, .T. ) ;
#56 = AXIS2_PLACEMENT_3D ( 'NONE', #1176, #1449, #540 ) ;
#57 = VERTEX_POINT ( 'NONE', #1199 ) ;
#58 = DIRECTION ( 'NONE',  ( 0.000000000000000000, 0.000000000000000000, 1.000000000000000000 ) ) ;
#59 = DIRECTION ( 'NONE',  ( 0.000000000000000000, 0.000000000000000000, -1.000000000000000000 ) ) ;
#60 = EDGE_LOOP ( 'NONE', ( #1985, #441, #1433, #363 ) ) ;
#61 = ORIENTED_EDGE ( 'NONE', *, *, #1230, .F. ) ;
#62 = DIRECTION ( 'NONE',  ( -0.000000000000000000, -1.000000000000000000, -0.000000000000000000 ) ) ;
#63 = DIRECTION ( 'NONE',  ( 5.236901059552619591E-16, 0.000000000000000000, -1.000000000000000000 ) ) ;
#64 = DIRECTION ( 'NONE',  ( 0.000000000000000000, 0.000000000000000000, -1.000000000000000000 ) ) ;
#65 = VECTOR ( 'NONE', #1810, 1000.000000000000000 ) ;
#66 = AXIS2_PLACEMENT_3D ( 'NONE', #41, #5, #804 ) ;
#67 = ORIENTED_EDGE ( 'NONE', *, *, #1664, .T. ) ;
#68 = ADVANCED_FACE ( 'NONE', ( #400 ), #1179, .F. ) ;
#69 = ORIENTED_EDGE ( 'NONE', *, *, #1789, .T. ) ;
#70 = DIRECTION ( 'NONE',  ( -1.000000000000000000, 0.000000000000000000, -0.000000000000000000 ) ) ;
#71 = ORIENTED_EDGE ( 'NONE', *, *, #294, .F. ) ;
#72 = CARTESIAN_POINT ( 'NONE',  ( 89.31061598951507108, 0.000000000000000000, -38.25000000000009948 ) ) ;
#73 = DIRECTION ( 'NONE',  ( 0.000000000000000000, 0.000000000000000000, -1.000000000000000000 ) ) ;
#74 = CARTESIAN_POINT ( 'NONE',  ( 98.06061598951504266, 30.00000000000000000, -11.74999999999998579 ) ) ;
#75 = EDGE_CURVE ( 'NONE', #1955, #454, #1844, .T. ) ;
#76 = VECTOR ( 'NONE', #1378, 1000.000000000000000 ) ;
#77 = CARTESIAN_POINT ( 'NONE',  ( 96.31061598951508529, 30.00000000000000000, -38.25000000000004974 ) ) ;
#78 = EDGE_CURVE ( 'NONE', #1144, #419, #1332, .T. ) ;
#79 = VECTOR ( 'NONE', #1726, 1000.000000000000000 ) ;
#80 = VECTOR ( 'NONE', #1718, 1000.000000000000000 ) ;
#81 = PLANE ( 'NONE',  #1086 ) ;
#82 = CIRCLE ( 'NONE', #610, 1.749999999999994671 ) ;
#83 = EDGE_CURVE ( 'NONE', #124, #104, #719, .T. ) ;
#84 = VERTEX_POINT ( 'NONE', #1946 ) ;
#85 = EDGE_CURVE ( 'NONE', #1280, #1467, #1233, .T. ) ;
#86 = DIRECTION ( 'NONE',  ( 0.000000000000000000, 0.000000000000000000, -1.000000000000000000 ) ) ;
#87 = DIRECTION ( 'NONE',  ( 0.000000000000000000, 0.000000000000000000, -1.000000000000000000 ) ) ;
#88 = AXIS2_PLACEMENT_3D ( 'NONE', #1694, #2019, #608 ) ;
#89 = DIRECTION ( 'NONE',  ( -0.000000000000000000, -1.000000000000000000, -0.000000000000000000 ) ) ;
#90 = DIRECTION ( 'NONE',  ( 0.000000000000000000, 0.000000000000000000, -1.000000000000000000 ) ) ;
#91 = AXIS2_PLACEMENT_3D ( 'NONE', #1334, #250, #374 ) ;
#92 = DIRECTION ( 'NONE',  ( -1.000000000000000000, 0.000000000000000000, -5.236901059552619591E-16 ) ) ;
#93 = PLANE ( 'NONE',  #530 ) ;
#94 = ORIENTED_EDGE ( 'NONE', *, *, #1499, .F. ) ;
#95 = DIRECTION ( 'NONE',  ( 0.000000000000000000, 0.000000000000000000, -1.000000000000000000 ) ) ;
#96 = SURFACE_STYLE_FILL_AREA ( #1046 ) ;
#97 = LINE ( 'NONE', #856, #891 ) ;
#98 = LINE ( 'NONE', #1354, #65 ) ;
#99 = DIRECTION ( 'NONE',  ( 1.000000000000000000, -0.000000000000000000, 0.000000000000000000 ) ) ;
#100 = PLANE ( 'NONE',  #1671 ) ;
#101 = VERTEX_POINT ( 'NONE', #1340 ) ;
#102 = EDGE_CURVE ( 'NONE', #147, #383, #739, .T. ) ;
#103 = DIRECTION ( 'NONE',  ( 0.000000000000000000, 0.000000000000000000, -1.000000000000000000 ) ) ;
#104 = VERTEX_POINT ( 'NONE', #1350 ) ;
#105 = CARTESIAN_POINT ( 'NONE',  ( 1.310615989515077962, 2.000000000000000000, -50.00000000000000000 ) ) ;
#106 = CIRCLE ( 'NONE', #1251, 10.25000000000000000 ) ;
#107 = DIRECTION ( 'NONE',  ( 0.000000000000000000, 0.000000000000000000, -1.000000000000000000 ) ) ;
#108 = EDGE_CURVE ( 'NONE', #1076, #1206, #1987, .T. ) ;
#109 = LINE ( 'NONE', #1783, #1769 ) ;
#110 = FACE_OUTER_BOUND ( 'NONE', #289, .T. ) ;
#111 = FACE_OUTER_BOUND ( 'NONE', #900, .T. ) ;
#112 = DIRECTION ( 'NONE',  ( 0.000000000000000000, -1.000000000000000000, 0.000000000000000000 ) ) ;
#113 = EDGE_LOOP ( 'NONE', ( #1358, #1856, #1458, #852 ) ) ;
#114 = VERTEX_POINT ( 'NONE', #1015 ) ;
#115 = DIRECTION ( 'NONE',  ( 0.000000000000000000, 0.000000000000000000, 1.000000000000000000 ) ) ;
#116 = SURFACE_STYLE_USAGE ( .BOTH. , #432 ) ;
#117 = DIRECTION ( 'NONE',  ( 0.000000000000000000, 0.000000000000000000, -1.000000000000000000 ) ) ;
#118 = FACE_OUTER_BOUND ( 'NONE', #1431, .T. ) ;
#119 = VECTOR ( 'NONE', #855, 1000.000000000000000 ) ;
#120 = CIRCLE ( 'NONE', #1034, 1.749999999999987566 ) ;
#121 = FACE_BOUND ( 'NONE', #1988, .T. ) ;
#122 = EDGE_CURVE ( 'NONE', #1187, #997, #874, .T. ) ;
#123 = LINE ( 'NONE', #2015, #1223 ) ;
#124 = VERTEX_POINT ( 'NONE', #259 ) ;
#125 = EDGE_LOOP ( 'NONE', ( #750, #484, #1313, #1403 ) ) ;
#126 = DIRECTION ( 'NONE',  ( -5.236901059552619591E-16, 0.000000000000000000, 1.000000000000000000 ) ) ;
#127 = ORIENTED_EDGE ( 'NONE', *, *, #149, .F. ) ;
#128 = LINE ( 'NONE', #423, #474 ) ;
#129 = EDGE_CURVE ( 'NONE', #1075, #26, #1209, .T. ) ;
#130 = FACE_OUTER_BOUND ( 'NONE', #8, .T. ) ;
#131 = ORIENTED_EDGE ( 'NONE', *, *, #497, .T. ) ;
#132 = EDGE_CURVE ( 'NONE', #1078, #984, #1798, .T. ) ;
#133 = ORIENTED_EDGE ( 'NONE', *, *, #193, .F. ) ;
#134 = CIRCLE ( 'NONE', #1612, 1.749999999999987566 ) ;
#135 = VECTOR ( 'NONE', #1351, 1000.000000000000000 ) ;
#136 = DIRECTION ( 'NONE',  ( 1.000000000000000000, -0.000000000000000000, 0.000000000000000000 ) ) ;
#137 = EDGE_LOOP ( 'NONE', ( #890, #1604, #1052, #1268, #1117 ) ) ;
#138 = FACE_BOUND ( 'NONE', #186, .T. ) ;
#139 = CARTESIAN_POINT ( 'NONE',  ( 27.31061598951507818, 30.00000000000000000, -40.00000000000000000 ) ) ;
#140 = FACE_OUTER_BOUND ( 'NONE', #368, .T. ) ;
#141 = EDGE_CURVE ( 'NONE', #997, #1167, #449, .T. ) ;
#142 = LINE ( 'NONE', #1051, #536 ) ;
#143 = ORIENTED_EDGE ( 'NONE', *, *, #1230, .T. ) ;
#144 = EDGE_LOOP ( 'NONE', ( #843, #502, #71, #695 ) ) ;
#145 = AXIS2_PLACEMENT_3D ( 'NONE', #37, #1287, #1435 ) ;
#146 = CARTESIAN_POINT ( 'NONE',  ( 20.31061598951507818, 0.000000000000000000, -38.25000000000000711 ) ) ;
#147 = VERTEX_POINT ( 'NONE', #863 ) ;
#148 = CARTESIAN_POINT ( 'NONE',  ( 77.06061598951504266, 0.000000000000000000, -11.75000000000013323 ) ) ;
#149 = EDGE_CURVE ( 'NONE', #57, #1723, #545, .T. ) ;
#150 = CARTESIAN_POINT ( 'NONE',  ( 6.310615989515079072, 30.00000000000000000, -3.250000000000000444 ) ) ;
#151 = AXIS2_PLACEMENT_3D ( 'NONE', #1571, #167, #650 ) ;
#152 = DIRECTION ( 'NONE',  ( 0.000000000000000000, 0.000000000000000000, 1.000000000000000000 ) ) ;
#153 = DIRECTION ( 'NONE',  ( -0.000000000000000000, -0.000000000000000000, 1.000000000000000000 ) ) ;
#154 = EDGE_LOOP ( 'NONE', ( #319, #341, #236, #1908 ) ) ;
#155 = CIRCLE ( 'NONE', #577, 1.749999999999994671 ) ;
#156 = EDGE_LOOP ( 'NONE', ( #1722, #1641, #546, #339 ) ) ;
#157 = EDGE_LOOP ( 'NONE', ( #27, #143, #30, #1150 ) ) ;
#158 = PLANE ( 'NONE',  #1839 ) ;
#159 = CARTESIAN_POINT ( 'NONE',  ( 13.31061598951507818, 0.000000000000000000, -11.75000000000000000 ) ) ;
#160 = EDGE_CURVE ( 'NONE', #984, #2008, #1683, .T. ) ;
#161 = AXIS2_PLACEMENT_3D ( 'NONE', #1916, #1793, #64 ) ;
#162 = LINE ( 'NONE', #816, #427 ) ;
#163 = DIRECTION ( 'NONE',  ( 1.000000000000000000, 0.000000000000000000, -2.312964634635742957E-16 ) ) ;
#164 = ORIENTED_EDGE ( 'NONE', *, *, #1310, .F. ) ;
#165 = VERTEX_POINT ( 'NONE', #290 ) ;
#166 = ORIENTED_EDGE ( 'NONE', *, *, #963, .T. ) ;
#167 = DIRECTION ( 'NONE',  ( -0.000000000000000000, -1.000000000000000000, -0.000000000000000000 ) ) ;
#168 = AXIS2_PLACEMENT_3D ( 'NONE', #508, #940, #1420 ) ;
#169 = DIRECTION ( 'NONE',  ( 0.000000000000000000, 0.000000000000000000, 1.000000000000000000 ) ) ;
#170 = DIRECTION ( 'NONE',  ( 0.000000000000000000, 0.000000000000000000, -1.000000000000000000 ) ) ;
#171 = CARTESIAN_POINT ( 'NONE',  ( 96.31061598951507108, 2.000000000000000000, -6.749999999999972466 ) ) ;
#172 = EDGE_CURVE ( 'NONE', #1891, #392, #1066, .T. ) ;
#173 = VERTEX_POINT ( 'NONE', #1857 ) ;
#174 = EDGE_LOOP ( 'NONE', ( #1228, #350, #1734, #595 ) ) ;
#175 = EDGE_LOOP ( 'NONE', ( #1887, #791, #217, #69 ) ) ;
#176 = ORIENTED_EDGE ( 'NONE', *, *, #1760, .T. ) ;
#177 = VECTOR ( 'NONE', #756, 1000.000000000000000 ) ;
#178 = CYLINDRICAL_SURFACE ( 'NONE', #640, 1.749999999999994671 ) ;
#179 = DIRECTION ( 'NONE',  ( -0.000000000000000000, -1.000000000000000000, -0.000000000000000000 ) ) ;
#180 = VECTOR ( 'NONE', #1335, 1000.000000000000000 ) ;
#181 = CARTESIAN_POINT ( 'NONE',  ( 96.31061598951507108, 2.000000000000001776, -11.74999999999995914 ) ) ;
#182 = AXIS2_PLACEMENT_3D ( 'NONE', #2011, #1580, #794 ) ;
#183 = LINE ( 'NONE', #1266, #1560 ) ;
#184 = ORIENTED_EDGE ( 'NONE', *, *, #1468, .T. ) ;
#185 = AXIS2_PLACEMENT_3D ( 'NONE', #72, #1816, #268 ) ;
#186 = EDGE_LOOP ( 'NONE', ( #1618, #934, #1972, #428, #329 ) ) ;
#187 = CARTESIAN_POINT ( 'NONE',  ( 27.31061598951507818, 0.000000000000000000, -40.00000000000000000 ) ) ;
#188 = PLANE ( 'NONE',  #33 ) ;
#189 = VERTEX_POINT ( 'NONE', #910 ) ;
#190 = LINE ( 'NONE', #664, #615 ) ;
#191 = VERTEX_POINT ( 'NONE', #1395 ) ;
#192 = DIRECTION ( 'NONE',  ( -1.000000000000000000, 0.000000000000000000, -2.023844055306275272E-16 ) ) ;
#193 = EDGE_CURVE ( 'NONE', #1122, #1304, #973, .T. ) ;
#194 = EDGE_CURVE ( 'NONE', #1578, #1858, #1548, .T. ) ;
#195 = EDGE_LOOP ( 'NONE', ( #1897, #654, #619, #380 ) ) ;
#196 = CARTESIAN_POINT ( 'NONE',  ( 73.56061598951505687, 0.000000000000000000, -11.75000000000013678 ) ) ;
#197 = CARTESIAN_POINT ( 'NONE',  ( 84.06061598951504266, 30.00000000000000000, -11.75000000000008349 ) ) ;
#198 = ORIENTED_EDGE ( 'NONE', *, *, #228, .T. ) ;
#199 = CARTESIAN_POINT ( 'NONE',  ( 4.560615989515088842, 2.000000000000000000, 0.000000000000000000 ) ) ;
#200 = ORIENTED_EDGE ( 'NONE', *, *, #108, .T. ) ;
#201 = CARTESIAN_POINT ( 'NONE',  ( 27.31061598951507818, 0.000000000000000000, -38.25000000000000711 ) ) ;
#202 = ADVANCED_FACE ( 'NONE', ( #1382 ), #1997, .F. ) ;
#203 = AXIS2_PLACEMENT_3D ( 'NONE', #717, #1338, #1485 ) ;
#204 = ORIENTED_EDGE ( 'NONE', *, *, #1385, .T. ) ;
#205 = DIRECTION ( 'NONE',  ( -0.000000000000000000, -1.000000000000000000, -0.000000000000000000 ) ) ;
#206 = DIRECTION ( 'NONE',  ( -1.000000000000000000, 0.000000000000000000, -5.236901059552619591E-16 ) ) ;
#207 = CARTESIAN_POINT ( 'NONE',  ( 11.56061598951508707, 0.000000000000000000, -11.74999999999999645 ) ) ;
#208 = EDGE_CURVE ( 'NONE', #617, #266, #751, .T. ) ;
#209 =( LENGTH_UNIT ( ) NAMED_UNIT ( * ) SI_UNIT ( .MILLI., .METRE. ) );
#210 = CIRCLE ( 'NONE', #145, 1.750000000000001554 ) ;
#211 = ORIENTED_EDGE ( 'NONE', *, *, #1888, .F. ) ;
#212 = LINE ( 'NONE', #53, #1300 ) ;
#213 = ORIENTED_EDGE ( 'NONE', *, *, #226, .T. ) ;
#214 = EDGE_LOOP ( 'NONE', ( #1500, #1220, #1464, #1405 ) ) ;
#215 = DIRECTION ( 'NONE',  ( -0.000000000000000000, -0.000000000000000000, 1.000000000000000000 ) ) ;
#216 = LINE ( 'NONE', #1299, #1614 ) ;
#217 = ORIENTED_EDGE ( 'NONE', *, *, #697, .T. ) ;
#218 = AXIS2_PLACEMENT_3D ( 'NONE', #1302, #89, #1326 ) ;
#219 = VECTOR ( 'NONE', #347, 1000.000000000000000 ) ;
#220 = ORIENTED_EDGE ( 'NONE', *, *, #1828, .T. ) ;
#221 = DIRECTION ( 'NONE',  ( -0.000000000000000000, -1.000000000000000000, -0.000000000000000000 ) ) ;
#222 = DIRECTION ( 'NONE',  ( 0.000000000000000000, 0.000000000000000000, -1.000000000000000000 ) ) ;
#223 = ORIENTED_EDGE ( 'NONE', *, *, #141, .T. ) ;
#224 = ORIENTED_EDGE ( 'NONE', *, *, #1886, .T. ) ;
#225 = DIRECTION ( 'NONE',  ( 0.000000000000000000, 0.000000000000000000, -1.000000000000000000 ) ) ;
#226 = EDGE_CURVE ( 'NONE', #1206, #378, #1031, .T. ) ;
#227 = ORIENTED_EDGE ( 'NONE', *, *, #1432, .F. ) ;
#228 = EDGE_CURVE ( 'NONE', #1122, #52, #455, .T. ) ;
#229 = CARTESIAN_POINT ( 'NONE',  ( 0.000000000000000000, 0.000000000000000000, 0.000000000000000000 ) ) ;
#230 = LINE ( 'NONE', #261, #631 ) ;
#231 = CARTESIAN_POINT ( 'NONE',  ( 80.56061598951507108, 30.00000000000000000, -11.75000000000008704 ) ) ;
#232 = AXIS2_PLACEMENT_3D ( 'NONE', #1389, #915, #1564 ) ;
#233 = AXIS2_PLACEMENT_3D ( 'NONE', #1355, #1515, #1983 ) ;
#234 = EDGE_CURVE ( 'NONE', #1467, #1823, #1840, .T. ) ;
#235 = CARTESIAN_POINT ( 'NONE',  ( 80.56061598951507108, 0.000000000000000000, -11.75000000000008704 ) ) ;
#236 = ORIENTED_EDGE ( 'NONE', *, *, #234, .T. ) ;
#237 = CARTESIAN_POINT ( 'NONE',  ( 96.31061598951508529, 30.00000000000000000, -46.75000000000002842 ) ) ;
#238 = CARTESIAN_POINT ( 'NONE',  ( 82.31061598951508529, 2.000000000000001776, -40.00000000000013500 ) ) ;
#239 = CARTESIAN_POINT ( 'NONE',  ( 96.31061598951508529, 0.000000000000000000, -43.25000000000003553 ) ) ;
#240 = FACE_OUTER_BOUND ( 'NONE', #473, .T. ) ;
#241 = AXIS2_PLACEMENT_3D ( 'NONE', #426, #1831, #1700 ) ;
#242 = FACE_OUTER_BOUND ( 'NONE', #156, .T. ) ;
#243 = AXIS2_PLACEMENT_3D ( 'NONE', #792, #1859, #800 ) ;
#244 = AXIS2_PLACEMENT_3D ( 'NONE', #1551, #1541, #1388 ) ;
#245 = DIRECTION ( 'NONE',  ( 0.000000000000000000, 0.000000000000000000, 1.000000000000000000 ) ) ;
#246 = VERTEX_POINT ( 'NONE', #1219 ) ;
#247 = PRODUCT_RELATED_PRODUCT_CATEGORY ( 'part', '', ( #1483 ) ) ;
#248 = DIRECTION ( 'NONE',  ( 0.000000000000000000, 0.000000000000000000, -1.000000000000000000 ) ) ;
#249 = CARTESIAN_POINT ( 'NONE',  ( 96.31061598951508529, 2.000000000000001776, -40.00000000000003553 ) ) ;
#250 = DIRECTION ( 'NONE',  ( 0.000000000000000000, -1.000000000000000000, 0.000000000000000000 ) ) ;
#251 = CARTESIAN_POINT ( 'NONE',  ( 101.3106159895150853, 2.000000000000000000, 0.000000000000000000 ) ) ;
#252 = VECTOR ( 'NONE', #62, 1000.000000000000000 ) ;
#253 = ADVANCED_FACE ( 'NONE', ( #1243 ), #777, .F. ) ;
#254 = CARTESIAN_POINT ( 'NONE',  ( 29.06061598951507818, 30.00000000000000000, -11.75000000000000000 ) ) ;
#255 = CARTESIAN_POINT ( 'NONE',  ( 22.06061598951507463, 2.000000000000001776, -38.25000000000000711 ) ) ;
#256 = CARTESIAN_POINT ( 'NONE',  ( 94.56061598951507108, 30.00000000000000000, -11.74999999999998934 ) ) ;
#257 = EDGE_CURVE ( 'NONE', #1142, #1145, #1099, .T. ) ;
#258 = ORIENTED_EDGE ( 'NONE', *, *, #1255, .F. ) ;
#259 = CARTESIAN_POINT ( 'NONE',  ( 25.56061598951508884, 2.000000000000001776, -11.74999999999999645 ) ) ;
#260 = CYLINDRICAL_SURFACE ( 'NONE', #495, 1.749999999999987566 ) ;
#261 = CARTESIAN_POINT ( 'NONE',  ( 11.56061598951508707, 0.000000000000000000, -11.74999999999999645 ) ) ;
#262 = DIRECTION ( 'NONE',  ( -0.000000000000000000, -1.000000000000000000, -0.000000000000000000 ) ) ;
#263 = CARTESIAN_POINT ( 'NONE',  ( 18.56061598951508529, 30.00000000000000000, -38.25000000000000711 ) ) ;
#264 = DIRECTION ( 'NONE',  ( -0.000000000000000000, -1.000000000000000000, -0.000000000000000000 ) ) ;
#265 = COLOUR_RGB ( '',0.7921568627450980005, 0.8196078431372548767, 0.9333333333333333481 ) ;
#266 = VERTEX_POINT ( 'NONE', #1428 ) ;
#267 = VERTEX_POINT ( 'NONE', #947 ) ;
#268 = DIRECTION ( 'NONE',  ( 0.000000000000000000, 0.000000000000000000, 1.000000000000000000 ) ) ;
#269 = AXIS2_PLACEMENT_3D ( 'NONE', #74, #1935, #722 ) ;
#270 = LINE ( 'NONE', #753, #1962 ) ;
#271 = EDGE_CURVE ( 'NONE', #1823, #837, #447, .T. ) ;
#272 = LINE ( 'NONE', #744, #832 ) ;
#273 = FACE_OUTER_BOUND ( 'NONE', #1771, .T. ) ;
#274 = AXIS2_PLACEMENT_3D ( 'NONE', #1992, #1691, #1042 ) ;
#275 = CARTESIAN_POINT ( 'NONE',  ( 6.310615989515079072, 0.000000000000000000, -3.250000000000000444 ) ) ;
#276 = CARTESIAN_POINT ( 'NONE',  ( 6.310615989515079072, 0.000000000000000000, -3.250000000000000444 ) ) ;
#277 = ORIENTED_EDGE ( 'NONE', *, *, #786, .F. ) ;
#278 = AXIS2_PLACEMENT_3D ( 'NONE', #1949, #221, #1175 ) ;
#279 = ORIENTED_EDGE ( 'NONE', *, *, #1532, .T. ) ;
#280 = DIRECTION ( 'NONE',  ( -0.000000000000000000, -1.000000000000000000, -0.000000000000000000 ) ) ;
#281 = EDGE_LOOP ( 'NONE', ( #1393, #1993, #1877, #522, #1363 ) ) ;
#282 = DIRECTION ( 'NONE',  ( 0.000000000000000000, -1.000000000000000000, 0.000000000000000000 ) ) ;
#283 = VECTOR ( 'NONE', #882, 1000.000000000000000 ) ;
#284 = EDGE_CURVE ( 'NONE', #1108, #1312, #1745, .T. ) ;
#285 = VECTOR ( 'NONE', #557, 1000.000000000000000 ) ;
#286 = LINE ( 'NONE', #1991, #1181 ) ;
#287 = CYLINDRICAL_SURFACE ( 'NONE', #413, 1.749999999999987566 ) ;
#288 = EDGE_LOOP ( 'NONE', ( #818, #674, #1617, #384, #1845 ) ) ;
#289 = EDGE_LOOP ( 'NONE', ( #1826, #1275, #1321, #604 ) ) ;
#290 = CARTESIAN_POINT ( 'NONE',  ( 84.06061598951504266, 2.000000000000001776, -11.75000000000008349 ) ) ;
#291 = ORIENTED_EDGE ( 'NONE', *, *, #1208, .F. ) ;
#292 = DIRECTION ( 'NONE',  ( 0.000000000000000000, -1.000000000000000000, 0.000000000000000000 ) ) ;
#293 = EDGE_CURVE ( 'NONE', #1008, #246, #325, .T. ) ;
#294 = EDGE_CURVE ( 'NONE', #839, #1273, #1418, .T. ) ;
#295 = CARTESIAN_POINT ( 'NONE',  ( 11.56061598951508707, 2.000000000000001776, -11.74999999999999645 ) ) ;
#296 = DIRECTION ( 'NONE',  ( 0.000000000000000000, 0.000000000000000000, -1.000000000000000000 ) ) ;
#297 = ADVANCED_FACE ( 'NONE', ( #1727 ), #641, .F. ) ;
#298 = DIRECTION ( 'NONE',  ( 1.000000000000000000, -0.000000000000000000, 5.236901059552619591E-16 ) ) ;
#299 = ORIENTED_EDGE ( 'NONE', *, *, #1664, .F. ) ;
#300 = EDGE_CURVE ( 'NONE', #690, #861, #1838, .T. ) ;
#301 = ORIENTED_EDGE ( 'NONE', *, *, #1679, .T. ) ;
#302 = VECTOR ( 'NONE', #1050, 1000.000000000000000 ) ;
#303 = DIRECTION ( 'NONE',  ( -0.000000000000000000, -1.000000000000000000, -0.000000000000000000 ) ) ;
#304 = ORIENTED_EDGE ( 'NONE', *, *, #1404, .F. ) ;
#305 = DIRECTION ( 'NONE',  ( 1.000000000000000000, 0.000000000000000000, -2.312964634635742957E-16 ) ) ;
#306 = CARTESIAN_POINT ( 'NONE',  ( 73.56061598951505687, 0.000000000000000000, -11.75000000000013678 ) ) ;
#307 = CARTESIAN_POINT ( 'NONE',  ( 6.310615989515079072, 2.000000000000001776, -3.250000000000000444 ) ) ;
#308 = CARTESIAN_POINT ( 'NONE',  ( 13.31061598951507818, 0.000000000000000000, -40.00000000000000000 ) ) ;
#309 = EDGE_LOOP ( 'NONE', ( #1241, #32, #1592, #369 ) ) ;
#310 = VERTEX_POINT ( 'NONE', #1256 ) ;
#311 = CIRCLE ( 'NONE', #1872, 10.25000000000000000 ) ;
#312 = ORIENTED_EDGE ( 'NONE', *, *, #234, .F. ) ;
#313 = FACE_OUTER_BOUND ( 'NONE', #584, .T. ) ;
#314 = CARTESIAN_POINT ( 'NONE',  ( 25.56061598951508174, 0.000000000000000000, -38.25000000000000711 ) ) ;
#315 = PLANE ( 'NONE',  #1630 ) ;
#316 = CARTESIAN_POINT ( 'NONE',  ( 6.310615989515079072, 0.000000000000000000, -43.25000000000000711 ) ) ;
#317 = EDGE_CURVE ( 'NONE', #310, #737, #1871, .T. ) ;
#318 = FACE_OUTER_BOUND ( 'NONE', #113, .T. ) ;
#319 = ORIENTED_EDGE ( 'NONE', *, *, #405, .F. ) ;
#320 = AXIS2_PLACEMENT_3D ( 'NONE', #1120, #1410, #633 ) ;
#321 = CIRCLE ( 'NONE', #1982, 1.749999999999987566 ) ;
#322 = ORIENTED_EDGE ( 'NONE', *, *, #806, .F. ) ;
#323 = VERTEX_POINT ( 'NONE', #458 ) ;
#324 = DIRECTION ( 'NONE',  ( -0.000000000000000000, -1.000000000000000000, -0.000000000000000000 ) ) ;
#325 = LINE ( 'NONE', #1572, #1490 ) ;
#326 = VECTOR ( 'NONE', #1094, 1000.000000000000000 ) ;
#327 = DIRECTION ( 'NONE',  ( -1.000000000000000000, 0.000000000000000000, 3.854941057726238590E-16 ) ) ;
#328 = CARTESIAN_POINT ( 'NONE',  ( 6.310615989515079072, 0.000000000000000000, -40.00000000000000000 ) ) ;
#329 = ORIENTED_EDGE ( 'NONE', *, *, #1133, .T. ) ;
#330 = EDGE_LOOP ( 'NONE', ( #848, #1674, #519, #1103 ) ) ;
#331 = ORIENTED_EDGE ( 'NONE', *, *, #360, .F. ) ;
#332 = DIRECTION ( 'NONE',  ( 0.000000000000000000, 0.000000000000000000, -1.000000000000000000 ) ) ;
#333 = AXIS2_PLACEMENT_3D ( 'NONE', #254, #404, #1029 ) ;
#334 = AXIS2_PLACEMENT_3D ( 'NONE', #1967, #1056, #894 ) ;
#335 = DIRECTION ( 'NONE',  ( 0.000000000000000000, 0.000000000000000000, 1.000000000000000000 ) ) ;
#336 = CARTESIAN_POINT ( 'NONE',  ( 101.3106159895150853, 0.000000000000000000, 0.000000000000000000 ) ) ;
#337 = CYLINDRICAL_SURFACE ( 'NONE', #1457, 1.749999999999999778 ) ;
#338 = VERTEX_POINT ( 'NONE', #295 ) ;
#339 = ORIENTED_EDGE ( 'NONE', *, *, #2010, .F. ) ;
#340 = CARTESIAN_POINT ( 'NONE',  ( 1.310615989515077962, 0.000000000000000000, -50.00000000000000000 ) ) ;
#341 = ORIENTED_EDGE ( 'NONE', *, *, #1323, .T. ) ;
#342 = VECTOR ( 'NONE', #776, 1000.000000000000000 ) ;
#343 = DIRECTION ( 'NONE',  ( -0.000000000000000000, -1.000000000000000000, -0.000000000000000000 ) ) ;
#344 = VERTEX_POINT ( 'NONE', #612 ) ;
#345 = VECTOR ( 'NONE', #763, 1000.000000000000000 ) ;
#346 = VECTOR ( 'NONE', #680, 1000.000000000000000 ) ;
#347 = DIRECTION ( 'NONE',  ( -0.000000000000000000, -1.000000000000000000, -0.000000000000000000 ) ) ;
#348 = ADVANCED_FACE ( 'NONE', ( #1237 ), #1263, .F. ) ;
#349 = VECTOR ( 'NONE', #126, 1000.000000000000000 ) ;
#350 = ORIENTED_EDGE ( 'NONE', *, *, #372, .T. ) ;
#351 = VECTOR ( 'NONE', #1291, 1000.000000000000000 ) ;
#352 = DIRECTION ( 'NONE',  ( 0.000000000000000000, 0.000000000000000000, -1.000000000000000000 ) ) ;
#353 = FACE_OUTER_BOUND ( 'NONE', #738, .T. ) ;
#354 = ORIENTED_EDGE ( 'NONE', *, *, #122, .T. ) ;
#355 = EDGE_CURVE ( 'NONE', #191, #1, #1128, .T. ) ;
#356 = LINE ( 'NONE', #971, #885 ) ;
#357 = ORIENTED_EDGE ( 'NONE', *, *, #450, .T. ) ;
#358 = DIRECTION ( 'NONE',  ( 5.236901059552619591E-16, 0.000000000000000000, -1.000000000000000000 ) ) ;
#359 = VERTEX_POINT ( 'NONE', #960 ) ;
#360 = EDGE_CURVE ( 'NONE', #1076, #1922, #772, .T. ) ;
#361 = CARTESIAN_POINT ( 'NONE',  ( 6.310615989515079072, 30.00000000000000000, -46.75000000000000711 ) ) ;
#362 = DIRECTION ( 'NONE',  ( 0.000000000000000000, -1.000000000000000000, 0.000000000000000000 ) ) ;
#363 = ORIENTED_EDGE ( 'NONE', *, *, #1174, .T. ) ;
#364 = DIRECTION ( 'NONE',  ( 0.000000000000000000, 1.000000000000000000, 0.000000000000000000 ) ) ;
#365 = ORIENTED_EDGE ( 'NONE', *, *, #656, .F. ) ;
#366 = EDGE_LOOP ( 'NONE', ( #1478, #606, #224, #976, #582 ) ) ;
#367 = CARTESIAN_POINT ( 'NONE',  ( 1.310615989515077962, 2.000000000000000000, 0.000000000000000000 ) ) ;
#368 = EDGE_LOOP ( 'NONE', ( #1868, #42, #638, #586 ) ) ;
#369 = ORIENTED_EDGE ( 'NONE', *, *, #833, .F. ) ;
#370 = DIRECTION ( 'NONE',  ( 0.000000000000000000, -1.000000000000000000, 0.000000000000000000 ) ) ;
#371 = FACE_OUTER_BOUND ( 'NONE', #1035, .T. ) ;
#372 = EDGE_CURVE ( 'NONE', #942, #1672, #1587, .T. ) ;
#373 = ORIENTED_EDGE ( 'NONE', *, *, #697, .F. ) ;
#374 = DIRECTION ( 'NONE',  ( 0.000000000000000000, 0.000000000000000000, 1.000000000000000000 ) ) ;
#375 = CYLINDRICAL_SURFACE ( 'NONE', #1906, 1.749999999999987566 ) ;
#376 = DIRECTION ( 'NONE',  ( 0.000000000000000000, 0.000000000000000000, -1.000000000000000000 ) ) ;
#377 = AXIS2_PLACEMENT_3D ( 'NONE', #1098, #485, #630 ) ;
#378 = VERTEX_POINT ( 'NONE', #306 ) ;
#379 = ADVANCED_FACE ( 'NONE', ( #1409 ), #926, .F. ) ;
#380 = ORIENTED_EDGE ( 'NONE', *, *, #1781, .T. ) ;
#381 = LINE ( 'NONE', #196, #1903 ) ;
#382 = EDGE_CURVE ( 'NONE', #617, #943, #1833, .T. ) ;
#383 = VERTEX_POINT ( 'NONE', #314 ) ;
#384 = ORIENTED_EDGE ( 'NONE', *, *, #1131, .F. ) ;
#385 = APPLICATION_PROTOCOL_DEFINITION ( 'draft international standard', 'automotive_design', 1998, #1408 ) ;
#386 = ADVANCED_FACE ( 'NONE', ( #937 ), #1563, .F. ) ;
#387 = CARTESIAN_POINT ( 'NONE',  ( 101.3106159895150853, 2.000000000000000000, 0.000000000000000000 ) ) ;
#388 = CARTESIAN_POINT ( 'NONE',  ( 11.56061598951508351, 0.000000000000000000, -38.25000000000000711 ) ) ;
#389 = ORIENTED_EDGE ( 'NONE', *, *, #1432, .T. ) ;
#390 = PRODUCT_DEFINITION_SHAPE ( 'NONE', 'NONE',  #499 ) ;
#391 = DIRECTION ( 'NONE',  ( 0.000000000000000000, 1.000000000000000000, 0.000000000000000000 ) ) ;
#392 = VERTEX_POINT ( 'NONE', #889 ) ;
#393 = DIRECTION ( 'NONE',  ( 0.000000000000000000, -1.000000000000000000, 0.000000000000000000 ) ) ;
#394 = DIRECTION ( 'NONE',  ( -0.000000000000000000, -1.000000000000000000, -0.000000000000000000 ) ) ;
#395 = CARTESIAN_POINT ( 'NONE',  ( 18.56061598951508529, 0.000000000000000000, -38.25000000000000711 ) ) ;
#396 = CARTESIAN_POINT ( 'NONE',  ( 94.56061598951507108, 0.000000000000000000, -11.74999999999998934 ) ) ;
#397 = CIRCLE ( 'NONE', #590, 1.749999999999994671 ) ;
#398 = DIRECTION ( 'NONE',  ( 0.000000000000000000, -1.000000000000000000, 0.000000000000000000 ) ) ;
#399 = EDGE_CURVE ( 'NONE', #1312, #1682, #965, .T. ) ;
#400 = FACE_OUTER_BOUND ( 'NONE', #1530, .T. ) ;
#401 = CARTESIAN_POINT ( 'NONE',  ( 6.310615989515079072, 30.00000000000000000, -40.00000000000000000 ) ) ;
#402 = DIRECTION ( 'NONE',  ( 0.000000000000000000, -1.000000000000000000, 0.000000000000000000 ) ) ;
#403 = DIRECTION ( 'NONE',  ( 5.236901059552619591E-16, 0.000000000000000000, -1.000000000000000000 ) ) ;
#404 = DIRECTION ( 'NONE',  ( 1.000000000000000000, -0.000000000000000000, 0.000000000000000000 ) ) ;
#405 = EDGE_CURVE ( 'NONE', #1975, #1577, #1387, .T. ) ;
#406 = AXIS2_PLACEMENT_3D ( 'NONE', #361, #1322, #504 ) ;
#407 = EDGE_CURVE ( 'NONE', #26, #1448, #1123, .T. ) ;
#408 = LINE ( 'NONE', #1032, #1940 ) ;
#409 = CIRCLE ( 'NONE', #705, 1.749999999999987566 ) ;
#410 = DIRECTION ( 'NONE',  ( 0.000000000000000000, -1.000000000000000000, 0.000000000000000000 ) ) ;
#411 = ORIENTED_EDGE ( 'NONE', *, *, #721, .F. ) ;
#412 = DIRECTION ( 'NONE',  ( 0.000000000000000000, -1.000000000000000000, 0.000000000000000000 ) ) ;
#413 = AXIS2_PLACEMENT_3D ( 'NONE', #907, #1535, #1227 ) ;
#414 = LINE ( 'NONE', #703, #6 ) ;
#415 = FACE_OUTER_BOUND ( 'NONE', #1528, .T. ) ;
#416 = LINE ( 'NONE', #263, #302 ) ;
#417 = CARTESIAN_POINT ( 'NONE',  ( 51.31061598951508529, 52.00000000000000711, -24.99999999999998579 ) ) ;
#418 = VERTEX_POINT ( 'NONE', #1984 ) ;
#419 = VERTEX_POINT ( 'NONE', #1822 ) ;
#420 = EDGE_CURVE ( 'NONE', #1919, #839, #1419, .T. ) ;
#421 = PLANE ( 'NONE',  #969 ) ;
#422 = LINE ( 'NONE', #1333, #135 ) ;
#423 = CARTESIAN_POINT ( 'NONE',  ( 29.06061598951507818, 2.000000000000000000, 0.000000000000000000 ) ) ;
#424 = CYLINDRICAL_SURFACE ( 'NONE', #1995, 1.749999999999994671 ) ;
#425 = CARTESIAN_POINT ( 'NONE',  ( 1.310615989515077962, 2.000000000000000000, -50.00000000000000000 ) ) ;
#426 = CARTESIAN_POINT ( 'NONE',  ( 13.31061598951507818, 2.000000000000001776, -38.25000000000000711 ) ) ;
#427 = VECTOR ( 'NONE', #1893, 1000.000000000000000 ) ;
#428 = ORIENTED_EDGE ( 'NONE', *, *, #1286, .T. ) ;
#429 = VERTEX_POINT ( 'NONE', #308 ) ;
#430 = DIRECTION ( 'NONE',  ( 3.854941057726238590E-16, -0.000000000000000000, 1.000000000000000000 ) ) ;
#431 = VERTEX_POINT ( 'NONE', #1525 ) ;
#432 = SURFACE_SIDE_STYLE ('',( #96 ) ) ;
#433 = EDGE_CURVE ( 'NONE', #1834, #1187, #1516, .T. ) ;
#434 = DIRECTION ( 'NONE',  ( 5.236901059552619591E-16, 0.000000000000000000, -1.000000000000000000 ) ) ;
#435 = AXIS2_PLACEMENT_3D ( 'NONE', #4, #264, #725 ) ;
#436 = DIRECTION ( 'NONE',  ( 0.000000000000000000, 0.000000000000000000, -1.000000000000000000 ) ) ;
#437 = CARTESIAN_POINT ( 'NONE',  ( 87.56061598951505687, 0.000000000000000000, -11.75000000000003908 ) ) ;
#438 = ORIENTED_EDGE ( 'NONE', *, *, #1278, .F. ) ;
#439 = EDGE_CURVE ( 'NONE', #790, #114, #142, .T. ) ;
#440 = VECTOR ( 'NONE', #866, 1000.000000000000000 ) ;
#441 = ORIENTED_EDGE ( 'NONE', *, *, #1742, .F. ) ;
#442 = AXIS2_PLACEMENT_3D ( 'NONE', #159, #1861, #914 ) ;
#443 = DIRECTION ( 'NONE',  ( -0.000000000000000000, -1.000000000000000000, -0.000000000000000000 ) ) ;
#444 = ORIENTED_EDGE ( 'NONE', *, *, #399, .F. ) ;
#445 = ADVANCED_FACE ( 'NONE', ( #130 ), #100, .F. ) ;
#446 = DIRECTION ( 'NONE',  ( -0.000000000000000000, -1.000000000000000000, -0.000000000000000000 ) ) ;
#447 = LINE ( 'NONE', #1399, #80 ) ;
#448 = CARTESIAN_POINT ( 'NONE',  ( 96.31061598951507108, 30.00000000000000000, -4.999999999999971578 ) ) ;
#449 = CIRCLE ( 'NONE', #709, 1.749999999999987566 ) ;
#450 = EDGE_CURVE ( 'NONE', #1075, #729, #1739, .T. ) ;
#451 = EDGE_CURVE ( 'NONE', #1068, #1693, #616, .T. ) ;
#452 = FACE_OUTER_BOUND ( 'NONE', #945, .T. ) ;
#453 = VERTEX_POINT ( 'NONE', #736 ) ;
#454 = VERTEX_POINT ( 'NONE', #918 ) ;
#455 = LINE ( 'NONE', #1835, #1391 ) ;
#456 = ORIENTED_EDGE ( 'NONE', *, *, #959, .T. ) ;
#457 = FACE_BOUND ( 'NONE', #137, .T. ) ;
#458 = CARTESIAN_POINT ( 'NONE',  ( 101.3106159895150853, 2.000000000000000000, -50.00000000000000000 ) ) ;
#459 = PLANE ( 'NONE',  #494 ) ;
#460 = DIRECTION ( 'NONE',  ( 0.000000000000000000, 0.000000000000000000, -1.000000000000000000 ) ) ;
#461 = VERTEX_POINT ( 'NONE', #581 ) ;
#462 = VERTEX_POINT ( 'NONE', #767 ) ;
#463 = ORIENTED_EDGE ( 'NONE', *, *, #141, .F. ) ;
#464 = FACE_BOUND ( 'NONE', #647, .T. ) ;
#465 = EDGE_CURVE ( 'NONE', #690, #648, #1320, .T. ) ;
#466 = AXIS2_PLACEMENT_3D ( 'NONE', #1767, #1462, #58 ) ;
#467 = CARTESIAN_POINT ( 'NONE',  ( 96.31061598951507108, 2.000000000000001776, -4.999999999999971578 ) ) ;
#468 = DIRECTION ( 'NONE',  ( -0.000000000000000000, -1.000000000000000000, -0.000000000000000000 ) ) ;
#469 = CYLINDRICAL_SURFACE ( 'NONE', #1308, 1.749999999999987566 ) ;
#470 = LINE ( 'NONE', #1134, #326 ) ;
#471 = ORIENTED_EDGE ( 'NONE', *, *, #407, .F. ) ;
#472 = EDGE_CURVE ( 'NONE', #104, #383, #899, .T. ) ;
#473 = EDGE_LOOP ( 'NONE', ( #629, #1779, #373, #1626 ) ) ;
#474 = VECTOR ( 'NONE', #764, 1000.000000000000000 ) ;
#475 = ORIENTED_EDGE ( 'NONE', *, *, #657, .F. ) ;
#476 = DIRECTION ( 'NONE',  ( -0.000000000000000000, -1.000000000000000000, -0.000000000000000000 ) ) ;
#477 = CARTESIAN_POINT ( 'NONE',  ( 51.31061598951508529, 52.00000000000000711, -35.24999999999999289 ) ) ;
#478 = DIRECTION ( 'NONE',  ( -0.000000000000000000, -1.000000000000000000, -0.000000000000000000 ) ) ;
#479 = CARTESIAN_POINT ( 'NONE',  ( 25.56061598951508884, 30.00000000000000000, -11.74999999999999645 ) ) ;
#480 = ORIENTED_EDGE ( 'NONE', *, *, #1648, .F. ) ;
#481 = CIRCLE ( 'NONE', #741, 14.99999999999999822 ) ;
#482 = VECTOR ( 'NONE', #163, 1000.000000000000000 ) ;
#483 = ORIENTED_EDGE ( 'NONE', *, *, #1532, .F. ) ;
#484 = ORIENTED_EDGE ( 'NONE', *, *, #102, .T. ) ;
#485 = DIRECTION ( 'NONE',  ( -0.000000000000000000, -1.000000000000000000, -0.000000000000000000 ) ) ;
#486 = EDGE_CURVE ( 'NONE', #1832, #1216, #123, .T. ) ;
#487 = CARTESIAN_POINT ( 'NONE',  ( 11.56061598951508707, 30.00000000000000000, -11.74999999999999645 ) ) ;
#488 = LINE ( 'NONE', #1429, #1236 ) ;
#489 = DIRECTION ( 'NONE',  ( 0.000000000000000000, -1.000000000000000000, 0.000000000000000000 ) ) ;
#490 = ORIENTED_EDGE ( 'NONE', *, *, #208, .T. ) ;
#491 = VERTEX_POINT ( 'NONE', #572 ) ;
#492 = CARTESIAN_POINT ( 'NONE',  ( 73.56061598951507108, 2.000000000000000000, -38.25000000000016342 ) ) ;
#493 = ADVANCED_FACE ( 'NONE', ( #452 ), #1240, .F. ) ;
#494 = AXIS2_PLACEMENT_3D ( 'NONE', #1353, #2000, #152 ) ;
#495 = AXIS2_PLACEMENT_3D ( 'NONE', #1520, #731, #1531 ) ;
#496 = ORIENTED_EDGE ( 'NONE', *, *, #1944, .F. ) ;
#497 = EDGE_CURVE ( 'NONE', #323, #658, #1074, .T. ) ;
#498 = DIRECTION ( 'NONE',  ( -0.000000000000000000, -1.000000000000000000, -0.000000000000000000 ) ) ;
#499 = PRODUCT_DEFINITION ( 'æœ', '', #1878, #901 ) ;
#500 = DIRECTION ( 'NONE',  ( 0.000000000000000000, 0.000000000000000000, 1.000000000000000000 ) ) ;
#501 = VERTEX_POINT ( 'NONE', #437 ) ;
#502 = ORIENTED_EDGE ( 'NONE', *, *, #1944, .T. ) ;
#503 = ADVANCED_FACE ( 'NONE', ( #1063 ), #287, .F. ) ;
#504 = DIRECTION ( 'NONE',  ( -1.000000000000000000, 0.000000000000000000, 2.312964634635742957E-16 ) ) ;
#505 = CARTESIAN_POINT ( 'NONE',  ( 98.06061598951507108, 2.000000000000001776, -38.25000000000002132 ) ) ;
#506 = EDGE_LOOP ( 'NONE', ( #1132, #1569, #1600, #1253 ) ) ;
#507 = AXIS2_PLACEMENT_3D ( 'NONE', #197, #525, #1149 ) ;
#508 = CARTESIAN_POINT ( 'NONE',  ( 96.31061598951507108, 0.000000000000000000, -4.999999999999971578 ) ) ;
#509 = VERTEX_POINT ( 'NONE', #1430 ) ;
#510 = AXIS2_PLACEMENT_3D ( 'NONE', #150, #2022, #623 ) ;
#511 = FACE_OUTER_BOUND ( 'NONE', #125, .T. ) ;
#512 = EDGE_CURVE ( 'NONE', #535, #461, #1293, .T. ) ;
#513 = ORIENTED_EDGE ( 'NONE', *, *, #1111, .T. ) ;
#514 = VECTOR ( 'NONE', #394, 1000.000000000000000 ) ;
#515 = DIRECTION ( 'NONE',  ( 0.000000000000000000, 0.000000000000000000, 1.000000000000000000 ) ) ;
#516 = DIRECTION ( 'NONE',  ( 0.000000000000000000, 0.000000000000000000, -1.000000000000000000 ) ) ;
#517 = ORIENTED_EDGE ( 'NONE', *, *, #1337, .F. ) ;
#518 = LINE ( 'NONE', #1161, #285 ) ;
#519 = ORIENTED_EDGE ( 'NONE', *, *, #1141, .T. ) ;
#520 = AXIS2_PLACEMENT_3D ( 'NONE', #1471, #991, #1609 ) ;
#521 = LINE ( 'NONE', #1155, #1139 ) ;
#522 = ORIENTED_EDGE ( 'NONE', *, *, #773, .F. ) ;
#523 = ORIENTED_EDGE ( 'NONE', *, *, #1534, .F. ) ;
#524 = CARTESIAN_POINT ( 'NONE',  ( 77.06061598951504266, 2.000000000000001776, -11.75000000000013323 ) ) ;
#525 = DIRECTION ( 'NONE',  ( 1.000000000000000000, -0.000000000000000000, 5.236901059552619591E-16 ) ) ;
#526 = EDGE_LOOP ( 'NONE', ( #1231, #389, #1422, #1912 ) ) ;
#527 = AXIS2_PLACEMENT_3D ( 'NONE', #1594, #1601, #825 ) ;
#528 = DIRECTION ( 'NONE',  ( 0.000000000000000000, -1.000000000000000000, 0.000000000000000000 ) ) ;
#529 = CARTESIAN_POINT ( 'NONE',  ( 18.56061598951508529, 0.000000000000000000, -11.74999999999999645 ) ) ;
#530 = AXIS2_PLACEMENT_3D ( 'NONE', #1177, #1640, #1631 ) ;
#531 = ORIENTED_EDGE ( 'NONE', *, *, #571, .F. ) ;
#532 = ORIENTED_EDGE ( 'NONE', *, *, #625, .F. ) ;
#533 = CARTESIAN_POINT ( 'NONE',  ( 75.31061598951508529, 2.000000000000001776, -40.00000000000018474 ) ) ;
#534 = EDGE_CURVE ( 'NONE', #1270, #984, #1556, .T. ) ;
#535 = VERTEX_POINT ( 'NONE', #328 ) ;
#536 = VECTOR ( 'NONE', #1205, 1000.000000000000000 ) ;
#537 = ORIENTED_EDGE ( 'NONE', *, *, #1255, .T. ) ;
#538 = CYLINDRICAL_SURFACE ( 'NONE', #218, 1.749999999999994671 ) ;
#539 = DIRECTION ( 'NONE',  ( 0.000000000000000000, 0.000000000000000000, -1.000000000000000000 ) ) ;
#540 = DIRECTION ( 'NONE',  ( 0.000000000000000000, 0.000000000000000000, -1.000000000000000000 ) ) ;
#541 = CIRCLE ( 'NONE', #2012, 1.749999999999987566 ) ;
#542 = EDGE_LOOP ( 'NONE', ( #1611, #1732 ) ) ;
#543 = ORIENTED_EDGE ( 'NONE', *, *, #228, .F. ) ;
#544 = PLANE ( 'NONE',  #406 ) ;
#545 = CIRCLE ( 'NONE', #1749, 1.749999999999987566 ) ;
#546 = ORIENTED_EDGE ( 'NONE', *, *, #317, .T. ) ;
#547 = CARTESIAN_POINT ( 'NONE',  ( 77.06061598951504266, 30.00000000000000000, -11.75000000000013323 ) ) ;
#548 = CARTESIAN_POINT ( 'NONE',  ( 22.06061598951507463, 2.000000000000001776, -11.75000000000000000 ) ) ;
#549 = DIRECTION ( 'NONE',  ( -0.000000000000000000, -1.000000000000000000, -0.000000000000000000 ) ) ;
#550 = DIRECTION ( 'NONE',  ( -0.000000000000000000, -1.000000000000000000, -0.000000000000000000 ) ) ;
#551 = LINE ( 'NONE', #256, #988 ) ;
#552 = ORIENTED_EDGE ( 'NONE', *, *, #786, .T. ) ;
#553 = CARTESIAN_POINT ( 'NONE',  ( 22.06061598951507463, 2.000000000000000000, 0.000000000000000000 ) ) ;
#554 = CARTESIAN_POINT ( 'NONE',  ( 0.000000000000000000, 0.000000000000000000, 0.000000000000000000 ) ) ;
#555 = EDGE_CURVE ( 'NONE', #1260, #1008, #1710, .T. ) ;
#556 = EDGE_CURVE ( 'NONE', #1672, #359, #1272, .T. ) ;
#557 = DIRECTION ( 'NONE',  ( -0.000000000000000000, -1.000000000000000000, -0.000000000000000000 ) ) ;
#558 = CARTESIAN_POINT ( 'NONE',  ( 20.31061598951507818, 30.00000000000000000, -40.00000000000000000 ) ) ;
#559 = DIRECTION ( 'NONE',  ( 0.000000000000000000, 0.000000000000000000, -1.000000000000000000 ) ) ;
#560 = CARTESIAN_POINT ( 'NONE',  ( 6.310615989515079072, 2.000000000000001776, -40.00000000000000000 ) ) ;
#561 = CARTESIAN_POINT ( 'NONE',  ( 0.000000000000000000, 2.000000000000000000, 0.000000000000000000 ) ) ;
#562 = EDGE_LOOP ( 'NONE', ( #808, #686, #2020, #1759, #957 ) ) ;
#563 = EDGE_CURVE ( 'NONE', #453, #1775, #807, .T. ) ;
#564 = DIRECTION ( 'NONE',  ( 0.000000000000000000, 0.000000000000000000, 1.000000000000000000 ) ) ;
#565 = FILL_AREA_STYLE_COLOUR ( '', #265 ) ;
#566 = DIRECTION ( 'NONE',  ( 0.000000000000000000, 0.000000000000000000, 1.000000000000000000 ) ) ;
#567 = CARTESIAN_POINT ( 'NONE',  ( 91.06061598951504266, 0.000000000000000000, -11.75000000000003553 ) ) ;
#568 = CARTESIAN_POINT ( 'NONE',  ( 6.310615989515079072, 0.000000000000000000, -43.25000000000000711 ) ) ;
#569 = VECTOR ( 'NONE', #1477, 1000.000000000000000 ) ;
#570 = CARTESIAN_POINT ( 'NONE',  ( 4.560615989515088842, 30.00000000000000000, -11.74999999999999645 ) ) ;
#571 = EDGE_CURVE ( 'NONE', #943, #942, #1439, .T. ) ;
#572 = CARTESIAN_POINT ( 'NONE',  ( 87.56061598951507108, 2.000000000000000000, -38.25000000000007105 ) ) ;
#573 = ORIENTED_EDGE ( 'NONE', *, *, #636, .F. ) ;
#574 = ORIENTED_EDGE ( 'NONE', *, *, #833, .T. ) ;
#575 = DIRECTION ( 'NONE',  ( 0.000000000000000000, 0.000000000000000000, 1.000000000000000000 ) ) ;
#576 = DIRECTION ( 'NONE',  ( 0.000000000000000000, -0.000000000000000000, -1.000000000000000000 ) ) ;
#577 = AXIS2_PLACEMENT_3D ( 'NONE', #796, #1731, #974 ) ;
#578 = LINE ( 'NONE', #1201, #1284 ) ;
#579 = DIRECTION ( 'NONE',  ( 0.000000000000000000, 0.000000000000000000, -1.000000000000000000 ) ) ;
#580 = DIRECTION ( 'NONE',  ( -0.000000000000000000, -1.000000000000000000, -0.000000000000000000 ) ) ;
#581 = CARTESIAN_POINT ( 'NONE',  ( 8.060615989515078184, 0.000000000000000000, -38.25000000000000711 ) ) ;
#582 = ORIENTED_EDGE ( 'NONE', *, *, #811, .T. ) ;
#583 = CIRCLE ( 'NONE', #1755, 1.749999999999994671 ) ;
#584 = EDGE_LOOP ( 'NONE', ( #1770, #1585, #301, #881 ) ) ;
#585 = CARTESIAN_POINT ( 'NONE',  ( 75.31061598951508529, 30.00000000000000000, -40.00000000000018474 ) ) ;
#586 = ORIENTED_EDGE ( 'NONE', *, *, #1468, .F. ) ;
#587 = DIRECTION ( 'NONE',  ( 0.000000000000000000, 0.000000000000000000, -1.000000000000000000 ) ) ;
#588 = EDGE_CURVE ( 'NONE', #1682, #1474, #950, .T. ) ;
#589 = CYLINDRICAL_SURFACE ( 'NONE', #233, 1.749999999999994671 ) ;
#590 = AXIS2_PLACEMENT_3D ( 'NONE', #1666, #896, #1523 ) ;
#591 = CARTESIAN_POINT ( 'NONE',  ( 77.06061598951504266, 30.00000000000000000, -11.75000000000013323 ) ) ;
#592 = AXIS2_PLACEMENT_3D ( 'NONE', #1817, #1799, #87 ) ;
#593 = ORIENTED_EDGE ( 'NONE', *, *, #451, .T. ) ;
#594 = ADVANCED_FACE ( 'NONE', ( #511 ), #1401, .F. ) ;
#595 = ORIENTED_EDGE ( 'NONE', *, *, #382, .T. ) ;
#596 = UNCERTAINTY_MEASURE_WITH_UNIT (LENGTH_MEASURE( 1.000000000000000082E-05 ), #209, 'distance_accuracy_value', 'NONE');
#597 = DIRECTION ( 'NONE',  ( 0.000000000000000000, 0.000000000000000000, 1.000000000000000000 ) ) ;
#598 = EDGE_LOOP ( 'NONE', ( #1319, #1064, #1157, #1964 ) ) ;
#599 = DIRECTION ( 'NONE',  ( -0.000000000000000000, -1.000000000000000000, -0.000000000000000000 ) ) ;
#600 = EDGE_CURVE ( 'NONE', #52, #501, #120, .T. ) ;
#601 = CARTESIAN_POINT ( 'NONE',  ( 87.56061598951507108, 0.000000000000000000, -38.25000000000007105 ) ) ;
#602 = AXIS2_PLACEMENT_3D ( 'NONE', #2001, #747, #1195 ) ;
#603 = DIRECTION ( 'NONE',  ( 0.000000000000000000, -1.000000000000000000, 0.000000000000000000 ) ) ;
#604 = ORIENTED_EDGE ( 'NONE', *, *, #636, .T. ) ;
#605 = CIRCLE ( 'NONE', #932, 1.749999999999987566 ) ;
#606 = ORIENTED_EDGE ( 'NONE', *, *, #1915, .T. ) ;
#607 = AXIS2_PLACEMENT_3D ( 'NONE', #1850, #1081, #1698 ) ;
#608 = DIRECTION ( 'NONE',  ( 0.000000000000000000, 0.000000000000000000, -1.000000000000000000 ) ) ;
#609 = VERTEX_POINT ( 'NONE', #1575 ) ;
#610 = AXIS2_PLACEMENT_3D ( 'NONE', #1045, #393, #1825 ) ;
#611 = FACE_BOUND ( 'NONE', #1686, .T. ) ;
#612 = CARTESIAN_POINT ( 'NONE',  ( 96.31061598951508529, 2.000000000000001776, -43.25000000000003553 ) ) ;
#613 = CARTESIAN_POINT ( 'NONE',  ( 98.06061598951504266, 0.000000000000000000, -11.74999999999998579 ) ) ;
#614 = VECTOR ( 'NONE', #1509, 1000.000000000000000 ) ;
#615 = VECTOR ( 'NONE', #1257, 1000.000000000000000 ) ;
#616 = LINE ( 'NONE', #276, #177 ) ;
#617 = VERTEX_POINT ( 'NONE', #171 ) ;
#618 = EDGE_CURVE ( 'NONE', #1526, #1055, #155, .T. ) ;
#619 = ORIENTED_EDGE ( 'NONE', *, *, #1639, .T. ) ;
#620 = CARTESIAN_POINT ( 'NONE',  ( 51.31061598951508529, 52.00000000000000711, -14.74999999999998757 ) ) ;
#621 = ORIENTED_EDGE ( 'NONE', *, *, #1954, .T. ) ;
#622 = FACE_BOUND ( 'NONE', #174, .T. ) ;
#623 = DIRECTION ( 'NONE',  ( 1.000000000000000000, 0.000000000000000000, 2.023844055306275272E-16 ) ) ;
#624 = DIRECTION ( 'NONE',  ( 0.000000000000000000, -1.000000000000000000, 0.000000000000000000 ) ) ;
#625 = EDGE_CURVE ( 'NONE', #1723, #1167, #183, .T. ) ;
#626 = DIRECTION ( 'NONE',  ( -0.000000000000000000, 1.000000000000000000, -0.000000000000000000 ) ) ;
#627 = EDGE_LOOP ( 'NONE', ( #490, #1692, #1044, #1684 ) ) ;
#628 = CIRCLE ( 'NONE', #334, 1.749999999999994671 ) ;
#629 = ORIENTED_EDGE ( 'NONE', *, *, #1910, .T. ) ;
#630 = DIRECTION ( 'NONE',  ( 0.000000000000000000, 0.000000000000000000, -1.000000000000000000 ) ) ;
#631 = VECTOR ( 'NONE', #1011, 1000.000000000000000 ) ;
#632 = DIRECTION ( 'NONE',  ( 0.000000000000000000, 0.000000000000000000, -1.000000000000000000 ) ) ;
#633 = DIRECTION ( 'NONE',  ( -5.236901059552619591E-16, 0.000000000000000000, 1.000000000000000000 ) ) ;
#634 = CARTESIAN_POINT ( 'NONE',  ( 89.31061598951505687, 0.000000000000000000, -11.75000000000000711 ) ) ;
#635 = EDGE_LOOP ( 'NONE', ( #1518, #1124, #1776, #1472 ) ) ;
#636 = EDGE_CURVE ( 'NONE', #861, #1479, #675, .T. ) ;
#637 = EDGE_LOOP ( 'NONE', ( #483, #689, #676, #696 ) ) ;
#638 = ORIENTED_EDGE ( 'NONE', *, *, #132, .F. ) ;
#639 = DIRECTION ( 'NONE',  ( 0.000000000000000000, 0.000000000000000000, -1.000000000000000000 ) ) ;
#640 = AXIS2_PLACEMENT_3D ( 'NONE', #1550, #324, #925 ) ;
#641 = PLANE ( 'NONE',  #1645 ) ;
#642 = LINE ( 'NONE', #199, #1004 ) ;
#643 = AXIS2_PLACEMENT_3D ( 'NONE', #1642, #711, #95 ) ;
#644 = CARTESIAN_POINT ( 'NONE',  ( 51.31061598951508529, 52.00000000000000711, -9.999999999999989342 ) ) ;
#645 = ORIENTED_EDGE ( 'NONE', *, *, #1133, .F. ) ;
#646 = VECTOR ( 'NONE', #865, 1000.000000000000000 ) ;
#647 = EDGE_LOOP ( 'NONE', ( #759, #835, #176, #18, #279 ) ) ;
#648 = VERTEX_POINT ( 'NONE', #644 ) ;
#649 = EDGE_CURVE ( 'NONE', #1693, #359, #1714, .T. ) ;
#650 = DIRECTION ( 'NONE',  ( 0.000000000000000000, 0.000000000000000000, -1.000000000000000000 ) ) ;
#651 = EDGE_LOOP ( 'NONE', ( #1252, #1348, #683, #1753 ) ) ;
#652 = DIRECTION ( 'NONE',  ( -1.000000000000000000, -0.000000000000000000, -0.000000000000000000 ) ) ;
#653 = DIRECTION ( 'NONE',  ( -0.000000000000000000, -1.000000000000000000, -0.000000000000000000 ) ) ;
#654 = ORIENTED_EDGE ( 'NONE', *, *, #284, .F. ) ;
#655 = ADVANCED_FACE ( 'NONE', ( #1249 ), #337, .F. ) ;
#656 = EDGE_CURVE ( 'NONE', #1167, #1144, #321, .T. ) ;
#657 = EDGE_CURVE ( 'NONE', #1304, #501, #1121, .T. ) ;
#658 = VERTEX_POINT ( 'NONE', #34 ) ;
#659 = CYLINDRICAL_SURFACE ( 'NONE', #793, 1.749999999999994671 ) ;
#660 = DIRECTION ( 'NONE',  ( 0.000000000000000000, -0.000000000000000000, 1.000000000000000000 ) ) ;
#661 = VECTOR ( 'NONE', #587, 1000.000000000000000 ) ;
#662 = VERTEX_POINT ( 'NONE', #1283 ) ;
#663 = EDGE_CURVE ( 'NONE', #1165, #1832, #470, .T. ) ;
#664 = CARTESIAN_POINT ( 'NONE',  ( 94.56061598951507108, 2.000000000000000000, 4.952045900674398393E-14 ) ) ;
#665 = DIRECTION ( 'NONE',  ( 0.000000000000000000, 0.000000000000000000, -1.000000000000000000 ) ) ;
#666 = ORIENTED_EDGE ( 'NONE', *, *, #1169, .T. ) ;
#667 = FACE_OUTER_BOUND ( 'NONE', #40, .T. ) ;
#668 = DIRECTION ( 'NONE',  ( 1.000000000000000000, 0.000000000000000000, 3.083952846180990774E-16 ) ) ;
#669 = VECTOR ( 'NONE', #468, 1000.000000000000000 ) ;
#670 = ORIENTED_EDGE ( 'NONE', *, *, #1554, .F. ) ;
#671 =( NAMED_UNIT ( * ) PLANE_ANGLE_UNIT ( ) SI_UNIT ( $, .RADIAN. ) );
#672 = ORIENTED_EDGE ( 'NONE', *, *, #663, .T. ) ;
#673 = CARTESIAN_POINT ( 'NONE',  ( 91.06061598951507108, 2.000000000000001776, -38.25000000000007105 ) ) ;
#674 = ORIENTED_EDGE ( 'NONE', *, *, #886, .F. ) ;
#675 = CIRCLE ( 'NONE', #1811, 15.00000000000000000 ) ;
#676 = ORIENTED_EDGE ( 'NONE', *, *, #656, .T. ) ;
#677 = CARTESIAN_POINT ( 'NONE',  ( 96.31061598951508529, 30.00000000000000000, -40.00000000000003553 ) ) ;
#678 = ADVANCED_FACE ( 'NONE', ( #318 ), #941, .F. ) ;
#679 = CARTESIAN_POINT ( 'NONE',  ( 51.31061598951508529, 2.000000000000001776, -9.999999999999989342 ) ) ;
#680 = DIRECTION ( 'NONE',  ( -0.000000000000000000, -1.000000000000000000, -0.000000000000000000 ) ) ;
#681 = CARTESIAN_POINT ( 'NONE',  ( 51.31061598951508529, 52.00000000000000711, -24.99999999999998579 ) ) ;
#682 = AXIS2_PLACEMENT_3D ( 'NONE', #704, #1494, #836 ) ;
#683 = ORIENTED_EDGE ( 'NONE', *, *, #1169, .F. ) ;
#684 = CARTESIAN_POINT ( 'NONE',  ( 82.31061598951507108, 2.000000000000001776, -11.75000000000005507 ) ) ;
#685 = ORIENTED_EDGE ( 'NONE', *, *, #160, .T. ) ;
#686 = ORIENTED_EDGE ( 'NONE', *, *, #721, .T. ) ;
#687 = DIRECTION ( 'NONE',  ( 1.000000000000000000, -0.000000000000000000, 0.000000000000000000 ) ) ;
#688 = LINE ( 'NONE', #1599, #1061 ) ;
#689 = ORIENTED_EDGE ( 'NONE', *, *, #625, .T. ) ;
#690 = VERTEX_POINT ( 'NONE', #1002 ) ;
#691 = AXIS2_PLACEMENT_3D ( 'NONE', #1999, #599, #24 ) ;
#692 = CARTESIAN_POINT ( 'NONE',  ( 89.31061598951507108, 0.000000000000000000, -40.00000000000008527 ) ) ;
#693 = FACE_OUTER_BOUND ( 'NONE', #933, .T. ) ;
#694 = LINE ( 'NONE', #529, #1402 ) ;
#695 = ORIENTED_EDGE ( 'NONE', *, *, #420, .F. ) ;
#696 = ORIENTED_EDGE ( 'NONE', *, *, #1071, .F. ) ;
#697 = EDGE_CURVE ( 'NONE', #267, #323, #1328, .T. ) ;
#698 = CARTESIAN_POINT ( 'NONE',  ( 96.31061598951508529, 0.000000000000000000, -38.25000000000004974 ) ) ;
#699 = ORIENTED_EDGE ( 'NONE', *, *, #257, .T. ) ;
#700 = AXIS2_PLACEMENT_3D ( 'NONE', #417, #1668, #1347 ) ;
#701 = DIRECTION ( 'NONE',  ( 1.000000000000000000, 0.000000000000000000, -3.854941057726238590E-16 ) ) ;
#702 = LINE ( 'NONE', #1469, #351 ) ;
#703 = CARTESIAN_POINT ( 'NONE',  ( 87.56061598951505687, 0.000000000000000000, -11.75000000000003908 ) ) ;
#704 = CARTESIAN_POINT ( 'NONE',  ( 51.31061598951508529, 52.00000000000000711, -24.99999999999998579 ) ) ;
#705 = AXIS2_PLACEMENT_3D ( 'NONE', #1426, #1397, #11 ) ;
#706 = AXIS2_PLACEMENT_3D ( 'NONE', #2007, #774, #597 ) ;
#707 = ADVANCED_FACE ( 'NONE', ( #1459 ), #1336, .F. ) ;
#708 = CARTESIAN_POINT ( 'NONE',  ( 27.31061598951507818, 2.000000000000001776, -11.75000000000000000 ) ) ;
#709 = AXIS2_PLACEMENT_3D ( 'NONE', #1965, #1171, #564 ) ;
#710 = EDGE_CURVE ( 'NONE', #418, #1775, #1294, .T. ) ;
#711 = DIRECTION ( 'NONE',  ( -0.000000000000000000, 1.000000000000000000, -0.000000000000000000 ) ) ;
#712 = DIRECTION ( 'NONE',  ( -0.000000000000000000, -1.000000000000000000, -0.000000000000000000 ) ) ;
#713 = CARTESIAN_POINT ( 'NONE',  ( 96.31061598951507108, 30.00000000000000000, -3.249999999999982236 ) ) ;
#714 = LINE ( 'NONE', #1792, #180 ) ;
#715 = DIRECTION ( 'NONE',  ( -5.236901059552619591E-16, 0.000000000000000000, 1.000000000000000000 ) ) ;
#716 = ADVANCED_FACE ( 'NONE', ( #1637 ), #1184, .F. ) ;
#717 = CARTESIAN_POINT ( 'NONE',  ( 20.31061598951507818, 30.00000000000000000, -11.75000000000000000 ) ) ;
#718 = ORIENTED_EDGE ( 'NONE', *, *, #1886, .F. ) ;
#719 = LINE ( 'NONE', #1487, #1427 ) ;
#720 = FACE_OUTER_BOUND ( 'NONE', #1156, .T. ) ;
#721 = EDGE_CURVE ( 'NONE', #1474, #338, #1918, .T. ) ;
#722 = DIRECTION ( 'NONE',  ( 5.236901059552619591E-16, 0.000000000000000000, -1.000000000000000000 ) ) ;
#723 = CARTESIAN_POINT ( 'NONE',  ( 22.06061598951507463, 0.000000000000000000, -11.75000000000000000 ) ) ;
#724 = CARTESIAN_POINT ( 'NONE',  ( 77.06061598951504266, 2.000000000000000000, 4.035588215252688806E-14 ) ) ;
#725 = DIRECTION ( 'NONE',  ( 0.000000000000000000, 0.000000000000000000, -1.000000000000000000 ) ) ;
#726 = ORIENTED_EDGE ( 'NONE', *, *, #1791, .T. ) ;
#727 = CIRCLE ( 'NONE', #824, 1.749999999999994671 ) ;
#728 = DIRECTION ( 'NONE',  ( -0.000000000000000000, -1.000000000000000000, -0.000000000000000000 ) ) ;
#729 = VERTEX_POINT ( 'NONE', #982 ) ;
#730 = LINE ( 'NONE', #553, #1329 ) ;
#731 = DIRECTION ( 'NONE',  ( -0.000000000000000000, -1.000000000000000000, -0.000000000000000000 ) ) ;
#732 = CARTESIAN_POINT ( 'NONE',  ( 87.56061598951505687, 2.000000000000000000, 4.585462826505714559E-14 ) ) ;
#733 = DIRECTION ( 'NONE',  ( -0.000000000000000000, -1.000000000000000000, -0.000000000000000000 ) ) ;
#734 = DIRECTION ( 'NONE',  ( -0.000000000000000000, -1.000000000000000000, -0.000000000000000000 ) ) ;
#735 = AXIS2_PLACEMENT_3D ( 'NONE', #2021, #292, #1262 ) ;
#736 = CARTESIAN_POINT ( 'NONE',  ( 94.56061598951508529, 2.000000000000000000, -38.25000000000002132 ) ) ;
#737 = VERTEX_POINT ( 'NONE', #1020 ) ;
#738 = EDGE_LOOP ( 'NONE', ( #1009, #1088, #1396, #94 ) ) ;
#739 = LINE ( 'NONE', #1519, #903 ) ;
#740 = FACE_BOUND ( 'NONE', #1234, .T. ) ;
#741 = AXIS2_PLACEMENT_3D ( 'NONE', #681, #1790, #1492 ) ;
#742 = EDGE_CURVE ( 'NONE', #1207, #1307, #212, .T. ) ;
#743 = SHAPE_DEFINITION_REPRESENTATION ( #390, #1979 ) ;
#744 = CARTESIAN_POINT ( 'NONE',  ( 96.31061598951508529, 30.00000000000000000, -43.25000000000003553 ) ) ;
#745 = ADVANCED_FACE ( 'NONE', ( #242 ), #1482, .F. ) ;
#746 = LINE ( 'NONE', #1680, #1895 ) ;
#747 = DIRECTION ( 'NONE',  ( -0.000000000000000000, -1.000000000000000000, -0.000000000000000000 ) ) ;
#748 = ORIENTED_EDGE ( 'NONE', *, *, #257, .F. ) ;
#749 = EDGE_CURVE ( 'NONE', #165, #1834, #1567, .T. ) ;
#750 = ORIENTED_EDGE ( 'NONE', *, *, #1534, .T. ) ;
#751 = LINE ( 'NONE', #1538, #1907 ) ;
#752 = ORIENTED_EDGE ( 'NONE', *, *, #1511, .F. ) ;
#753 = CARTESIAN_POINT ( 'NONE',  ( 84.06061598951504266, 30.00000000000000000, -11.75000000000008349 ) ) ;
#754 = DIRECTION ( 'NONE',  ( 1.000000000000000000, -0.000000000000000000, 5.236901059552619591E-16 ) ) ;
#755 = CIRCLE ( 'NONE', #1894, 1.749999999999987566 ) ;
#756 = DIRECTION ( 'NONE',  ( -1.000000000000000000, -0.000000000000000000, -2.023844055306275272E-16 ) ) ;
#757 =( GEOMETRIC_REPRESENTATION_CONTEXT ( 3 ) GLOBAL_UNCERTAINTY_ASSIGNED_CONTEXT ( ( #2006 ) ) GLOBAL_UNIT_ASSIGNED_CONTEXT ( ( #1663, #1989, #1827 ) ) REPRESENTATION_CONTEXT ( 'NONE', 'WORKASPACE' ) );
#758 = ORIENTED_EDGE ( 'NONE', *, *, #1404, .T. ) ;
#759 = ORIENTED_EDGE ( 'NONE', *, *, #1499, .T. ) ;
#760 = DIRECTION ( 'NONE',  ( -0.000000000000000000, -1.000000000000000000, -0.000000000000000000 ) ) ;
#761 = VERTEX_POINT ( 'NONE', #367 ) ;
#762 = FACE_OUTER_BOUND ( 'NONE', #822, .T. ) ;
#763 = DIRECTION ( 'NONE',  ( -0.000000000000000000, -1.000000000000000000, -0.000000000000000000 ) ) ;
#764 = DIRECTION ( 'NONE',  ( 0.000000000000000000, 0.000000000000000000, 1.000000000000000000 ) ) ;
#765 = EDGE_CURVE ( 'NONE', #491, #2, #2024, .T. ) ;
#766 = VECTOR ( 'NONE', #205, 1000.000000000000000 ) ;
#767 = CARTESIAN_POINT ( 'NONE',  ( 1.310615989515077962, 2.000000000000000000, -50.00000000000000000 ) ) ;
#768 = ORIENTED_EDGE ( 'NONE', *, *, #765, .T. ) ;
#769 = CIRCLE ( 'NONE', #1644, 1.749999999999994671 ) ;
#770 = ADVANCED_FACE ( 'NONE', ( #1143 ), #1629, .F. ) ;
#771 = ORIENTED_EDGE ( 'NONE', *, *, #108, .F. ) ;
#772 = CIRCLE ( 'NONE', #244, 1.749999999999987566 ) ;
#773 = EDGE_CURVE ( 'NONE', #383, #1145, #583, .T. ) ;
#774 = DIRECTION ( 'NONE',  ( 0.000000000000000000, -1.000000000000000000, 0.000000000000000000 ) ) ;
#775 = ORIENTED_EDGE ( 'NONE', *, *, #886, .T. ) ;
#776 = DIRECTION ( 'NONE',  ( -5.236901059552619591E-16, -0.000000000000000000, 1.000000000000000000 ) ) ;
#777 = CYLINDRICAL_SURFACE ( 'NONE', #1062, 1.749999999999987566 ) ;
#778 = FACE_OUTER_BOUND ( 'NONE', #506, .T. ) ;
#779 = CARTESIAN_POINT ( 'NONE',  ( 6.577493179745397839E-16, 2.000000000000000000, -3.250000000000001776 ) ) ;
#780 = ORIENTED_EDGE ( 'NONE', *, *, #194, .F. ) ;
#781 = VERTEX_POINT ( 'NONE', #673 ) ;
#782 = ORIENTED_EDGE ( 'NONE', *, *, #1222, .F. ) ;
#783 = CARTESIAN_POINT ( 'NONE',  ( 6.310615989515079072, 30.00000000000000000, -46.75000000000000711 ) ) ;
#784 = DIRECTION ( 'NONE',  ( 1.000000000000000000, 0.000000000000000000, 0.000000000000000000 ) ) ;
#785 = LINE ( 'NONE', #316, #1048 ) ;
#786 = EDGE_CURVE ( 'NONE', #1055, #461, #521, .T. ) ;
#787 = DIRECTION ( 'NONE',  ( 0.000000000000000000, -1.000000000000000000, 0.000000000000000000 ) ) ;
#788 = ORIENTED_EDGE ( 'NONE', *, *, #293, .T. ) ;
#789 = AXIS2_PLACEMENT_3D ( 'NONE', #554, #864, #576 ) ;
#790 = VERTEX_POINT ( 'NONE', #1774 ) ;
#791 = ORIENTED_EDGE ( 'NONE', *, *, #16, .T. ) ;
#792 = CARTESIAN_POINT ( 'NONE',  ( 6.310615989515079072, 30.00000000000000000, -6.750000000000000000 ) ) ;
#793 = AXIS2_PLACEMENT_3D ( 'NONE', #1276, #1899, #871 ) ;
#794 = DIRECTION ( 'NONE',  ( 0.000000000000000000, 0.000000000000000000, -1.000000000000000000 ) ) ;
#795 = CARTESIAN_POINT ( 'NONE',  ( 29.06061598951507818, 0.000000000000000000, -38.25000000000000711 ) ) ;
#796 = CARTESIAN_POINT ( 'NONE',  ( 6.310615989515079072, 2.000000000000001776, -38.25000000000000711 ) ) ;
#797 = ORIENTED_EDGE ( 'NONE', *, *, #1017, .T. ) ;
#798 = ORIENTED_EDGE ( 'NONE', *, *, #1073, .F. ) ;
#799 = VERTEX_POINT ( 'NONE', #388 ) ;
#800 = DIRECTION ( 'NONE',  ( -1.000000000000000000, 0.000000000000000000, -3.083952846180990774E-16 ) ) ;
#801 = AXIS2_PLACEMENT_3D ( 'NONE', #1606, #1803, #1311 ) ;
#802 = DIRECTION ( 'NONE',  ( -1.000000000000000000, 0.000000000000000000, 0.000000000000000000 ) ) ;
#803 = ADVANCED_FACE ( 'NONE', ( #1925 ), #1763, .F. ) ;
#804 = DIRECTION ( 'NONE',  ( 0.000000000000000000, 0.000000000000000000, -1.000000000000000000 ) ) ;
#805 = AXIS2_PLACEMENT_3D ( 'NONE', #1654, #1685, #923 ) ;
#806 = EDGE_CURVE ( 'NONE', #1273, #1280, #694, .T. ) ;
#807 = LINE ( 'NONE', #1595, #1100 ) ;
#808 = ORIENTED_EDGE ( 'NONE', *, *, #588, .T. ) ;
#809 = VECTOR ( 'NONE', #1182, 1000.000000000000000 ) ;
#810 = ORIENTED_EDGE ( 'NONE', *, *, #1888, .T. ) ;
#811 = EDGE_CURVE ( 'NONE', #1750, #1578, #917, .T. ) ;
#812 = ADVANCED_FACE ( 'NONE', ( #110 ), #1202, .T. ) ;
#813 = FACE_OUTER_BOUND ( 'NONE', #195, .T. ) ;
#814 = CARTESIAN_POINT ( 'NONE',  ( 73.56061598951505687, 30.00000000000000000, -11.75000000000013678 ) ) ;
#815 = VERTEX_POINT ( 'NONE', #568 ) ;
#816 = CARTESIAN_POINT ( 'NONE',  ( 13.31061598951507818, 30.00000000000000000, -40.00000000000000000 ) ) ;
#817 = DIRECTION ( 'NONE',  ( 0.000000000000000000, 0.000000000000000000, -1.000000000000000000 ) ) ;
#818 = ORIENTED_EDGE ( 'NONE', *, *, #936, .F. ) ;
#819 = LINE ( 'NONE', #1605, #766 ) ;
#820 = DIRECTION ( 'NONE',  ( -5.236901059552619591E-16, 0.000000000000000000, 1.000000000000000000 ) ) ;
#821 = AXIS2_PLACEMENT_3D ( 'NONE', #1194, #580, #436 ) ;
#822 = EDGE_LOOP ( 'NONE', ( #1198, #1613, #987, #920 ) ) ;
#823 = ADVANCED_FACE ( 'NONE', ( #415 ), #1192, .F. ) ;
#824 = AXIS2_PLACEMENT_3D ( 'NONE', #1298, #1148, #1920 ) ;
#825 = DIRECTION ( 'NONE',  ( 0.000000000000000000, 0.000000000000000000, -1.000000000000000000 ) ) ;
#826 = ORIENTED_EDGE ( 'NONE', *, *, #1038, .T. ) ;
#827 = DIRECTION ( 'NONE',  ( 0.000000000000000000, 0.000000000000000000, -1.000000000000000000 ) ) ;
#828 = ADVANCED_FACE ( 'NONE', ( #273 ), #424, .F. ) ;
#829 = ORIENTED_EDGE ( 'NONE', *, *, #1511, .T. ) ;
#830 = LINE ( 'NONE', #1013, #569 ) ;
#831 = DIRECTION ( 'NONE',  ( -5.236901059552619591E-16, 0.000000000000000000, 1.000000000000000000 ) ) ;
#832 = VECTOR ( 'NONE', #1374, 1000.000000000000000 ) ;
#833 = EDGE_CURVE ( 'NONE', #781, #454, #98, .T. ) ;
#834 = CARTESIAN_POINT ( 'NONE',  ( 89.31061598951507108, 2.000000000000001776, -40.00000000000008527 ) ) ;
#835 = ORIENTED_EDGE ( 'NONE', *, *, #749, .T. ) ;
#836 = DIRECTION ( 'NONE',  ( 0.000000000000000000, 0.000000000000000000, -1.000000000000000000 ) ) ;
#837 = VERTEX_POINT ( 'NONE', #723 ) ;
#838 = AXIS2_PLACEMENT_3D ( 'NONE', #479, #2026, #7 ) ;
#839 = VERTEX_POINT ( 'NONE', #1039 ) ;
#840 = CARTESIAN_POINT ( 'NONE',  ( 96.31061598951507108, 0.000000000000000000, -3.249999999999982236 ) ) ;
#841 = LINE ( 'NONE', #724, #1586 ) ;
#842 = ORIENTED_EDGE ( 'NONE', *, *, #1976, .F. ) ;
#843 = ORIENTED_EDGE ( 'NONE', *, *, #13, .T. ) ;
#844 = CARTESIAN_POINT ( 'NONE',  ( 20.31061598951507818, 2.000000000000001776, -40.00000000000000000 ) ) ;
#845 = DIRECTION ( 'NONE',  ( -0.000000000000000000, -1.000000000000000000, -0.000000000000000000 ) ) ;
#846 = CARTESIAN_POINT ( 'NONE',  ( 20.31061598951507818, 30.00000000000000000, -38.25000000000000711 ) ) ;
#847 = EDGE_CURVE ( 'NONE', #101, #114, #1049, .T. ) ;
#848 = ORIENTED_EDGE ( 'NONE', *, *, #811, .F. ) ;
#849 = ORIENTED_EDGE ( 'NONE', *, *, #1506, .F. ) ;
#850 = DIRECTION ( 'NONE',  ( -0.000000000000000000, -1.000000000000000000, -0.000000000000000000 ) ) ;
#851 = ORIENTED_EDGE ( 'NONE', *, *, #293, .F. ) ;
#852 = ORIENTED_EDGE ( 'NONE', *, *, #1131, .T. ) ;
#853 = AXIS2_PLACEMENT_3D ( 'NONE', #1317, #1012, #579 ) ;
#854 = VECTOR ( 'NONE', #1657, 1000.000000000000000 ) ;
#855 = DIRECTION ( 'NONE',  ( -0.000000000000000000, -0.000000000000000000, 1.000000000000000000 ) ) ;
#856 = CARTESIAN_POINT ( 'NONE',  ( 73.56061598951505687, 30.00000000000000000, -11.75000000000013678 ) ) ;
#857 = DIRECTION ( 'NONE',  ( -0.000000000000000000, -1.000000000000000000, -0.000000000000000000 ) ) ;
#858 = EDGE_CURVE ( 'NONE', #509, #1975, #397, .T. ) ;
#859 = ADVANCED_FACE ( 'NONE', ( #118 ), #1802, .F. ) ;
#860 = DIRECTION ( 'NONE',  ( 0.000000000000000000, 0.000000000000000000, -1.000000000000000000 ) ) ;
#861 = VERTEX_POINT ( 'NONE', #1504 ) ;
#862 = AXIS2_PLACEMENT_3D ( 'NONE', #467, #1090, #1706 ) ;
#863 = CARTESIAN_POINT ( 'NONE',  ( 25.56061598951508884, 0.000000000000000000, -11.74999999999999645 ) ) ;
#864 = DIRECTION ( 'NONE',  ( 0.000000000000000000, -1.000000000000000000, 0.000000000000000000 ) ) ;
#865 = DIRECTION ( 'NONE',  ( 0.000000000000000000, 0.000000000000000000, -1.000000000000000000 ) ) ;
#866 = DIRECTION ( 'NONE',  ( -0.000000000000000000, -1.000000000000000000, -0.000000000000000000 ) ) ;
#867 = EDGE_CURVE ( 'NONE', #429, #431, #1115, .T. ) ;
#868 = DIRECTION ( 'NONE',  ( 0.000000000000000000, 0.000000000000000000, -1.000000000000000000 ) ) ;
#869 = CIRCLE ( 'NONE', #1677, 10.25000000000000000 ) ;
#870 = VECTOR ( 'NONE', #1689, 1000.000000000000000 ) ;
#871 = DIRECTION ( 'NONE',  ( 0.000000000000000000, 0.000000000000000000, -1.000000000000000000 ) ) ;
#872 = ORIENTED_EDGE ( 'NONE', *, *, #1286, .F. ) ;
#873 = EDGE_CURVE ( 'NONE', #839, #509, #1212, .T. ) ;
#874 = LINE ( 'NONE', #1633, #614 ) ;
#875 = PRESENTATION_STYLE_ASSIGNMENT (( #116 ) ) ;
#876 = CARTESIAN_POINT ( 'NONE',  ( 27.31061598951507818, 0.000000000000000000, -38.25000000000000711 ) ) ;
#877 = DIRECTION ( 'NONE',  ( -0.000000000000000000, -1.000000000000000000, -0.000000000000000000 ) ) ;
#878 = AXIS2_PLACEMENT_3D ( 'NONE', #77, #1603, #1305 ) ;
#879 = CARTESIAN_POINT ( 'NONE',  ( 6.310615989515079072, 0.000000000000000000, -6.750000000000000000 ) ) ;
#880 = DIRECTION ( 'NONE',  ( 0.000000000000000000, -0.000000000000000000, -1.000000000000000000 ) ) ;
#881 = ORIENTED_EDGE ( 'NONE', *, *, #85, .T. ) ;
#882 = DIRECTION ( 'NONE',  ( -5.236901059552618604E-16, -0.000000000000000000, 1.000000000000000000 ) ) ;
#883 = FACE_BOUND ( 'NONE', #288, .T. ) ;
#884 = CYLINDRICAL_SURFACE ( 'NONE', #278, 1.749999999999987566 ) ;
#885 = VECTOR ( 'NONE', #343, 1000.000000000000000 ) ;
#886 = EDGE_CURVE ( 'NONE', #173, #1570, #1365, .T. ) ;
#887 = DIRECTION ( 'NONE',  ( 0.000000000000000000, 0.000000000000000000, -1.000000000000000000 ) ) ;
#888 = CARTESIAN_POINT ( 'NONE',  ( 15.06061598951507641, 2.000000000000001776, -38.25000000000000711 ) ) ;
#889 = CARTESIAN_POINT ( 'NONE',  ( 51.31061598951508529, 2.000000000000000000, -14.74999999999998757 ) ) ;
#890 = ORIENTED_EDGE ( 'NONE', *, *, #54, .T. ) ;
#891 = VECTOR ( 'NONE', #1809, 1000.000000000000000 ) ;
#892 = ORIENTED_EDGE ( 'NONE', *, *, #1648, .T. ) ;
#893 = CARTESIAN_POINT ( 'NONE',  ( 20.31061598951507818, 0.000000000000000000, -38.25000000000000711 ) ) ;
#894 = DIRECTION ( 'NONE',  ( 0.000000000000000000, 0.000000000000000000, -1.000000000000000000 ) ) ;
#895 = CARTESIAN_POINT ( 'NONE',  ( 91.06061598951504266, 2.000000000000000000, 4.768754363590054583E-14 ) ) ;
#896 = DIRECTION ( 'NONE',  ( 0.000000000000000000, -1.000000000000000000, 0.000000000000000000 ) ) ;
#897 = ADVANCED_FACE ( 'NONE', ( #1862 ), #1678, .F. ) ;
#898 = FACE_BOUND ( 'NONE', #1945, .T. ) ;
#899 = LINE ( 'NONE', #1392, #76 ) ;
#900 = EDGE_LOOP ( 'NONE', ( #444, #220, #908, #1986 ) ) ;
#901 = PRODUCT_DEFINITION_CONTEXT ( 'detailed design', #1172, 'design' ) ;
#902 = CARTESIAN_POINT ( 'NONE',  ( 75.31061598951508529, 0.000000000000000000, -40.00000000000018474 ) ) ;
#903 = VECTOR ( 'NONE', #86, 1000.000000000000000 ) ;
#904 = EDGE_LOOP ( 'NONE', ( #200, #213, #258, #331 ) ) ;
#905 = AXIS2_PLACEMENT_3D ( 'NONE', #1480, #364, #1772 ) ;
#906 = CARTESIAN_POINT ( 'NONE',  ( 22.06061598951507463, 30.00000000000000000, -38.25000000000000711 ) ) ;
#907 = CARTESIAN_POINT ( 'NONE',  ( 89.31061598951507108, 30.00000000000000000, -38.25000000000009948 ) ) ;
#908 = ORIENTED_EDGE ( 'NONE', *, *, #867, .T. ) ;
#909 = ORIENTED_EDGE ( 'NONE', *, *, #486, .T. ) ;
#910 = CARTESIAN_POINT ( 'NONE',  ( 4.560615989515088842, 2.000000000000001776, -11.74999999999999645 ) ) ;
#911 = ORIENTED_EDGE ( 'NONE', *, *, #1318, .F. ) ;
#912 = CARTESIAN_POINT ( 'NONE',  ( -1.081310966692209861E-14, 2.000000000000000000, -46.75000000000000711 ) ) ;
#913 = APPLICATION_PROTOCOL_DEFINITION ( 'draft international standard', 'automotive_design', 1998, #1172 ) ;
#914 = DIRECTION ( 'NONE',  ( 0.000000000000000000, 0.000000000000000000, -1.000000000000000000 ) ) ;
#915 = DIRECTION ( 'NONE',  ( 0.000000000000000000, -1.000000000000000000, 0.000000000000000000 ) ) ;
#916 = EDGE_CURVE ( 'NONE', #1304, #491, #1552, .T. ) ;
#917 = CIRCLE ( 'NONE', #853, 1.749999999999987566 ) ;
#918 = CARTESIAN_POINT ( 'NONE',  ( 91.06061598951507108, 0.000000000000000000, -38.25000000000007105 ) ) ;
#919 = CIRCLE ( 'NONE', #527, 1.749999999999987566 ) ;
#920 = ORIENTED_EDGE ( 'NONE', *, *, #1593, .F. ) ;
#921 = ADVANCED_FACE ( 'NONE', ( #778 ), #459, .F. ) ;
#922 = ORIENTED_EDGE ( 'NONE', *, *, #980, .T. ) ;
#923 = DIRECTION ( 'NONE',  ( 0.000000000000000000, 0.000000000000000000, 1.000000000000000000 ) ) ;
#924 = EDGE_LOOP ( 'NONE', ( #826, #1608, #810, #1725, #1836 ) ) ;
#925 = DIRECTION ( 'NONE',  ( 0.000000000000000000, 0.000000000000000000, -1.000000000000000000 ) ) ;
#926 = PLANE ( 'NONE',  #510 ) ;
#927 = CARTESIAN_POINT ( 'NONE',  ( 96.31061598951507108, 2.000000000000001776, -3.249999999999982236 ) ) ;
#928 = ADVANCED_FACE ( 'NONE', ( #1238 ), #315, .F. ) ;
#929 = VECTOR ( 'NONE', #1125, 1000.000000000000000 ) ;
#930 = DIRECTION ( 'NONE',  ( 0.000000000000000000, 0.000000000000000000, -1.000000000000000000 ) ) ;
#931 = EDGE_LOOP ( 'NONE', ( #198, #1576, #475, #133 ) ) ;
#932 = AXIS2_PLACEMENT_3D ( 'NONE', #1277, #1505, #59 ) ;
#933 = EDGE_LOOP ( 'NONE', ( #1218, #775, #1843, #780 ) ) ;
#934 = ORIENTED_EDGE ( 'NONE', *, *, #1208, .T. ) ;
#935 = LINE ( 'NONE', #783, #1423 ) ;
#936 = EDGE_CURVE ( 'NONE', #1570, #418, #755, .T. ) ;
#937 = FACE_OUTER_BOUND ( 'NONE', #1129, .T. ) ;
#938 = DIRECTION ( 'NONE',  ( -0.000000000000000000, -1.000000000000000000, -0.000000000000000000 ) ) ;
#939 = AXIS2_PLACEMENT_3D ( 'NONE', #1884, #489, #817 ) ;
#940 = DIRECTION ( 'NONE',  ( 0.000000000000000000, -1.000000000000000000, 0.000000000000000000 ) ) ;
#941 = CYLINDRICAL_SURFACE ( 'NONE', #878, 1.749999999999987566 ) ;
#942 = VERTEX_POINT ( 'NONE', #307 ) ;
#943 = VERTEX_POINT ( 'NONE', #927 ) ;
#944 = AXIS2_PLACEMENT_3D ( 'NONE', #231, #92, #715 ) ;
#945 = EDGE_LOOP ( 'NONE', ( #922, #955, #1869, #1712 ) ) ;
#946 = FACE_OUTER_BOUND ( 'NONE', #1114, .T. ) ;
#947 = CARTESIAN_POINT ( 'NONE',  ( 101.3106159895150853, 2.000000000000000000, 0.000000000000000000 ) ) ;
#948 = EDGE_CURVE ( 'NONE', #781, #1122, #1400, .T. ) ;
#949 = FACE_OUTER_BOUND ( 'NONE', #635, .T. ) ;
#950 = LINE ( 'NONE', #1258, #1879 ) ;
#951 = EDGE_LOOP ( 'NONE', ( #666, #55, #1652, #718 ) ) ;
#952 = AXIS2_PLACEMENT_3D ( 'NONE', #1345, #1969, #1820 ) ;
#953 = EDGE_LOOP ( 'NONE', ( #513, #1242, #1928, #411 ) ) ;
#954 = CIRCLE ( 'NONE', #592, 1.749999999999994671 ) ;
#955 = ORIENTED_EDGE ( 'NONE', *, *, #2025, .T. ) ;
#956 = EDGE_CURVE ( 'NONE', #453, #1750, #134, .T. ) ;
#957 = ORIENTED_EDGE ( 'NONE', *, *, #399, .T. ) ;
#958 = FACE_OUTER_BOUND ( 'NONE', #175, .T. ) ;
#959 = EDGE_CURVE ( 'NONE', #1682, #431, #1852, .T. ) ;
#960 = CARTESIAN_POINT ( 'NONE',  ( 6.310615989515079072, 0.000000000000000000, -6.750000000000000000 ) ) ;
#961 = DIRECTION ( 'NONE',  ( 0.000000000000000000, 0.000000000000000000, -1.000000000000000000 ) ) ;
#962 = DIRECTION ( 'NONE',  ( -0.000000000000000000, -1.000000000000000000, -0.000000000000000000 ) ) ;
#963 = EDGE_CURVE ( 'NONE', #1577, #1823, #1707, .T. ) ;
#964 = VERTEX_POINT ( 'NONE', #1533 ) ;
#965 = CIRCLE ( 'NONE', #241, 1.749999999999994671 ) ;
#966 = ORIENTED_EDGE ( 'NONE', *, *, #1574, .F. ) ;
#967 = CARTESIAN_POINT ( 'NONE',  ( 96.31061598951508529, 0.000000000000000000, -40.00000000000003553 ) ) ;
#968 = CIRCLE ( 'NONE', #735, 1.749999999999987566 ) ;
#969 = AXIS2_PLACEMENT_3D ( 'NONE', #1501, #430, #701 ) ;
#970 = ORIENTED_EDGE ( 'NONE', *, *, #433, .T. ) ;
#971 = CARTESIAN_POINT ( 'NONE',  ( 80.56061598951508529, 30.00000000000000000, -38.25000000000011369 ) ) ;
#972 = ORIENTED_EDGE ( 'NONE', *, *, #1058, .F. ) ;
#973 = CIRCLE ( 'NONE', #88, 1.749999999999987566 ) ;
#974 = DIRECTION ( 'NONE',  ( 0.000000000000000000, 0.000000000000000000, -1.000000000000000000 ) ) ;
#975 = AXIS2_PLACEMENT_3D ( 'NONE', #181, #402, #1958 ) ;
#976 = ORIENTED_EDGE ( 'NONE', *, *, #956, .T. ) ;
#977 = CARTESIAN_POINT ( 'NONE',  ( 8.060615989515078184, 2.000000000000001776, -38.25000000000000711 ) ) ;
#978 = DIRECTION ( 'NONE',  ( -5.236901059552619591E-16, 0.000000000000000000, 1.000000000000000000 ) ) ;
#979 = ORIENTED_EDGE ( 'NONE', *, *, #999, .F. ) ;
#980 = EDGE_CURVE ( 'NONE', #1933, #815, #578, .T. ) ;
#981 = CYLINDRICAL_SURFACE ( 'NONE', #1359, 1.749999999999987566 ) ;
#982 = CARTESIAN_POINT ( 'NONE',  ( 77.06061598951507108, 2.000000000000001776, -38.25000000000016342 ) ) ;
#983 = EDGE_CURVE ( 'NONE', #1165, #964, #128, .T. ) ;
#984 = VERTEX_POINT ( 'NONE', #1047 ) ;
#985 = LINE ( 'NONE', #1443, #929 ) ;
#986 = DIRECTION ( 'NONE',  ( 0.000000000000000000, 0.000000000000000000, 1.000000000000000000 ) ) ;
#987 = ORIENTED_EDGE ( 'NONE', *, *, #208, .F. ) ;
#988 = VECTOR ( 'NONE', #728, 1000.000000000000000 ) ;
#989 = CARTESIAN_POINT ( 'NONE',  ( 20.31061598951507818, 0.000000000000000000, -11.75000000000000000 ) ) ;
#990 = ORIENTED_EDGE ( 'NONE', *, *, #1073, .T. ) ;
#991 = DIRECTION ( 'NONE',  ( -0.000000000000000000, -1.000000000000000000, -0.000000000000000000 ) ) ;
#992 = ORIENTED_EDGE ( 'NONE', *, *, #1278, .T. ) ;
#993 = ORIENTED_EDGE ( 'NONE', *, *, #1038, .F. ) ;
#994 = CARTESIAN_POINT ( 'NONE',  ( 91.06061598951504266, 2.000000000000001776, -11.75000000000003553 ) ) ;
#995 = CARTESIAN_POINT ( 'NONE',  ( 98.06061598951504266, 0.000000000000000000, -11.74999999999998579 ) ) ;
#996 = ORIENTED_EDGE ( 'NONE', *, *, #588, .F. ) ;
#997 = VERTEX_POINT ( 'NONE', #1665 ) ;
#998 = CIRCLE ( 'NONE', #1390, 1.749999999999987566 ) ;
#999 = EDGE_CURVE ( 'NONE', #344, #2008, #272, .T. ) ;
#1000 = CARTESIAN_POINT ( 'NONE',  ( 6.310615989515079072, 2.000000000000001776, -43.25000000000000711 ) ) ;
#1001 = CARTESIAN_POINT ( 'NONE',  ( 75.31061598951507108, 30.00000000000000000, -11.75000000000010658 ) ) ;
#1002 = CARTESIAN_POINT ( 'NONE',  ( 51.31061598951508529, 52.00000000000000711, -39.99999999999998579 ) ) ;
#1003 = VERTEX_POINT ( 'NONE', #601 ) ;
#1004 = VECTOR ( 'NONE', #1573, 1000.000000000000000 ) ;
#1005 = AXIS2_PLACEMENT_3D ( 'NONE', #1113, #787, #930 ) ;
#1006 = ORIENTED_EDGE ( 'NONE', *, *, #54, .F. ) ;
#1007 = CARTESIAN_POINT ( 'NONE',  ( 96.31061598951508529, 2.000000000000000000, -46.75000000000002842 ) ) ;
#1008 = VERTEX_POINT ( 'NONE', #1225 ) ;
#1009 = ORIENTED_EDGE ( 'NONE', *, *, #1071, .T. ) ;
#1010 = ADVANCED_FACE ( 'NONE', ( #1072 ), #1841, .F. ) ;
#1011 = DIRECTION ( 'NONE',  ( 0.000000000000000000, 0.000000000000000000, -1.000000000000000000 ) ) ;
#1012 = DIRECTION ( 'NONE',  ( 0.000000000000000000, -1.000000000000000000, 0.000000000000000000 ) ) ;
#1013 = CARTESIAN_POINT ( 'NONE',  ( 15.06061598951507641, 30.00000000000000000, -11.75000000000000000 ) ) ;
#1014 = ADVANCED_FACE ( 'NONE', ( #140 ), #544, .F. ) ;
#1015 = CARTESIAN_POINT ( 'NONE',  ( 4.560615989515084401, 0.000000000000000000, -38.25000000000000711 ) ) ;
#1016 = VECTOR ( 'NONE', #1522, 1000.000000000000000 ) ;
#1017 = EDGE_CURVE ( 'NONE', #461, #1307, #1757, .T. ) ;
#1018 = CARTESIAN_POINT ( 'NONE',  ( 15.06061598951507641, 0.000000000000000000, -11.75000000000000000 ) ) ;
#1019 = LINE ( 'NONE', #567, #1289 ) ;
#1020 = CARTESIAN_POINT ( 'NONE',  ( 51.31061598951508529, 2.000000000000000000, -35.24999999999999289 ) ) ;
#1021 = ADVANCED_FACE ( 'NONE', ( #667 ), #1168, .F. ) ;
#1022 = DIRECTION ( 'NONE',  ( 0.000000000000000000, 1.000000000000000000, 0.000000000000000000 ) ) ;
#1023 = EDGE_LOOP ( 'NONE', ( #227, #1724, #365, #463, #1292 ) ) ;
#1024 = DIRECTION ( 'NONE',  ( 1.000000000000000000, 0.000000000000000000, 0.000000000000000000 ) ) ;
#1025 = FACE_OUTER_BOUND ( 'NONE', #1413, .T. ) ;
#1026 = AXIS2_PLACEMENT_3D ( 'NONE', #1625, #687, #1747 ) ;
#1027 = LINE ( 'NONE', #1018, #119 ) ;
#1028 = DIRECTION ( 'NONE',  ( 0.000000000000000000, -1.000000000000000000, 0.000000000000000000 ) ) ;
#1029 = DIRECTION ( 'NONE',  ( 0.000000000000000000, 0.000000000000000000, -1.000000000000000000 ) ) ;
#1030 = AXIS2_PLACEMENT_3D ( 'NONE', #1773, #1540, #639 ) ;
#1031 = CIRCLE ( 'NONE', #706, 1.749999999999987566 ) ;
#1032 = CARTESIAN_POINT ( 'NONE',  ( 2.081668171172169302E-15, 2.000000000000000000, -6.750000000000001776 ) ) ;
#1033 = FACE_OUTER_BOUND ( 'NONE', #144, .T. ) ;
#1034 = AXIS2_PLACEMENT_3D ( 'NONE', #634, #1720, #1754 ) ;
#1035 = EDGE_LOOP ( 'NONE', ( #532, #127, #726, #223 ) ) ;
#1036 = DIRECTION ( 'NONE',  ( 0.000000000000000000, 0.000000000000000000, -1.000000000000000000 ) ) ;
#1037 = FACE_OUTER_BOUND ( 'NONE', #526, .T. ) ;
#1038 = EDGE_CURVE ( 'NONE', #1055, #1207, #985, .T. ) ;
#1039 = CARTESIAN_POINT ( 'NONE',  ( 18.56061598951508529, 2.000000000000001776, -11.74999999999999645 ) ) ;
#1040 = AXIS2_PLACEMENT_3D ( 'NONE', #846, #550, #827 ) ;
#1041 = DIRECTION ( 'NONE',  ( -0.000000000000000000, -1.000000000000000000, -0.000000000000000000 ) ) ;
#1042 = DIRECTION ( 'NONE',  ( 0.000000000000000000, 0.000000000000000000, -1.000000000000000000 ) ) ;
#1043 = EDGE_LOOP ( 'NONE', ( #972, #1416 ) ) ;
#1044 = ORIENTED_EDGE ( 'NONE', *, *, #2017, .F. ) ;
#1045 = CARTESIAN_POINT ( 'NONE',  ( 6.310615989515079072, 2.000000000000001776, -11.75000000000000000 ) ) ;
#1046 = FILL_AREA_STYLE ('',( #565 ) ) ;
#1047 = CARTESIAN_POINT ( 'NONE',  ( 96.31061598951508529, 0.000000000000000000, -46.75000000000002842 ) ) ;
#1048 = VECTOR ( 'NONE', #1265, 1000.000000000000000 ) ;
#1049 = LINE ( 'NONE', #1514, #1794 ) ;
#1050 = DIRECTION ( 'NONE',  ( -0.000000000000000000, -1.000000000000000000, -0.000000000000000000 ) ) ;
#1051 = CARTESIAN_POINT ( 'NONE',  ( 4.560615989515088842, 0.000000000000000000, -11.74999999999999645 ) ) ;
#1052 = ORIENTED_EDGE ( 'NONE', *, *, #873, .T. ) ;
#1053 = EDGE_LOOP ( 'NONE', ( #45, #20, #1764, #1695 ) ) ;
#1054 = DIRECTION ( 'NONE',  ( -0.000000000000000000, -1.000000000000000000, -0.000000000000000000 ) ) ;
#1055 = VERTEX_POINT ( 'NONE', #977 ) ;
#1056 = DIRECTION ( 'NONE',  ( 0.000000000000000000, -1.000000000000000000, 0.000000000000000000 ) ) ;
#1057 = AXIS2_PLACEMENT_3D ( 'NONE', #1083, #603, #460 ) ;
#1058 = EDGE_CURVE ( 'NONE', #310, #1891, #311, .T. ) ;
#1059 = DIRECTION ( 'NONE',  ( -5.236901059552619591E-16, 0.000000000000000000, 1.000000000000000000 ) ) ;
#1060 = CARTESIAN_POINT ( 'NONE',  ( 6.310615989515079072, 2.000000000000001776, -6.750000000000000000 ) ) ;
#1061 = VECTOR ( 'NONE', #1444, 1000.000000000000000 ) ;
#1062 = AXIS2_PLACEMENT_3D ( 'NONE', #1246, #1882, #632 ) ;
#1063 = FACE_OUTER_BOUND ( 'NONE', #1623, .T. ) ;
#1064 = ORIENTED_EDGE ( 'NONE', *, *, #1797, .T. ) ;
#1065 = ORIENTED_EDGE ( 'NONE', *, *, #600, .F. ) ;
#1066 = LINE ( 'NONE', #620, #1947 ) ;
#1067 = VECTOR ( 'NONE', #280, 1000.000000000000000 ) ;
#1068 = VERTEX_POINT ( 'NONE', #840 ) ;
#1069 = CARTESIAN_POINT ( 'NONE',  ( 77.06061598951507108, 0.000000000000000000, -38.25000000000016342 ) ) ;
#1070 = CARTESIAN_POINT ( 'NONE',  ( 51.31061598951508529, 52.00000000000000711, -39.99999999999998579 ) ) ;
#1071 = EDGE_CURVE ( 'NONE', #609, #1144, #819, .T. ) ;
#1072 = FACE_OUTER_BOUND ( 'NONE', #627, .T. ) ;
#1073 = EDGE_CURVE ( 'NONE', #378, #84, #381, .T. ) ;
#1074 = LINE ( 'NONE', #1813, #1484 ) ;
#1075 = VERTEX_POINT ( 'NONE', #533 ) ;
#1076 = VERTEX_POINT ( 'NONE', #524 ) ;
#1077 = DIRECTION ( 'NONE',  ( 0.000000000000000000, -1.000000000000000000, 0.000000000000000000 ) ) ;
#1078 = VERTEX_POINT ( 'NONE', #1007 ) ;
#1079 = FACE_OUTER_BOUND ( 'NONE', #1914, .T. ) ;
#1080 = ADVANCED_FACE ( 'NONE', ( #1137 ), #1453, .F. ) ;
#1081 = DIRECTION ( 'NONE',  ( 0.000000000000000000, -1.000000000000000000, 0.000000000000000000 ) ) ;
#1082 = CARTESIAN_POINT ( 'NONE',  ( 91.06061598951504266, 30.00000000000000000, -11.75000000000003553 ) ) ;
#1083 = CARTESIAN_POINT ( 'NONE',  ( 20.31061598951507818, 2.000000000000001776, -11.75000000000000000 ) ) ;
#1084 = ORIENTED_EDGE ( 'NONE', *, *, #1239, .F. ) ;
#1085 = EDGE_CURVE ( 'NONE', #1216, #147, #43, .T. ) ;
#1086 = AXIS2_PLACEMENT_3D ( 'NONE', #561, #398, #880 ) ;
#1087 = ORIENTED_EDGE ( 'NONE', *, *, #773, .T. ) ;
#1088 = ORIENTED_EDGE ( 'NONE', *, *, #78, .T. ) ;
#1089 = DIRECTION ( 'NONE',  ( 0.000000000000000000, -1.000000000000000000, 0.000000000000000000 ) ) ;
#1090 = DIRECTION ( 'NONE',  ( 0.000000000000000000, -1.000000000000000000, 0.000000000000000000 ) ) ;
#1091 = CARTESIAN_POINT ( 'NONE',  ( 18.56061598951508529, 2.000000000000000000, 0.000000000000000000 ) ) ;
#1092 = FACE_OUTER_BOUND ( 'NONE', #1876, .T. ) ;
#1093 = AXIS2_PLACEMENT_3D ( 'NONE', #1787, #352, #70 ) ;
#1094 = DIRECTION ( 'NONE',  ( -0.000000000000000000, -1.000000000000000000, -0.000000000000000000 ) ) ;
#1095 = EDGE_LOOP ( 'NONE', ( #1847, #1561, #299, #1394 ) ) ;
#1096 = ORIENTED_EDGE ( 'NONE', *, *, #193, .T. ) ;
#1097 = ORIENTED_EDGE ( 'NONE', *, *, #1310, .T. ) ;
#1098 = CARTESIAN_POINT ( 'NONE',  ( 27.31061598951507818, 30.00000000000000000, -38.25000000000000711 ) ) ;
#1099 = LINE ( 'NONE', #139, #1226 ) ;
#1100 = VECTOR ( 'NONE', #25, 1000.000000000000000 ) ;
#1101 = DIRECTION ( 'NONE',  ( -0.000000000000000000, -1.000000000000000000, -0.000000000000000000 ) ) ;
#1102 = CARTESIAN_POINT ( 'NONE',  ( 6.310615989515079072, 0.000000000000000000, -46.75000000000000711 ) ) ;
#1103 = ORIENTED_EDGE ( 'NONE', *, *, #1440, .F. ) ;
#1104 = EDGE_CURVE ( 'NONE', #1933, #1549, #210, .T. ) ;
#1105 = ORIENTED_EDGE ( 'NONE', *, *, #512, .F. ) ;
#1106 = EDGE_CURVE ( 'NONE', #1750, #1557, #1909, .T. ) ;
#1107 = ORIENTED_EDGE ( 'NONE', *, *, #317, .F. ) ;
#1108 = VERTEX_POINT ( 'NONE', #28 ) ;
#1109 = CARTESIAN_POINT ( 'NONE',  ( 82.31061598951508529, 30.00000000000000000, -38.25000000000014211 ) ) ;
#1110 = DIRECTION ( 'NONE',  ( -1.000000000000000000, 0.000000000000000000, 0.000000000000000000 ) ) ;
#1111 = EDGE_CURVE ( 'NONE', #1474, #191, #830, .T. ) ;
#1112 = DIRECTION ( 'NONE',  ( -0.000000000000000000, -1.000000000000000000, -0.000000000000000000 ) ) ;
#1113 = CARTESIAN_POINT ( 'NONE',  ( 6.310615989515079072, 0.000000000000000000, -38.25000000000000711 ) ) ;
#1114 = EDGE_LOOP ( 'NONE', ( #1151, #685, #979, #1917 ) ) ;
#1115 = CIRCLE ( 'NONE', #232, 1.749999999999994671 ) ;
#1116 = AXIS2_PLACEMENT_3D ( 'NONE', #1748, #99, #516 ) ;
#1117 = ORIENTED_EDGE ( 'NONE', *, *, #405, .T. ) ;
#1118 = CYLINDRICAL_SURFACE ( 'NONE', #801, 1.749999999999987566 ) ;
#1119 = ORIENTED_EDGE ( 'NONE', *, *, #1728, .F. ) ;
#1120 = CARTESIAN_POINT ( 'NONE',  ( 87.56061598951505687, 30.00000000000000000, -11.75000000000003908 ) ) ;
#1121 = LINE ( 'NONE', #1741, #219 ) ;
#1122 = VERTEX_POINT ( 'NONE', #994 ) ;
#1123 = CIRCLE ( 'NONE', #1581, 1.749999999999987566 ) ;
#1124 = ORIENTED_EDGE ( 'NONE', *, *, #1929, .T. ) ;
#1125 = DIRECTION ( 'NONE',  ( 0.000000000000000000, 0.000000000000000000, 1.000000000000000000 ) ) ;
#1126 = PLANE ( 'NONE',  #1116 ) ;
#1127 = CIRCLE ( 'NONE', #1030, 1.749999999999994671 ) ;
#1128 = CIRCLE ( 'NONE', #442, 1.749999999999994671 ) ;
#1129 = EDGE_LOOP ( 'NONE', ( #2002, #1450, #670, #1107 ) ) ;
#1130 = CARTESIAN_POINT ( 'NONE',  ( 51.31061598951508529, 52.00000000000000711, -14.74999999999998757 ) ) ;
#1131 = EDGE_CURVE ( 'NONE', #1775, #1557, #1708, .T. ) ;
#1132 = ORIENTED_EDGE ( 'NONE', *, *, #294, .T. ) ;
#1133 = EDGE_CURVE ( 'NONE', #1142, #1165, #727, .T. ) ;
#1134 = CARTESIAN_POINT ( 'NONE',  ( 29.06061598951507818, 30.00000000000000000, -38.25000000000000711 ) ) ;
#1135 = CIRCLE ( 'NONE', #91, 1.750000000000001554 ) ;
#1136 = EDGE_LOOP ( 'NONE', ( #574, #1097, #543, #1934 ) ) ;
#1137 = FACE_OUTER_BOUND ( 'NONE', #1196, .T. ) ;
#1138 = FACE_BOUND ( 'NONE', #1043, .T. ) ;
#1139 = VECTOR ( 'NONE', #857, 1000.000000000000000 ) ;
#1140 = ORIENTED_EDGE ( 'NONE', *, *, #1781, .F. ) ;
#1141 = EDGE_CURVE ( 'NONE', #1557, #173, #1344, .T. ) ;
#1142 = VERTEX_POINT ( 'NONE', #1943 ) ;
#1143 = FACE_OUTER_BOUND ( 'NONE', #1703, .T. ) ;
#1144 = VERTEX_POINT ( 'NONE', #1309 ) ;
#1145 = VERTEX_POINT ( 'NONE', #187 ) ;
#1146 = ADVANCED_FACE ( 'NONE', ( #813 ), #659, .F. ) ;
#1147 = VECTOR ( 'NONE', #1041, 1000.000000000000000 ) ;
#1148 = DIRECTION ( 'NONE',  ( 0.000000000000000000, -1.000000000000000000, 0.000000000000000000 ) ) ;
#1149 = DIRECTION ( 'NONE',  ( 5.236901059552619591E-16, 0.000000000000000000, -1.000000000000000000 ) ) ;
#1150 = ORIENTED_EDGE ( 'NONE', *, *, #2004, .F. ) ;
#1151 = ORIENTED_EDGE ( 'NONE', *, *, #132, .T. ) ;
#1152 = AXIS2_PLACEMENT_3D ( 'NONE', #251, #1493, #1628 ) ;
#1153 = CARTESIAN_POINT ( 'NONE',  ( 98.06061598951504266, 30.00000000000000000, -11.74999999999998579 ) ) ;
#1154 = DIRECTION ( 'NONE',  ( 0.000000000000000000, 0.000000000000000000, -1.000000000000000000 ) ) ;
#1155 = CARTESIAN_POINT ( 'NONE',  ( 8.060615989515078184, 30.00000000000000000, -38.25000000000000711 ) ) ;
#1156 = EDGE_LOOP ( 'NONE', ( #1370, #966, #1537, #851 ) ) ;
#1157 = ORIENTED_EDGE ( 'NONE', *, *, #980, .F. ) ;
#1158 = DIRECTION ( 'NONE',  ( 5.236901059552619591E-16, 0.000000000000000000, -1.000000000000000000 ) ) ;
#1159 = ORIENTED_EDGE ( 'NONE', *, *, #13, .F. ) ;
#1160 = ORIENTED_EDGE ( 'NONE', *, *, #1905, .T. ) ;
#1161 = CARTESIAN_POINT ( 'NONE',  ( 87.56061598951507108, 30.00000000000000000, -38.25000000000007105 ) ) ;
#1162 = FACE_OUTER_BOUND ( 'NONE', #904, .T. ) ;
#1163 = DIRECTION ( 'NONE',  ( 0.000000000000000000, -1.000000000000000000, 0.000000000000000000 ) ) ;
#1164 = VECTOR ( 'NONE', #1054, 1000.000000000000000 ) ;
#1165 = VERTEX_POINT ( 'NONE', #1349 ) ;
#1166 = ADVANCED_FACE ( 'NONE', ( #1498 ), #93, .F. ) ;
#1167 = VERTEX_POINT ( 'NONE', #1953 ) ;
#1168 = PLANE ( 'NONE',  #1093 ) ;
#1169 = EDGE_CURVE ( 'NONE', #662, #418, #551, .T. ) ;
#1170 = ORIENTED_EDGE ( 'NONE', *, *, #1735, .T. ) ;
#1171 = DIRECTION ( 'NONE',  ( 0.000000000000000000, -1.000000000000000000, 0.000000000000000000 ) ) ;
#1172 = APPLICATION_CONTEXT ( 'automotive_design' ) ;
#1173 = CARTESIAN_POINT ( 'NONE',  ( 89.31061598951507108, 30.00000000000000000, -40.00000000000008527 ) ) ;
#1174 = EDGE_CURVE ( 'NONE', #114, #535, #1966, .T. ) ;
#1175 = DIRECTION ( 'NONE',  ( 0.000000000000000000, 0.000000000000000000, -1.000000000000000000 ) ) ;
#1176 = CARTESIAN_POINT ( 'NONE',  ( 6.310615989515079072, 30.00000000000000000, -11.75000000000000000 ) ) ;
#1177 = CARTESIAN_POINT ( 'NONE',  ( 15.06061598951507641, 30.00000000000000000, -11.75000000000000000 ) ) ;
#1178 = ORIENTED_EDGE ( 'NONE', *, *, #129, .F. ) ;
#1179 = PLANE ( 'NONE',  #19 ) ;
#1180 = LINE ( 'NONE', #1634, #1824 ) ;
#1181 = VECTOR ( 'NONE', #734, 1000.000000000000000 ) ;
#1182 = DIRECTION ( 'NONE',  ( -0.000000000000000000, -1.000000000000000000, -0.000000000000000000 ) ) ;
#1183 = LINE ( 'NONE', #1960, #1555 ) ;
#1184 = CYLINDRICAL_SURFACE ( 'NONE', #56, 1.749999999999994671 ) ;
#1185 = PLANE ( 'NONE',  #14 ) ;
#1186 = DIRECTION ( 'NONE',  ( 0.000000000000000000, -1.000000000000000000, 0.000000000000000000 ) ) ;
#1187 = VERTEX_POINT ( 'NONE', #235 ) ;
#1188 = ADVANCED_FACE ( 'NONE', ( #1033 ), #1651, .F. ) ;
#1189 = DIRECTION ( 'NONE',  ( 0.000000000000000000, 0.000000000000000000, -1.000000000000000000 ) ) ;
#1190 = VECTOR ( 'NONE', #850, 1000.000000000000000 ) ;
#1191 = CARTESIAN_POINT ( 'NONE',  ( 18.56061598951508529, 0.000000000000000000, -11.74999999999999645 ) ) ;
#1192 = CYLINDRICAL_SURFACE ( 'NONE', #952, 1.749999999999994671 ) ;
#1193 = ADVANCED_FACE ( 'NONE', ( #1963 ), #81, .F. ) ;
#1194 = CARTESIAN_POINT ( 'NONE',  ( 13.31061598951507818, 30.00000000000000000, -11.75000000000000000 ) ) ;
#1195 = DIRECTION ( 'NONE',  ( 0.000000000000000000, 0.000000000000000000, -1.000000000000000000 ) ) ;
#1196 = EDGE_LOOP ( 'NONE', ( #552, #797, #36, #993 ) ) ;
#1197 = CIRCLE ( 'NONE', #1496, 1.749999999999994671 ) ;
#1198 = ORIENTED_EDGE ( 'NONE', *, *, #556, .T. ) ;
#1199 = CARTESIAN_POINT ( 'NONE',  ( 80.56061598951508529, 2.000000000000000000, -38.25000000000011369 ) ) ;
#1200 = FACE_BOUND ( 'NONE', #1023, .T. ) ;
#1201 = CARTESIAN_POINT ( 'NONE',  ( 6.310615989515079072, 30.00000000000000000, -43.25000000000000711 ) ) ;
#1202 = CYLINDRICAL_SURFACE ( 'NONE', #1543, 15.00000000000000000 ) ;
#1203 = VECTOR ( 'NONE', #358, 1000.000000000000000 ) ;
#1204 = DIRECTION ( 'NONE',  ( -0.000000000000000000, -1.000000000000000000, -0.000000000000000000 ) ) ;
#1205 = DIRECTION ( 'NONE',  ( 0.000000000000000000, 0.000000000000000000, -1.000000000000000000 ) ) ;
#1206 = VERTEX_POINT ( 'NONE', #1508 ) ;
#1207 = VERTEX_POINT ( 'NONE', #1806 ) ;
#1208 = EDGE_CURVE ( 'NONE', #964, #124, #1864, .T. ) ;
#1209 = LINE ( 'NONE', #585, #1164 ) ;
#1210 = ORIENTED_EDGE ( 'NONE', *, *, #1104, .T. ) ;
#1211 = CARTESIAN_POINT ( 'NONE',  ( 75.31061598951508529, 30.00000000000000000, -38.25000000000019185 ) ) ;
#1212 = LINE ( 'NONE', #1091, #661 ) ;
#1213 = VECTOR ( 'NONE', #1829, 1000.000000000000000 ) ;
#1214 = LINE ( 'NONE', #1366, #854 ) ;
#1215 = DIRECTION ( 'NONE',  ( 0.000000000000000000, 0.000000000000000000, -1.000000000000000000 ) ) ;
#1216 = VERTEX_POINT ( 'NONE', #1330 ) ;
#1217 = EDGE_CURVE ( 'NONE', #1891, #310, #106, .T. ) ;
#1218 = ORIENTED_EDGE ( 'NONE', *, *, #1440, .T. ) ;
#1219 = CARTESIAN_POINT ( 'NONE',  ( 101.3106159895150853, 0.000000000000000000, 0.000000000000000000 ) ) ;
#1220 = ORIENTED_EDGE ( 'NONE', *, *, #1797, .F. ) ;
#1221 = FACE_BOUND ( 'NONE', #214, .T. ) ;
#1222 = EDGE_CURVE ( 'NONE', #267, #246, #1503, .T. ) ;
#1223 = VECTOR ( 'NONE', #1367, 1000.000000000000000 ) ;
#1224 = CARTESIAN_POINT ( 'NONE',  ( 18.56061598951508529, 30.00000000000000000, -11.74999999999999645 ) ) ;
#1225 = CARTESIAN_POINT ( 'NONE',  ( 1.310615989515077962, 0.000000000000000000, 0.000000000000000000 ) ) ;
#1226 = VECTOR ( 'NONE', #12, 1000.000000000000000 ) ;
#1227 = DIRECTION ( 'NONE',  ( 0.000000000000000000, 0.000000000000000000, -1.000000000000000000 ) ) ;
#1228 = ORIENTED_EDGE ( 'NONE', *, *, #571, .T. ) ;
#1229 = CIRCLE ( 'NONE', #643, 15.00000000000000000 ) ;
#1230 = EDGE_CURVE ( 'NONE', #1, #799, #230, .T. ) ;
#1231 = ORIENTED_EDGE ( 'NONE', *, *, #1717, .T. ) ;
#1232 = CARTESIAN_POINT ( 'NONE',  ( 1.310615989515077962, 2.000000000000000000, 0.000000000000000000 ) ) ;
#1233 = CIRCLE ( 'NONE', #1782, 1.749999999999994671 ) ;
#1234 = EDGE_LOOP ( 'NONE', ( #496, #1994, #312, #1786, #322 ) ) ;
#1235 = DIRECTION ( 'NONE',  ( 0.000000000000000000, -0.000000000000000000, -1.000000000000000000 ) ) ;
#1236 = VECTOR ( 'NONE', #1112, 1000.000000000000000 ) ;
#1237 = FACE_OUTER_BOUND ( 'NONE', #157, .T. ) ;
#1238 = FACE_OUTER_BOUND ( 'NONE', #1136, .T. ) ;
#1239 = EDGE_CURVE ( 'NONE', #1922, #1539, #109, .T. ) ;
#1240 = CYLINDRICAL_SURFACE ( 'NONE', #602, 1.750000000000001554 ) ;
#1241 = ORIENTED_EDGE ( 'NONE', *, *, #1814, .F. ) ;
#1242 = ORIENTED_EDGE ( 'NONE', *, *, #355, .T. ) ;
#1243 = FACE_OUTER_BOUND ( 'NONE', #651, .T. ) ;
#1244 = EDGE_LOOP ( 'NONE', ( #1517, #621 ) ) ;
#1245 = FACE_BOUND ( 'NONE', #1866, .T. ) ;
#1246 = CARTESIAN_POINT ( 'NONE',  ( 96.31061598951507108, 30.00000000000000000, -11.74999999999995914 ) ) ;
#1247 = DIRECTION ( 'NONE',  ( 5.236901059552619591E-16, 0.000000000000000000, -1.000000000000000000 ) ) ;
#1248 = LINE ( 'NONE', #1863, #1544 ) ;
#1249 = FACE_OUTER_BOUND ( 'NONE', #1053, .T. ) ;
#1250 = ORIENTED_EDGE ( 'NONE', *, *, #916, .T. ) ;
#1251 = AXIS2_PLACEMENT_3D ( 'NONE', #1795, #1022, #245 ) ;
#1252 = ORIENTED_EDGE ( 'NONE', *, *, #1941, .T. ) ;
#1253 = ORIENTED_EDGE ( 'NONE', *, *, #873, .F. ) ;
#1254 = LINE ( 'NONE', #1881, #79 ) ;
#1255 = EDGE_CURVE ( 'NONE', #1922, #378, #97, .T. ) ;
#1256 = CARTESIAN_POINT ( 'NONE',  ( 51.31061598951508529, 52.00000000000000711, -35.24999999999999289 ) ) ;
#1257 = DIRECTION ( 'NONE',  ( 5.236901059552619591E-16, 0.000000000000000000, -1.000000000000000000 ) ) ;
#1258 = CARTESIAN_POINT ( 'NONE',  ( 15.06061598951507641, 2.000000000000000000, 0.000000000000000000 ) ) ;
#1259 = ORIENTED_EDGE ( 'NONE', *, *, #1174, .F. ) ;
#1260 = VERTEX_POINT ( 'NONE', #1801 ) ;
#1261 = ORIENTED_EDGE ( 'NONE', *, *, #1905, .F. ) ;
#1262 = DIRECTION ( 'NONE',  ( 0.000000000000000000, 0.000000000000000000, 1.000000000000000000 ) ) ;
#1263 = PLANE ( 'NONE',  #2013 ) ;
#1264 =( GEOMETRIC_REPRESENTATION_CONTEXT ( 3 ) GLOBAL_UNCERTAINTY_ASSIGNED_CONTEXT ( ( #596 ) ) GLOBAL_UNIT_ASSIGNED_CONTEXT ( ( #209, #671, #51 ) ) REPRESENTATION_CONTEXT ( 'NONE', 'WORKASPACE' ) );
#1265 = DIRECTION ( 'NONE',  ( -1.000000000000000000, -0.000000000000000000, 3.854941057726238097E-16 ) ) ;
#1266 = CARTESIAN_POINT ( 'NONE',  ( 82.31061598951508529, 30.00000000000000000, -40.00000000000013500 ) ) ;
#1267 = EDGE_LOOP ( 'NONE', ( #1756, #1296, #1105, #1259, #1372 ) ) ;
#1268 = ORIENTED_EDGE ( 'NONE', *, *, #858, .T. ) ;
#1269 = CYLINDRICAL_SURFACE ( 'NONE', #1808, 1.749999999999987566 ) ;
#1270 = VERTEX_POINT ( 'NONE', #1470 ) ;
#1271 = CARTESIAN_POINT ( 'NONE',  ( 22.06061598951507463, 0.000000000000000000, -38.25000000000000711 ) ) ;
#1272 = LINE ( 'NONE', #1412, #1621 ) ;
#1273 = VERTEX_POINT ( 'NONE', #1191 ) ;
#1274 = CIRCLE ( 'NONE', #66, 1.749999999999994671 ) ;
#1275 = ORIENTED_EDGE ( 'NONE', *, *, #465, .F. ) ;
#1276 = CARTESIAN_POINT ( 'NONE',  ( 13.31061598951507818, 30.00000000000000000, -38.25000000000000711 ) ) ;
#1277 = CARTESIAN_POINT ( 'NONE',  ( 75.31061598951508529, 2.000000000000001776, -38.25000000000019185 ) ) ;
#1278 = EDGE_CURVE ( 'NONE', #501, #1003, #414, .T. ) ;
#1279 = ADVANCED_FACE ( 'NONE', ( #240 ), #1481, .F. ) ;
#1280 = VERTEX_POINT ( 'NONE', #395 ) ;
#1281 = ADVANCED_FACE ( 'NONE', ( #693 ), #1315, .F. ) ;
#1282 = FACE_OUTER_BOUND ( 'NONE', #309, .T. ) ;
#1283 = CARTESIAN_POINT ( 'NONE',  ( 94.56061598951507108, 2.000000000000001776, -11.74999999999998934 ) ) ;
#1284 = VECTOR ( 'NONE', #1819, 1000.000000000000000 ) ;
#1285 = EDGE_LOOP ( 'NONE', ( #456, #1880, #1855, #996 ) ) ;
#1286 = EDGE_CURVE ( 'NONE', #104, #1142, #1414, .T. ) ;
#1287 = DIRECTION ( 'NONE',  ( 0.000000000000000000, -1.000000000000000000, 0.000000000000000000 ) ) ;
#1288 = LINE ( 'NONE', #1911, #1873 ) ;
#1289 = VECTOR ( 'NONE', #1923, 1000.000000000000000 ) ;
#1290 = ORIENTED_EDGE ( 'NONE', *, *, #1743, .T. ) ;
#1291 = DIRECTION ( 'NONE',  ( -0.000000000000000000, -1.000000000000000000, -0.000000000000000000 ) ) ;
#1292 = ORIENTED_EDGE ( 'NONE', *, *, #122, .F. ) ;
#1293 = CIRCLE ( 'NONE', #1005, 1.749999999999994671 ) ;
#1294 = LINE ( 'NONE', #396, #1203 ) ;
#1295 = ADVANCED_FACE ( 'NONE', ( #1162 ), #375, .F. ) ;
#1296 = ORIENTED_EDGE ( 'NONE', *, *, #1017, .F. ) ;
#1297 = ORIENTED_EDGE ( 'NONE', *, *, #983, .F. ) ;
#1298 = CARTESIAN_POINT ( 'NONE',  ( 27.31061598951507818, 2.000000000000001776, -38.25000000000000711 ) ) ;
#1299 = CARTESIAN_POINT ( 'NONE',  ( 84.06061598951504266, 2.000000000000000000, 4.402171289421372641E-14 ) ) ;
#1300 = VECTOR ( 'NONE', #1937, 1000.000000000000000 ) ;
#1301 = LINE ( 'NONE', #1977, #1588 ) ;
#1302 = CARTESIAN_POINT ( 'NONE',  ( 6.310615989515079072, 30.00000000000000000, -38.25000000000000711 ) ) ;
#1303 = CARTESIAN_POINT ( 'NONE',  ( 87.56061598951505687, 2.000000000000001776, -11.75000000000003908 ) ) ;
#1304 = VERTEX_POINT ( 'NONE', #1303 ) ;
#1305 = DIRECTION ( 'NONE',  ( 0.000000000000000000, 0.000000000000000000, -1.000000000000000000 ) ) ;
#1306 = ORIENTED_EDGE ( 'NONE', *, *, #1497, .T. ) ;
#1307 = VERTEX_POINT ( 'NONE', #1343 ) ;
#1308 = AXIS2_PLACEMENT_3D ( 'NONE', #1709, #1101, #170 ) ;
#1309 = CARTESIAN_POINT ( 'NONE',  ( 84.06061598951507108, 0.000000000000000000, -38.25000000000011369 ) ) ;
#1310 = EDGE_CURVE ( 'NONE', #454, #52, #1019, .T. ) ;
#1311 = DIRECTION ( 'NONE',  ( 0.000000000000000000, 0.000000000000000000, -1.000000000000000000 ) ) ;
#1312 = VERTEX_POINT ( 'NONE', #1327 ) ;
#1313 = ORIENTED_EDGE ( 'NONE', *, *, #472, .F. ) ;
#1314 = CARTESIAN_POINT ( 'NONE',  ( 11.56061598951508707, 2.000000000000000000, 0.000000000000000000 ) ) ;
#1315 = PLANE ( 'NONE',  #269 ) ;
#1316 = ADVANCED_FACE ( 'NONE', ( #1037 ), #884, .F. ) ;
#1317 = CARTESIAN_POINT ( 'NONE',  ( 96.31061598951508529, 2.000000000000001776, -38.25000000000004974 ) ) ;
#1318 = EDGE_CURVE ( 'NONE', #1003, #1955, #541, .T. ) ;
#1319 = ORIENTED_EDGE ( 'NONE', *, *, #999, .T. ) ;
#1320 = CIRCLE ( 'NONE', #700, 14.99999999999999822 ) ;
#1321 = ORIENTED_EDGE ( 'NONE', *, *, #300, .T. ) ;
#1322 = DIRECTION ( 'NONE',  ( -2.312964634635742957E-16, 0.000000000000000000, -1.000000000000000000 ) ) ;
#1323 = EDGE_CURVE ( 'NONE', #1975, #1467, #1655, .T. ) ;
#1324 = FACE_OUTER_BOUND ( 'NONE', #598, .T. ) ;
#1325 = VECTOR ( 'NONE', #179, 1000.000000000000000 ) ;
#1326 = DIRECTION ( 'NONE',  ( 0.000000000000000000, 0.000000000000000000, -1.000000000000000000 ) ) ;
#1327 = CARTESIAN_POINT ( 'NONE',  ( 13.31061598951507818, 2.000000000000001776, -40.00000000000000000 ) ) ;
#1328 = LINE ( 'NONE', #1950, #1721 ) ;
#1329 = VECTOR ( 'NONE', #115, 1000.000000000000000 ) ;
#1330 = CARTESIAN_POINT ( 'NONE',  ( 29.06061598951507818, 0.000000000000000000, -11.75000000000000000 ) ) ;
#1331 = ORIENTED_EDGE ( 'NONE', *, *, #450, .F. ) ;
#1332 = LINE ( 'NONE', #1788, #283 ) ;
#1333 = CARTESIAN_POINT ( 'NONE',  ( 80.56061598951507108, 2.000000000000000000, 4.218879752337031355E-14 ) ) ;
#1334 = CARTESIAN_POINT ( 'NONE',  ( 6.310615989515079960, 0.000000000000000000, -45.00000000000000000 ) ) ;
#1335 = DIRECTION ( 'NONE',  ( -0.000000000000000000, -1.000000000000000000, -0.000000000000000000 ) ) ;
#1336 = CYLINDRICAL_SURFACE ( 'NONE', #1040, 1.749999999999994671 ) ;
#1337 = EDGE_CURVE ( 'NONE', #942, #1693, #714, .T. ) ;
#1338 = DIRECTION ( 'NONE',  ( -0.000000000000000000, -1.000000000000000000, -0.000000000000000000 ) ) ;
#1339 = ORIENTED_EDGE ( 'NONE', *, *, #355, .F. ) ;
#1340 = CARTESIAN_POINT ( 'NONE',  ( 4.560615989515088842, 2.000000000000000000, -38.25000000000000711 ) ) ;
#1341 = CYLINDRICAL_SURFACE ( 'NONE', #1411, 1.749999999999987566 ) ;
#1342 = EDGE_CURVE ( 'NONE', #729, #1448, #1183, .T. ) ;
#1343 = CARTESIAN_POINT ( 'NONE',  ( 8.060615989515078184, 0.000000000000000000, -11.75000000000000000 ) ) ;
#1344 = CIRCLE ( 'NONE', #466, 1.749999999999987566 ) ;
#1345 = CARTESIAN_POINT ( 'NONE',  ( 27.31061598951507818, 30.00000000000000000, -38.25000000000000711 ) ) ;
#1346 = DIRECTION ( 'NONE',  ( -0.000000000000000000, -1.000000000000000000, -0.000000000000000000 ) ) ;
#1347 = DIRECTION ( 'NONE',  ( 0.000000000000000000, 0.000000000000000000, 1.000000000000000000 ) ) ;
#1348 = ORIENTED_EDGE ( 'NONE', *, *, #936, .T. ) ;
#1349 = CARTESIAN_POINT ( 'NONE',  ( 29.06061598951507818, 2.000000000000001776, -38.25000000000000711 ) ) ;
#1350 = CARTESIAN_POINT ( 'NONE',  ( 25.56061598951508884, 2.000000000000000000, -38.25000000000000711 ) ) ;
#1351 = DIRECTION ( 'NONE',  ( 5.236901059552619591E-16, 0.000000000000000000, -1.000000000000000000 ) ) ;
#1352 = AXIS2_PLACEMENT_3D ( 'NONE', #698, #1615, #515 ) ;
#1353 = CARTESIAN_POINT ( 'NONE',  ( 18.56061598951508529, 30.00000000000000000, -11.74999999999999645 ) ) ;
#1354 = CARTESIAN_POINT ( 'NONE',  ( 91.06061598951507108, 30.00000000000000000, -38.25000000000007105 ) ) ;
#1355 = CARTESIAN_POINT ( 'NONE',  ( 13.31061598951507818, 30.00000000000000000, -38.25000000000000711 ) ) ;
#1356 = EDGE_CURVE ( 'NONE', #1145, #1832, #769, .T. ) ;
#1357 = CARTESIAN_POINT ( 'NONE',  ( 75.31061598951508529, 0.000000000000000000, -38.25000000000019185 ) ) ;
#1358 = ORIENTED_EDGE ( 'NONE', *, *, #1106, .F. ) ;
#1359 = AXIS2_PLACEMENT_3D ( 'NONE', #1874, #478, #1719 ) ;
#1360 = VECTOR ( 'NONE', #153, 1000.000000000000000 ) ;
#1361 = ORIENTED_EDGE ( 'NONE', *, *, #663, .F. ) ;
#1362 = DIRECTION ( 'NONE',  ( 0.000000000000000000, -1.000000000000000000, 0.000000000000000000 ) ) ;
#1363 = ORIENTED_EDGE ( 'NONE', *, *, #102, .F. ) ;
#1364 = LINE ( 'NONE', #401, #1996 ) ;
#1365 = LINE ( 'NONE', #613, #1213 ) ;
#1366 = CARTESIAN_POINT ( 'NONE',  ( 11.56061598951508351, 30.00000000000000000, -38.25000000000000711 ) ) ;
#1367 = DIRECTION ( 'NONE',  ( -0.000000000000000000, -0.000000000000000000, 1.000000000000000000 ) ) ;
#1368 = ORIENTED_EDGE ( 'NONE', *, *, #1473, .F. ) ;
#1369 = EDGE_CURVE ( 'NONE', #1307, #790, #1127, .T. ) ;
#1370 = ORIENTED_EDGE ( 'NONE', *, *, #555, .F. ) ;
#1371 = DIRECTION ( 'NONE',  ( 0.000000000000000000, 0.000000000000000000, -1.000000000000000000 ) ) ;
#1372 = ORIENTED_EDGE ( 'NONE', *, *, #439, .F. ) ;
#1373 = FACE_OUTER_BOUND ( 'NONE', #60, .T. ) ;
#1374 = DIRECTION ( 'NONE',  ( -0.000000000000000000, -1.000000000000000000, -0.000000000000000000 ) ) ;
#1375 = VECTOR ( 'NONE', #434, 1000.000000000000000 ) ;
#1376 = PRESENTATION_LAYER_ASSIGNMENT (  '', '', ( #1730 ) ) ;
#1377 = ADVANCED_FACE ( 'NONE', ( #313 ), #178, .F. ) ;
#1378 = DIRECTION ( 'NONE',  ( -0.000000000000000000, -1.000000000000000000, -0.000000000000000000 ) ) ;
#1379 = ORIENTED_EDGE ( 'NONE', *, *, #867, .F. ) ;
#1380 = ADVANCED_FACE ( 'NONE', ( #946 ), #1407, .F. ) ;
#1381 = ORIENTED_EDGE ( 'NONE', *, *, #1951, .T. ) ;
#1382 = FACE_OUTER_BOUND ( 'NONE', #1596, .T. ) ;
#1383 = ORIENTED_EDGE ( 'NONE', *, *, #129, .T. ) ;
#1384 = FACE_BOUND ( 'NONE', #1445, .T. ) ;
#1385 = EDGE_CURVE ( 'NONE', #1448, #1206, #1716, .T. ) ;
#1386 = ADVANCED_FACE ( 'NONE', ( #762 ), #1417, .F. ) ;
#1387 = CIRCLE ( 'NONE', #274, 1.749999999999994671 ) ;
#1388 = DIRECTION ( 'NONE',  ( 0.000000000000000000, 0.000000000000000000, -1.000000000000000000 ) ) ;
#1389 = CARTESIAN_POINT ( 'NONE',  ( 13.31061598951507818, 0.000000000000000000, -38.25000000000000711 ) ) ;
#1390 = AXIS2_PLACEMENT_3D ( 'NONE', #1921, #362, #1900 ) ;
#1391 = VECTOR ( 'NONE', #303, 1000.000000000000000 ) ;
#1392 = CARTESIAN_POINT ( 'NONE',  ( 25.56061598951508174, 30.00000000000000000, -38.25000000000000711 ) ) ;
#1393 = ORIENTED_EDGE ( 'NONE', *, *, #1085, .F. ) ;
#1394 = ORIENTED_EDGE ( 'NONE', *, *, #35, .F. ) ;
#1395 = CARTESIAN_POINT ( 'NONE',  ( 15.06061598951507641, 0.000000000000000000, -11.75000000000000000 ) ) ;
#1396 = ORIENTED_EDGE ( 'NONE', *, *, #1717, .F. ) ;
#1397 = DIRECTION ( 'NONE',  ( 0.000000000000000000, -1.000000000000000000, 0.000000000000000000 ) ) ;
#1398 = CIRCLE ( 'NONE', #975, 1.749999999999987566 ) ;
#1399 = CARTESIAN_POINT ( 'NONE',  ( 22.06061598951507463, 0.000000000000000000, -11.75000000000000000 ) ) ;
#1400 = LINE ( 'NONE', #895, #1016 ) ;
#1401 = PLANE ( 'NONE',  #838 ) ;
#1402 = VECTOR ( 'NONE', #376, 1000.000000000000000 ) ;
#1403 = ORIENTED_EDGE ( 'NONE', *, *, #83, .F. ) ;
#1404 = EDGE_CURVE ( 'NONE', #84, #26, #409, .T. ) ;
#1405 = ORIENTED_EDGE ( 'NONE', *, *, #534, .F. ) ;
#1406 = ORIENTED_EDGE ( 'NONE', *, *, #1814, .T. ) ;
#1407 = CYLINDRICAL_SURFACE ( 'NONE', #151, 1.749999999999994671 ) ;
#1408 = APPLICATION_CONTEXT ( 'automotive_design' ) ;
#1409 = FACE_OUTER_BOUND ( 'NONE', #1425, .T. ) ;
#1410 = DIRECTION ( 'NONE',  ( -1.000000000000000000, 0.000000000000000000, -5.236901059552619591E-16 ) ) ;
#1411 = AXIS2_PLACEMENT_3D ( 'NONE', #1211, #1957, #107 ) ;
#1412 = CARTESIAN_POINT ( 'NONE',  ( 6.310615989515079072, 30.00000000000000000, -6.750000000000000000 ) ) ;
#1413 = EDGE_LOOP ( 'NONE', ( #1331, #1383, #1704, #1568 ) ) ;
#1414 = CIRCLE ( 'NONE', #1744, 1.749999999999994671 ) ;
#1415 = EDGE_LOOP ( 'NONE', ( #1627, #1290, #1785, #277 ) ) ;
#1416 = ORIENTED_EDGE ( 'NONE', *, *, #1217, .F. ) ;
#1417 = PLANE ( 'NONE',  #243 ) ;
#1418 = LINE ( 'NONE', #1224, #1325 ) ;
#1419 = CIRCLE ( 'NONE', #1057, 1.749999999999994671 ) ;
#1420 = DIRECTION ( 'NONE',  ( 0.000000000000000000, 0.000000000000000000, -1.000000000000000000 ) ) ;
#1421 = DIRECTION ( 'NONE',  ( -0.000000000000000000, -1.000000000000000000, -0.000000000000000000 ) ) ;
#1422 = ORIENTED_EDGE ( 'NONE', *, *, #433, .F. ) ;
#1423 = VECTOR ( 'NONE', #22, 1000.000000000000000 ) ;
#1424 = EDGE_CURVE ( 'NONE', #1549, #1270, #935, .T. ) ;
#1425 = EDGE_LOOP ( 'NONE', ( #1898, #593, #517, #531 ) ) ;
#1426 = CARTESIAN_POINT ( 'NONE',  ( 75.31061598951508529, 0.000000000000000000, -38.25000000000019185 ) ) ;
#1427 = VECTOR ( 'NONE', #248, 1000.000000000000000 ) ;
#1428 = CARTESIAN_POINT ( 'NONE',  ( 96.31061598951507108, 0.000000000000000000, -6.749999999999966249 ) ) ;
#1429 = CARTESIAN_POINT ( 'NONE',  ( 1.310615989515077962, 2.000000000000000000, 0.000000000000000000 ) ) ;
#1430 = CARTESIAN_POINT ( 'NONE',  ( 18.56061598951508529, 2.000000000000000000, -38.25000000000000711 ) ) ;
#1431 = EDGE_LOOP ( 'NONE', ( #672, #909, #480, #1297 ) ) ;
#1432 = EDGE_CURVE ( 'NONE', #419, #1187, #968, .T. ) ;
#1433 = ORIENTED_EDGE ( 'NONE', *, *, #847, .T. ) ;
#1434 = ADVANCED_FACE ( 'NONE', ( #622, #1562, #1696, #1848, #1890, #1245, #457, #138, #1384, #464, #611, #958 ), #158, .F. ) ;
#1435 = DIRECTION ( 'NONE',  ( 0.000000000000000000, 0.000000000000000000, -1.000000000000000000 ) ) ;
#1436 = DIRECTION ( 'NONE',  ( 0.000000000000000000, 1.000000000000000000, 0.000000000000000000 ) ) ;
#1437 = ORIENTED_EDGE ( 'NONE', *, *, #916, .F. ) ;
#1438 = LINE ( 'NONE', #15, #1661 ) ;
#1439 = LINE ( 'NONE', #779, #49 ) ;
#1440 = EDGE_CURVE ( 'NONE', #1578, #173, #1254, .T. ) ;
#1441 = VECTOR ( 'NONE', #1812, 1000.000000000000000 ) ;
#1442 = ORIENTED_EDGE ( 'NONE', *, *, #657, .T. ) ;
#1443 = CARTESIAN_POINT ( 'NONE',  ( 8.060615989515078184, 2.000000000000000000, 0.000000000000000000 ) ) ;
#1444 = DIRECTION ( 'NONE',  ( -0.000000000000000000, -1.000000000000000000, -0.000000000000000000 ) ) ;
#1445 = EDGE_LOOP ( 'NONE', ( #1624, #1096, #1250, #768, #1406 ) ) ;
#1446 = ADVANCED_FACE ( 'NONE', ( #1079 ), #3, .F. ) ;
#1447 = CYLINDRICAL_SURFACE ( 'NONE', #1620, 15.00000000000000000 ) ;
#1448 = VERTEX_POINT ( 'NONE', #1069 ) ;
#1449 = DIRECTION ( 'NONE',  ( -0.000000000000000000, -1.000000000000000000, -0.000000000000000000 ) ) ;
#1450 = ORIENTED_EDGE ( 'NONE', *, *, #172, .T. ) ;
#1451 = AXIS2_PLACEMENT_3D ( 'NONE', #47, #370, #225 ) ;
#1452 = EDGE_LOOP ( 'NONE', ( #1442, #992, #1998, #1437 ) ) ;
#1453 = PLANE ( 'NONE',  #1026 ) ;
#1454 = FACE_OUTER_BOUND ( 'NONE', #1766, .T. ) ;
#1455 = LINE ( 'NONE', #50, #346 ) ;
#1456 = CARTESIAN_POINT ( 'NONE',  ( 73.56061598951505687, 2.000000000000001776, -11.75000000000013678 ) ) ;
#1457 = AXIS2_PLACEMENT_3D ( 'NONE', #1904, #962, #1865 ) ;
#1458 = ORIENTED_EDGE ( 'NONE', *, *, #563, .T. ) ;
#1459 = FACE_OUTER_BOUND ( 'NONE', #154, .T. ) ;
#1460 = ORIENTED_EDGE ( 'NONE', *, *, #1789, .F. ) ;
#1461 = ORIENTED_EDGE ( 'NONE', *, *, #1356, .T. ) ;
#1462 = DIRECTION ( 'NONE',  ( 0.000000000000000000, -1.000000000000000000, 0.000000000000000000 ) ) ;
#1463 = CARTESIAN_POINT ( 'NONE',  ( 51.31061598951508529, 2.000000000000000000, -24.99999999999998579 ) ) ;
#1464 = ORIENTED_EDGE ( 'NONE', *, *, #160, .F. ) ;
#1465 = AXIS2_PLACEMENT_3D ( 'NONE', #684, #1163, #1961 ) ;
#1466 = ADVANCED_FACE ( 'NONE', ( #1870 ), #1269, .F. ) ;
#1467 = VERTEX_POINT ( 'NONE', #1579 ) ;
#1468 = EDGE_CURVE ( 'NONE', #1549, #1078, #1687, .T. ) ;
#1469 = CARTESIAN_POINT ( 'NONE',  ( 51.31061598951508529, 52.00000000000000711, -9.999999999999989342 ) ) ;
#1470 = CARTESIAN_POINT ( 'NONE',  ( 6.310615989515079072, 0.000000000000000000, -46.75000000000000711 ) ) ;
#1471 = CARTESIAN_POINT ( 'NONE',  ( 89.31061598951505687, 30.00000000000000000, -11.75000000000000711 ) ) ;
#1472 = ORIENTED_EDGE ( 'NONE', *, *, #300, .F. ) ;
#1473 = EDGE_CURVE ( 'NONE', #359, #266, #2009, .T. ) ;
#1474 = VERTEX_POINT ( 'NONE', #1758 ) ;
#1475 = AXIS2_PLACEMENT_3D ( 'NONE', #1699, #1542, #1059 ) ;
#1476 = MECHANICAL_DESIGN_GEOMETRIC_PRESENTATION_REPRESENTATION (  '', ( #1730 ), #757 ) ;
#1477 = DIRECTION ( 'NONE',  ( -0.000000000000000000, -1.000000000000000000, -0.000000000000000000 ) ) ;
#1478 = ORIENTED_EDGE ( 'NONE', *, *, #194, .T. ) ;
#1479 = VERTEX_POINT ( 'NONE', #679 ) ;
#1480 = CARTESIAN_POINT ( 'NONE',  ( 51.31061598951508529, 2.000000000000000000, -24.99999999999998579 ) ) ;
#1481 = PLANE ( 'NONE',  #1152 ) ;
#1482 = CYLINDRICAL_SURFACE ( 'NONE', #682, 10.25000000000000178 ) ;
#1483 = PRODUCT ( '\X2\644450cf5934652f67b64e0b\X0\2', '\X2\644450cf5934652f67b64e0b\X0\2', '', ( #1849 ) ) ;
#1484 = VECTOR ( 'NONE', #1854, 1000.000000000000000 ) ;
#1485 = DIRECTION ( 'NONE',  ( 0.000000000000000000, 0.000000000000000000, -1.000000000000000000 ) ) ;
#1486 = ORIENTED_EDGE ( 'NONE', *, *, #1506, .T. ) ;
#1487 = CARTESIAN_POINT ( 'NONE',  ( 25.56061598951508884, 2.000000000000000000, 0.000000000000000000 ) ) ;
#1488 = DIRECTION ( 'NONE',  ( -0.000000000000000000, -0.000000000000000000, 1.000000000000000000 ) ) ;
#1489 = VECTOR ( 'NONE', #1650, 1000.000000000000000 ) ;
#1490 = VECTOR ( 'NONE', #784, 1000.000000000000000 ) ;
#1491 = CLOSED_SHELL ( 'NONE', ( #1737, #1653, #1702, #1952, #707, #823, #1892, #1466, #386, #1860, #202, #1021, #1279, #68, #1434, #1697, #1610, #812, #745, #1193, #1316, #1536, #1559, #770, #803, #928, #503, #1867, #828, #859, #1446, #594, #1188, #1597, #1377, #921, #493, #21, #1380, #1014, #716, #1080, #1765, #297, #253, #1281, #678, #897, #1670, #1166, #1146, #348, #1295, #445, #1804, #1583, #655, #379, #1010, #1386 ) ) ;
#1492 = DIRECTION ( 'NONE',  ( 0.000000000000000000, 0.000000000000000000, 1.000000000000000000 ) ) ;
#1493 = DIRECTION ( 'NONE',  ( -1.000000000000000000, 0.000000000000000000, 0.000000000000000000 ) ) ;
#1494 = DIRECTION ( 'NONE',  ( -0.000000000000000000, -1.000000000000000000, -0.000000000000000000 ) ) ;
#1495 = AXIS2_PLACEMENT_3D ( 'NONE', #1232, #136, #1846 ) ;
#1496 = AXIS2_PLACEMENT_3D ( 'NONE', #989, #1800, #73 ) ;
#1497 = EDGE_CURVE ( 'NONE', #1539, #1075, #605, .T. ) ;
#1498 = FACE_OUTER_BOUND ( 'NONE', #1285, .T. ) ;
#1499 = EDGE_CURVE ( 'NONE', #609, #165, #216, .T. ) ;
#1500 = ORIENTED_EDGE ( 'NONE', *, *, #2025, .F. ) ;
#1501 = CARTESIAN_POINT ( 'NONE',  ( 6.310615989515079072, 30.00000000000000000, -43.25000000000000711 ) ) ;
#1502 = PLANE ( 'NONE',  #789 ) ;
#1503 = LINE ( 'NONE', #387, #1513 ) ;
#1504 = CARTESIAN_POINT ( 'NONE',  ( 51.31061598951508529, 2.000000000000001776, -39.99999999999998579 ) ) ;
#1505 = DIRECTION ( 'NONE',  ( 0.000000000000000000, -1.000000000000000000, 0.000000000000000000 ) ) ;
#1506 = EDGE_CURVE ( 'NONE', #729, #1076, #841, .T. ) ;
#1507 = CARTESIAN_POINT ( 'NONE',  ( 80.56061598951507108, 30.00000000000000000, -11.75000000000008704 ) ) ;
#1508 = CARTESIAN_POINT ( 'NONE',  ( 77.06061598951504266, 0.000000000000000000, -11.75000000000013323 ) ) ;
#1509 = DIRECTION ( 'NONE',  ( 5.236901059552619591E-16, 0.000000000000000000, -1.000000000000000000 ) ) ;
#1510 = FACE_BOUND ( 'NONE', #1267, .T. ) ;
#1511 = EDGE_CURVE ( 'NONE', #1539, #84, #1288, .T. ) ;
#1512 = DIRECTION ( 'NONE',  ( -0.000000000000000000, -1.000000000000000000, -0.000000000000000000 ) ) ;
#1513 = VECTOR ( 'NONE', #845, 1000.000000000000000 ) ;
#1514 = CARTESIAN_POINT ( 'NONE',  ( 4.560615989515084401, 30.00000000000000000, -38.25000000000000711 ) ) ;
#1515 = DIRECTION ( 'NONE',  ( -0.000000000000000000, -1.000000000000000000, -0.000000000000000000 ) ) ;
#1516 = LINE ( 'NONE', #1507, #2003 ) ;
#1517 = ORIENTED_EDGE ( 'NONE', *, *, #465, .T. ) ;
#1518 = ORIENTED_EDGE ( 'NONE', *, *, #1954, .F. ) ;
#1519 = CARTESIAN_POINT ( 'NONE',  ( 25.56061598951508884, 0.000000000000000000, -11.74999999999999645 ) ) ;
#1520 = CARTESIAN_POINT ( 'NONE',  ( 96.31061598951508529, 30.00000000000000000, -38.25000000000004974 ) ) ;
#1521 = VECTOR ( 'NONE', #38, 1000.000000000000000 ) ;
#1522 = DIRECTION ( 'NONE',  ( -5.236901059552619591E-16, 0.000000000000000000, 1.000000000000000000 ) ) ;
#1523 = DIRECTION ( 'NONE',  ( 0.000000000000000000, 0.000000000000000000, -1.000000000000000000 ) ) ;
#1524 = FACE_BOUND ( 'NONE', #1815, .T. ) ;
#1525 = CARTESIAN_POINT ( 'NONE',  ( 15.06061598951507641, 0.000000000000000000, -38.25000000000000711 ) ) ;
#1526 = VERTEX_POINT ( 'NONE', #560 ) ;
#1527 = VECTOR ( 'NONE', #961, 1000.000000000000000 ) ;
#1528 = EDGE_LOOP ( 'NONE', ( #645, #699, #1461, #1361 ) ) ;
#1529 = CARTESIAN_POINT ( 'NONE',  ( 98.06061598951504266, 2.000000000000000000, 5.135337437758738417E-14 ) ) ;
#1530 = EDGE_LOOP ( 'NONE', ( #1889, #1602, #1460, #131 ) ) ;
#1531 = DIRECTION ( 'NONE',  ( 0.000000000000000000, 0.000000000000000000, -1.000000000000000000 ) ) ;
#1532 = EDGE_CURVE ( 'NONE', #1723, #609, #998, .T. ) ;
#1533 = CARTESIAN_POINT ( 'NONE',  ( 29.06061598951507818, 2.000000000000001776, -11.75000000000000000 ) ) ;
#1534 = EDGE_CURVE ( 'NONE', #124, #147, #688, .T. ) ;
#1535 = DIRECTION ( 'NONE',  ( -0.000000000000000000, -1.000000000000000000, -0.000000000000000000 ) ) ;
#1536 = ADVANCED_FACE ( 'NONE', ( #353 ), #1931, .F. ) ;
#1537 = ORIENTED_EDGE ( 'NONE', *, *, #1910, .F. ) ;
#1538 = CARTESIAN_POINT ( 'NONE',  ( 96.31061598951507108, 30.00000000000000000, -6.749999999999966249 ) ) ;
#1539 = VERTEX_POINT ( 'NONE', #492 ) ;
#1540 = DIRECTION ( 'NONE',  ( 0.000000000000000000, -1.000000000000000000, 0.000000000000000000 ) ) ;
#1541 = DIRECTION ( 'NONE',  ( 0.000000000000000000, -1.000000000000000000, 0.000000000000000000 ) ) ;
#1542 = DIRECTION ( 'NONE',  ( -1.000000000000000000, 0.000000000000000000, -5.236901059552619591E-16 ) ) ;
#1543 = AXIS2_PLACEMENT_3D ( 'NONE', #1656, #877, #887 ) ;
#1544 = VECTOR ( 'NONE', #652, 1000.000000000000000 ) ;
#1545 = DIRECTION ( 'NONE',  ( 0.000000000000000000, 0.000000000000000000, 1.000000000000000000 ) ) ;
#1546 = ORIENTED_EDGE ( 'NONE', *, *, #555, .T. ) ;
#1547 = ORIENTED_EDGE ( 'NONE', *, *, #1851, .T. ) ;
#1548 = LINE ( 'NONE', #1529, #349 ) ;
#1549 = VERTEX_POINT ( 'NONE', #29 ) ;
#1550 = CARTESIAN_POINT ( 'NONE',  ( 20.31061598951507818, 30.00000000000000000, -38.25000000000000711 ) ) ;
#1551 = CARTESIAN_POINT ( 'NONE',  ( 75.31061598951507108, 2.000000000000001776, -11.75000000000010658 ) ) ;
#1552 = LINE ( 'NONE', #732, #1375 ) ;
#1553 = VECTOR ( 'NONE', #938, 1000.000000000000000 ) ;
#1554 = EDGE_CURVE ( 'NONE', #737, #392, #869, .T. ) ;
#1555 = VECTOR ( 'NONE', #1512, 1000.000000000000000 ) ;
#1556 = LINE ( 'NONE', #1102, #482 ) ;
#1557 = VERTEX_POINT ( 'NONE', #967 ) ;
#1558 = ORIENTED_EDGE ( 'NONE', *, *, #1791, .F. ) ;
#1559 = ADVANCED_FACE ( 'NONE', ( #371 ), #1118, .F. ) ;
#1560 = VECTOR ( 'NONE', #1421, 1000.000000000000000 ) ;
#1561 = ORIENTED_EDGE ( 'NONE', *, *, #1369, .T. ) ;
#1562 = FACE_BOUND ( 'NONE', #1924, .T. ) ;
#1563 = CYLINDRICAL_SURFACE ( 'NONE', #435, 10.25000000000000178 ) ;
#1564 = DIRECTION ( 'NONE',  ( 0.000000000000000000, 0.000000000000000000, -1.000000000000000000 ) ) ;
#1565 = FACE_OUTER_BOUND ( 'NONE', #1452, .T. ) ;
#1566 = DIRECTION ( 'NONE',  ( 0.000000000000000000, -1.000000000000000000, 0.000000000000000000 ) ) ;
#1567 = CIRCLE ( 'NONE', #1465, 1.749999999999987566 ) ;
#1568 = ORIENTED_EDGE ( 'NONE', *, *, #1342, .F. ) ;
#1569 = ORIENTED_EDGE ( 'NONE', *, *, #806, .T. ) ;
#1570 = VERTEX_POINT ( 'NONE', #995 ) ;
#1571 = CARTESIAN_POINT ( 'NONE',  ( 96.31061598951508529, 30.00000000000000000, -45.00000000000003553 ) ) ;
#1572 = CARTESIAN_POINT ( 'NONE',  ( 1.310615989515077962, 0.000000000000000000, 0.000000000000000000 ) ) ;
#1573 = DIRECTION ( 'NONE',  ( 0.000000000000000000, 0.000000000000000000, -1.000000000000000000 ) ) ;
#1574 = EDGE_CURVE ( 'NONE', #658, #1260, #1736, .T. ) ;
#1575 = CARTESIAN_POINT ( 'NONE',  ( 84.06061598951507108, 2.000000000000001776, -38.25000000000011369 ) ) ;
#1576 = ORIENTED_EDGE ( 'NONE', *, *, #600, .T. ) ;
#1577 = VERTEX_POINT ( 'NONE', #255 ) ;
#1578 = VERTEX_POINT ( 'NONE', #505 ) ;
#1579 = CARTESIAN_POINT ( 'NONE',  ( 20.31061598951507818, 0.000000000000000000, -40.00000000000000000 ) ) ;
#1580 = DIRECTION ( 'NONE',  ( 0.000000000000000000, -1.000000000000000000, 0.000000000000000000 ) ) ;
#1581 = AXIS2_PLACEMENT_3D ( 'NONE', #1357, #1681, #1545 ) ;
#1582 = CARTESIAN_POINT ( 'NONE',  ( 51.31061598951508529, 52.00000000000000711, -24.99999999999998579 ) ) ;
#1583 = ADVANCED_FACE ( 'NONE', ( #1616 ), #1185, .F. ) ;
#1584 = CARTESIAN_POINT ( 'NONE',  ( 82.31061598951508529, 0.000000000000000000, -38.25000000000014211 ) ) ;
#1585 = ORIENTED_EDGE ( 'NONE', *, *, #858, .F. ) ;
#1586 = VECTOR ( 'NONE', #820, 1000.000000000000000 ) ;
#1587 = CIRCLE ( 'NONE', #607, 1.749999999999999778 ) ;
#1588 = VECTOR ( 'NONE', #1024, 1000.000000000000000 ) ;
#1589 = ORIENTED_EDGE ( 'NONE', *, *, #439, .T. ) ;
#1590 = FACE_OUTER_BOUND ( 'NONE', #1244, .T. ) ;
#1591 = VECTOR ( 'NONE', #1956, 1000.000000000000000 ) ;
#1592 = ORIENTED_EDGE ( 'NONE', *, *, #75, .T. ) ;
#1593 = EDGE_CURVE ( 'NONE', #1672, #617, #408, .T. ) ;
#1594 = CARTESIAN_POINT ( 'NONE',  ( 89.31061598951507108, 2.000000000000001776, -38.25000000000009948 ) ) ;
#1595 = CARTESIAN_POINT ( 'NONE',  ( 94.56061598951508529, 30.00000000000000000, -38.25000000000002132 ) ) ;
#1596 = EDGE_LOOP ( 'NONE', ( #1546, #1261, #1119, #1927 ) ) ;
#1597 = ADVANCED_FACE ( 'NONE', ( #1454 ), #1126, .F. ) ;
#1598 = CARTESIAN_POINT ( 'NONE',  ( 51.31061598951508529, 52.00000000000000711, -24.99999999999998579 ) ) ;
#1599 = CARTESIAN_POINT ( 'NONE',  ( 25.56061598951508884, 30.00000000000000000, -11.74999999999999645 ) ) ;
#1600 = ORIENTED_EDGE ( 'NONE', *, *, #1679, .F. ) ;
#1601 = DIRECTION ( 'NONE',  ( 0.000000000000000000, -1.000000000000000000, 0.000000000000000000 ) ) ;
#1602 = ORIENTED_EDGE ( 'NONE', *, *, #1675, .F. ) ;
#1603 = DIRECTION ( 'NONE',  ( -0.000000000000000000, -1.000000000000000000, -0.000000000000000000 ) ) ;
#1604 = ORIENTED_EDGE ( 'NONE', *, *, #420, .T. ) ;
#1605 = CARTESIAN_POINT ( 'NONE',  ( 84.06061598951507108, 30.00000000000000000, -38.25000000000011369 ) ) ;
#1606 = CARTESIAN_POINT ( 'NONE',  ( 82.31061598951508529, 30.00000000000000000, -38.25000000000014211 ) ) ;
#1607 = AXIS2_PLACEMENT_3D ( 'NONE', #1974, #410, #860 ) ;
#1608 = ORIENTED_EDGE ( 'NONE', *, *, #35, .T. ) ;
#1609 = DIRECTION ( 'NONE',  ( 0.000000000000000000, 0.000000000000000000, -1.000000000000000000 ) ) ;
#1610 = ADVANCED_FACE ( 'NONE', ( #1590, #1138 ), #188, .T. ) ;
#1611 = ORIENTED_EDGE ( 'NONE', *, *, #1554, .T. ) ;
#1612 = AXIS2_PLACEMENT_3D ( 'NONE', #2023, #624, #117 ) ;
#1613 = ORIENTED_EDGE ( 'NONE', *, *, #1473, .T. ) ;
#1614 = VECTOR ( 'NONE', #978, 1000.000000000000000 ) ;
#1615 = DIRECTION ( 'NONE',  ( 0.000000000000000000, -1.000000000000000000, 0.000000000000000000 ) ) ;
#1616 = FACE_OUTER_BOUND ( 'NONE', #46, .T. ) ;
#1617 = ORIENTED_EDGE ( 'NONE', *, *, #1141, .F. ) ;
#1618 = ORIENTED_EDGE ( 'NONE', *, *, #983, .T. ) ;
#1619 = DIRECTION ( 'NONE',  ( 0.000000000000000000, -1.000000000000000000, 0.000000000000000000 ) ) ;
#1620 = AXIS2_PLACEMENT_3D ( 'NONE', #1582, #498, #1902 ) ;
#1621 = VECTOR ( 'NONE', #653, 1000.000000000000000 ) ;
#1622 = CARTESIAN_POINT ( 'NONE',  ( 89.31061598951507108, 2.000000000000001776, -38.25000000000009948 ) ) ;
#1623 = EDGE_LOOP ( 'NONE', ( #2016, #1901, #1381, #1660 ) ) ;
#1624 = ORIENTED_EDGE ( 'NONE', *, *, #948, .T. ) ;
#1625 = CARTESIAN_POINT ( 'NONE',  ( 8.060615989515078184, 30.00000000000000000, -11.75000000000000000 ) ) ;
#1626 = ORIENTED_EDGE ( 'NONE', *, *, #1222, .T. ) ;
#1627 = ORIENTED_EDGE ( 'NONE', *, *, #618, .F. ) ;
#1628 = DIRECTION ( 'NONE',  ( 0.000000000000000000, 0.000000000000000000, 1.000000000000000000 ) ) ;
#1629 = PLANE ( 'NONE',  #944 ) ;
#1630 = AXIS2_PLACEMENT_3D ( 'NONE', #1082, #754, #1247 ) ;
#1631 = DIRECTION ( 'NONE',  ( 0.000000000000000000, 0.000000000000000000, -1.000000000000000000 ) ) ;
#1632 = ORIENTED_EDGE ( 'NONE', *, *, #360, .T. ) ;
#1633 = CARTESIAN_POINT ( 'NONE',  ( 80.56061598951507108, 0.000000000000000000, -11.75000000000008704 ) ) ;
#1634 = CARTESIAN_POINT ( 'NONE',  ( 1.310615989515077962, 2.000000000000000000, 0.000000000000000000 ) ) ;
#1635 = LINE ( 'NONE', #1314, #646 ) ;
#1636 = CARTESIAN_POINT ( 'NONE',  ( 89.31061598951507108, 0.000000000000000000, -38.25000000000009948 ) ) ;
#1637 = FACE_OUTER_BOUND ( 'NONE', #1095, .T. ) ;
#1638 = EDGE_CURVE ( 'NONE', #338, #1, #746, .T. ) ;
#1639 = EDGE_CURVE ( 'NONE', #1108, #799, #1214, .T. ) ;
#1640 = DIRECTION ( 'NONE',  ( 1.000000000000000000, -0.000000000000000000, 0.000000000000000000 ) ) ;
#1641 = ORIENTED_EDGE ( 'NONE', *, *, #1217, .T. ) ;
#1642 = CARTESIAN_POINT ( 'NONE',  ( 51.31061598951508529, 2.000000000000001776, -24.99999999999998579 ) ) ;
#1643 = FACE_OUTER_BOUND ( 'NONE', #330, .T. ) ;
#1644 = AXIS2_PLACEMENT_3D ( 'NONE', #876, #528, #1154 ) ;
#1645 = AXIS2_PLACEMENT_3D ( 'NONE', #23, #802, #169 ) ;
#1646 = LINE ( 'NONE', #1153, #252 ) ;
#1647 = DIRECTION ( 'NONE',  ( 0.000000000000000000, 0.000000000000000000, 1.000000000000000000 ) ) ;
#1648 = EDGE_CURVE ( 'NONE', #964, #1216, #286, .T. ) ;
#1649 = CARTESIAN_POINT ( 'NONE',  ( 27.31061598951507818, 30.00000000000000000, -11.75000000000000000 ) ) ;
#1650 = DIRECTION ( 'NONE',  ( 1.000000000000000000, 0.000000000000000000, 3.083952846180990774E-16 ) ) ;
#1651 = CYLINDRICAL_SURFACE ( 'NONE', #203, 1.749999999999994671 ) ;
#1652 = ORIENTED_EDGE ( 'NONE', *, *, #563, .F. ) ;
#1653 = ADVANCED_FACE ( 'NONE', ( #111 ), #589, .F. ) ;
#1654 = CARTESIAN_POINT ( 'NONE',  ( 96.31061598951508529, 0.000000000000000000, -45.00000000000003553 ) ) ;
#1655 = LINE ( 'NONE', #558, #440 ) ;
#1656 = CARTESIAN_POINT ( 'NONE',  ( 51.31061598951508529, 52.00000000000000711, -24.99999999999998579 ) ) ;
#1657 = DIRECTION ( 'NONE',  ( -0.000000000000000000, -1.000000000000000000, -0.000000000000000000 ) ) ;
#1658 = DIRECTION ( 'NONE',  ( 5.236901059552619591E-16, 0.000000000000000000, -1.000000000000000000 ) ) ;
#1659 = ORIENTED_EDGE ( 'NONE', *, *, #472, .T. ) ;
#1660 = ORIENTED_EDGE ( 'NONE', *, *, #1318, .T. ) ;
#1661 = VECTOR ( 'NONE', #327, 1000.000000000000000 ) ;
#1662 = DIRECTION ( 'NONE',  ( 1.000000000000000000, 0.000000000000000000, -0.000000000000000000 ) ) ;
#1663 =( LENGTH_UNIT ( ) NAMED_UNIT ( * ) SI_UNIT ( .MILLI., .METRE. ) );
#1664 = EDGE_CURVE ( 'NONE', #189, #790, #1970, .T. ) ;
#1665 = CARTESIAN_POINT ( 'NONE',  ( 80.56061598951508529, 0.000000000000000000, -38.25000000000011369 ) ) ;
#1666 = CARTESIAN_POINT ( 'NONE',  ( 20.31061598951507818, 2.000000000000001776, -38.25000000000000711 ) ) ;
#1667 = FACE_OUTER_BOUND ( 'NONE', #953, .T. ) ;
#1668 = DIRECTION ( 'NONE',  ( 0.000000000000000000, 1.000000000000000000, 0.000000000000000000 ) ) ;
#1669 = EDGE_LOOP ( 'NONE', ( #67, #1589, #1738, #211 ) ) ;
#1670 = ADVANCED_FACE ( 'NONE', ( #1667 ), #1830, .F. ) ;
#1671 = AXIS2_PLACEMENT_3D ( 'NONE', #591, #298, #1658 ) ;
#1672 = VERTEX_POINT ( 'NONE', #1060 ) ;
#1673 = CARTESIAN_POINT ( 'NONE',  ( 91.06061598951504266, 0.000000000000000000, -11.75000000000003553 ) ) ;
#1674 = ORIENTED_EDGE ( 'NONE', *, *, #1106, .T. ) ;
#1675 = EDGE_CURVE ( 'NONE', #462, #1260, #1821, .T. ) ;
#1676 = CYLINDRICAL_SURFACE ( 'NONE', #691, 1.749999999999994671 ) ;
#1677 = AXIS2_PLACEMENT_3D ( 'NONE', #1463, #1768, #986 ) ;
#1678 = PLANE ( 'NONE',  #1475 ) ;
#1679 = EDGE_CURVE ( 'NONE', #509, #1280, #416, .T. ) ;
#1680 = CARTESIAN_POINT ( 'NONE',  ( 11.56061598951508707, 30.00000000000000000, -11.74999999999999645 ) ) ;
#1681 = DIRECTION ( 'NONE',  ( 0.000000000000000000, -1.000000000000000000, 0.000000000000000000 ) ) ;
#1682 = VERTEX_POINT ( 'NONE', #888 ) ;
#1683 = CIRCLE ( 'NONE', #805, 1.749999999999994671 ) ;
#1684 = ORIENTED_EDGE ( 'NONE', *, *, #382, .F. ) ;
#1685 = DIRECTION ( 'NONE',  ( 0.000000000000000000, -1.000000000000000000, 0.000000000000000000 ) ) ;
#1686 = EDGE_LOOP ( 'NONE', ( #573, #1701 ) ) ;
#1687 = LINE ( 'NONE', #912, #1777 ) ;
#1688 = DIRECTION ( 'NONE',  ( 1.000000000000000000, 0.000000000000000000, 0.000000000000000000 ) ) ;
#1689 = DIRECTION ( 'NONE',  ( -0.000000000000000000, -1.000000000000000000, -0.000000000000000000 ) ) ;
#1690 = DIRECTION ( 'NONE',  ( -0.000000000000000000, -1.000000000000000000, -0.000000000000000000 ) ) ;
#1691 = DIRECTION ( 'NONE',  ( 0.000000000000000000, -1.000000000000000000, 0.000000000000000000 ) ) ;
#1692 = ORIENTED_EDGE ( 'NONE', *, *, #1853, .T. ) ;
#1693 = VERTEX_POINT ( 'NONE', #275 ) ;
#1694 = CARTESIAN_POINT ( 'NONE',  ( 89.31061598951505687, 2.000000000000001776, -11.75000000000000711 ) ) ;
#1695 = ORIENTED_EDGE ( 'NONE', *, *, #372, .F. ) ;
#1696 = FACE_BOUND ( 'NONE', #562, .T. ) ;
#1697 = ADVANCED_FACE ( 'NONE', ( #898, #1524, #121, #883, #1510, #1221, #740, #1978, #1837, #1200, #720 ), #1502, .T. ) ;
#1698 = DIRECTION ( 'NONE',  ( 0.000000000000000000, 0.000000000000000000, -1.000000000000000000 ) ) ;
#1699 = CARTESIAN_POINT ( 'NONE',  ( 94.56061598951507108, 30.00000000000000000, -11.74999999999998934 ) ) ;
#1700 = DIRECTION ( 'NONE',  ( 0.000000000000000000, 0.000000000000000000, -1.000000000000000000 ) ) ;
#1701 = ORIENTED_EDGE ( 'NONE', *, *, #39, .F. ) ;
#1702 = ADVANCED_FACE ( 'NONE', ( #1643 ), #260, .F. ) ;
#1703 = EDGE_LOOP ( 'NONE', ( #970, #354, #1558, #1885 ) ) ;
#1704 = ORIENTED_EDGE ( 'NONE', *, *, #407, .T. ) ;
#1705 = CARTESIAN_POINT ( 'NONE',  ( 0.000000000000000000, 2.000000000000000000, 0.000000000000000000 ) ) ;
#1706 = DIRECTION ( 'NONE',  ( 0.000000000000000000, 0.000000000000000000, -1.000000000000000000 ) ) ;
#1707 = LINE ( 'NONE', #906, #1553 ) ;
#1708 = CIRCLE ( 'NONE', #1352, 1.749999999999987566 ) ;
#1709 = CARTESIAN_POINT ( 'NONE',  ( 75.31061598951508529, 30.00000000000000000, -38.25000000000019185 ) ) ;
#1710 = LINE ( 'NONE', #1875, #1360 ) ;
#1711 = ORIENTED_EDGE ( 'NONE', *, *, #271, .T. ) ;
#1712 = ORIENTED_EDGE ( 'NONE', *, *, #1104, .F. ) ;
#1713 = AXIS2_PLACEMENT_3D ( 'NONE', #229, #566, #1688 ) ;
#1714 = CIRCLE ( 'NONE', #939, 1.749999999999999778 ) ;
#1715 = ORIENTED_EDGE ( 'NONE', *, *, #1385, .F. ) ;
#1716 = LINE ( 'NONE', #148, #342 ) ;
#1717 = EDGE_CURVE ( 'NONE', #165, #419, #270, .T. ) ;
#1718 = DIRECTION ( 'NONE',  ( -0.000000000000000000, -0.000000000000000000, 1.000000000000000000 ) ) ;
#1719 = DIRECTION ( 'NONE',  ( 0.000000000000000000, 0.000000000000000000, -1.000000000000000000 ) ) ;
#1720 = DIRECTION ( 'NONE',  ( 0.000000000000000000, -1.000000000000000000, 0.000000000000000000 ) ) ;
#1721 = VECTOR ( 'NONE', #559, 1000.000000000000000 ) ;
#1722 = ORIENTED_EDGE ( 'NONE', *, *, #172, .F. ) ;
#1723 = VERTEX_POINT ( 'NONE', #238 ) ;
#1724 = ORIENTED_EDGE ( 'NONE', *, *, #78, .F. ) ;
#1725 = ORIENTED_EDGE ( 'NONE', *, *, #1742, .T. ) ;
#1726 = DIRECTION ( 'NONE',  ( -0.000000000000000000, -1.000000000000000000, -0.000000000000000000 ) ) ;
#1727 = FACE_OUTER_BOUND ( 'NONE', #1669, .T. ) ;
#1728 = EDGE_CURVE ( 'NONE', #462, #761, #1180, .T. ) ;
#1729 = LINE ( 'NONE', #336, #1527 ) ;
#1730 = STYLED_ITEM ( 'NONE', ( #875 ), #1762 ) ;
#1731 = DIRECTION ( 'NONE',  ( 0.000000000000000000, -1.000000000000000000, 0.000000000000000000 ) ) ;
#1732 = ORIENTED_EDGE ( 'NONE', *, *, #2010, .T. ) ;
#1733 = ORIENTED_EDGE ( 'NONE', *, *, #451, .F. ) ;
#1734 = ORIENTED_EDGE ( 'NONE', *, *, #1593, .T. ) ;
#1735 = EDGE_CURVE ( 'NONE', #1078, #344, #954, .T. ) ;
#1736 = LINE ( 'NONE', #340, #1521 ) ;
#1737 = ADVANCED_FACE ( 'NONE', ( #1025 ), #1341, .F. ) ;
#1738 = ORIENTED_EDGE ( 'NONE', *, *, #847, .F. ) ;
#1739 = CIRCLE ( 'NONE', #1936, 1.749999999999987566 ) ;
#1740 = CARTESIAN_POINT ( 'NONE',  ( 94.56061598951508529, 0.000000000000000000, -38.25000000000002132 ) ) ;
#1741 = CARTESIAN_POINT ( 'NONE',  ( 87.56061598951505687, 30.00000000000000000, -11.75000000000003908 ) ) ;
#1742 = EDGE_CURVE ( 'NONE', #101, #1526, #628, .T. ) ;
#1743 = EDGE_CURVE ( 'NONE', #1526, #535, #1364, .T. ) ;
#1744 = AXIS2_PLACEMENT_3D ( 'NONE', #1968, #1028, #539 ) ;
#1745 = CIRCLE ( 'NONE', #182, 1.749999999999994671 ) ;
#1746 = ORIENTED_EDGE ( 'NONE', *, *, #1342, .T. ) ;
#1747 = DIRECTION ( 'NONE',  ( 0.000000000000000000, 0.000000000000000000, -1.000000000000000000 ) ) ;
#1748 = CARTESIAN_POINT ( 'NONE',  ( 22.06061598951507463, 30.00000000000000000, -11.75000000000000000 ) ) ;
#1749 = AXIS2_PLACEMENT_3D ( 'NONE', #1807, #412, #1036 ) ;
#1750 = VERTEX_POINT ( 'NONE', #249 ) ;
#1751 = CIRCLE ( 'NONE', #905, 10.25000000000000000 ) ;
#1752 = PLANE ( 'NONE',  #320 ) ;
#1753 = ORIENTED_EDGE ( 'NONE', *, *, #1915, .F. ) ;
#1754 = DIRECTION ( 'NONE',  ( 0.000000000000000000, 0.000000000000000000, 1.000000000000000000 ) ) ;
#1755 = AXIS2_PLACEMENT_3D ( 'NONE', #201, #44, #222 ) ;
#1756 = ORIENTED_EDGE ( 'NONE', *, *, #1369, .F. ) ;
#1757 = LINE ( 'NONE', #1930, #1805 ) ;
#1758 = CARTESIAN_POINT ( 'NONE',  ( 15.06061598951507641, 2.000000000000001776, -11.75000000000000000 ) ) ;
#1759 = ORIENTED_EDGE ( 'NONE', *, *, #284, .T. ) ;
#1760 = EDGE_CURVE ( 'NONE', #1834, #57, #422, .T. ) ;
#1761 = LINE ( 'NONE', #713, #514 ) ;
#1762 = MANIFOLD_SOLID_BREP ( 'ÇÐ³ý-À­Éì1', #1491 ) ;
#1763 = CYLINDRICAL_SURFACE ( 'NONE', #520, 1.749999999999987566 ) ;
#1764 = ORIENTED_EDGE ( 'NONE', *, *, #556, .F. ) ;
#1765 = ADVANCED_FACE ( 'NONE', ( #1373 ), #1676, .F. ) ;
#1766 = EDGE_LOOP ( 'NONE', ( #166, #1711, #1159, #1006 ) ) ;
#1767 = CARTESIAN_POINT ( 'NONE',  ( 96.31061598951508529, 0.000000000000000000, -38.25000000000004974 ) ) ;
#1768 = DIRECTION ( 'NONE',  ( 0.000000000000000000, 1.000000000000000000, 0.000000000000000000 ) ) ;
#1769 = VECTOR ( 'NONE', #63, 1000.000000000000000 ) ;
#1770 = ORIENTED_EDGE ( 'NONE', *, *, #1323, .F. ) ;
#1771 = EDGE_LOOP ( 'NONE', ( #892, #1796, #523, #291 ) ) ;
#1772 = DIRECTION ( 'NONE',  ( 0.000000000000000000, 0.000000000000000000, 1.000000000000000000 ) ) ;
#1773 = CARTESIAN_POINT ( 'NONE',  ( 6.310615989515079072, 0.000000000000000000, -11.75000000000000000 ) ) ;
#1774 = CARTESIAN_POINT ( 'NONE',  ( 4.560615989515088842, 0.000000000000000000, -11.74999999999999645 ) ) ;
#1775 = VERTEX_POINT ( 'NONE', #1740 ) ;
#1776 = ORIENTED_EDGE ( 'NONE', *, *, #39, .T. ) ;
#1777 = VECTOR ( 'NONE', #305, 1000.000000000000000 ) ;
#1778 = DIRECTION ( 'NONE',  ( 0.000000000000000000, 0.000000000000000000, 1.000000000000000000 ) ) ;
#1779 = ORIENTED_EDGE ( 'NONE', *, *, #497, .F. ) ;
#1780 = ORIENTED_EDGE ( 'NONE', *, *, #1497, .F. ) ;
#1781 = EDGE_CURVE ( 'NONE', #799, #429, #1274, .T. ) ;
#1782 = AXIS2_PLACEMENT_3D ( 'NONE', #893, #1362, #1189 ) ;
#1783 = CARTESIAN_POINT ( 'NONE',  ( 73.56061598951505687, 2.000000000000000000, 3.852296678168347520E-14 ) ) ;
#1784 = DIRECTION ( 'NONE',  ( 0.000000000000000000, -1.000000000000000000, 0.000000000000000000 ) ) ;
#1785 = ORIENTED_EDGE ( 'NONE', *, *, #512, .T. ) ;
#1786 = ORIENTED_EDGE ( 'NONE', *, *, #85, .F. ) ;
#1787 = CARTESIAN_POINT ( 'NONE',  ( 1.310615989515077962, 2.000000000000000000, 0.000000000000000000 ) ) ;
#1788 = CARTESIAN_POINT ( 'NONE',  ( 84.06061598951504266, 0.000000000000000000, -11.75000000000008349 ) ) ;
#1789 = EDGE_CURVE ( 'NONE', #323, #462, #1248, .T. ) ;
#1790 = DIRECTION ( 'NONE',  ( 0.000000000000000000, 1.000000000000000000, 0.000000000000000000 ) ) ;
#1791 = EDGE_CURVE ( 'NONE', #57, #997, #356, .T. ) ;
#1792 = CARTESIAN_POINT ( 'NONE',  ( 6.310615989515079072, 30.00000000000000000, -3.250000000000000444 ) ) ;
#1793 = DIRECTION ( 'NONE',  ( 0.000000000000000000, -1.000000000000000000, 0.000000000000000000 ) ) ;
#1794 = VECTOR ( 'NONE', #733, 1000.000000000000000 ) ;
#1795 = CARTESIAN_POINT ( 'NONE',  ( 51.31061598951508529, 52.00000000000000711, -24.99999999999998579 ) ) ;
#1796 = ORIENTED_EDGE ( 'NONE', *, *, #1085, .T. ) ;
#1797 = EDGE_CURVE ( 'NONE', #2008, #815, #785, .T. ) ;
#1798 = LINE ( 'NONE', #237, #1067 ) ;
#1799 = DIRECTION ( 'NONE',  ( 0.000000000000000000, -1.000000000000000000, 0.000000000000000000 ) ) ;
#1800 = DIRECTION ( 'NONE',  ( 0.000000000000000000, -1.000000000000000000, 0.000000000000000000 ) ) ;
#1801 = CARTESIAN_POINT ( 'NONE',  ( 1.310615989515077962, 0.000000000000000000, -50.00000000000000000 ) ) ;
#1802 = PLANE ( 'NONE',  #333 ) ;
#1803 = DIRECTION ( 'NONE',  ( -0.000000000000000000, -1.000000000000000000, -0.000000000000000000 ) ) ;
#1804 = ADVANCED_FACE ( 'NONE', ( #1092 ), #469, .F. ) ;
#1805 = VECTOR ( 'NONE', #215, 1000.000000000000000 ) ;
#1806 = CARTESIAN_POINT ( 'NONE',  ( 8.060615989515078184, 2.000000000000001776, -11.75000000000000000 ) ) ;
#1807 = CARTESIAN_POINT ( 'NONE',  ( 82.31061598951508529, 2.000000000000001776, -38.25000000000014211 ) ) ;
#1808 = AXIS2_PLACEMENT_3D ( 'NONE', #1109, #476, #332 ) ;
#1809 = DIRECTION ( 'NONE',  ( -0.000000000000000000, -1.000000000000000000, -0.000000000000000000 ) ) ;
#1810 = DIRECTION ( 'NONE',  ( -0.000000000000000000, -1.000000000000000000, -0.000000000000000000 ) ) ;
#1811 = AXIS2_PLACEMENT_3D ( 'NONE', #17, #626, #665 ) ;
#1812 = DIRECTION ( 'NONE',  ( -0.000000000000000000, -1.000000000000000000, -0.000000000000000000 ) ) ;
#1813 = CARTESIAN_POINT ( 'NONE',  ( 101.3106159895150853, 2.000000000000000000, -50.00000000000000000 ) ) ;
#1814 = EDGE_CURVE ( 'NONE', #2, #781, #919, .T. ) ;
#1815 = EDGE_LOOP ( 'NONE', ( #2018, #1715, #471, #304, #798 ) ) ;
#1816 = DIRECTION ( 'NONE',  ( 0.000000000000000000, -1.000000000000000000, 0.000000000000000000 ) ) ;
#1817 = CARTESIAN_POINT ( 'NONE',  ( 96.31061598951508529, 2.000000000000001776, -45.00000000000003553 ) ) ;
#1818 = AXIS2_PLACEMENT_3D ( 'NONE', #1622, #1784, #868 ) ;
#1819 = DIRECTION ( 'NONE',  ( -0.000000000000000000, -1.000000000000000000, -0.000000000000000000 ) ) ;
#1820 = DIRECTION ( 'NONE',  ( 0.000000000000000000, 0.000000000000000000, -1.000000000000000000 ) ) ;
#1821 = LINE ( 'NONE', #425, #1441 ) ;
#1822 = CARTESIAN_POINT ( 'NONE',  ( 84.06061598951504266, 0.000000000000000000, -11.75000000000008349 ) ) ;
#1823 = VERTEX_POINT ( 'NONE', #1271 ) ;
#1824 = VECTOR ( 'NONE', #1488, 1000.000000000000000 ) ;
#1825 = DIRECTION ( 'NONE',  ( 0.000000000000000000, 0.000000000000000000, -1.000000000000000000 ) ) ;
#1826 = ORIENTED_EDGE ( 'NONE', *, *, #1929, .F. ) ;
#1827 =( NAMED_UNIT ( * ) SI_UNIT ( $, .STERADIAN. ) SOLID_ANGLE_UNIT ( ) );
#1828 = EDGE_CURVE ( 'NONE', #1312, #429, #162, .T. ) ;
#1829 = DIRECTION ( 'NONE',  ( -5.236901059552618604E-16, -0.000000000000000000, 1.000000000000000000 ) ) ;
#1830 = CYLINDRICAL_SURFACE ( 'NONE', #821, 1.749999999999994671 ) ;
#1831 = DIRECTION ( 'NONE',  ( 0.000000000000000000, -1.000000000000000000, 0.000000000000000000 ) ) ;
#1832 = VERTEX_POINT ( 'NONE', #795 ) ;
#1833 = CIRCLE ( 'NONE', #862, 1.749999999999994671 ) ;
#1834 = VERTEX_POINT ( 'NONE', #1883 ) ;
#1835 = CARTESIAN_POINT ( 'NONE',  ( 91.06061598951504266, 30.00000000000000000, -11.75000000000003553 ) ) ;
#1836 = ORIENTED_EDGE ( 'NONE', *, *, #618, .T. ) ;
#1837 = FACE_BOUND ( 'NONE', #10, .T. ) ;
#1838 = LINE ( 'NONE', #1070, #870 ) ;
#1839 = AXIS2_PLACEMENT_3D ( 'NONE', #1705, #1089, #1235 ) ;
#1840 = CIRCLE ( 'NONE', #1942, 1.749999999999994671 ) ;
#1841 = CYLINDRICAL_SURFACE ( 'NONE', #1973, 1.749999999999994671 ) ;
#1842 = CARTESIAN_POINT ( 'NONE',  ( 75.31061598951508529, 2.000000000000001776, -38.25000000000019185 ) ) ;
#1843 = ORIENTED_EDGE ( 'NONE', *, *, #1941, .F. ) ;
#1844 = CIRCLE ( 'NONE', #185, 1.749999999999987566 ) ;
#1845 = ORIENTED_EDGE ( 'NONE', *, *, #710, .F. ) ;
#1846 = DIRECTION ( 'NONE',  ( 0.000000000000000000, 0.000000000000000000, -1.000000000000000000 ) ) ;
#1847 = ORIENTED_EDGE ( 'NONE', *, *, #742, .T. ) ;
#1848 = FACE_BOUND ( 'NONE', #366, .T. ) ;
#1849 = PRODUCT_CONTEXT ( 'NONE', #1408, 'mechanical' ) ;
#1850 = CARTESIAN_POINT ( 'NONE',  ( 6.310615989515079960, 2.000000000000001776, -5.000000000000000000 ) ) ;
#1851 = EDGE_CURVE ( 'NONE', #344, #1933, #1438, .T. ) ;
#1852 = LINE ( 'NONE', #2014, #669 ) ;
#1853 = EDGE_CURVE ( 'NONE', #266, #1068, #1926, .T. ) ;
#1854 = DIRECTION ( 'NONE',  ( -0.000000000000000000, -1.000000000000000000, -0.000000000000000000 ) ) ;
#1855 = ORIENTED_EDGE ( 'NONE', *, *, #1111, .F. ) ;
#1856 = ORIENTED_EDGE ( 'NONE', *, *, #956, .F. ) ;
#1857 = CARTESIAN_POINT ( 'NONE',  ( 98.06061598951507108, 0.000000000000000000, -38.25000000000002132 ) ) ;
#1858 = VERTEX_POINT ( 'NONE', #31 ) ;
#1859 = DIRECTION ( 'NONE',  ( 3.083952846180990774E-16, 0.000000000000000000, -1.000000000000000000 ) ) ;
#1860 = ADVANCED_FACE ( 'NONE', ( #949 ), #1447, .T. ) ;
#1861 = DIRECTION ( 'NONE',  ( 0.000000000000000000, -1.000000000000000000, 0.000000000000000000 ) ) ;
#1862 = FACE_OUTER_BOUND ( 'NONE', #951, .T. ) ;
#1863 = CARTESIAN_POINT ( 'NONE',  ( 1.310615989515077962, 2.000000000000000000, -50.00000000000000000 ) ) ;
#1864 = CIRCLE ( 'NONE', #1932, 1.749999999999994671 ) ;
#1865 = DIRECTION ( 'NONE',  ( 0.000000000000000000, 0.000000000000000000, -1.000000000000000000 ) ) ;
#1866 = EDGE_LOOP ( 'NONE', ( #1547, #1210, #184, #1170 ) ) ;
#1867 = ADVANCED_FACE ( 'NONE', ( #1565 ), #1752, .F. ) ;
#1868 = ORIENTED_EDGE ( 'NONE', *, *, #1424, .T. ) ;
#1869 = ORIENTED_EDGE ( 'NONE', *, *, #1424, .F. ) ;
#1870 = FACE_OUTER_BOUND ( 'NONE', #637, .T. ) ;
#1871 = LINE ( 'NONE', #477, #345 ) ;
#1872 = AXIS2_PLACEMENT_3D ( 'NONE', #1598, #391, #1778 ) ;
#1873 = VECTOR ( 'NONE', #1346, 1000.000000000000000 ) ;
#1874 = CARTESIAN_POINT ( 'NONE',  ( 89.31061598951507108, 30.00000000000000000, -38.25000000000009948 ) ) ;
#1875 = CARTESIAN_POINT ( 'NONE',  ( 1.310615989515077962, 0.000000000000000000, 0.000000000000000000 ) ) ;
#1876 = EDGE_LOOP ( 'NONE', ( #1178, #1780, #829, #758 ) ) ;
#1877 = ORIENTED_EDGE ( 'NONE', *, *, #1356, .F. ) ;
#1878 = PRODUCT_DEFINITION_FORMATION_WITH_SPECIFIED_SOURCE ( 'ä»', '', #1483, .NOT_KNOWN. ) ;
#1879 = VECTOR ( 'NONE', #500, 1000.000000000000000 ) ;
#1880 = ORIENTED_EDGE ( 'NONE', *, *, #1976, .T. ) ;
#1881 = CARTESIAN_POINT ( 'NONE',  ( 98.06061598951507108, 30.00000000000000000, -38.25000000000002132 ) ) ;
#1882 = DIRECTION ( 'NONE',  ( -0.000000000000000000, -1.000000000000000000, -0.000000000000000000 ) ) ;
#1883 = CARTESIAN_POINT ( 'NONE',  ( 80.56061598951507108, 2.000000000000001776, -11.75000000000008704 ) ) ;
#1884 = CARTESIAN_POINT ( 'NONE',  ( 6.310615989515079960, 0.000000000000000000, -5.000000000000000000 ) ) ;
#1885 = ORIENTED_EDGE ( 'NONE', *, *, #1760, .F. ) ;
#1886 = EDGE_CURVE ( 'NONE', #662, #453, #190, .T. ) ;
#1887 = ORIENTED_EDGE ( 'NONE', *, *, #1728, .T. ) ;
#1888 = EDGE_CURVE ( 'NONE', #189, #101, #642, .T. ) ;
#1889 = ORIENTED_EDGE ( 'NONE', *, *, #1574, .T. ) ;
#1890 = FACE_BOUND ( 'NONE', #924, .T. ) ;
#1891 = VERTEX_POINT ( 'NONE', #1130 ) ;
#1892 = ADVANCED_FACE ( 'NONE', ( #1282 ), #981, .F. ) ;
#1893 = DIRECTION ( 'NONE',  ( -0.000000000000000000, -1.000000000000000000, -0.000000000000000000 ) ) ;
#1894 = AXIS2_PLACEMENT_3D ( 'NONE', #1980, #282, #1990 ) ;
#1895 = VECTOR ( 'NONE', #1204, 1000.000000000000000 ) ;
#1896 = DIRECTION ( 'NONE',  ( 0.000000000000000000, 0.000000000000000000, 1.000000000000000000 ) ) ;
#1897 = ORIENTED_EDGE ( 'NONE', *, *, #1828, .F. ) ;
#1898 = ORIENTED_EDGE ( 'NONE', *, *, #2017, .T. ) ;
#1899 = DIRECTION ( 'NONE',  ( -0.000000000000000000, -1.000000000000000000, -0.000000000000000000 ) ) ;
#1900 = DIRECTION ( 'NONE',  ( 0.000000000000000000, 0.000000000000000000, -1.000000000000000000 ) ) ;
#1901 = ORIENTED_EDGE ( 'NONE', *, *, #765, .F. ) ;
#1902 = DIRECTION ( 'NONE',  ( 0.000000000000000000, 0.000000000000000000, -1.000000000000000000 ) ) ;
#1903 = VECTOR ( 'NONE', #1158, 1000.000000000000000 ) ;
#1904 = CARTESIAN_POINT ( 'NONE',  ( 6.310615989515079960, 30.00000000000000000, -5.000000000000000000 ) ) ;
#1905 = EDGE_CURVE ( 'NONE', #761, #1008, #488, .T. ) ;
#1906 = AXIS2_PLACEMENT_3D ( 'NONE', #1001, #549, #90 ) ;
#1907 = VECTOR ( 'NONE', #760, 1000.000000000000000 ) ;
#1908 = ORIENTED_EDGE ( 'NONE', *, *, #963, .F. ) ;
#1909 = LINE ( 'NONE', #677, #1190 ) ;
#1910 = EDGE_CURVE ( 'NONE', #246, #658, #1729, .T. ) ;
#1911 = CARTESIAN_POINT ( 'NONE',  ( 73.56061598951507108, 30.00000000000000000, -38.25000000000016342 ) ) ;
#1912 = ORIENTED_EDGE ( 'NONE', *, *, #749, .F. ) ;
#1913 = FACE_OUTER_BOUND ( 'NONE', #1415, .T. ) ;
#1914 = EDGE_LOOP ( 'NONE', ( #748, #872, #1659, #1087 ) ) ;
#1915 = EDGE_CURVE ( 'NONE', #1858, #662, #1398, .T. ) ;
#1916 = CARTESIAN_POINT ( 'NONE',  ( 13.31061598951507818, 2.000000000000001776, -11.75000000000000000 ) ) ;
#1917 = ORIENTED_EDGE ( 'NONE', *, *, #1735, .F. ) ;
#1918 = CIRCLE ( 'NONE', #161, 1.749999999999994671 ) ;
#1919 = VERTEX_POINT ( 'NONE', #548 ) ;
#1920 = DIRECTION ( 'NONE',  ( 0.000000000000000000, 0.000000000000000000, -1.000000000000000000 ) ) ;
#1921 = CARTESIAN_POINT ( 'NONE',  ( 82.31061598951508529, 2.000000000000001776, -38.25000000000014211 ) ) ;
#1922 = VERTEX_POINT ( 'NONE', #1456 ) ;
#1923 = DIRECTION ( 'NONE',  ( -5.236901059552618604E-16, -0.000000000000000000, 1.000000000000000000 ) ) ;
#1924 = EDGE_LOOP ( 'NONE', ( #1486, #1632, #1938, #1306, #357 ) ) ;
#1925 = FACE_OUTER_BOUND ( 'NONE', #931, .T. ) ;
#1926 = CIRCLE ( 'NONE', #168, 1.749999999999994671 ) ;
#1927 = ORIENTED_EDGE ( 'NONE', *, *, #1675, .T. ) ;
#1928 = ORIENTED_EDGE ( 'NONE', *, *, #1638, .F. ) ;
#1929 = EDGE_CURVE ( 'NONE', #648, #1479, #702, .T. ) ;
#1930 = CARTESIAN_POINT ( 'NONE',  ( 8.060615989515078184, 0.000000000000000000, -11.75000000000000000 ) ) ;
#1931 = PLANE ( 'NONE',  #507 ) ;
#1932 = AXIS2_PLACEMENT_3D ( 'NONE', #708, #1186, #103 ) ;
#1933 = VERTEX_POINT ( 'NONE', #1000 ) ;
#1934 = ORIENTED_EDGE ( 'NONE', *, *, #948, .F. ) ;
#1935 = DIRECTION ( 'NONE',  ( 1.000000000000000000, -0.000000000000000000, 5.236901059552619591E-16 ) ) ;
#1936 = AXIS2_PLACEMENT_3D ( 'NONE', #1842, #112, #1215 ) ;
#1937 = DIRECTION ( 'NONE',  ( -0.000000000000000000, -1.000000000000000000, -0.000000000000000000 ) ) ;
#1938 = ORIENTED_EDGE ( 'NONE', *, *, #1239, .T. ) ;
#1939 = ORIENTED_EDGE ( 'NONE', *, *, #16, .F. ) ;
#1940 = VECTOR ( 'NONE', #668, 1000.000000000000000 ) ;
#1941 = EDGE_CURVE ( 'NONE', #1858, #1570, #1646, .T. ) ;
#1942 = AXIS2_PLACEMENT_3D ( 'NONE', #146, #1077, #1371 ) ;
#1943 = CARTESIAN_POINT ( 'NONE',  ( 27.31061598951507818, 2.000000000000001776, -40.00000000000000000 ) ) ;
#1944 = EDGE_CURVE ( 'NONE', #837, #1273, #1197, .T. ) ;
#1945 = EDGE_LOOP ( 'NONE', ( #2027, #1733, #9, #1368 ) ) ;
#1946 = CARTESIAN_POINT ( 'NONE',  ( 73.56061598951507108, 0.000000000000000000, -38.25000000000016342 ) ) ;
#1947 = VECTOR ( 'NONE', #443, 1000.000000000000000 ) ;
#1948 = LINE ( 'NONE', #1173, #809 ) ;
#1949 = CARTESIAN_POINT ( 'NONE',  ( 82.31061598951507108, 30.00000000000000000, -11.75000000000005507 ) ) ;
#1950 = CARTESIAN_POINT ( 'NONE',  ( 101.3106159895150853, 2.000000000000000000, 0.000000000000000000 ) ) ;
#1951 = EDGE_CURVE ( 'NONE', #491, #1003, #518, .T. ) ;
#1952 = ADVANCED_FACE ( 'NONE', ( #1913 ), #538, .F. ) ;
#1953 = CARTESIAN_POINT ( 'NONE',  ( 82.31061598951508529, 0.000000000000000000, -40.00000000000013500 ) ) ;
#1954 = EDGE_CURVE ( 'NONE', #648, #690, #481, .T. ) ;
#1955 = VERTEX_POINT ( 'NONE', #692 ) ;
#1956 = DIRECTION ( 'NONE',  ( -0.000000000000000000, -1.000000000000000000, -0.000000000000000000 ) ) ;
#1957 = DIRECTION ( 'NONE',  ( -0.000000000000000000, -1.000000000000000000, -0.000000000000000000 ) ) ;
#1958 = DIRECTION ( 'NONE',  ( 0.000000000000000000, 0.000000000000000000, -1.000000000000000000 ) ) ;
#1959 = EDGE_CURVE ( 'NONE', #2, #1955, #1948, .T. ) ;
#1960 = CARTESIAN_POINT ( 'NONE',  ( 77.06061598951507108, 30.00000000000000000, -38.25000000000016342 ) ) ;
#1961 = DIRECTION ( 'NONE',  ( 0.000000000000000000, 0.000000000000000000, -1.000000000000000000 ) ) ;
#1962 = VECTOR ( 'NONE', #446, 1000.000000000000000 ) ;
#1963 = FACE_OUTER_BOUND ( 'NONE', #542, .T. ) ;
#1964 = ORIENTED_EDGE ( 'NONE', *, *, #1851, .F. ) ;
#1965 = CARTESIAN_POINT ( 'NONE',  ( 82.31061598951508529, 0.000000000000000000, -38.25000000000014211 ) ) ;
#1966 = CIRCLE ( 'NONE', #1607, 1.749999999999994671 ) ;
#1967 = CARTESIAN_POINT ( 'NONE',  ( 6.310615989515079072, 2.000000000000001776, -38.25000000000000711 ) ) ;
#1968 = CARTESIAN_POINT ( 'NONE',  ( 27.31061598951507818, 2.000000000000001776, -38.25000000000000711 ) ) ;
#1969 = DIRECTION ( 'NONE',  ( -0.000000000000000000, -1.000000000000000000, -0.000000000000000000 ) ) ;
#1970 = LINE ( 'NONE', #570, #1147 ) ;
#1971 = DIRECTION ( 'NONE',  ( -0.000000000000000000, -1.000000000000000000, -0.000000000000000000 ) ) ;
#1972 = ORIENTED_EDGE ( 'NONE', *, *, #83, .T. ) ;
#1973 = AXIS2_PLACEMENT_3D ( 'NONE', #448, #1690, #296 ) ;
#1974 = CARTESIAN_POINT ( 'NONE',  ( 6.310615989515079072, 0.000000000000000000, -38.25000000000000711 ) ) ;
#1975 = VERTEX_POINT ( 'NONE', #844 ) ;
#1976 = EDGE_CURVE ( 'NONE', #431, #191, #1027, .T. ) ;
#1977 = CARTESIAN_POINT ( 'NONE',  ( 1.310615989515077962, 2.000000000000000000, 0.000000000000000000 ) ) ;
#1978 = FACE_BOUND ( 'NONE', #281, .T. ) ;
#1979 = ADVANCED_BREP_SHAPE_REPRESENTATION ( '\X2\644450cf5934652f67b64e0b\X0\2', ( #1762, #1713 ), #1264 ) ;
#1980 = CARTESIAN_POINT ( 'NONE',  ( 96.31061598951507108, 0.000000000000000000, -11.74999999999995914 ) ) ;
#1981 = DIRECTION ( 'NONE',  ( 0.000000000000000000, 0.000000000000000000, -1.000000000000000000 ) ) ;
#1982 = AXIS2_PLACEMENT_3D ( 'NONE', #1584, #1566, #1896 ) ;
#1983 = DIRECTION ( 'NONE',  ( 0.000000000000000000, 0.000000000000000000, -1.000000000000000000 ) ) ;
#1984 = CARTESIAN_POINT ( 'NONE',  ( 94.56061598951507108, 0.000000000000000000, -11.74999999999998934 ) ) ;
#1985 = ORIENTED_EDGE ( 'NONE', *, *, #1743, .F. ) ;
#1986 = ORIENTED_EDGE ( 'NONE', *, *, #959, .F. ) ;
#1987 = LINE ( 'NONE', #547, #1591 ) ;
#1988 = EDGE_LOOP ( 'NONE', ( #1339, #842, #1379, #1140, #61 ) ) ;
#1989 =( NAMED_UNIT ( * ) PLANE_ANGLE_UNIT ( ) SI_UNIT ( $, .RADIAN. ) );
#1990 = DIRECTION ( 'NONE',  ( 0.000000000000000000, 0.000000000000000000, 1.000000000000000000 ) ) ;
#1991 = CARTESIAN_POINT ( 'NONE',  ( 29.06061598951507818, 30.00000000000000000, -11.75000000000000000 ) ) ;
#1992 = CARTESIAN_POINT ( 'NONE',  ( 20.31061598951507818, 2.000000000000001776, -38.25000000000000711 ) ) ;
#1993 = ORIENTED_EDGE ( 'NONE', *, *, #486, .F. ) ;
#1994 = ORIENTED_EDGE ( 'NONE', *, *, #271, .F. ) ;
#1995 = AXIS2_PLACEMENT_3D ( 'NONE', #1649, #262, #1981 ) ;
#1996 = VECTOR ( 'NONE', #712, 1000.000000000000000 ) ;
#1997 = PLANE ( 'NONE',  #1495 ) ;
#1998 = ORIENTED_EDGE ( 'NONE', *, *, #1951, .F. ) ;
#1999 = CARTESIAN_POINT ( 'NONE',  ( 6.310615989515079072, 30.00000000000000000, -38.25000000000000711 ) ) ;
#2000 = DIRECTION ( 'NONE',  ( -1.000000000000000000, 0.000000000000000000, 0.000000000000000000 ) ) ;
#2001 = CARTESIAN_POINT ( 'NONE',  ( 6.310615989515079960, 30.00000000000000000, -45.00000000000000000 ) ) ;
#2002 = ORIENTED_EDGE ( 'NONE', *, *, #1058, .T. ) ;
#2003 = VECTOR ( 'NONE', #1971, 1000.000000000000000 ) ;
#2004 = EDGE_CURVE ( 'NONE', #338, #1108, #1635, .T. ) ;
#2005 = ORIENTED_EDGE ( 'NONE', *, *, #75, .F. ) ;
#2006 = UNCERTAINTY_MEASURE_WITH_UNIT (LENGTH_MEASURE( 1.000000000000000082E-05 ), #1663, 'distance_accuracy_value', 'NONE');
#2007 = CARTESIAN_POINT ( 'NONE',  ( 75.31061598951507108, 0.000000000000000000, -11.75000000000010658 ) ) ;
#2008 = VERTEX_POINT ( 'NONE', #239 ) ;
#2009 = LINE ( 'NONE', #879, #1489 ) ;
#2010 = EDGE_CURVE ( 'NONE', #392, #737, #1751, .T. ) ;
#2011 = CARTESIAN_POINT ( 'NONE',  ( 13.31061598951507818, 2.000000000000001776, -38.25000000000000711 ) ) ;
#2012 = AXIS2_PLACEMENT_3D ( 'NONE', #1636, #1619, #1647 ) ;
#2013 = AXIS2_PLACEMENT_3D ( 'NONE', #487, #1110, #335 ) ;
#2014 = CARTESIAN_POINT ( 'NONE',  ( 15.06061598951507641, 30.00000000000000000, -38.25000000000000711 ) ) ;
#2015 = CARTESIAN_POINT ( 'NONE',  ( 29.06061598951507818, 0.000000000000000000, -11.75000000000000000 ) ) ;
#2016 = ORIENTED_EDGE ( 'NONE', *, *, #1959, .F. ) ;
#2017 = EDGE_CURVE ( 'NONE', #943, #1068, #1761, .T. ) ;
#2018 = ORIENTED_EDGE ( 'NONE', *, *, #226, .F. ) ;
#2019 = DIRECTION ( 'NONE',  ( 0.000000000000000000, -1.000000000000000000, 0.000000000000000000 ) ) ;
#2020 = ORIENTED_EDGE ( 'NONE', *, *, #2004, .T. ) ;
#2021 = CARTESIAN_POINT ( 'NONE',  ( 82.31061598951507108, 0.000000000000000000, -11.75000000000005507 ) ) ;
#2022 = DIRECTION ( 'NONE',  ( -2.023844055306275272E-16, 0.000000000000000000, 1.000000000000000000 ) ) ;
#2023 = CARTESIAN_POINT ( 'NONE',  ( 96.31061598951508529, 2.000000000000001776, -38.25000000000004974 ) ) ;
#2024 = CIRCLE ( 'NONE', #1818, 1.749999999999987566 ) ;
#2025 = EDGE_CURVE ( 'NONE', #815, #1270, #1135, .T. ) ;
#2026 = DIRECTION ( 'NONE',  ( -1.000000000000000000, 0.000000000000000000, 0.000000000000000000 ) ) ;
#2027 = ORIENTED_EDGE ( 'NONE', *, *, #649, .F. ) ;
ENDSEC;
END-ISO-10303-21;
