ISO-10303-21;
HEADER;
FILE_DESCRIPTION (( 'STEP AP214' ),
    '1' );
FILE_NAME ('µç³Ø²Ö.STEP',
    '2026-07-18T15:55:28',
    ( '' ),
    ( '' ),
    'SwSTEP 2.0',
    'SolidWorks 2024',
    '' );
FILE_SCHEMA (( 'AUTOMOTIVE_DESIGN' ));
ENDSEC;

DATA;
#1 = FACE_BOUND ( 'NONE', #14, .T. ) ;
#2 = ORIENTED_EDGE ( 'NONE', *, *, #1218, .F. ) ;
#3 = ORIENTED_EDGE ( 'NONE', *, *, #1055, .T. ) ;
#4 = AXIS2_PLACEMENT_3D ( 'NONE', #13, #603, #7 ) ;
#5 = DIRECTION ( 'NONE',  ( 0.000000000000000000, 0.000000000000000000, -1.000000000000000000 ) ) ;
#6 = CARTESIAN_POINT ( 'NONE',  ( 101.9999999999999858, 2.000000000000000000, -63.99000000000000199 ) ) ;
#7 = DIRECTION ( 'NONE',  ( 0.000000000000000000, 0.000000000000000000, 1.000000000000000000 ) ) ;
#8 = ADVANCED_FACE ( 'NONE', ( #677 ), #904, .F. ) ;
#9 = ORIENTED_EDGE ( 'NONE', *, *, #267, .T. ) ;
#10 = ADVANCED_FACE ( 'NONE', ( #794 ), #446, .T. ) ;
#11 = DIRECTION ( 'NONE',  ( 0.000000000000000000, 1.000000000000000000, -0.000000000000000000 ) ) ;
#12 = LINE ( 'NONE', #610, #442 ) ;
#13 = CARTESIAN_POINT ( 'NONE',  ( 0.000000000000000000, 0.000000000000000000, 0.000000000000000000 ) ) ;
#14 = EDGE_LOOP ( 'NONE', ( #71, #259 ) ) ;
#15 = VECTOR ( 'NONE', #469, 1000.000000000000000 ) ;
#16 = DIRECTION ( 'NONE',  ( 0.000000000000000000, 0.000000000000000000, 1.000000000000000000 ) ) ;
#17 = CARTESIAN_POINT ( 'NONE',  ( 0.000000000000000000, 7.000000000000000000, -64.00000000000000000 ) ) ;
#18 = VECTOR ( 'NONE', #30, 1000.000000000000000 ) ;
#19 = PRESENTATION_STYLE_ASSIGNMENT (( #273 ) ) ;
#20 = ORIENTED_EDGE ( 'NONE', *, *, #353, .T. ) ;
#21 = ORIENTED_EDGE ( 'NONE', *, *, #645, .T. ) ;
#22 = CARTESIAN_POINT ( 'NONE',  ( 35.00000000000000000, 47.00000000000000000, -70.40000000000000568 ) ) ;
#23 = DIRECTION ( 'NONE',  ( -0.000000000000000000, 1.000000000000000000, -0.000000000000000000 ) ) ;
#24 = CIRCLE ( 'NONE', #690, 1.449999999999993072 ) ;
#25 = DIRECTION ( 'NONE',  ( 0.000000000000000000, 0.000000000000000000, 1.000000000000000000 ) ) ;
#26 = EDGE_LOOP ( 'NONE', ( #316, #1042, #858, #64 ) ) ;
#27 = AXIS2_PLACEMENT_3D ( 'NONE', #954, #1431, #590 ) ;
#28 = ORIENTED_EDGE ( 'NONE', *, *, #919, .T. ) ;
#29 = CARTESIAN_POINT ( 'NONE',  ( 0.000000000000000000, 7.000000000000000000, 0.000000000000000000 ) ) ;
#30 = DIRECTION ( 'NONE',  ( 1.626303258728256404E-16, 0.000000000000000000, 1.000000000000000000 ) ) ;
#31 =( LENGTH_UNIT ( ) NAMED_UNIT ( * ) SI_UNIT ( .MILLI., .METRE. ) );
#32 = CARTESIAN_POINT ( 'NONE',  ( 94.48484137440654251, 47.00000000000000000, 6.400000000000003020 ) ) ;
#33 = ORIENTED_EDGE ( 'NONE', *, *, #1301, .T. ) ;
#34 = ORIENTED_EDGE ( 'NONE', *, *, #989, .F. ) ;
#35 = ORIENTED_EDGE ( 'NONE', *, *, #481, .T. ) ;
#36 = DIRECTION ( 'NONE',  ( 0.000000000000000000, 1.000000000000000000, 0.000000000000000000 ) ) ;
#37 = AXIS2_PLACEMENT_3D ( 'NONE', #17, #1053, #1314 ) ;
#38 = ORIENTED_EDGE ( 'NONE', *, *, #1306, .T. ) ;
#39 = SURFACE_STYLE_FILL_AREA ( #734 ) ;
#40 = CARTESIAN_POINT ( 'NONE',  ( 35.00000000000000000, 47.00000000000000000, -70.40000000000000568 ) ) ;
#41 = AXIS2_PLACEMENT_3D ( 'NONE', #271, #732, #148 ) ;
#42 = PRODUCT_DEFINITION ( 'æœ', '', #86, #428 ) ;
#43 = ORIENTED_EDGE ( 'NONE', *, *, #737, .T. ) ;
#44 = ORIENTED_EDGE ( 'NONE', *, *, #1481, .F. ) ;
#45 = CARTESIAN_POINT ( 'NONE',  ( 94.48484137440654251, 46.67499999999999716, 7.849999999999996092 ) ) ;
#46 = ORIENTED_EDGE ( 'NONE', *, *, #509, .F. ) ;
#47 = DIRECTION ( 'NONE',  ( 0.000000000000000000, 0.000000000000000000, 1.000000000000000000 ) ) ;
#48 = LINE ( 'NONE', #1376, #1411 ) ;
#49 = AXIS2_PLACEMENT_3D ( 'NONE', #625, #136, #25 ) ;
#50 = DIRECTION ( 'NONE',  ( -0.000000000000000000, 1.000000000000000000, -0.000000000000000000 ) ) ;
#51 = ADVANCED_FACE ( 'NONE', ( #1381, #1503 ), #686, .F. ) ;
#52 = VERTEX_POINT ( 'NONE', #328 ) ;
#53 = CARTESIAN_POINT ( 'NONE',  ( 102.0000000000000000, 0.000000000000000000, -9.436895709313839429E-14 ) ) ;
#54 = EDGE_LOOP ( 'NONE', ( #1049, #1101 ) ) ;
#55 = CARTESIAN_POINT ( 'NONE',  ( 0.000000000000000000, 7.000000000000000000, 0.000000000000000000 ) ) ;
#56 = AXIS2_PLACEMENT_3D ( 'NONE', #32, #727, #761 ) ;
#57 = CARTESIAN_POINT ( 'NONE',  ( 102.0000000000000000, 7.000000000000000000, -9.436895709313839429E-14 ) ) ;
#58 = AXIS2_PLACEMENT_3D ( 'NONE', #1424, #120, #832 ) ;
#59 = PLANE ( 'NONE',  #1316 ) ;
#60 = EDGE_CURVE ( 'NONE', #612, #1257, #1085, .T. ) ;
#61 = DIRECTION ( 'NONE',  ( 1.000000000000000000, 0.000000000000000000, 0.000000000000000000 ) ) ;
#62 = ORIENTED_EDGE ( 'NONE', *, *, #598, .T. ) ;
#63 = DIRECTION ( 'NONE',  ( -0.000000000000000000, 1.000000000000000000, -0.000000000000000000 ) ) ;
#64 = ORIENTED_EDGE ( 'NONE', *, *, #1216, .T. ) ;
#65 = DIRECTION ( 'NONE',  ( -0.000000000000000000, 1.000000000000000000, -0.000000000000000000 ) ) ;
#66 = DIRECTION ( 'NONE',  ( -0.000000000000000000, 1.000000000000000000, -0.000000000000000000 ) ) ;
#67 = EDGE_LOOP ( 'NONE', ( #668, #407, #111, #1091 ) ) ;
#68 = VECTOR ( 'NONE', #1281, 1000.000000000000000 ) ;
#69 = CARTESIAN_POINT ( 'NONE',  ( 0.000000000000000000, 0.000000000000000000, 0.000000000000000000 ) ) ;
#70 = DIRECTION ( 'NONE',  ( 1.000000000000000000, -0.000000000000000000, 0.000000000000000000 ) ) ;
#71 = ORIENTED_EDGE ( 'NONE', *, *, #403, .F. ) ;
#72 = DIRECTION ( 'NONE',  ( 1.000000000000000000, -0.000000000000000000, 0.000000000000000000 ) ) ;
#73 = DIRECTION ( 'NONE',  ( 0.000000000000000000, 0.000000000000000000, 1.000000000000000000 ) ) ;
#74 = ADVANCED_FACE ( 'NONE', ( #1519 ), #570, .F. ) ;
#75 = DIRECTION ( 'NONE',  ( 0.000000000000000000, 0.000000000000000000, 1.000000000000000000 ) ) ;
#76 = LINE ( 'NONE', #191, #521 ) ;
#77 = ADVANCED_FACE ( 'NONE', ( #564, #1390, #461, #440, #1136, #1038 ), #664, .T. ) ;
#78 = DIRECTION ( 'NONE',  ( 0.000000000000000000, 0.000000000000000000, 1.000000000000000000 ) ) ;
#79 = CARTESIAN_POINT ( 'NONE',  ( 0.000000000000000000, 2.000000000000000000, -0.01000000000001000089 ) ) ;
#80 = DIRECTION ( 'NONE',  ( 0.000000000000000000, 0.000000000000000000, 1.000000000000000000 ) ) ;
#81 = DIRECTION ( 'NONE',  ( 0.000000000000000000, 0.5150380749100544886, 0.8571673007021121116 ) ) ;
#82 = DIRECTION ( 'NONE',  ( 1.000000000000000000, 0.000000000000000000, -1.626303258728256404E-16 ) ) ;
#83 = DIRECTION ( 'NONE',  ( -0.000000000000000000, 1.000000000000000000, -0.000000000000000000 ) ) ;
#84 = DIRECTION ( 'NONE',  ( -0.000000000000000000, -0.000000000000000000, 1.000000000000000000 ) ) ;
#85 = ADVANCED_FACE ( 'NONE', ( #928 ), #1460, .F. ) ;
#86 = PRODUCT_DEFINITION_FORMATION_WITH_SPECIFIED_SOURCE ( 'ä»', '', #1226, .NOT_KNOWN. ) ;
#87 = ORIENTED_EDGE ( 'NONE', *, *, #698, .T. ) ;
#88 = EDGE_CURVE ( 'NONE', #230, #1202, #558, .T. ) ;
#89 = CARTESIAN_POINT ( 'NONE',  ( 0.000000000000000000, 2.000000000000000000, -0.01000000000001000089 ) ) ;
#90 = DIRECTION ( 'NONE',  ( 1.049727191138619682E-16, 0.5150380749100528233, -0.8571673007021131108 ) ) ;
#91 = CARTESIAN_POINT ( 'NONE',  ( 94.48484137440654251, 7.000000000000000000, 6.400000000000003020 ) ) ;
#92 = ORIENTED_EDGE ( 'NONE', *, *, #1496, .T. ) ;
#93 = VERTEX_POINT ( 'NONE', #672 ) ;
#94 = EDGE_CURVE ( 'NONE', #181, #844, #710, .T. ) ;
#95 = AXIS2_PLACEMENT_3D ( 'NONE', #1477, #436, #883 ) ;
#96 = AXIS2_PLACEMENT_3D ( 'NONE', #1046, #1040, #802 ) ;
#97 = CARTESIAN_POINT ( 'NONE',  ( -5.000000000000000000, 7.000000000000000000, 8.131516293641282269E-16 ) ) ;
#98 = CARTESIAN_POINT ( 'NONE',  ( 94.48484137440654251, 47.00000000000000000, 6.400000000000003020 ) ) ;
#99 = DIRECTION ( 'NONE',  ( -0.000000000000000000, 1.000000000000000000, -0.000000000000000000 ) ) ;
#100 = DIRECTION ( 'NONE',  ( 0.000000000000000000, 0.000000000000000000, 1.000000000000000000 ) ) ;
#101 = AXIS2_PLACEMENT_3D ( 'NONE', #920, #1264, #1149 ) ;
#102 = EDGE_CURVE ( 'NONE', #1202, #524, #799, .T. ) ;
#103 = EDGE_CURVE ( 'NONE', #404, #1473, #819, .T. ) ;
#104 = ORIENTED_EDGE ( 'NONE', *, *, #509, .T. ) ;
#105 = EDGE_LOOP ( 'NONE', ( #1475, #797, #1374, #1394 ) ) ;
#106 = CIRCLE ( 'NONE', #1116, 4.769999999999996021 ) ;
#107 = CARTESIAN_POINT ( 'NONE',  ( 94.48484137440659936, 47.00000000000000000, -72.17499999999999716 ) ) ;
#108 = DIRECTION ( 'NONE',  ( 0.000000000000000000, 0.000000000000000000, 1.000000000000000000 ) ) ;
#109 = CARTESIAN_POINT ( 'NONE',  ( 94.48484137440654251, 46.67499999999999716, 6.400000000000003020 ) ) ;
#110 = DIRECTION ( 'NONE',  ( 0.000000000000000000, 1.000000000000000000, 0.000000000000000000 ) ) ;
#111 = ORIENTED_EDGE ( 'NONE', *, *, #258, .T. ) ;
#112 = ORIENTED_EDGE ( 'NONE', *, *, #784, .T. ) ;
#113 = CYLINDRICAL_SURFACE ( 'NONE', #27, 1.449999999999993072 ) ;
#114 = FACE_OUTER_BOUND ( 'NONE', #231, .T. ) ;
#115 = VECTOR ( 'NONE', #846, 1000.000000000000000 ) ;
#116 = DIRECTION ( 'NONE',  ( -0.000000000000000000, -1.000000000000000000, -0.000000000000000000 ) ) ;
#117 = ADVANCED_FACE ( 'NONE', ( #709 ), #1294, .T. ) ;
#118 = ORIENTED_EDGE ( 'NONE', *, *, #103, .T. ) ;
#119 = EDGE_CURVE ( 'NONE', #807, #1345, #1133, .T. ) ;
#120 = DIRECTION ( 'NONE',  ( 0.000000000000000000, 1.000000000000000000, 0.000000000000000000 ) ) ;
#121 = DIRECTION ( 'NONE',  ( 1.000000000000000000, 0.000000000000000000, -2.169082183153245103E-16 ) ) ;
#122 = EDGE_CURVE ( 'NONE', #385, #1318, #1308, .T. ) ;
#123 = CARTESIAN_POINT ( 'NONE',  ( 94.48484137440659936, 47.00000000000000000, -70.40000000000000568 ) ) ;
#124 = VERTEX_POINT ( 'NONE', #587 ) ;
#125 = CONICAL_SURFACE ( 'NONE', #793, 1.774999999999998801, 0.7853981633974482790 ) ;
#126 = LINE ( 'NONE', #1418, #646 ) ;
#127 = PLANE ( 'NONE',  #1448 ) ;
#128 = ADVANCED_BREP_SHAPE_REPRESENTATION ( '\X2\75356c604ed3\X0\', ( #227, #135 ), #212 ) ;
#129 = DIRECTION ( 'NONE',  ( 0.000000000000000000, 0.000000000000000000, 1.000000000000000000 ) ) ;
#130 = ADVANCED_FACE ( 'NONE', ( #1047 ), #697, .T. ) ;
#131 = ORIENTED_EDGE ( 'NONE', *, *, #1301, .F. ) ;
#132 = ORIENTED_EDGE ( 'NONE', *, *, #267, .F. ) ;
#133 = FACE_OUTER_BOUND ( 'NONE', #26, .T. ) ;
#134 = PLANE ( 'NONE',  #1297 ) ;
#135 = AXIS2_PLACEMENT_3D ( 'NONE', #1010, #876, #61 ) ;
#136 = DIRECTION ( 'NONE',  ( -0.000000000000000000, 1.000000000000000000, -0.000000000000000000 ) ) ;
#137 = ORIENTED_EDGE ( 'NONE', *, *, #1385, .F. ) ;
#138 = ORIENTED_EDGE ( 'NONE', *, *, #1364, .T. ) ;
#139 = CYLINDRICAL_SURFACE ( 'NONE', #1302, 4.769999999999996021 ) ;
#140 = LINE ( 'NONE', #1081, #18 ) ;
#141 = AXIS2_PLACEMENT_3D ( 'NONE', #1130, #1469, #890 ) ;
#142 = CARTESIAN_POINT ( 'NONE',  ( 35.00000000000000000, 37.00000000000000000, -70.40000000000000568 ) ) ;
#143 = DIRECTION ( 'NONE',  ( 0.000000000000000000, 0.000000000000000000, -1.000000000000000000 ) ) ;
#144 = ORIENTED_EDGE ( 'NONE', *, *, #968, .T. ) ;
#145 = EDGE_CURVE ( 'NONE', #1029, #589, #345, .T. ) ;
#146 = ORIENTED_EDGE ( 'NONE', *, *, #1062, .F. ) ;
#147 = ORIENTED_EDGE ( 'NONE', *, *, #893, .F. ) ;
#148 = DIRECTION ( 'NONE',  ( 0.000000000000000000, 0.000000000000000000, 1.000000000000000000 ) ) ;
#149 = CARTESIAN_POINT ( 'NONE',  ( 102.0000000000000142, 7.000000000000000000, 14.99999999999998757 ) ) ;
#150 = DIRECTION ( 'NONE',  ( 0.000000000000000000, 0.000000000000000000, 1.000000000000000000 ) ) ;
#151 = CARTESIAN_POINT ( 'NONE',  ( 94.48484137440659936, 47.00000000000000000, -71.84999999999999432 ) ) ;
#152 = ORIENTED_EDGE ( 'NONE', *, *, #1422, .T. ) ;
#153 = ORIENTED_EDGE ( 'NONE', *, *, #411, .T. ) ;
#154 = EDGE_LOOP ( 'NONE', ( #214, #631 ) ) ;
#155 = DIRECTION ( 'NONE',  ( 0.000000000000000000, -1.000000000000000000, 0.000000000000000000 ) ) ;
#156 = AXIS2_PLACEMENT_3D ( 'NONE', #441, #769, #1375 ) ;
#157 = ORIENTED_EDGE ( 'NONE', *, *, #551, .F. ) ;
#158 = ADVANCED_FACE ( 'NONE', ( #464 ), #985, .F. ) ;
#159 = DIRECTION ( 'NONE',  ( -0.000000000000000000, 1.000000000000000000, -0.000000000000000000 ) ) ;
#160 = CYLINDRICAL_SURFACE ( 'NONE', #957, 1.449999999999993072 ) ;
#161 = ORIENTED_EDGE ( 'NONE', *, *, #236, .F. ) ;
#162 = CARTESIAN_POINT ( 'NONE',  ( 94.48484137440654251, 47.00000000000000000, 8.175000000000002487 ) ) ;
#163 = AXIS2_PLACEMENT_3D ( 'NONE', #623, #36, #1466 ) ;
#164 = ADVANCED_FACE ( 'NONE', ( #352 ), #592, .T. ) ;
#165 = ORIENTED_EDGE ( 'NONE', *, *, #811, .F. ) ;
#166 = CARTESIAN_POINT ( 'NONE',  ( 34.99999999999997868, 46.67499999999999716, 6.400000000000003020 ) ) ;
#167 = ORIENTED_EDGE ( 'NONE', *, *, #1165, .F. ) ;
#168 = CARTESIAN_POINT ( 'NONE',  ( 0.000000000000000000, 7.000000000000000000, -79.00000000000000000 ) ) ;
#169 = CARTESIAN_POINT ( 'NONE',  ( 94.48484137440659936, 37.00000000000000000, -71.84999999999999432 ) ) ;
#170 = PRESENTATION_LAYER_ASSIGNMENT (  '', '', ( #712 ) ) ;
#171 = EDGE_LOOP ( 'NONE', ( #131, #452, #1524, #1050 ) ) ;
#172 = DIRECTION ( 'NONE',  ( -9.251858538542979716E-16, 0.000000000000000000, -1.000000000000000000 ) ) ;
#173 = ORIENTED_EDGE ( 'NONE', *, *, #970, .F. ) ;
#174 = LINE ( 'NONE', #1495, #1177 ) ;
#175 = VECTOR ( 'NONE', #1044, 1000.000000000000000 ) ;
#176 = VERTEX_POINT ( 'NONE', #1522 ) ;
#177 = FACE_OUTER_BOUND ( 'NONE', #711, .T. ) ;
#178 = AXIS2_PLACEMENT_3D ( 'NONE', #401, #864, #282 ) ;
#179 = CARTESIAN_POINT ( 'NONE',  ( 34.99999999999997868, 47.00000000000000000, 7.849999999999999645 ) ) ;
#180 = AXIS2_PLACEMENT_3D ( 'NONE', #317, #196, #1360 ) ;
#181 = VERTEX_POINT ( 'NONE', #813 ) ;
#182 = DIRECTION ( 'NONE',  ( -1.000000000000000000, -0.000000000000000000, -0.000000000000000000 ) ) ;
#183 = EDGE_CURVE ( 'NONE', #651, #1036, #522, .T. ) ;
#184 = CARTESIAN_POINT ( 'NONE',  ( 94.48484137440654251, 37.00000000000000000, 6.400000000000003020 ) ) ;
#185 = VERTEX_POINT ( 'NONE', #1056 ) ;
#186 = CARTESIAN_POINT ( 'NONE',  ( 34.99999999999997868, 47.00000000000000000, 6.400000000000003020 ) ) ;
#187 = CARTESIAN_POINT ( 'NONE',  ( -5.000000000000010658, 0.000000000000000000, -64.00000000000000000 ) ) ;
#188 = ORIENTED_EDGE ( 'NONE', *, *, #1525, .F. ) ;
#189 = FACE_OUTER_BOUND ( 'NONE', #934, .T. ) ;
#190 = ADVANCED_FACE ( 'NONE', ( #1061 ), #472, .F. ) ;
#191 = CARTESIAN_POINT ( 'NONE',  ( 94.48484137440659936, 37.00000000000000000, -68.95000000000001705 ) ) ;
#192 = DIRECTION ( 'NONE',  ( 1.000000000000000000, 0.000000000000000000, -2.168404344971008868E-16 ) ) ;
#193 = DIRECTION ( 'NONE',  ( -0.000000000000000000, -1.000000000000000000, -0.000000000000000000 ) ) ;
#194 = FACE_OUTER_BOUND ( 'NONE', #1483, .T. ) ;
#195 = VECTOR ( 'NONE', #580, 1000.000000000000114 ) ;
#196 = DIRECTION ( 'NONE',  ( 0.000000000000000000, 1.000000000000000000, 0.000000000000000000 ) ) ;
#197 = EDGE_CURVE ( 'NONE', #933, #496, #944, .T. ) ;
#198 = CARTESIAN_POINT ( 'NONE',  ( 102.0000000000000000, 0.000000000000000000, -0.000000000000000000 ) ) ;
#199 = LINE ( 'NONE', #1142, #238 ) ;
#200 = CARTESIAN_POINT ( 'NONE',  ( 106.9999999999999858, 0.000000000000000000, -64.00000000000000000 ) ) ;
#201 = AXIS2_PLACEMENT_3D ( 'NONE', #1245, #655, #1253 ) ;
#202 = DIRECTION ( 'NONE',  ( -0.000000000000000000, -1.000000000000000000, -0.000000000000000000 ) ) ;
#203 = EDGE_CURVE ( 'NONE', #524, #589, #226, .T. ) ;
#204 =( NAMED_UNIT ( * ) SI_UNIT ( $, .STERADIAN. ) SOLID_ANGLE_UNIT ( ) );
#205 = VERTEX_POINT ( 'NONE', #220 ) ;
#206 = DIRECTION ( 'NONE',  ( -1.626303258728256404E-16, 0.000000000000000000, -1.000000000000000000 ) ) ;
#207 = DIRECTION ( 'NONE',  ( 0.000000000000000000, 0.000000000000000000, 1.000000000000000000 ) ) ;
#208 = DIRECTION ( 'NONE',  ( -0.000000000000000000, 1.000000000000000000, -0.000000000000000000 ) ) ;
#209 = EDGE_CURVE ( 'NONE', #300, #52, #1054, .T. ) ;
#210 = VECTOR ( 'NONE', #224, 1000.000000000000000 ) ;
#211 = AXIS2_PLACEMENT_3D ( 'NONE', #402, #885, #549 ) ;
#212 =( GEOMETRIC_REPRESENTATION_CONTEXT ( 3 ) GLOBAL_UNCERTAINTY_ASSIGNED_CONTEXT ( ( #1274 ) ) GLOBAL_UNIT_ASSIGNED_CONTEXT ( ( #506, #790, #204 ) ) REPRESENTATION_CONTEXT ( 'NONE', 'WORKASPACE' ) );
#213 = ORIENTED_EDGE ( 'NONE', *, *, #197, .F. ) ;
#214 = ORIENTED_EDGE ( 'NONE', *, *, #1518, .T. ) ;
#215 = DIRECTION ( 'NONE',  ( -0.000000000000000000, 1.000000000000000000, -0.000000000000000000 ) ) ;
#216 = FACE_OUTER_BOUND ( 'NONE', #1362, .T. ) ;
#217 = LINE ( 'NONE', #1392, #487 ) ;
#218 = ADVANCED_FACE ( 'NONE', ( #1, #1282 ), #826, .T. ) ;
#219 = ADVANCED_FACE ( 'NONE', ( #1159 ), #1041, .F. ) ;
#220 = CARTESIAN_POINT ( 'NONE',  ( 94.48484137440659936, 7.000000000000000000, -75.16999999999998749 ) ) ;
#221 = ORIENTED_EDGE ( 'NONE', *, *, #512, .T. ) ;
#222 = ORIENTED_EDGE ( 'NONE', *, *, #1030, .T. ) ;
#223 = AXIS2_PLACEMENT_3D ( 'NONE', #1499, #443, #290 ) ;
#224 = DIRECTION ( 'NONE',  ( -0.000000000000000000, -1.000000000000000000, -0.000000000000000000 ) ) ;
#225 = DIRECTION ( 'NONE',  ( 0.000000000000000000, 0.000000000000000000, 1.000000000000000000 ) ) ;
#226 = LINE ( 'NONE', #1426, #1387 ) ;
#227 = MANIFOLD_SOLID_BREP ( 'M3.5 ÂÝÎÆ¿×2', #895 ) ;
#228 = AXIS2_PLACEMENT_3D ( 'NONE', #166, #413, #630 ) ;
#229 = AXIS2_PLACEMENT_3D ( 'NONE', #89, #335, #1398 ) ;
#230 = VERTEX_POINT ( 'NONE', #281 ) ;
#231 = EDGE_LOOP ( 'NONE', ( #953, #1160, #466, #1514 ) ) ;
#232 = EDGE_CURVE ( 'NONE', #575, #539, #367, .T. ) ;
#233 = LINE ( 'NONE', #823, #1470 ) ;
#234 = CARTESIAN_POINT ( 'NONE',  ( 0.000000000000000000, 7.000000000000000000, -0.01000000000001000089 ) ) ;
#235 = DIRECTION ( 'NONE',  ( 1.626303258728256404E-16, 0.000000000000000000, 1.000000000000000000 ) ) ;
#236 = EDGE_CURVE ( 'NONE', #897, #539, #617, .T. ) ;
#237 = ORIENTED_EDGE ( 'NONE', *, *, #1251, .T. ) ;
#238 = VECTOR ( 'NONE', #90, 1000.000000000000000 ) ;
#239 = ADVANCED_FACE ( 'NONE', ( #963 ), #840, .F. ) ;
#240 = CARTESIAN_POINT ( 'NONE',  ( 94.48484137440659936, 47.00000000000000000, -68.95000000000001705 ) ) ;
#241 = FACE_OUTER_BOUND ( 'NONE', #969, .T. ) ;
#242 = VECTOR ( 'NONE', #1484, 1000.000000000000000 ) ;
#243 = DIRECTION ( 'NONE',  ( -0.000000000000000000, -1.000000000000000000, -0.000000000000000000 ) ) ;
#244 = ORIENTED_EDGE ( 'NONE', *, *, #945, .F. ) ;
#245 = AXIS2_PLACEMENT_3D ( 'NONE', #1031, #215, #78 ) ;
#246 = AXIS2_PLACEMENT_3D ( 'NONE', #142, #1075, #499 ) ;
#247 = DIRECTION ( 'NONE',  ( -0.000000000000000000, -1.000000000000000000, -0.000000000000000000 ) ) ;
#248 = FACE_OUTER_BOUND ( 'NONE', #1217, .T. ) ;
#249 = EDGE_CURVE ( 'NONE', #1209, #1098, #573, .T. ) ;
#250 = DIRECTION ( 'NONE',  ( 1.000000000000000000, 0.000000000000000000, 0.000000000000000000 ) ) ;
#251 = ORIENTED_EDGE ( 'NONE', *, *, #1451, .F. ) ;
#252 = CIRCLE ( 'NONE', #532, 1.774999999999998801 ) ;
#253 = VECTOR ( 'NONE', #1016, 1000.000000000000000 ) ;
#254 = ORIENTED_EDGE ( 'NONE', *, *, #1096, .T. ) ;
#255 = LINE ( 'NONE', #720, #175 ) ;
#256 = LINE ( 'NONE', #707, #746 ) ;
#257 =( NAMED_UNIT ( * ) PLANE_ANGLE_UNIT ( ) SI_UNIT ( $, .RADIAN. ) );
#258 = EDGE_CURVE ( 'NONE', #807, #608, #400, .T. ) ;
#259 = ORIENTED_EDGE ( 'NONE', *, *, #445, .F. ) ;
#260 = CONICAL_SURFACE ( 'NONE', #1351, 1.449999999999993072, 1.029744258676656088 ) ;
#261 = ORIENTED_EDGE ( 'NONE', *, *, #1526, .F. ) ;
#262 = FACE_OUTER_BOUND ( 'NONE', #368, .T. ) ;
#263 = DIRECTION ( 'NONE',  ( 0.000000000000000000, 1.000000000000000000, -0.000000000000000000 ) ) ;
#264 = SURFACE_SIDE_STYLE ('',( #39 ) ) ;
#265 = CARTESIAN_POINT ( 'NONE',  ( 0.000000000000000000, 7.000000000000000000, 0.000000000000000000 ) ) ;
#266 = EDGE_CURVE ( 'NONE', #514, #500, #1156, .T. ) ;
#267 = EDGE_CURVE ( 'NONE', #628, #844, #1082, .T. ) ;
#268 = EDGE_LOOP ( 'NONE', ( #1153, #510, #1283, #1515 ) ) ;
#269 = EDGE_LOOP ( 'NONE', ( #416, #749 ) ) ;
#270 = ORIENTED_EDGE ( 'NONE', *, *, #494, .F. ) ;
#271 = CARTESIAN_POINT ( 'NONE',  ( 34.99999999999997868, 47.00000000000000000, 6.400000000000003020 ) ) ;
#272 = CARTESIAN_POINT ( 'NONE',  ( 94.48484137440654251, 47.00000000000000000, 6.400000000000003020 ) ) ;
#273 = SURFACE_STYLE_USAGE ( .BOTH. , #264 ) ;
#274 = CARTESIAN_POINT ( 'NONE',  ( -5.000000000000000000, 7.000000000000000000, 6.123233995736766282E-16 ) ) ;
#275 = EDGE_LOOP ( 'NONE', ( #1043, #574, #1295 ) ) ;
#276 = ADVANCED_FACE ( 'NONE', ( #518 ), #973, .T. ) ;
#277 = ORIENTED_EDGE ( 'NONE', *, *, #827, .F. ) ;
#278 = VERTEX_POINT ( 'NONE', #863 ) ;
#279 = FACE_OUTER_BOUND ( 'NONE', #1161, .T. ) ;
#280 = VERTEX_POINT ( 'NONE', #911 ) ;
#281 = CARTESIAN_POINT ( 'NONE',  ( 102.0000000000000000, 0.000000000000000000, -79.00000000000000000 ) ) ;
#282 = DIRECTION ( 'NONE',  ( -1.000000000000000000, 0.000000000000000000, -0.000000000000000000 ) ) ;
#283 = DIRECTION ( 'NONE',  ( 1.224646799147353207E-16, 0.000000000000000000, 1.000000000000000000 ) ) ;
#284 = ADVANCED_FACE ( 'NONE', ( #309 ), #299, .F. ) ;
#285 = ORIENTED_EDGE ( 'NONE', *, *, #471, .T. ) ;
#286 = CARTESIAN_POINT ( 'NONE',  ( 0.000000000000000000, 2.000000000000000000, -63.99000000000000199 ) ) ;
#287 = VECTOR ( 'NONE', #498, 1000.000000000000000 ) ;
#288 = ORIENTED_EDGE ( 'NONE', *, *, #941, .T. ) ;
#289 = LINE ( 'NONE', #1214, #456 ) ;
#290 = DIRECTION ( 'NONE',  ( 0.000000000000000000, 0.000000000000000000, -1.000000000000000000 ) ) ;
#291 = ORIENTED_EDGE ( 'NONE', *, *, #398, .T. ) ;
#292 = LINE ( 'NONE', #1493, #994 ) ;
#293 = ORIENTED_EDGE ( 'NONE', *, *, #604, .T. ) ;
#294 = DIRECTION ( 'NONE',  ( 9.251858538542979716E-16, 0.000000000000000000, 1.000000000000000000 ) ) ;
#295 = ORIENTED_EDGE ( 'NONE', *, *, #203, .T. ) ;
#296 = PLANE ( 'NONE',  #766 ) ;
#297 = DIRECTION ( 'NONE',  ( 0.000000000000000000, 0.000000000000000000, 1.000000000000000000 ) ) ;
#298 = AXIS2_PLACEMENT_3D ( 'NONE', #1138, #1113, #1008 ) ;
#299 = CONICAL_SURFACE ( 'NONE', #298, 1.449999999999999956, 1.029744258676656088 ) ;
#300 = VERTEX_POINT ( 'NONE', #322 ) ;
#301 = CARTESIAN_POINT ( 'NONE',  ( 34.99999999999997868, 37.00000000000000000, 6.400000000000003020 ) ) ;
#302 = SHAPE_DEFINITION_REPRESENTATION ( #875, #128 ) ;
#303 = DIRECTION ( 'NONE',  ( -1.000000000000000000, 0.000000000000000000, 1.190496503121338163E-16 ) ) ;
#304 = CIRCLE ( 'NONE', #374, 4.769999999999996021 ) ;
#305 = AXIS2_PLACEMENT_3D ( 'NONE', #1025, #192, #1155 ) ;
#306 = VERTEX_POINT ( 'NONE', #560 ) ;
#307 = PLANE ( 'NONE',  #825 ) ;
#308 = CONICAL_SURFACE ( 'NONE', #1441, 1.774999999999998801, 0.7853981633974482790 ) ;
#309 = FACE_OUTER_BOUND ( 'NONE', #1208, .T. ) ;
#310 = CARTESIAN_POINT ( 'NONE',  ( 94.48484137440659936, 47.00000000000000000, -75.16999999999998749 ) ) ;
#311 = CARTESIAN_POINT ( 'NONE',  ( 94.48484137440659936, 47.00000000000000000, -65.63000000000002387 ) ) ;
#312 = EDGE_LOOP ( 'NONE', ( #293, #849, #326, #641, #731, #384, #3, #1079, #1446, #359, #1252, #1239 ) ) ;
#313 = CARTESIAN_POINT ( 'NONE',  ( 94.48484137440654251, 47.00000000000000000, 4.950000000000009948 ) ) ;
#314 = AXIS2_PLACEMENT_3D ( 'NONE', #889, #1137, #660 ) ;
#315 = CYLINDRICAL_SURFACE ( 'NONE', #223, 4.769999999999996021 ) ;
#316 = ORIENTED_EDGE ( 'NONE', *, *, #598, .F. ) ;
#317 = CARTESIAN_POINT ( 'NONE',  ( 35.00000000000000000, 47.00000000000000000, -70.40000000000000568 ) ) ;
#318 = APPLICATION_PROTOCOL_DEFINITION ( 'draft international standard', 'automotive_design', 1998, #1221 ) ;
#319 = AXIS2_PLACEMENT_3D ( 'NONE', #1089, #1080, #869 ) ;
#320 = DIRECTION ( 'NONE',  ( 0.000000000000000000, -0.000000000000000000, -1.000000000000000000 ) ) ;
#321 = DIRECTION ( 'NONE',  ( 0.000000000000000000, 0.000000000000000000, -1.000000000000000000 ) ) ;
#322 = CARTESIAN_POINT ( 'NONE',  ( 34.99999999999997868, 47.00000000000000000, 11.16999999999999993 ) ) ;
#323 = VECTOR ( 'NONE', #834, 1000.000000000000000 ) ;
#324 = CARTESIAN_POINT ( 'NONE',  ( 94.48484137440654251, 7.000000000000000000, 6.400000000000003020 ) ) ;
#325 = AXIS2_PLACEMENT_3D ( 'NONE', #1408, #1415, #1317 ) ;
#326 = ORIENTED_EDGE ( 'NONE', *, *, #520, .F. ) ;
#327 = ADVANCED_FACE ( 'NONE', ( #1020 ), #315, .T. ) ;
#328 = CARTESIAN_POINT ( 'NONE',  ( 34.99999999999997868, 47.00000000000000000, 1.630000000000007221 ) ) ;
#329 = LINE ( 'NONE', #79, #360 ) ;
#330 = LINE ( 'NONE', #680, #545 ) ;
#331 = VECTOR ( 'NONE', #283, 1000.000000000000000 ) ;
#332 = VERTEX_POINT ( 'NONE', #770 ) ;
#333 = VERTEX_POINT ( 'NONE', #1225 ) ;
#334 = EDGE_CURVE ( 'NONE', #333, #306, #906, .T. ) ;
#335 = DIRECTION ( 'NONE',  ( -1.000000000000000000, 0.000000000000000000, -0.000000000000000000 ) ) ;
#336 = CARTESIAN_POINT ( 'NONE',  ( 35.00000000000000000, 47.00000000000000000, -71.84999999999999432 ) ) ;
#337 = DIRECTION ( 'NONE',  ( -0.000000000000000000, 1.000000000000000000, -0.000000000000000000 ) ) ;
#338 = CARTESIAN_POINT ( 'NONE',  ( -5.000000000000000000, 0.000000000000000000, 8.131516293641282269E-16 ) ) ;
#339 = CONICAL_SURFACE ( 'NONE', #975, 1.774999999999998801, 0.7853981633974482790 ) ;
#340 = CONICAL_SURFACE ( 'NONE', #803, 1.774999999999998801, 0.7853981633974482790 ) ;
#341 = ORIENTED_EDGE ( 'NONE', *, *, #102, .T. ) ;
#342 = ORIENTED_EDGE ( 'NONE', *, *, #1397, .F. ) ;
#343 = DIRECTION ( 'NONE',  ( -0.000000000000000000, 1.000000000000000000, -0.000000000000000000 ) ) ;
#344 = DIRECTION ( 'NONE',  ( -1.000000000000000000, 0.000000000000000000, 1.224646799147353207E-16 ) ) ;
#345 = LINE ( 'NONE', #1183, #593 ) ;
#346 = EDGE_LOOP ( 'NONE', ( #147, #534, #1335, #829 ) ) ;
#347 = EDGE_LOOP ( 'NONE', ( #768, #798, #1193, #153 ) ) ;
#348 = EDGE_CURVE ( 'NONE', #619, #629, #1433, .T. ) ;
#349 = VECTOR ( 'NONE', #84, 1000.000000000000000 ) ;
#350 = DIRECTION ( 'NONE',  ( 0.000000000000000000, 0.000000000000000000, -1.000000000000000000 ) ) ;
#351 = FACE_OUTER_BOUND ( 'NONE', #171, .T. ) ;
#352 = FACE_OUTER_BOUND ( 'NONE', #268, .T. ) ;
#353 = EDGE_CURVE ( 'NONE', #526, #1467, #409, .T. ) ;
#354 = ORIENTED_EDGE ( 'NONE', *, *, #1263, .T. ) ;
#355 = ORIENTED_EDGE ( 'NONE', *, *, #989, .T. ) ;
#356 = DIRECTION ( 'NONE',  ( 0.000000000000000000, 0.000000000000000000, 1.000000000000000000 ) ) ;
#357 = DIRECTION ( 'NONE',  ( -2.169082183153245103E-16, 0.000000000000000000, -1.000000000000000000 ) ) ;
#358 = DIRECTION ( 'NONE',  ( 0.000000000000000000, 0.000000000000000000, -1.000000000000000000 ) ) ;
#359 = ORIENTED_EDGE ( 'NONE', *, *, #361, .F. ) ;
#360 = VECTOR ( 'NONE', #83, 1000.000000000000000 ) ;
#361 = EDGE_CURVE ( 'NONE', #1393, #1430, #48, .T. ) ;
#362 = DIRECTION ( 'NONE',  ( -0.000000000000000000, -1.000000000000000000, -0.000000000000000000 ) ) ;
#363 = DIRECTION ( 'NONE',  ( 0.000000000000000000, 0.000000000000000000, 1.000000000000000000 ) ) ;
#364 = DIRECTION ( 'NONE',  ( 2.168404344971008868E-16, 0.000000000000000000, 1.000000000000000000 ) ) ;
#365 = EDGE_CURVE ( 'NONE', #1276, #460, #1368, .T. ) ;
#366 = EDGE_LOOP ( 'NONE', ( #676, #244 ) ) ;
#367 = CIRCLE ( 'NONE', #1238, 1.774999999999998801 ) ;
#368 = EDGE_LOOP ( 'NONE', ( #588, #884, #888 ) ) ;
#369 = LINE ( 'NONE', #1052, #1244 ) ;
#370 = DIRECTION ( 'NONE',  ( 1.000000000000000000, -0.000000000000000000, 0.000000000000000000 ) ) ;
#371 = ADVANCED_FACE ( 'NONE', ( #1250 ), #160, .F. ) ;
#372 = DIRECTION ( 'NONE',  ( -0.000000000000000000, -1.000000000000000000, -0.000000000000000000 ) ) ;
#373 = ORIENTED_EDGE ( 'NONE', *, *, #1254, .T. ) ;
#374 = AXIS2_PLACEMENT_3D ( 'NONE', #1058, #11, #350 ) ;
#375 = VECTOR ( 'NONE', #1356, 1000.000000000000000 ) ;
#376 = ADVANCED_FACE ( 'NONE', ( #779 ), #418, .T. ) ;
#377 = EDGE_LOOP ( 'NONE', ( #1311, #437, #1417, #997 ) ) ;
#378 = ADVANCED_FACE ( 'NONE', ( #194 ), #528, .F. ) ;
#379 = CARTESIAN_POINT ( 'NONE',  ( 94.48484137440654251, 46.67499999999999716, 4.950000000000009948 ) ) ;
#380 = DIRECTION ( 'NONE',  ( 0.000000000000000000, 0.000000000000000000, 1.000000000000000000 ) ) ;
#381 = DIRECTION ( 'NONE',  ( 8.659560562354932858E-17, 0.7071067811865474617, -0.7071067811865474617 ) ) ;
#382 = ORIENTED_EDGE ( 'NONE', *, *, #968, .F. ) ;
#383 = AXIS2_PLACEMENT_3D ( 'NONE', #1528, #721, #1419 ) ;
#384 = ORIENTED_EDGE ( 'NONE', *, *, #365, .F. ) ;
#385 = VERTEX_POINT ( 'NONE', #187 ) ;
#386 = DIRECTION ( 'NONE',  ( 0.000000000000000000, 0.000000000000000000, 1.000000000000000000 ) ) ;
#387 = CARTESIAN_POINT ( 'NONE',  ( 94.48484137440654251, 37.00000000000000000, 6.400000000000003020 ) ) ;
#388 = VECTOR ( 'NONE', #1090, 1000.000000000000000 ) ;
#389 = DIRECTION ( 'NONE',  ( 1.190496503121338163E-16, -0.000000000000000000, 1.000000000000000000 ) ) ;
#390 = CARTESIAN_POINT ( 'NONE',  ( 35.00000000000000000, 47.00000000000000000, -72.17499999999999716 ) ) ;
#391 = EDGE_LOOP ( 'NONE', ( #1269, #33, #35, #146 ) ) ;
#392 = EDGE_CURVE ( 'NONE', #851, #1209, #1259, .T. ) ;
#393 = AXIS2_PLACEMENT_3D ( 'NONE', #950, #243, #457 ) ;
#394 = EDGE_LOOP ( 'NONE', ( #1088, #1201, #569, #291 ) ) ;
#395 = ORIENTED_EDGE ( 'NONE', *, *, #249, .T. ) ;
#396 = DIRECTION ( 'NONE',  ( -0.000000000000000000, 1.000000000000000000, -0.000000000000000000 ) ) ;
#397 = CARTESIAN_POINT ( 'NONE',  ( 101.9999999999999858, 7.000000000000000000, -63.99000000000000199 ) ) ;
#398 = EDGE_CURVE ( 'NONE', #1430, #1202, #653, .T. ) ;
#399 = ORIENTED_EDGE ( 'NONE', *, *, #1144, .F. ) ;
#400 = LINE ( 'NONE', #1435, #451 ) ;
#401 = CARTESIAN_POINT ( 'NONE',  ( 0.000000000000000000, 2.000000000000000000, -63.99000000000000199 ) ) ;
#402 = CARTESIAN_POINT ( 'NONE',  ( 35.00000000000000000, 37.00000000000000000, -70.40000000000000568 ) ) ;
#403 = EDGE_CURVE ( 'NONE', #280, #1296, #1361, .T. ) ;
#404 = VERTEX_POINT ( 'NONE', #1122 ) ;
#405 = ORIENTED_EDGE ( 'NONE', *, *, #60, .T. ) ;
#406 = DIRECTION ( 'NONE',  ( 0.000000000000000000, -0.000000000000000000, -1.000000000000000000 ) ) ;
#407 = ORIENTED_EDGE ( 'NONE', *, *, #119, .F. ) ;
#408 = FACE_OUTER_BOUND ( 'NONE', #1105, .T. ) ;
#409 = LINE ( 'NONE', #1487, #1011 ) ;
#410 = DIRECTION ( 'NONE',  ( 0.000000000000000000, 1.000000000000000000, 0.000000000000000000 ) ) ;
#411 = EDGE_CURVE ( 'NONE', #306, #933, #24, .T. ) ;
#412 = EDGE_LOOP ( 'NONE', ( #781, #691, #1118, #700 ) ) ;
#413 = DIRECTION ( 'NONE',  ( -0.000000000000000000, 1.000000000000000000, -0.000000000000000000 ) ) ;
#414 = VECTOR ( 'NONE', #913, 1000.000000000000000 ) ;
#415 = CONICAL_SURFACE ( 'NONE', #1003, 1.774999999999998801, 0.7853981633974482790 ) ;
#416 = ORIENTED_EDGE ( 'NONE', *, *, #1096, .F. ) ;
#417 = DIRECTION ( 'NONE',  ( -1.000000000000000000, 0.000000000000000000, -0.000000000000000000 ) ) ;
#418 = PLANE ( 'NONE',  #1207 ) ;
#419 = ORIENTED_EDGE ( 'NONE', *, *, #1312, .T. ) ;
#420 = DIRECTION ( 'NONE',  ( 0.000000000000000000, 0.000000000000000000, -1.000000000000000000 ) ) ;
#421 = PRODUCT_CONTEXT ( 'NONE', #1190, 'mechanical' ) ;
#422 = VERTEX_POINT ( 'NONE', #548 ) ;
#423 = CARTESIAN_POINT ( 'NONE',  ( 34.99999999999997868, 36.12875210241003998, 6.400000000000003020 ) ) ;
#424 = ORIENTED_EDGE ( 'NONE', *, *, #1263, .F. ) ;
#425 = DIRECTION ( 'NONE',  ( 0.000000000000000000, 0.000000000000000000, -1.000000000000000000 ) ) ;
#426 = DIRECTION ( 'NONE',  ( -2.169082183153244856E-16, -0.000000000000000000, -1.000000000000000000 ) ) ;
#427 = VECTOR ( 'NONE', #643, 1000.000000000000000 ) ;
#428 = PRODUCT_DEFINITION_CONTEXT ( 'detailed design', #1221, 'design' ) ;
#429 = ORIENTED_EDGE ( 'NONE', *, *, #258, .F. ) ;
#430 = LINE ( 'NONE', #644, #1117 ) ;
#431 = LINE ( 'NONE', #543, #831 ) ;
#432 = VECTOR ( 'NONE', #758, 1000.000000000000114 ) ;
#433 = EDGE_CURVE ( 'NONE', #422, #517, #666, .T. ) ;
#434 = ORIENTED_EDGE ( 'NONE', *, *, #1071, .T. ) ;
#435 = FACE_OUTER_BOUND ( 'NONE', #1210, .T. ) ;
#436 = DIRECTION ( 'NONE',  ( -0.000000000000000000, 1.000000000000000000, -0.000000000000000000 ) ) ;
#437 = ORIENTED_EDGE ( 'NONE', *, *, #1051, .F. ) ;
#438 = CARTESIAN_POINT ( 'NONE',  ( 94.48484137440654251, 37.00000000000000000, 4.950000000000009948 ) ) ;
#439 = DIRECTION ( 'NONE',  ( 0.000000000000000000, 0.5150380749100544886, 0.8571673007021121116 ) ) ;
#440 = FACE_BOUND ( 'NONE', #925, .T. ) ;
#441 = CARTESIAN_POINT ( 'NONE',  ( 34.99999999999997868, 7.000000000000000000, 6.400000000000003020 ) ) ;
#442 = VECTOR ( 'NONE', #370, 1000.000000000000000 ) ;
#443 = DIRECTION ( 'NONE',  ( -0.000000000000000000, -1.000000000000000000, -0.000000000000000000 ) ) ;
#444 = CARTESIAN_POINT ( 'NONE',  ( 0.000000000000000000, 7.000000000000000000, 0.000000000000000000 ) ) ;
#445 = EDGE_CURVE ( 'NONE', #1296, #280, #814, .T. ) ;
#446 = PLANE ( 'NONE',  #305 ) ;
#447 = DIRECTION ( 'NONE',  ( 0.000000000000000000, 1.000000000000000000, -0.000000000000000000 ) ) ;
#448 = FACE_OUTER_BOUND ( 'NONE', #275, .T. ) ;
#449 = ADVANCED_FACE ( 'NONE', ( #696 ), #1027, .F. ) ;
#450 = AXIS2_PLACEMENT_3D ( 'NONE', #123, #597, #805 ) ;
#451 = VECTOR ( 'NONE', #1205, 1000.000000000000114 ) ;
#452 = ORIENTED_EDGE ( 'NONE', *, *, #1496, .F. ) ;
#453 = DIRECTION ( 'NONE',  ( 0.000000000000000000, 1.000000000000000000, 0.000000000000000000 ) ) ;
#454 = CARTESIAN_POINT ( 'NONE',  ( 0.000000000000000000, 7.000000000000000000, -64.00000000000000000 ) ) ;
#455 = DIRECTION ( 'NONE',  ( -0.000000000000000000, 1.000000000000000000, -0.000000000000000000 ) ) ;
#456 = VECTOR ( 'NONE', #1102, 1000.000000000000114 ) ;
#457 = DIRECTION ( 'NONE',  ( 0.000000000000000000, 0.000000000000000000, -1.000000000000000000 ) ) ;
#458 = VECTOR ( 'NONE', #50, 1000.000000000000000 ) ;
#459 = EDGE_LOOP ( 'NONE', ( #513, #986 ) ) ;
#460 = VERTEX_POINT ( 'NONE', #1400 ) ;
#461 = FACE_BOUND ( 'NONE', #366, .T. ) ;
#462 = DIRECTION ( 'NONE',  ( 0.000000000000000000, 0.000000000000000000, 1.000000000000000000 ) ) ;
#463 = CARTESIAN_POINT ( 'NONE',  ( 34.99999999999997868, 37.00000000000000000, 4.950000000000002842 ) ) ;
#464 = FACE_OUTER_BOUND ( 'NONE', #1324, .T. ) ;
#465 = VECTOR ( 'NONE', #344, 1000.000000000000000 ) ;
#466 = ORIENTED_EDGE ( 'NONE', *, *, #604, .F. ) ;
#467 = ORIENTED_EDGE ( 'NONE', *, *, #1251, .F. ) ;
#468 = DIRECTION ( 'NONE',  ( 8.659560562354932858E-17, 0.7071067811865474617, -0.7071067811865474617 ) ) ;
#469 = DIRECTION ( 'NONE',  ( -0.000000000000000000, -1.000000000000000000, -0.000000000000000000 ) ) ;
#470 = DIRECTION ( 'NONE',  ( 0.000000000000000000, 0.000000000000000000, 1.000000000000000000 ) ) ;
#471 = EDGE_CURVE ( 'NONE', #837, #1097, #1273, .T. ) ;
#472 = PLANE ( 'NONE',  #4 ) ;
#473 = AXIS2_PLACEMENT_3D ( 'NONE', #1169, #250, #1401 ) ;
#474 = EDGE_LOOP ( 'NONE', ( #21, #43 ) ) ;
#475 = ORIENTED_EDGE ( 'NONE', *, *, #1422, .F. ) ;
#476 = DIRECTION ( 'NONE',  ( -0.000000000000000000, 1.000000000000000000, -0.000000000000000000 ) ) ;
#477 = CARTESIAN_POINT ( 'NONE',  ( 35.00000000000000000, 37.00000000000000000, -70.40000000000000568 ) ) ;
#478 = CARTESIAN_POINT ( 'NONE',  ( 35.00000000000000000, 46.67499999999999716, -70.40000000000000568 ) ) ;
#479 = ADVANCED_FACE ( 'NONE', ( #1033 ), #340, .F. ) ;
#480 = VERTEX_POINT ( 'NONE', #1168 ) ;
#481 = EDGE_CURVE ( 'NONE', #897, #939, #1278, .T. ) ;
#482 = CYLINDRICAL_SURFACE ( 'NONE', #1162, 4.769999999999982698 ) ;
#483 = LINE ( 'NONE', #833, #210 ) ;
#484 = DIRECTION ( 'NONE',  ( -0.000000000000000000, -1.000000000000000000, -0.000000000000000000 ) ) ;
#485 = ORIENTED_EDGE ( 'NONE', *, *, #830, .F. ) ;
#486 = AXIS2_PLACEMENT_3D ( 'NONE', #554, #1391, #1039 ) ;
#487 = VECTOR ( 'NONE', #688, 1000.000000000000000 ) ;
#488 = ADVANCED_FACE ( 'NONE', ( #448 ), #260, .F. ) ;
#489 = ORIENTED_EDGE ( 'NONE', *, *, #915, .T. ) ;
#490 = CARTESIAN_POINT ( 'NONE',  ( 35.00000000000000000, 47.00000000000000000, -75.17000000000000171 ) ) ;
#491 = FACE_OUTER_BOUND ( 'NONE', #1222, .T. ) ;
#492 = ORIENTED_EDGE ( 'NONE', *, *, #893, .T. ) ;
#493 = ADVANCED_FACE ( 'NONE', ( #1506 ), #415, .F. ) ;
#494 = EDGE_CURVE ( 'NONE', #1000, #1087, #1512, .T. ) ;
#495 = VECTOR ( 'NONE', #999, 1000.000000000000000 ) ;
#496 = VERTEX_POINT ( 'NONE', #922 ) ;
#497 = CARTESIAN_POINT ( 'NONE',  ( 94.48484137440659936, 7.000000000000000000, -70.40000000000000568 ) ) ;
#498 = DIRECTION ( 'NONE',  ( -0.000000000000000000, 1.000000000000000000, -0.000000000000000000 ) ) ;
#499 = DIRECTION ( 'NONE',  ( 0.000000000000000000, 0.000000000000000000, 1.000000000000000000 ) ) ;
#500 = VERTEX_POINT ( 'NONE', #585 ) ;
#501 = AXIS2_PLACEMENT_3D ( 'NONE', #789, #247, #1185 ) ;
#502 = VECTOR ( 'NONE', #303, 1000.000000000000000 ) ;
#503 = ORIENTED_EDGE ( 'NONE', *, *, #392, .F. ) ;
#504 = ORIENTED_EDGE ( 'NONE', *, *, #909, .F. ) ;
#505 = CARTESIAN_POINT ( 'NONE',  ( 35.00000000000000000, 46.67499999999999716, -70.40000000000000568 ) ) ;
#506 =( LENGTH_UNIT ( ) NAMED_UNIT ( * ) SI_UNIT ( .MILLI., .METRE. ) );
#507 = CARTESIAN_POINT ( 'NONE',  ( 35.00000000000000000, 47.00000000000000000, -65.63000000000000966 ) ) ;
#508 = DIRECTION ( 'NONE',  ( -0.000000000000000000, -1.000000000000000000, -0.000000000000000000 ) ) ;
#509 = EDGE_CURVE ( 'NONE', #868, #856, #217, .T. ) ;
#510 = ORIENTED_EDGE ( 'NONE', *, *, #1518, .F. ) ;
#511 = CIRCLE ( 'NONE', #486, 1.774999999999998801 ) ;
#512 = EDGE_CURVE ( 'NONE', #1087, #933, #1158, .T. ) ;
#513 = ORIENTED_EDGE ( 'NONE', *, *, #744, .F. ) ;
#514 = VERTEX_POINT ( 'NONE', #930 ) ;
#515 = FACE_BOUND ( 'NONE', #54, .T. ) ;
#516 = FACE_OUTER_BOUND ( 'NONE', #536, .T. ) ;
#517 = VERTEX_POINT ( 'NONE', #1529 ) ;
#518 = FACE_OUTER_BOUND ( 'NONE', #1445, .T. ) ;
#519 = DIRECTION ( 'NONE',  ( -1.000000000000000000, 0.000000000000000000, 0.000000000000000000 ) ) ;
#520 = EDGE_CURVE ( 'NONE', #868, #1131, #1266, .T. ) ;
#521 = VECTOR ( 'NONE', #439, 1000.000000000000000 ) ;
#522 = CIRCLE ( 'NONE', #450, 4.769999999999982698 ) ;
#523 = EDGE_LOOP ( 'NONE', ( #173, #1353, #1377, #254 ) ) ;
#524 = VERTEX_POINT ( 'NONE', #200 ) ;
#525 = PLANE ( 'NONE',  #1453 ) ;
#526 = VERTEX_POINT ( 'NONE', #674 ) ;
#527 = CARTESIAN_POINT ( 'NONE',  ( 106.9999999999999858, 7.000000000000000000, -64.00000000000000000 ) ) ;
#528 = CYLINDRICAL_SURFACE ( 'NONE', #756, 1.449999999999993072 ) ;
#529 = ORIENTED_EDGE ( 'NONE', *, *, #940, .F. ) ;
#530 = LINE ( 'NONE', #993, #1060 ) ;
#531 = EDGE_CURVE ( 'NONE', #1416, #1029, #330, .T. ) ;
#532 = AXIS2_PLACEMENT_3D ( 'NONE', #40, #1007, #47 ) ;
#533 = CIRCLE ( 'NONE', #58, 4.769999999999996021 ) ;
#534 = ORIENTED_EDGE ( 'NONE', *, *, #708, .F. ) ;
#535 = DIRECTION ( 'NONE',  ( 0.000000000000000000, 0.000000000000000000, -1.000000000000000000 ) ) ;
#536 = EDGE_LOOP ( 'NONE', ( #503, #144, #152 ) ) ;
#537 = CARTESIAN_POINT ( 'NONE',  ( 34.99999999999997868, 37.00000000000000000, 4.950000000000002842 ) ) ;
#538 = CARTESIAN_POINT ( 'NONE',  ( 102.0000000000000000, 7.000000000000000000, -64.00000000000000000 ) ) ;
#539 = VERTEX_POINT ( 'NONE', #1151 ) ;
#540 = CARTESIAN_POINT ( 'NONE',  ( 102.0000000000000000, 2.000000000000000000, -0.01000000000002249263 ) ) ;
#541 = EDGE_CURVE ( 'NONE', #881, #987, #681, .T. ) ;
#542 = ORIENTED_EDGE ( 'NONE', *, *, #1213, .T. ) ;
#543 = CARTESIAN_POINT ( 'NONE',  ( 0.000000000000000000, 0.000000000000000000, 0.000000000000000000 ) ) ;
#544 = VECTOR ( 'NONE', #584, 1000.000000000000000 ) ;
#545 = VECTOR ( 'NONE', #810, 1000.000000000000000 ) ;
#546 = ORIENTED_EDGE ( 'NONE', *, *, #1501, .T. ) ;
#547 = CARTESIAN_POINT ( 'NONE',  ( 0.000000000000000000, 2.000000000000000000, -0.01000000000001000089 ) ) ;
#548 = CARTESIAN_POINT ( 'NONE',  ( 102.0000000000000142, 0.000000000000000000, 14.99999999999998757 ) ) ;
#549 = DIRECTION ( 'NONE',  ( 0.000000000000000000, 0.000000000000000000, 1.000000000000000000 ) ) ;
#550 = EDGE_CURVE ( 'NONE', #333, #1087, #723, .T. ) ;
#551 = EDGE_CURVE ( 'NONE', #939, #897, #1404, .T. ) ;
#552 = LINE ( 'NONE', #887, #502 ) ;
#553 = ORIENTED_EDGE ( 'NONE', *, *, #656, .T. ) ;
#554 = CARTESIAN_POINT ( 'NONE',  ( 35.00000000000000000, 47.00000000000000000, -70.40000000000000568 ) ) ;
#555 = CARTESIAN_POINT ( 'NONE',  ( 1.785744754682007048E-15, 0.000000000000000000, 15.00000000000000000 ) ) ;
#556 = DIRECTION ( 'NONE',  ( -0.000000000000000000, -1.000000000000000000, -0.000000000000000000 ) ) ;
#557 = CARTESIAN_POINT ( 'NONE',  ( 107.0000000000000000, 7.000000000000000000, 0.000000000000000000 ) ) ;
#558 = LINE ( 'NONE', #198, #857 ) ;
#559 = LINE ( 'NONE', #454, #579 ) ;
#560 = CARTESIAN_POINT ( 'NONE',  ( 34.99999999999997868, 46.67499999999999716, 7.849999999999996092 ) ) ;
#561 = DIRECTION ( 'NONE',  ( -0.000000000000000000, 1.000000000000000000, -0.000000000000000000 ) ) ;
#562 = EDGE_CURVE ( 'NONE', #500, #514, #931, .T. ) ;
#563 = EDGE_CURVE ( 'NONE', #1303, #1006, #763, .T. ) ;
#564 = FACE_BOUND ( 'NONE', #269, .T. ) ;
#565 = LINE ( 'NONE', #336, #903 ) ;
#566 = AXIS2_PLACEMENT_3D ( 'NONE', #477, #1425, #108 ) ;
#567 = DIRECTION ( 'NONE',  ( 0.000000000000000000, 0.000000000000000000, 1.000000000000000000 ) ) ;
#568 = AXIS2_PLACEMENT_3D ( 'NONE', #387, #853, #980 ) ;
#569 = ORIENTED_EDGE ( 'NONE', *, *, #361, .T. ) ;
#570 = PLANE ( 'NONE',  #765 ) ;
#571 = CARTESIAN_POINT ( 'NONE',  ( 94.48484137440659936, 46.67499999999999716, -71.84999999999999432 ) ) ;
#572 = DIRECTION ( 'NONE',  ( 0.000000000000000000, 1.000000000000000000, -0.000000000000000000 ) ) ;
#573 = CIRCLE ( 'NONE', #912, 1.449999999999993072 ) ;
#574 = ORIENTED_EDGE ( 'NONE', *, *, #811, .T. ) ;
#575 = VERTEX_POINT ( 'NONE', #162 ) ;
#576 = DIRECTION ( 'NONE',  ( 0.000000000000000000, -1.000000000000000000, 0.000000000000000000 ) ) ;
#577 = DIRECTION ( 'NONE',  ( 0.000000000000000000, 0.000000000000000000, -1.000000000000000000 ) ) ;
#578 = CARTESIAN_POINT ( 'NONE',  ( 34.99999999999997868, 47.00000000000000000, 4.950000000000006395 ) ) ;
#579 = VECTOR ( 'NONE', #72, 1000.000000000000000 ) ;
#580 = DIRECTION ( 'NONE',  ( 8.659560562354932858E-17, 0.7071067811865474617, -0.7071067811865474617 ) ) ;
#581 = EDGE_LOOP ( 'NONE', ( #900, #475, #87, #405 ) ) ;
#582 = ORIENTED_EDGE ( 'NONE', *, *, #445, .T. ) ;
#583 = DIRECTION ( 'NONE',  ( -0.000000000000000000, 1.000000000000000000, -0.000000000000000000 ) ) ;
#584 = DIRECTION ( 'NONE',  ( -1.000000000000000000, 0.000000000000000000, 1.224646799147353207E-16 ) ) ;
#585 = CARTESIAN_POINT ( 'NONE',  ( 35.00000000000000000, 37.00000000000000000, -71.84999999999999432 ) ) ;
#586 = CONICAL_SURFACE ( 'NONE', #1173, 1.774999999999998801, 0.7853981633974482790 ) ;
#587 = CARTESIAN_POINT ( 'NONE',  ( 0.000000000000000000, 7.000000000000000000, -0.01000000000001000089 ) ) ;
#588 = ORIENTED_EDGE ( 'NONE', *, *, #634, .F. ) ;
#589 = VERTEX_POINT ( 'NONE', #1341 ) ;
#590 = DIRECTION ( 'NONE',  ( 0.000000000000000000, 0.000000000000000000, 1.000000000000000000 ) ) ;
#591 = LINE ( 'NONE', #695, #15 ) ;
#592 = CYLINDRICAL_SURFACE ( 'NONE', #1331, 4.769999999999982698 ) ;
#593 = VECTOR ( 'NONE', #484, 1000.000000000000000 ) ;
#594 = ORIENTED_EDGE ( 'NONE', *, *, #1414, .F. ) ;
#595 = DIRECTION ( 'NONE',  ( 0.000000000000000000, 0.7071067811865474617, 0.7071067811865474617 ) ) ;
#596 = CARTESIAN_POINT ( 'NONE',  ( 106.9999999999999858, 7.000000000000000000, -64.00000000000000000 ) ) ;
#597 = DIRECTION ( 'NONE',  ( 0.000000000000000000, 1.000000000000000000, 0.000000000000000000 ) ) ;
#598 = EDGE_CURVE ( 'NONE', #1006, #332, #1352, .T. ) ;
#599 = VECTOR ( 'NONE', #595, 1000.000000000000114 ) ;
#600 = ORIENTED_EDGE ( 'NONE', *, *, #656, .F. ) ;
#601 = DIRECTION ( 'NONE',  ( 0.000000000000000000, 0.000000000000000000, -1.000000000000000000 ) ) ;
#602 = DIRECTION ( 'NONE',  ( 1.000000000000000000, 0.000000000000000000, -1.224646799147353207E-16 ) ) ;
#603 = DIRECTION ( 'NONE',  ( 0.000000000000000000, 1.000000000000000000, -0.000000000000000000 ) ) ;
#604 = EDGE_CURVE ( 'NONE', #1303, #1458, #292, .T. ) ;
#605 = ORIENTED_EDGE ( 'NONE', *, *, #713, .T. ) ;
#606 = CIRCLE ( 'NONE', #1067, 1.449999999999993072 ) ;
#607 = VECTOR ( 'NONE', #455, 1000.000000000000000 ) ;
#608 = VERTEX_POINT ( 'NONE', #1488 ) ;
#609 = FACE_OUTER_BOUND ( 'NONE', #747, .T. ) ;
#610 = CARTESIAN_POINT ( 'NONE',  ( 0.000000000000000000, 0.000000000000000000, -79.00000000000000000 ) ) ;
#611 = CARTESIAN_POINT ( 'NONE',  ( 94.48484137440659936, 37.00000000000000000, -70.40000000000000568 ) ) ;
#612 = VERTEX_POINT ( 'NONE', #901 ) ;
#613 = ORIENTED_EDGE ( 'NONE', *, *, #919, .F. ) ;
#614 = LINE ( 'NONE', #1099, #1028 ) ;
#615 = DIRECTION ( 'NONE',  ( 0.000000000000000000, 0.000000000000000000, -1.000000000000000000 ) ) ;
#616 = EDGE_CURVE ( 'NONE', #856, #517, #1228, .T. ) ;
#617 = LINE ( 'NONE', #1459, #1389 ) ;
#618 = CARTESIAN_POINT ( 'NONE',  ( 1.836970198721029589E-15, 7.000000000000000000, 15.00000000000000000 ) ) ;
#619 = VERTEX_POINT ( 'NONE', #438 ) ;
#620 = ORIENTED_EDGE ( 'NONE', *, *, #562, .F. ) ;
#621 = EDGE_CURVE ( 'NONE', #837, #1236, #1106, .T. ) ;
#622 = ORIENTED_EDGE ( 'NONE', *, *, #1481, .T. ) ;
#623 = CARTESIAN_POINT ( 'NONE',  ( 94.48484137440659936, 7.000000000000000000, -70.40000000000000568 ) ) ;
#624 = ORIENTED_EDGE ( 'NONE', *, *, #122, .T. ) ;
#625 = CARTESIAN_POINT ( 'NONE',  ( 94.48484137440659936, 47.00000000000000000, -70.40000000000000568 ) ) ;
#626 = DIRECTION ( 'NONE',  ( -0.000000000000000000, -1.000000000000000000, -0.000000000000000000 ) ) ;
#627 = CIRCLE ( 'NONE', #1502, 4.769999999999996021 ) ;
#628 = VERTEX_POINT ( 'NONE', #1378 ) ;
#629 = VERTEX_POINT ( 'NONE', #1009 ) ;
#630 = DIRECTION ( 'NONE',  ( 0.000000000000000000, 0.000000000000000000, 1.000000000000000000 ) ) ;
#631 = ORIENTED_EDGE ( 'NONE', *, *, #1218, .T. ) ;
#632 = DIRECTION ( 'NONE',  ( 0.000000000000000000, 0.000000000000000000, 1.000000000000000000 ) ) ;
#633 = CARTESIAN_POINT ( 'NONE',  ( 0.000000000000000000, 7.000000000000000000, 0.000000000000000000 ) ) ;
#634 = EDGE_CURVE ( 'NONE', #990, #629, #530, .T. ) ;
#635 = AXIS2_PLACEMENT_3D ( 'NONE', #497, #1220, #880 ) ;
#636 = CARTESIAN_POINT ( 'NONE',  ( 0.000000000000000000, 0.000000000000000000, 0.000000000000000000 ) ) ;
#637 = ADVANCED_FACE ( 'NONE', ( #662, #1471 ), #782, .T. ) ;
#638 = ORIENTED_EDGE ( 'NONE', *, *, #1034, .F. ) ;
#639 = CARTESIAN_POINT ( 'NONE',  ( 34.99999999999997868, 47.00000000000000000, 8.175000000000002487 ) ) ;
#640 = AXIS2_PLACEMENT_3D ( 'NONE', #1449, #389, #1330 ) ;
#641 = ORIENTED_EDGE ( 'NONE', *, *, #827, .T. ) ;
#642 = LINE ( 'NONE', #652, #1315 ) ;
#643 = DIRECTION ( 'NONE',  ( 1.049727191138618449E-16, 0.5150380749100544886, -0.8571673007021121116 ) ) ;
#644 = CARTESIAN_POINT ( 'NONE',  ( 0.000000000000000000, 7.000000000000000000, -63.99000000000000199 ) ) ;
#645 = EDGE_CURVE ( 'NONE', #176, #628, #1188, .T. ) ;
#646 = VECTOR ( 'NONE', #694, 1000.000000000000000 ) ;
#647 = AXIS2_PLACEMENT_3D ( 'NONE', #854, #991, #417 ) ;
#648 = AXIS2_PLACEMENT_3D ( 'NONE', #324, #1267, #601 ) ;
#649 = ORIENTED_EDGE ( 'NONE', *, *, #822, .F. ) ;
#650 = DIRECTION ( 'NONE',  ( -0.000000000000000000, -1.000000000000000000, -0.000000000000000000 ) ) ;
#651 = VERTEX_POINT ( 'NONE', #310 ) ;
#652 = CARTESIAN_POINT ( 'NONE',  ( 34.99999999999997868, 47.00000000000000000, 1.630000000000007221 ) ) ;
#653 = LINE ( 'NONE', #538, #495 ) ;
#654 = ADVANCED_FACE ( 'NONE', ( #755 ), #1001, .T. ) ;
#655 = DIRECTION ( 'NONE',  ( -0.000000000000000000, 1.000000000000000000, -0.000000000000000000 ) ) ;
#656 = EDGE_CURVE ( 'NONE', #1473, #1236, #430, .T. ) ;
#657 = CARTESIAN_POINT ( 'NONE',  ( 102.0000000000000000, 2.000000000000000000, -0.01000000000002249263 ) ) ;
#658 = CONICAL_SURFACE ( 'NONE', #1323, 1.449999999999993072, 1.029744258676654090 ) ;
#659 = ORIENTED_EDGE ( 'NONE', *, *, #1385, .T. ) ;
#660 = DIRECTION ( 'NONE',  ( 0.000000000000000000, 0.000000000000000000, 1.000000000000000000 ) ) ;
#661 = CARTESIAN_POINT ( 'NONE',  ( 34.99999999999997868, 46.67499999999999716, 6.400000000000003020 ) ) ;
#662 = FACE_BOUND ( 'NONE', #1057, .T. ) ;
#663 = DIRECTION ( 'NONE',  ( -0.000000000000000000, 1.000000000000000000, -0.000000000000000000 ) ) ;
#664 = PLANE ( 'NONE',  #965 ) ;
#665 = CARTESIAN_POINT ( 'NONE',  ( 0.000000000000000000, 7.000000000000000000, -79.00000000000000000 ) ) ;
#666 = LINE ( 'NONE', #555, #886 ) ;
#667 = ADVANCED_FACE ( 'NONE', ( #1115 ), #59, .F. ) ;
#668 = ORIENTED_EDGE ( 'NONE', *, *, #1364, .F. ) ;
#669 = CARTESIAN_POINT ( 'NONE',  ( 102.0000000000000000, 7.000000000000000000, -9.436895709313839429E-14 ) ) ;
#670 = ADVANCED_FACE ( 'NONE', ( #773 ), #1372, .F. ) ;
#671 = ADVANCED_FACE ( 'NONE', ( #189 ), #125, .F. ) ;
#672 = CARTESIAN_POINT ( 'NONE',  ( 94.48484137440654251, 47.00000000000000000, 1.630000000000020322 ) ) ;
#673 = CARTESIAN_POINT ( 'NONE',  ( 0.000000000000000000, 7.000000000000000000, -63.99000000000000199 ) ) ;
#674 = CARTESIAN_POINT ( 'NONE',  ( 102.0000000000000000, 2.000000000000000000, -0.01000000000002249263 ) ) ;
#675 = APPLICATION_PROTOCOL_DEFINITION ( 'draft international standard', 'automotive_design', 1998, #1190 ) ;
#676 = ORIENTED_EDGE ( 'NONE', *, *, #915, .F. ) ;
#677 = FACE_OUTER_BOUND ( 'NONE', #412, .T. ) ;
#678 = LINE ( 'NONE', #313, #1146 ) ;
#679 = AXIS2_PLACEMENT_3D ( 'NONE', #1212, #23, #380 ) ;
#680 = CARTESIAN_POINT ( 'NONE',  ( 107.0000000000000000, 7.000000000000000000, -2.320192649118979489E-14 ) ) ;
#681 = CIRCLE ( 'NONE', #1199, 4.769999999999982698 ) ;
#682 = CIRCLE ( 'NONE', #804, 4.769999999999982698 ) ;
#683 = EDGE_CURVE ( 'NONE', #1257, #1296, #1500, .T. ) ;
#684 = ORIENTED_EDGE ( 'NONE', *, *, #102, .F. ) ;
#685 = ORIENTED_EDGE ( 'NONE', *, *, #1380, .T. ) ;
#686 = PLANE ( 'NONE',  #1163 ) ;
#687 = DIRECTION ( 'NONE',  ( -0.000000000000000000, -1.000000000000000000, -0.000000000000000000 ) ) ;
#688 = DIRECTION ( 'NONE',  ( -0.000000000000000000, -1.000000000000000000, -0.000000000000000000 ) ) ;
#689 = DIRECTION ( 'NONE',  ( 0.000000000000000000, 0.000000000000000000, -1.000000000000000000 ) ) ;
#690 = AXIS2_PLACEMENT_3D ( 'NONE', #661, #66, #73 ) ;
#691 = ORIENTED_EDGE ( 'NONE', *, *, #1254, .F. ) ;
#692 = ORIENTED_EDGE ( 'NONE', *, *, #334, .F. ) ;
#693 = ADVANCED_FACE ( 'NONE', ( #133 ), #706, .T. ) ;
#694 = DIRECTION ( 'NONE',  ( -0.000000000000000000, -1.000000000000000000, -0.000000000000000000 ) ) ;
#695 = CARTESIAN_POINT ( 'NONE',  ( 94.48484137440659936, 47.00000000000000000, -65.63000000000002387 ) ) ;
#696 = FACE_OUTER_BOUND ( 'NONE', #1275, .T. ) ;
#697 = PLANE ( 'NONE',  #473 ) ;
#698 = EDGE_CURVE ( 'NONE', #1098, #612, #1298, .T. ) ;
#699 = ORIENTED_EDGE ( 'NONE', *, *, #1414, .T. ) ;
#700 = ORIENTED_EDGE ( 'NONE', *, *, #621, .T. ) ;
#701 = CARTESIAN_POINT ( 'NONE',  ( 35.00000000000000000, 37.00000000000000000, -68.95000000000001705 ) ) ;
#702 = CARTESIAN_POINT ( 'NONE',  ( 35.00000000000000000, 7.000000000000000000, -70.40000000000000568 ) ) ;
#703 = CARTESIAN_POINT ( 'NONE',  ( 94.48484137440654251, 47.00000000000000000, 6.400000000000003020 ) ) ;
#704 = ORIENTED_EDGE ( 'NONE', *, *, #433, .T. ) ;
#705 = CIRCLE ( 'NONE', #635, 4.769999999999982698 ) ;
#706 = PLANE ( 'NONE',  #717 ) ;
#707 = CARTESIAN_POINT ( 'NONE',  ( 35.00000000000000000, 47.00000000000000000, -72.17499999999999716 ) ) ;
#708 = EDGE_CURVE ( 'NONE', #1276, #185, #233, .T. ) ;
#709 = FACE_OUTER_BOUND ( 'NONE', #959, .T. ) ;
#710 = CIRCLE ( 'NONE', #1107, 4.769999999999996021 ) ;
#711 = EDGE_LOOP ( 'NONE', ( #916, #1402, #835, #1485 ) ) ;
#712 = STYLED_ITEM ( 'NONE', ( #19 ), #227 ) ;
#713 = EDGE_CURVE ( 'NONE', #939, #575, #907, .T. ) ;
#714 = DIRECTION ( 'NONE',  ( -0.000000000000000000, 1.000000000000000000, -0.000000000000000000 ) ) ;
#715 = FACE_OUTER_BOUND ( 'NONE', #879, .T. ) ;
#716 = DIRECTION ( 'NONE',  ( -0.000000000000000000, 1.000000000000000000, -0.000000000000000000 ) ) ;
#717 = AXIS2_PLACEMENT_3D ( 'NONE', #444, #1292, #1386 ) ;
#718 = EDGE_LOOP ( 'NONE', ( #137, #221, #1421, #692 ) ) ;
#719 = ORIENTED_EDGE ( 'NONE', *, *, #1034, .T. ) ;
#720 = CARTESIAN_POINT ( 'NONE',  ( 0.000000000000000000, 7.000000000000000000, 0.000000000000000000 ) ) ;
#721 = DIRECTION ( 'NONE',  ( -0.000000000000000000, 1.000000000000000000, -0.000000000000000000 ) ) ;
#722 = ORIENTED_EDGE ( 'NONE', *, *, #962, .T. ) ;
#723 = CIRCLE ( 'NONE', #878, 1.449999999999999956 ) ;
#724 = EDGE_LOOP ( 'NONE', ( #850, #1152, #891, #873 ) ) ;
#725 = CARTESIAN_POINT ( 'NONE',  ( 94.48484137440654251, 37.00000000000000000, 6.400000000000003020 ) ) ;
#726 = DIRECTION ( 'NONE',  ( -0.000000000000000000, -1.000000000000000000, -0.000000000000000000 ) ) ;
#727 = DIRECTION ( 'NONE',  ( -0.000000000000000000, -1.000000000000000000, -0.000000000000000000 ) ) ;
#728 = ORIENTED_EDGE ( 'NONE', *, *, #1482, .T. ) ;
#729 = VECTOR ( 'NONE', #762, 1000.000000000000000 ) ;
#730 = ORIENTED_EDGE ( 'NONE', *, *, #197, .T. ) ;
#731 = ORIENTED_EDGE ( 'NONE', *, *, #1030, .F. ) ;
#732 = DIRECTION ( 'NONE',  ( -0.000000000000000000, 1.000000000000000000, -0.000000000000000000 ) ) ;
#733 = CARTESIAN_POINT ( 'NONE',  ( 94.48484137440659936, 47.00000000000000000, -75.16999999999998749 ) ) ;
#734 = FILL_AREA_STYLE ('',( #1223 ) ) ;
#735 = LINE ( 'NONE', #882, #375 ) ;
#736 = ORIENTED_EDGE ( 'NONE', *, *, #1191, .T. ) ;
#737 = EDGE_CURVE ( 'NONE', #628, #176, #533, .T. ) ;
#738 = VERTEX_POINT ( 'NONE', #1313 ) ;
#739 = ORIENTED_EDGE ( 'NONE', *, *, #541, .T. ) ;
#740 = CARTESIAN_POINT ( 'NONE',  ( 94.48484137440659936, 36.12875210241003998, -70.40000000000000568 ) ) ;
#741 = ORIENTED_EDGE ( 'NONE', *, *, #683, .T. ) ;
#742 = CARTESIAN_POINT ( 'NONE',  ( 94.48484137440654251, 47.00000000000000000, 6.400000000000003020 ) ) ;
#743 = FACE_OUTER_BOUND ( 'NONE', #1120, .T. ) ;
#744 = EDGE_CURVE ( 'NONE', #987, #881, #1396, .T. ) ;
#745 = DIRECTION ( 'NONE',  ( -0.000000000000000000, 1.000000000000000000, -0.000000000000000000 ) ) ;
#746 = VECTOR ( 'NONE', #1195, 1000.000000000000114 ) ;
#747 = EDGE_LOOP ( 'NONE', ( #132, #821, #777, #978 ) ) ;
#748 = CARTESIAN_POINT ( 'NONE',  ( 35.00000000000000000, 7.000000000000000000, -65.63000000000000966 ) ) ;
#749 = ORIENTED_EDGE ( 'NONE', *, *, #1246, .F. ) ;
#750 = CARTESIAN_POINT ( 'NONE',  ( 1.836970198721029589E-15, 7.000000000000000000, 15.00000000000000000 ) ) ;
#751 = DIRECTION ( 'NONE',  ( -0.000000000000000000, 1.000000000000000000, -0.000000000000000000 ) ) ;
#752 = EDGE_CURVE ( 'NONE', #52, #300, #304, .T. ) ;
#753 = CIRCLE ( 'NONE', #319, 1.449999999999993072 ) ;
#754 = EDGE_LOOP ( 'NONE', ( #1454, #44 ) ) ;
#755 = FACE_OUTER_BOUND ( 'NONE', #346, .T. ) ;
#756 = AXIS2_PLACEMENT_3D ( 'NONE', #1347, #751, #1234 ) ;
#757 = EDGE_LOOP ( 'NONE', ( #213, #1290, #1184, #288 ) ) ;
#758 = DIRECTION ( 'NONE',  ( 0.000000000000000000, 0.7071067811865474617, 0.7071067811865474617 ) ) ;
#759 = ADVANCED_FACE ( 'NONE', ( #1304 ), #482, .T. ) ;
#760 = ORIENTED_EDGE ( 'NONE', *, *, #1071, .F. ) ;
#761 = DIRECTION ( 'NONE',  ( 0.000000000000000000, 0.000000000000000000, -1.000000000000000000 ) ) ;
#762 = DIRECTION ( 'NONE',  ( 9.251858538542979716E-16, 0.000000000000000000, 1.000000000000000000 ) ) ;
#763 = LINE ( 'NONE', #1124, #1069 ) ;
#764 = CIRCLE ( 'NONE', #228, 1.449999999999993072 ) ;
#765 = AXIS2_PLACEMENT_3D ( 'NONE', #97, #82, #206 ) ;
#766 = AXIS2_PLACEMENT_3D ( 'NONE', #265, #1084, #1476 ) ;
#767 = CARTESIAN_POINT ( 'NONE',  ( 94.48484137440654251, 36.12875210241003998, 6.400000000000003020 ) ) ;
#768 = ORIENTED_EDGE ( 'NONE', *, *, #512, .F. ) ;
#769 = DIRECTION ( 'NONE',  ( 0.000000000000000000, 1.000000000000000000, -0.000000000000000000 ) ) ;
#770 = CARTESIAN_POINT ( 'NONE',  ( 0.000000000000000000, 0.000000000000000000, -79.00000000000000000 ) ) ;
#771 = UNCERTAINTY_MEASURE_WITH_UNIT (LENGTH_MEASURE( 1.000000000000000082E-05 ), #31, 'distance_accuracy_value', 'NONE');
#772 = ORIENTED_EDGE ( 'NONE', *, *, #122, .F. ) ;
#773 = FACE_OUTER_BOUND ( 'NONE', #347, .T. ) ;
#774 = CIRCLE ( 'NONE', #679, 1.774999999999998801 ) ;
#775 = EDGE_CURVE ( 'NONE', #1303, #1086, #255, .T. ) ;
#776 = CARTESIAN_POINT ( 'NONE',  ( 0.000000000000000000, 0.000000000000000000, -64.00000000000000000 ) ) ;
#777 = ORIENTED_EDGE ( 'NONE', *, *, #780, .T. ) ;
#778 = CARTESIAN_POINT ( 'NONE',  ( 0.000000000000000000, 7.000000000000000000, -64.00000000000000000 ) ) ;
#779 = FACE_OUTER_BOUND ( 'NONE', #1109, .T. ) ;
#780 = EDGE_CURVE ( 'NONE', #176, #181, #1194, .T. ) ;
#781 = ORIENTED_EDGE ( 'NONE', *, *, #1397, .T. ) ;
#782 = PLANE ( 'NONE',  #843 ) ;
#783 = AXIS2_PLACEMENT_3D ( 'NONE', #505, #396, #1439 ) ;
#784 = EDGE_CURVE ( 'NONE', #1458, #385, #126, .T. ) ;
#785 = VECTOR ( 'NONE', #1176, 1000.000000000000000 ) ;
#786 = CARTESIAN_POINT ( 'NONE',  ( 94.48484137440654251, 47.00000000000000000, 6.400000000000003020 ) ) ;
#787 = CARTESIAN_POINT ( 'NONE',  ( -5.000000000000000000, 7.000000000000000000, 6.123233995736766282E-16 ) ) ;
#788 = DIRECTION ( 'NONE',  ( -0.000000000000000000, 1.000000000000000000, -0.000000000000000000 ) ) ;
#789 = CARTESIAN_POINT ( 'NONE',  ( 34.99999999999997868, 47.00000000000000000, 6.400000000000003020 ) ) ;
#790 =( NAMED_UNIT ( * ) PLANE_ANGLE_UNIT ( ) SI_UNIT ( $, .RADIAN. ) );
#791 = ORIENTED_EDGE ( 'NONE', *, *, #119, .T. ) ;
#792 = ADVANCED_FACE ( 'NONE', ( #1527 ), #947, .T. ) ;
#793 = AXIS2_PLACEMENT_3D ( 'NONE', #1022, #476, #356 ) ;
#794 = FACE_OUTER_BOUND ( 'NONE', #377, .T. ) ;
#795 = FACE_OUTER_BOUND ( 'NONE', #718, .T. ) ;
#796 = CARTESIAN_POINT ( 'NONE',  ( 35.00000000000000000, 37.00000000000000000, -70.40000000000000568 ) ) ;
#797 = ORIENTED_EDGE ( 'NONE', *, *, #1095, .T. ) ;
#798 = ORIENTED_EDGE ( 'NONE', *, *, #550, .F. ) ;
#799 = LINE ( 'NONE', #1497, #323 ) ;
#800 = CARTESIAN_POINT ( 'NONE',  ( 94.48484137440659936, 47.00000000000000000, -72.17499999999999716 ) ) ;
#801 = VECTOR ( 'NONE', #687, 1000.000000000000000 ) ;
#802 = DIRECTION ( 'NONE',  ( 0.000000000000000000, 0.000000000000000000, 1.000000000000000000 ) ) ;
#803 = AXIS2_PLACEMENT_3D ( 'NONE', #1287, #99, #470 ) ;
#804 = AXIS2_PLACEMENT_3D ( 'NONE', #272, #263, #615 ) ;
#805 = DIRECTION ( 'NONE',  ( 0.000000000000000000, 0.000000000000000000, 1.000000000000000000 ) ) ;
#806 = EDGE_CURVE ( 'NONE', #496, #958, #841, .T. ) ;
#807 = VERTEX_POINT ( 'NONE', #1166 ) ;
#808 = ORIENTED_EDGE ( 'NONE', *, *, #1482, .F. ) ;
#809 = CARTESIAN_POINT ( 'NONE',  ( 0.000000000000000000, 0.000000000000000000, 0.000000000000000000 ) ) ;
#810 = DIRECTION ( 'NONE',  ( 2.168404344971008868E-16, 0.000000000000000000, 1.000000000000000000 ) ) ;
#811 = EDGE_CURVE ( 'NONE', #278, #514, #1412, .T. ) ;
#812 = ADVANCED_FACE ( 'NONE', ( #1065 ), #113, .F. ) ;
#813 = CARTESIAN_POINT ( 'NONE',  ( 35.00000000000000000, 7.000000000000000000, -75.17000000000000171 ) ) ;
#814 = CIRCLE ( 'NONE', #1285, 1.774999999999998801 ) ;
#815 = ORIENTED_EDGE ( 'NONE', *, *, #1021, .F. ) ;
#816 = ORIENTED_EDGE ( 'NONE', *, *, #780, .F. ) ;
#817 = CARTESIAN_POINT ( 'NONE',  ( 94.48484137440659936, 47.00000000000000000, -70.40000000000000568 ) ) ;
#818 = CYLINDRICAL_SURFACE ( 'NONE', #949, 1.449999999999993072 ) ;
#819 = LINE ( 'NONE', #1189, #785 ) ;
#820 = ORIENTED_EDGE ( 'NONE', *, *, #1325, .T. ) ;
#821 = ORIENTED_EDGE ( 'NONE', *, *, #645, .F. ) ;
#822 = EDGE_CURVE ( 'NONE', #124, #404, #369, .T. ) ;
#823 = CARTESIAN_POINT ( 'NONE',  ( 102.0000000000000000, 7.000000000000000000, 0.000000000000000000 ) ) ;
#824 = DIRECTION ( 'NONE',  ( -0.000000000000000000, -0.000000000000000000, 1.000000000000000000 ) ) ;
#825 = AXIS2_PLACEMENT_3D ( 'NONE', #1498, #425, #898 ) ;
#826 = PLANE ( 'NONE',  #1509 ) ;
#827 = EDGE_CURVE ( 'NONE', #868, #1111, #1328, .T. ) ;
#828 = VECTOR ( 'NONE', #861, 1000.000000000000000 ) ;
#829 = ORIENTED_EDGE ( 'NONE', *, *, #1508, .T. ) ;
#830 = EDGE_CURVE ( 'NONE', #933, #306, #764, .T. ) ;
#831 = VECTOR ( 'NONE', #70, 1000.000000000000000 ) ;
#832 = DIRECTION ( 'NONE',  ( 0.000000000000000000, 0.000000000000000000, 1.000000000000000000 ) ) ;
#833 = CARTESIAN_POINT ( 'NONE',  ( 102.0000000000000000, 7.000000000000000000, -79.00000000000000000 ) ) ;
#834 = DIRECTION ( 'NONE',  ( 1.000000000000000000, -0.000000000000000000, 0.000000000000000000 ) ) ;
#835 = ORIENTED_EDGE ( 'NONE', *, *, #926, .T. ) ;
#836 = COLOUR_RGB ( '',0.7921568627450980005, 0.8196078431372548767, 0.9333333333333333481 ) ;
#837 = VERTEX_POINT ( 'NONE', #286 ) ;
#838 = CARTESIAN_POINT ( 'NONE',  ( 94.48484137440654251, 47.00000000000000000, 8.175000000000002487 ) ) ;
#839 = CARTESIAN_POINT ( 'NONE',  ( 35.00000000000000000, 46.67499999999999716, -71.84999999999999432 ) ) ;
#840 = CYLINDRICAL_SURFACE ( 'NONE', #49, 1.449999999999993072 ) ;
#841 = CIRCLE ( 'NONE', #964, 1.774999999999998801 ) ;
#842 = VECTOR ( 'NONE', #519, 1000.000000000000000 ) ;
#843 = AXIS2_PLACEMENT_3D ( 'NONE', #1140, #410, #874 ) ;
#844 = VERTEX_POINT ( 'NONE', #748 ) ;
#845 = ORIENTED_EDGE ( 'NONE', *, *, #232, .T. ) ;
#846 = DIRECTION ( 'NONE',  ( -0.000000000000000000, -1.000000000000000000, -0.000000000000000000 ) ) ;
#847 = LINE ( 'NONE', #733, #1148 ) ;
#848 = FACE_OUTER_BOUND ( 'NONE', #995, .T. ) ;
#849 = ORIENTED_EDGE ( 'NONE', *, *, #1526, .T. ) ;
#850 = ORIENTED_EDGE ( 'NONE', *, *, #683, .F. ) ;
#851 = VERTEX_POINT ( 'NONE', #740 ) ;
#852 = DIRECTION ( 'NONE',  ( -0.000000000000000000, 1.000000000000000000, -0.000000000000000000 ) ) ;
#853 = DIRECTION ( 'NONE',  ( -0.000000000000000000, 1.000000000000000000, -0.000000000000000000 ) ) ;
#854 = CARTESIAN_POINT ( 'NONE',  ( 0.000000000000000000, 7.000000000000000000, -79.00000000000000000 ) ) ;
#855 = EDGE_CURVE ( 'NONE', #306, #958, #1337, .T. ) ;
#856 = VERTEX_POINT ( 'NONE', #1110 ) ;
#857 = VECTOR ( 'NONE', #1510, 1000.000000000000000 ) ;
#858 = ORIENTED_EDGE ( 'NONE', *, *, #775, .T. ) ;
#859 = VERTEX_POINT ( 'NONE', #1354 ) ;
#860 = DIRECTION ( 'NONE',  ( 1.224646799147353207E-16, 0.000000000000000000, 1.000000000000000000 ) ) ;
#861 = DIRECTION ( 'NONE',  ( 0.000000000000000000, 0.5150380749100528233, 0.8571673007021131108 ) ) ;
#862 = ORIENTED_EDGE ( 'NONE', *, *, #822, .T. ) ;
#863 = CARTESIAN_POINT ( 'NONE',  ( 35.00000000000000000, 36.12875210241003998, -70.40000000000000568 ) ) ;
#864 = DIRECTION ( 'NONE',  ( 0.000000000000000000, 0.000000000000000000, -1.000000000000000000 ) ) ;
#865 = CARTESIAN_POINT ( 'NONE',  ( 94.48484137440654251, 46.67499999999999716, 6.400000000000003020 ) ) ;
#866 = AXIS2_PLACEMENT_3D ( 'NONE', #669, #1237, #172 ) ;
#867 = ADVANCED_FACE ( 'NONE', ( #279 ), #1083, .F. ) ;
#868 = VERTEX_POINT ( 'NONE', #1073 ) ;
#869 = DIRECTION ( 'NONE',  ( 0.000000000000000000, 0.000000000000000000, 1.000000000000000000 ) ) ;
#870 = ORIENTED_EDGE ( 'NONE', *, *, #621, .F. ) ;
#871 = DIRECTION ( 'NONE',  ( -0.000000000000000000, -1.000000000000000000, -0.000000000000000000 ) ) ;
#872 = CARTESIAN_POINT ( 'NONE',  ( 94.48484137440659936, 47.00000000000000000, -70.40000000000000568 ) ) ;
#873 = ORIENTED_EDGE ( 'NONE', *, *, #403, .T. ) ;
#874 = DIRECTION ( 'NONE',  ( 0.000000000000000000, -0.000000000000000000, 1.000000000000000000 ) ) ;
#875 = PRODUCT_DEFINITION_SHAPE ( 'NONE', 'NONE',  #42 ) ;
#876 = DIRECTION ( 'NONE',  ( 0.000000000000000000, 0.000000000000000000, 1.000000000000000000 ) ) ;
#877 = AXIS2_PLACEMENT_3D ( 'NONE', #186, #1129, #207 ) ;
#878 = AXIS2_PLACEMENT_3D ( 'NONE', #301, #745, #75 ) ;
#879 = EDGE_LOOP ( 'NONE', ( #1366, #1436, #622, #917 ) ) ;
#880 = DIRECTION ( 'NONE',  ( 0.000000000000000000, 0.000000000000000000, 1.000000000000000000 ) ) ;
#881 = VERTEX_POINT ( 'NONE', #972 ) ;
#882 = CARTESIAN_POINT ( 'NONE',  ( 0.000000000000000000, 2.000000000000000000, -63.99000000000000199 ) ) ;
#883 = DIRECTION ( 'NONE',  ( 0.000000000000000000, 0.000000000000000000, 1.000000000000000000 ) ) ;
#884 = ORIENTED_EDGE ( 'NONE', *, *, #984, .T. ) ;
#885 = DIRECTION ( 'NONE',  ( -0.000000000000000000, 1.000000000000000000, -0.000000000000000000 ) ) ;
#886 = VECTOR ( 'NONE', #1015, 1000.000000000000000 ) ;
#887 = CARTESIAN_POINT ( 'NONE',  ( 1.785744754682007048E-15, 7.000000000000000000, 15.00000000000000000 ) ) ;
#888 = ORIENTED_EDGE ( 'NONE', *, *, #348, .T. ) ;
#889 = CARTESIAN_POINT ( 'NONE',  ( 34.99999999999997868, 37.00000000000000000, 6.400000000000003020 ) ) ;
#890 = DIRECTION ( 'NONE',  ( 0.000000000000000000, 0.000000000000000000, 1.000000000000000000 ) ) ;
#891 = ORIENTED_EDGE ( 'NONE', *, *, #1134, .T. ) ;
#892 = DIRECTION ( 'NONE',  ( 1.000000000000000000, 0.000000000000000000, -1.224709990794747225E-16 ) ) ;
#893 = EDGE_CURVE ( 'NONE', #185, #422, #996, .T. ) ;
#894 = VECTOR ( 'NONE', #294, 1000.000000000000000 ) ;
#895 = CLOSED_SHELL ( 'NONE', ( #85, #378, #1358, #867, #371, #158, #1443, #812, #927, #1182, #1268, #284, #1198, #1077, #117, #327, #1200, #1048, #10, #276, #654, #1472, #130, #1078, #693, #1365, #74, #376, #77, #190, #667, #8, #1172, #1388, #219, #902, #637, #759, #218, #164, #51, #792, #952, #1235, #670, #479, #1024, #1463, #671, #1494, #239, #493, #488, #449, #1334 ) ) ;
#896 = DIRECTION ( 'NONE',  ( -0.000000000000000000, -1.000000000000000000, -0.000000000000000000 ) ) ;
#897 = VERTEX_POINT ( 'NONE', #379 ) ;
#898 = DIRECTION ( 'NONE',  ( -1.000000000000000000, 0.000000000000000000, -0.000000000000000000 ) ) ;
#899 = DIRECTION ( 'NONE',  ( -0.000000000000000000, 1.000000000000000000, -0.000000000000000000 ) ) ;
#900 = ORIENTED_EDGE ( 'NONE', *, *, #1095, .F. ) ;
#901 = CARTESIAN_POINT ( 'NONE',  ( 94.48484137440659936, 46.67499999999999716, -68.95000000000001705 ) ) ;
#902 = ADVANCED_FACE ( 'NONE', ( #609 ), #139, .T. ) ;
#903 = VECTOR ( 'NONE', #921, 1000.000000000000000 ) ;
#904 = PLANE ( 'NONE',  #229 ) ;
#905 = DIRECTION ( 'NONE',  ( 0.000000000000000000, 0.000000000000000000, 1.000000000000000000 ) ) ;
#906 = LINE ( 'NONE', #179, #1154 ) ;
#907 = LINE ( 'NONE', #838, #599 ) ;
#908 = AXIS2_PLACEMENT_3D ( 'NONE', #725, #1447, #386 ) ;
#909 = EDGE_CURVE ( 'NONE', #93, #987, #1230, .T. ) ;
#910 = VECTOR ( 'NONE', #235, 1000.000000000000000 ) ;
#911 = CARTESIAN_POINT ( 'NONE',  ( 94.48484137440659936, 47.00000000000000000, -68.62500000000000000 ) ) ;
#912 = AXIS2_PLACEMENT_3D ( 'NONE', #611, #1092, #1442 ) ;
#913 = DIRECTION ( 'NONE',  ( -0.000000000000000000, 1.000000000000000000, -0.000000000000000000 ) ) ;
#914 = CARTESIAN_POINT ( 'NONE',  ( 94.48484137440659936, 47.00000000000000000, -70.40000000000000568 ) ) ;
#915 = EDGE_CURVE ( 'NONE', #205, #480, #705, .T. ) ;
#916 = ORIENTED_EDGE ( 'NONE', *, *, #1380, .F. ) ;
#917 = ORIENTED_EDGE ( 'NONE', *, *, #713, .F. ) ;
#918 = VECTOR ( 'NONE', #65, 1000.000000000000000 ) ;
#919 = EDGE_CURVE ( 'NONE', #1345, #807, #1231, .T. ) ;
#920 = CARTESIAN_POINT ( 'NONE',  ( 94.48484137440659936, 46.67499999999999716, -70.40000000000000568 ) ) ;
#921 = DIRECTION ( 'NONE',  ( -0.000000000000000000, 1.000000000000000000, -0.000000000000000000 ) ) ;
#922 = CARTESIAN_POINT ( 'NONE',  ( 34.99999999999997868, 47.00000000000000000, 4.625000000000004441 ) ) ;
#923 = DIRECTION ( 'NONE',  ( 0.000000000000000000, 1.000000000000000000, -0.000000000000000000 ) ) ;
#924 = VERTEX_POINT ( 'NONE', #1211 ) ;
#925 = EDGE_LOOP ( 'NONE', ( #1063, #1139 ) ) ;
#926 = EDGE_CURVE ( 'NONE', #1086, #1393, #614, .T. ) ;
#927 = ADVANCED_FACE ( 'NONE', ( #262 ), #981, .F. ) ;
#928 = FACE_OUTER_BOUND ( 'NONE', #1429, .T. ) ;
#929 = DIRECTION ( 'NONE',  ( 0.000000000000000000, 1.000000000000000000, 0.000000000000000000 ) ) ;
#930 = CARTESIAN_POINT ( 'NONE',  ( 35.00000000000000000, 37.00000000000000000, -68.95000000000001705 ) ) ;
#931 = CIRCLE ( 'NONE', #211, 1.449999999999993072 ) ;
#932 = CARTESIAN_POINT ( 'NONE',  ( 94.48484137440659936, 47.00000000000000000, -70.40000000000000568 ) ) ;
#933 = VERTEX_POINT ( 'NONE', #1203 ) ;
#934 = EDGE_LOOP ( 'NONE', ( #161, #157, #605, #845 ) ) ;
#935 = CARTESIAN_POINT ( 'NONE',  ( 34.99999999999997868, 47.00000000000000000, 6.400000000000003020 ) ) ;
#936 = CARTESIAN_POINT ( 'NONE',  ( -5.000000000000010658, 7.000000000000000000, -64.00000000000000000 ) ) ;
#937 = CARTESIAN_POINT ( 'NONE',  ( 94.48484137440659936, 37.00000000000000000, -70.40000000000000568 ) ) ;
#938 = ORIENTED_EDGE ( 'NONE', *, *, #1213, .F. ) ;
#939 = VERTEX_POINT ( 'NONE', #45 ) ;
#940 = EDGE_CURVE ( 'NONE', #1257, #612, #753, .T. ) ;
#941 = EDGE_CURVE ( 'NONE', #958, #496, #1504, .T. ) ;
#942 = DIRECTION ( 'NONE',  ( 1.000000000000000000, -0.000000000000000000, -1.224709990794747225E-16 ) ) ;
#943 = CARTESIAN_POINT ( 'NONE',  ( 94.48484137440654251, 47.00000000000000000, 6.400000000000003020 ) ) ;
#944 = LINE ( 'NONE', #1420, #195 ) ;
#945 = EDGE_CURVE ( 'NONE', #480, #205, #1428, .T. ) ;
#946 = ORIENTED_EDGE ( 'NONE', *, *, #1427, .T. ) ;
#947 = CYLINDRICAL_SURFACE ( 'NONE', #501, 4.769999999999996021 ) ;
#948 = DIRECTION ( 'NONE',  ( -0.000000000000000000, 1.000000000000000000, -0.000000000000000000 ) ) ;
#949 = AXIS2_PLACEMENT_3D ( 'NONE', #943, #948, #363 ) ;
#950 = CARTESIAN_POINT ( 'NONE',  ( 94.48484137440659936, 47.00000000000000000, -70.40000000000000568 ) ) ;
#951 = ORIENTED_EDGE ( 'NONE', *, *, #945, .T. ) ;
#952 = ADVANCED_FACE ( 'NONE', ( #515, #1456 ), #525, .F. ) ;
#953 = ORIENTED_EDGE ( 'NONE', *, *, #1165, .T. ) ;
#954 = CARTESIAN_POINT ( 'NONE',  ( 94.48484137440654251, 47.00000000000000000, 6.400000000000003020 ) ) ;
#955 = DIRECTION ( 'NONE',  ( -1.224646799147353207E-16, 0.000000000000000000, -1.000000000000000000 ) ) ;
#956 = DIRECTION ( 'NONE',  ( -0.000000000000000000, 1.000000000000000000, -0.000000000000000000 ) ) ;
#957 = AXIS2_PLACEMENT_3D ( 'NONE', #872, #1357, #297 ) ;
#958 = VERTEX_POINT ( 'NONE', #1344 ) ;
#959 = EDGE_LOOP ( 'NONE', ( #1350, #699, #951, #188 ) ) ;
#960 = DIRECTION ( 'NONE',  ( 0.000000000000000000, 0.000000000000000000, 1.000000000000000000 ) ) ;
#961 = DIRECTION ( 'NONE',  ( -0.000000000000000000, 1.000000000000000000, -0.000000000000000000 ) ) ;
#962 = EDGE_CURVE ( 'NONE', #738, #881, #174, .T. ) ;
#963 = FACE_OUTER_BOUND ( 'NONE', #581, .T. ) ;
#964 = AXIS2_PLACEMENT_3D ( 'NONE', #935, #714, #16 ) ;
#965 = AXIS2_PLACEMENT_3D ( 'NONE', #1279, #1271, #1405 ) ;
#966 = VECTOR ( 'NONE', #871, 1000.000000000000000 ) ;
#967 = ORIENTED_EDGE ( 'NONE', *, *, #103, .F. ) ;
#968 = EDGE_CURVE ( 'NONE', #851, #1098, #76, .T. ) ;
#969 = EDGE_LOOP ( 'NONE', ( #165, #820, #1004 ) ) ;
#970 = EDGE_CURVE ( 'NONE', #300, #859, #1256, .T. ) ;
#971 = ORIENTED_EDGE ( 'NONE', *, *, #494, .T. ) ;
#972 = CARTESIAN_POINT ( 'NONE',  ( 94.48484137440654251, 7.000000000000000000, 11.16999999999998572 ) ) ;
#973 = PLANE ( 'NONE',  #640 ) ;
#974 = LINE ( 'NONE', #527, #966 ) ;
#975 = AXIS2_PLACEMENT_3D ( 'NONE', #1045, #343, #1175 ) ;
#976 = EDGE_LOOP ( 'NONE', ( #1371, #38 ) ) ;
#977 = ORIENTED_EDGE ( 'NONE', *, *, #616, .F. ) ;
#978 = ORIENTED_EDGE ( 'NONE', *, *, #94, .T. ) ;
#979 = CARTESIAN_POINT ( 'NONE',  ( 94.48484137440654251, 47.00000000000000000, 1.630000000000020322 ) ) ;
#980 = DIRECTION ( 'NONE',  ( 0.000000000000000000, 0.000000000000000000, 1.000000000000000000 ) ) ;
#981 = CONICAL_SURFACE ( 'NONE', #908, 1.449999999999993072, 1.029744258676654090 ) ;
#982 = ORIENTED_EDGE ( 'NONE', *, *, #398, .F. ) ;
#983 = LINE ( 'NONE', #55, #1187 ) ;
#984 = EDGE_CURVE ( 'NONE', #990, #619, #1017, .T. ) ;
#985 = CONICAL_SURFACE ( 'NONE', #1181, 1.449999999999993072, 1.029744258676654090 ) ;
#986 = ORIENTED_EDGE ( 'NONE', *, *, #541, .F. ) ;
#987 = VERTEX_POINT ( 'NONE', #1363 ) ;
#988 = CARTESIAN_POINT ( 'NONE',  ( 34.99999999999997868, 47.00000000000000000, 6.400000000000003020 ) ) ;
#989 = EDGE_CURVE ( 'NONE', #514, #807, #1119, .T. ) ;
#990 = VERTEX_POINT ( 'NONE', #767 ) ;
#991 = DIRECTION ( 'NONE',  ( 0.000000000000000000, 0.000000000000000000, -1.000000000000000000 ) ) ;
#992 = DIRECTION ( 'NONE',  ( -0.000000000000000000, 1.000000000000000000, -0.000000000000000000 ) ) ;
#993 = CARTESIAN_POINT ( 'NONE',  ( 94.48484137440654251, 37.00000000000000000, 7.849999999999996092 ) ) ;
#994 = VECTOR ( 'NONE', #1132, 1000.000000000000000 ) ;
#995 = EDGE_LOOP ( 'NONE', ( #2, #722, #739, #504 ) ) ;
#996 = LINE ( 'NONE', #53, #894 ) ;
#997 = ORIENTED_EDGE ( 'NONE', *, *, #145, .T. ) ;
#998 = LINE ( 'NONE', #1332, #1037 ) ;
#999 = DIRECTION ( 'NONE',  ( -0.000000000000000000, -1.000000000000000000, -0.000000000000000000 ) ) ;
#1000 = VERTEX_POINT ( 'NONE', #423 ) ;
#1001 = PLANE ( 'NONE',  #866 ) ;
#1002 = VECTOR ( 'NONE', #824, 1000.000000000000000 ) ;
#1003 = AXIS2_PLACEMENT_3D ( 'NONE', #914, #208, #1521 ) ;
#1004 = ORIENTED_EDGE ( 'NONE', *, *, #562, .T. ) ;
#1005 = CARTESIAN_POINT ( 'NONE',  ( 35.00000000000000000, 47.00000000000000000, -68.95000000000001705 ) ) ;
#1006 = VERTEX_POINT ( 'NONE', #776 ) ;
#1007 = DIRECTION ( 'NONE',  ( -0.000000000000000000, 1.000000000000000000, -0.000000000000000000 ) ) ;
#1008 = DIRECTION ( 'NONE',  ( 0.000000000000000000, 0.000000000000000000, 1.000000000000000000 ) ) ;
#1009 = CARTESIAN_POINT ( 'NONE',  ( 94.48484137440654251, 37.00000000000000000, 7.849999999999996092 ) ) ;
#1010 = CARTESIAN_POINT ( 'NONE',  ( 0.000000000000000000, 0.000000000000000000, 0.000000000000000000 ) ) ;
#1011 = VECTOR ( 'NONE', #426, 1000.000000000000000 ) ;
#1012 = CARTESIAN_POINT ( 'NONE',  ( 34.99999999999997868, 47.00000000000000000, 11.16999999999999993 ) ) ;
#1013 = EDGE_LOOP ( 'NONE', ( #649, #342, #600, #967 ) ) ;
#1014 = CARTESIAN_POINT ( 'NONE',  ( 101.9999999999999858, 2.000000000000000000, -63.99000000000000199 ) ) ;
#1015 = DIRECTION ( 'NONE',  ( -1.000000000000000000, 0.000000000000000000, 1.190496503121338163E-16 ) ) ;
#1016 = DIRECTION ( 'NONE',  ( 0.000000000000000000, 0.000000000000000000, -1.000000000000000000 ) ) ;
#1017 = LINE ( 'NONE', #1489, #242 ) ;
#1018 = CARTESIAN_POINT ( 'NONE',  ( 35.00000000000000000, 7.000000000000000000, -70.40000000000000568 ) ) ;
#1019 = FACE_OUTER_BOUND ( 'NONE', #1170, .T. ) ;
#1020 = FACE_OUTER_BOUND ( 'NONE', #1455, .T. ) ;
#1021 = EDGE_CURVE ( 'NONE', #185, #589, #431, .T. ) ;
#1022 = CARTESIAN_POINT ( 'NONE',  ( 94.48484137440654251, 47.00000000000000000, 6.400000000000003020 ) ) ;
#1023 = CONICAL_SURFACE ( 'NONE', #314, 1.449999999999999956, 1.029744258676656088 ) ;
#1024 = ADVANCED_FACE ( 'NONE', ( #1127 ), #1310, .F. ) ;
#1025 = CARTESIAN_POINT ( 'NONE',  ( 107.0000000000000000, 7.000000000000000000, -2.320192649118979489E-14 ) ) ;
#1026 = CYLINDRICAL_SURFACE ( 'NONE', #1379, 4.769999999999996021 ) ;
#1027 = CYLINDRICAL_SURFACE ( 'NONE', #96, 1.449999999999993072 ) ;
#1028 = VECTOR ( 'NONE', #1320, 1000.000000000000000 ) ;
#1029 = VERTEX_POINT ( 'NONE', #557 ) ;
#1030 = EDGE_CURVE ( 'NONE', #460, #1111, #552, .T. ) ;
#1031 = CARTESIAN_POINT ( 'NONE',  ( 35.00000000000000000, 47.00000000000000000, -70.40000000000000568 ) ) ;
#1032 = FACE_OUTER_BOUND ( 'NONE', #67, .T. ) ;
#1033 = FACE_OUTER_BOUND ( 'NONE', #757, .T. ) ;
#1034 = EDGE_CURVE ( 'NONE', #1097, #526, #1373, .T. ) ;
#1035 = ORIENTED_EDGE ( 'NONE', *, *, #1055, .F. ) ;
#1036 = VERTEX_POINT ( 'NONE', #311 ) ;
#1037 = VECTOR ( 'NONE', #1322, 1000.000000000000000 ) ;
#1038 = FACE_OUTER_BOUND ( 'NONE', #312, .T. ) ;
#1039 = DIRECTION ( 'NONE',  ( 0.000000000000000000, 0.000000000000000000, 1.000000000000000000 ) ) ;
#1040 = DIRECTION ( 'NONE',  ( -0.000000000000000000, 1.000000000000000000, -0.000000000000000000 ) ) ;
#1041 = PLANE ( 'NONE',  #325 ) ;
#1042 = ORIENTED_EDGE ( 'NONE', *, *, #563, .F. ) ;
#1043 = ORIENTED_EDGE ( 'NONE', *, *, #1325, .F. ) ;
#1044 = DIRECTION ( 'NONE',  ( 0.000000000000000000, 0.000000000000000000, -1.000000000000000000 ) ) ;
#1045 = CARTESIAN_POINT ( 'NONE',  ( 94.48484137440654251, 47.00000000000000000, 6.400000000000003020 ) ) ;
#1046 = CARTESIAN_POINT ( 'NONE',  ( 35.00000000000000000, 47.00000000000000000, -70.40000000000000568 ) ) ;
#1047 = FACE_OUTER_BOUND ( 'NONE', #394, .T. ) ;
#1048 = ADVANCED_FACE ( 'NONE', ( #408 ), #296, .F. ) ;
#1049 = ORIENTED_EDGE ( 'NONE', *, *, #941, .F. ) ;
#1050 = ORIENTED_EDGE ( 'NONE', *, *, #551, .T. ) ;
#1051 = EDGE_CURVE ( 'NONE', #1416, #524, #974, .T. ) ;
#1052 = CARTESIAN_POINT ( 'NONE',  ( 102.0000000000000000, 7.000000000000000000, -0.01000000000002249263 ) ) ;
#1053 = DIRECTION ( 'NONE',  ( 0.000000000000000000, -0.000000000000000000, 1.000000000000000000 ) ) ;
#1054 = CIRCLE ( 'NONE', #1370, 4.769999999999996021 ) ;
#1055 = EDGE_CURVE ( 'NONE', #1276, #1029, #983, .T. ) ;
#1056 = CARTESIAN_POINT ( 'NONE',  ( 102.0000000000000000, 0.000000000000000000, 0.000000000000000000 ) ) ;
#1057 = EDGE_LOOP ( 'NONE', ( #1333, #938 ) ) ;
#1058 = CARTESIAN_POINT ( 'NONE',  ( 34.99999999999997868, 47.00000000000000000, 6.400000000000003020 ) ) ;
#1059 = DIRECTION ( 'NONE',  ( 0.000000000000000000, 0.000000000000000000, 1.000000000000000000 ) ) ;
#1060 = VECTOR ( 'NONE', #81, 1000.000000000000000 ) ;
#1061 = FACE_OUTER_BOUND ( 'NONE', #1464, .T. ) ;
#1062 = EDGE_CURVE ( 'NONE', #629, #939, #998, .T. ) ;
#1063 = ORIENTED_EDGE ( 'NONE', *, *, #94, .F. ) ;
#1064 = EDGE_CURVE ( 'NONE', #608, #1114, #252, .T. ) ;
#1065 = FACE_OUTER_BOUND ( 'NONE', #391, .T. ) ;
#1066 = LINE ( 'NONE', #234, #1002 ) ;
#1067 = AXIS2_PLACEMENT_3D ( 'NONE', #1406, #1167, #1059 ) ;
#1068 = CARTESIAN_POINT ( 'NONE',  ( 34.99999999999997868, 47.00000000000000000, 6.400000000000003020 ) ) ;
#1069 = VECTOR ( 'NONE', #556, 1000.000000000000000 ) ;
#1070 = EDGE_LOOP ( 'NONE', ( #553, #870, #1438, #237 ) ) ;
#1071 = EDGE_CURVE ( 'NONE', #1111, #517, #1121, .T. ) ;
#1072 = ORIENTED_EDGE ( 'NONE', *, *, #88, .T. ) ;
#1073 = CARTESIAN_POINT ( 'NONE',  ( 0.000000000000000000, 7.000000000000000000, 0.000000000000000000 ) ) ;
#1074 = CARTESIAN_POINT ( 'NONE',  ( 102.0000000000000000, 2.000000000000000000, -0.01000000000002249263 ) ) ;
#1075 = DIRECTION ( 'NONE',  ( -0.000000000000000000, 1.000000000000000000, -0.000000000000000000 ) ) ;
#1076 = ORIENTED_EDGE ( 'NONE', *, *, #392, .T. ) ;
#1077 = ADVANCED_FACE ( 'NONE', ( #848 ), #1468, .T. ) ;
#1078 = ADVANCED_FACE ( 'NONE', ( #177 ), #1233, .T. ) ;
#1079 = ORIENTED_EDGE ( 'NONE', *, *, #531, .F. ) ;
#1080 = DIRECTION ( 'NONE',  ( -0.000000000000000000, 1.000000000000000000, -0.000000000000000000 ) ) ;
#1081 = CARTESIAN_POINT ( 'NONE',  ( -5.000000000000000000, 7.000000000000000000, 8.131516293641282269E-16 ) ) ;
#1082 = LINE ( 'NONE', #507, #1307 ) ;
#1083 = CONICAL_SURFACE ( 'NONE', #1291, 1.774999999999998801, 0.7853981633974482790 ) ;
#1084 = DIRECTION ( 'NONE',  ( 0.000000000000000000, 0.000000000000000000, -1.000000000000000000 ) ) ;
#1085 = CIRCLE ( 'NONE', #101, 1.449999999999993072 ) ;
#1086 = VERTEX_POINT ( 'NONE', #168 ) ;
#1087 = VERTEX_POINT ( 'NONE', #537 ) ;
#1088 = ORIENTED_EDGE ( 'NONE', *, *, #88, .F. ) ;
#1089 = CARTESIAN_POINT ( 'NONE',  ( 94.48484137440659936, 46.67499999999999716, -70.40000000000000568 ) ) ;
#1090 = DIRECTION ( 'NONE',  ( -0.000000000000000000, -1.000000000000000000, -0.000000000000000000 ) ) ;
#1091 = ORIENTED_EDGE ( 'NONE', *, *, #1064, .T. ) ;
#1092 = DIRECTION ( 'NONE',  ( -0.000000000000000000, 1.000000000000000000, -0.000000000000000000 ) ) ;
#1093 = CARTESIAN_POINT ( 'NONE',  ( 0.000000000000000000, 0.000000000000000000, -64.00000000000000000 ) ) ;
#1094 = AXIS2_PLACEMENT_3D ( 'NONE', #1150, #1258, #905 ) ;
#1095 = EDGE_CURVE ( 'NONE', #1209, #1257, #1340, .T. ) ;
#1096 = EDGE_CURVE ( 'NONE', #924, #859, #106, .T. ) ;
#1097 = VERTEX_POINT ( 'NONE', #547 ) ;
#1098 = VERTEX_POINT ( 'NONE', #1450 ) ;
#1099 = CARTESIAN_POINT ( 'NONE',  ( 0.000000000000000000, 7.000000000000000000, -79.00000000000000000 ) ) ;
#1100 = VECTOR ( 'NONE', #63, 1000.000000000000000 ) ;
#1101 = ORIENTED_EDGE ( 'NONE', *, *, #806, .F. ) ;
#1102 = DIRECTION ( 'NONE',  ( 0.000000000000000000, 0.7071067811865474617, 0.7071067811865474617 ) ) ;
#1103 = DIRECTION ( 'NONE',  ( 1.000000000000000000, 0.000000000000000000, -1.224646799147353207E-16 ) ) ;
#1104 = EDGE_CURVE ( 'NONE', #1467, #837, #735, .T. ) ;
#1105 = EDGE_LOOP ( 'NONE', ( #1309, #1507, #1035, #1359 ) ) ;
#1106 = LINE ( 'NONE', #1261, #458 ) ;
#1107 = AXIS2_PLACEMENT_3D ( 'NONE', #1018, #453, #1141 ) ;
#1108 = MECHANICAL_DESIGN_GEOMETRIC_PRESENTATION_REPRESENTATION (  '', ( #712 ), #1434 ) ;
#1109 = EDGE_LOOP ( 'NONE', ( #251, #46, #1248, #419 ) ) ;
#1110 = CARTESIAN_POINT ( 'NONE',  ( 0.000000000000000000, 0.000000000000000000, 0.000000000000000000 ) ) ;
#1111 = VERTEX_POINT ( 'NONE', #618 ) ;
#1112 = PLANE ( 'NONE',  #178 ) ;
#1113 = DIRECTION ( 'NONE',  ( -0.000000000000000000, 1.000000000000000000, -0.000000000000000000 ) ) ;
#1114 = VERTEX_POINT ( 'NONE', #390 ) ;
#1115 = FACE_OUTER_BOUND ( 'NONE', #1523, .T. ) ;
#1116 = AXIS2_PLACEMENT_3D ( 'NONE', #1346, #1206, #143 ) ;
#1117 = VECTOR ( 'NONE', #182, 1000.000000000000000 ) ;
#1118 = ORIENTED_EDGE ( 'NONE', *, *, #471, .F. ) ;
#1119 = LINE ( 'NONE', #1005, #1100 ) ;
#1120 = EDGE_LOOP ( 'NONE', ( #485, #730, #1145, #1465 ) ) ;
#1121 = LINE ( 'NONE', #750, #1395 ) ;
#1122 = CARTESIAN_POINT ( 'NONE',  ( 102.0000000000000000, 7.000000000000000000, -0.01000000000002249263 ) ) ;
#1123 = ORIENTED_EDGE ( 'NONE', *, *, #1501, .F. ) ;
#1124 = CARTESIAN_POINT ( 'NONE',  ( 0.000000000000000000, 7.000000000000000000, -64.00000000000000000 ) ) ;
#1125 = AXIS2_PLACEMENT_3D ( 'NONE', #865, #561, #1462 ) ;
#1126 = CIRCLE ( 'NONE', #568, 1.449999999999993072 ) ;
#1127 = FACE_OUTER_BOUND ( 'NONE', #1128, .T. ) ;
#1128 = EDGE_LOOP ( 'NONE', ( #1409, #1343, #92 ) ) ;
#1129 = DIRECTION ( 'NONE',  ( -0.000000000000000000, 1.000000000000000000, -0.000000000000000000 ) ) ;
#1130 = CARTESIAN_POINT ( 'NONE',  ( 94.48484137440654251, 37.00000000000000000, 6.400000000000003020 ) ) ;
#1131 = VERTEX_POINT ( 'NONE', #274 ) ;
#1132 = DIRECTION ( 'NONE',  ( -1.000000000000000000, 0.000000000000000000, 0.000000000000000000 ) ) ;
#1133 = CIRCLE ( 'NONE', #1262, 1.449999999999993072 ) ;
#1134 = EDGE_CURVE ( 'NONE', #612, #280, #289, .T. ) ;
#1135 = DIRECTION ( 'NONE',  ( 0.000000000000000000, 0.000000000000000000, 1.000000000000000000 ) ) ;
#1136 = FACE_BOUND ( 'NONE', #1013, .T. ) ;
#1137 = DIRECTION ( 'NONE',  ( -0.000000000000000000, 1.000000000000000000, -0.000000000000000000 ) ) ;
#1138 = CARTESIAN_POINT ( 'NONE',  ( 34.99999999999997868, 37.00000000000000000, 6.400000000000003020 ) ) ;
#1139 = ORIENTED_EDGE ( 'NONE', *, *, #1427, .F. ) ;
#1140 = CARTESIAN_POINT ( 'NONE',  ( 35.00000000000000000, 47.00000000000000000, -70.40000000000000568 ) ) ;
#1141 = DIRECTION ( 'NONE',  ( 0.000000000000000000, 0.000000000000000000, 1.000000000000000000 ) ) ;
#1142 = CARTESIAN_POINT ( 'NONE',  ( 35.00000000000000000, 37.00000000000000000, -71.84999999999999432 ) ) ;
#1143 = CARTESIAN_POINT ( 'NONE',  ( 0.000000000000000000, 2.000000000000000000, -0.01000000000001000089 ) ) ;
#1144 = EDGE_CURVE ( 'NONE', #52, #924, #642, .T. ) ;
#1145 = ORIENTED_EDGE ( 'NONE', *, *, #806, .T. ) ;
#1146 = VECTOR ( 'NONE', #1157, 1000.000000000000000 ) ;
#1147 = AXIS2_PLACEMENT_3D ( 'NONE', #109, #788, #567 ) ;
#1148 = VECTOR ( 'NONE', #726, 1000.000000000000000 ) ;
#1149 = DIRECTION ( 'NONE',  ( 0.000000000000000000, 0.000000000000000000, 1.000000000000000000 ) ) ;
#1150 = CARTESIAN_POINT ( 'NONE',  ( 94.48484137440659936, 47.00000000000000000, -70.40000000000000568 ) ) ;
#1151 = CARTESIAN_POINT ( 'NONE',  ( 94.48484137440654251, 47.00000000000000000, 4.625000000000004441 ) ) ;
#1152 = ORIENTED_EDGE ( 'NONE', *, *, #60, .F. ) ;
#1153 = ORIENTED_EDGE ( 'NONE', *, *, #962, .F. ) ;
#1154 = VECTOR ( 'NONE', #992, 1000.000000000000000 ) ;
#1155 = DIRECTION ( 'NONE',  ( -2.168404344971008868E-16, 0.000000000000000000, -1.000000000000000000 ) ) ;
#1156 = CIRCLE ( 'NONE', #246, 1.449999999999993072 ) ;
#1157 = DIRECTION ( 'NONE',  ( -0.000000000000000000, 1.000000000000000000, -0.000000000000000000 ) ) ;
#1158 = LINE ( 'NONE', #578, #607 ) ;
#1159 = FACE_OUTER_BOUND ( 'NONE', #1241, .T. ) ;
#1160 = ORIENTED_EDGE ( 'NONE', *, *, #784, .F. ) ;
#1161 = EDGE_LOOP ( 'NONE', ( #529, #741, #582, #1171 ) ) ;
#1162 = AXIS2_PLACEMENT_3D ( 'NONE', #817, #202, #5 ) ;
#1163 = AXIS2_PLACEMENT_3D ( 'NONE', #786, #576, #320 ) ;
#1164 = VECTOR ( 'NONE', #1247, 1000.000000000000000 ) ;
#1165 = EDGE_CURVE ( 'NONE', #1006, #385, #1242, .T. ) ;
#1166 = CARTESIAN_POINT ( 'NONE',  ( 35.00000000000000000, 46.67499999999999716, -68.95000000000001705 ) ) ;
#1167 = DIRECTION ( 'NONE',  ( -0.000000000000000000, 1.000000000000000000, -0.000000000000000000 ) ) ;
#1168 = CARTESIAN_POINT ( 'NONE',  ( 94.48484137440659936, 7.000000000000000000, -65.63000000000002387 ) ) ;
#1169 = CARTESIAN_POINT ( 'NONE',  ( 102.0000000000000000, 7.000000000000000000, 0.000000000000000000 ) ) ;
#1170 = EDGE_LOOP ( 'NONE', ( #684, #982, #736, #1336 ) ) ;
#1171 = ORIENTED_EDGE ( 'NONE', *, *, #1134, .F. ) ;
#1172 = ADVANCED_FACE ( 'NONE', ( #1461 ), #1112, .F. ) ;
#1173 = AXIS2_PLACEMENT_3D ( 'NONE', #1432, #1413, #1299 ) ;
#1174 = DIRECTION ( 'NONE',  ( 0.000000000000000000, 0.5150380749100528233, 0.8571673007021131108 ) ) ;
#1175 = DIRECTION ( 'NONE',  ( 0.000000000000000000, 0.000000000000000000, 1.000000000000000000 ) ) ;
#1176 = DIRECTION ( 'NONE',  ( -2.169082183153244856E-16, -0.000000000000000000, -1.000000000000000000 ) ) ;
#1177 = VECTOR ( 'NONE', #896, 1000.000000000000000 ) ;
#1178 = ORIENTED_EDGE ( 'NONE', *, *, #752, .T. ) ;
#1179 = DIRECTION ( 'NONE',  ( -0.000000000000000000, -1.000000000000000000, -0.000000000000000000 ) ) ;
#1180 = PLANE ( 'NONE',  #37 ) ;
#1181 = AXIS2_PLACEMENT_3D ( 'NONE', #937, #716, #129 ) ;
#1182 = ADVANCED_FACE ( 'NONE', ( #743 ), #308, .F. ) ;
#1183 = CARTESIAN_POINT ( 'NONE',  ( 107.0000000000000000, 7.000000000000000000, 0.000000000000000000 ) ) ;
#1184 = ORIENTED_EDGE ( 'NONE', *, *, #855, .T. ) ;
#1185 = DIRECTION ( 'NONE',  ( 0.000000000000000000, 0.000000000000000000, -1.000000000000000000 ) ) ;
#1186 = CARTESIAN_POINT ( 'NONE',  ( 101.9999999999999858, 2.000000000000000000, -63.99000000000000199 ) ) ;
#1187 = VECTOR ( 'NONE', #1486, 1000.000000000000000 ) ;
#1188 = CIRCLE ( 'NONE', #180, 4.769999999999996021 ) ;
#1189 = CARTESIAN_POINT ( 'NONE',  ( 101.9999999999999858, 7.000000000000000000, -63.99000000000000199 ) ) ;
#1190 = APPLICATION_CONTEXT ( 'automotive_design' ) ;
#1191 = EDGE_CURVE ( 'NONE', #1430, #1416, #559, .T. ) ;
#1192 = ORIENTED_EDGE ( 'NONE', *, *, #1508, .F. ) ;
#1193 = ORIENTED_EDGE ( 'NONE', *, *, #334, .T. ) ;
#1194 = LINE ( 'NONE', #490, #1513 ) ;
#1195 = DIRECTION ( 'NONE',  ( 8.659560562354932858E-17, 0.7071067811865474617, -0.7071067811865474617 ) ) ;
#1196 = CIRCLE ( 'NONE', #383, 1.449999999999999956 ) ;
#1197 =( NAMED_UNIT ( * ) SI_UNIT ( $, .STERADIAN. ) SOLID_ANGLE_UNIT ( ) );
#1198 = ADVANCED_FACE ( 'NONE', ( #216 ), #1026, .T. ) ;
#1199 = AXIS2_PLACEMENT_3D ( 'NONE', #91, #572, #420 ) ;
#1200 = ADVANCED_FACE ( 'NONE', ( #1019 ), #307, .T. ) ;
#1201 = ORIENTED_EDGE ( 'NONE', *, *, #1342, .F. ) ;
#1202 = VERTEX_POINT ( 'NONE', #1367 ) ;
#1203 = CARTESIAN_POINT ( 'NONE',  ( 34.99999999999997868, 46.67499999999999716, 4.950000000000009948 ) ) ;
#1204 = DIRECTION ( 'NONE',  ( 0.000000000000000000, 0.000000000000000000, 1.000000000000000000 ) ) ;
#1205 = DIRECTION ( 'NONE',  ( 0.000000000000000000, 0.7071067811865474617, 0.7071067811865474617 ) ) ;
#1206 = DIRECTION ( 'NONE',  ( 0.000000000000000000, 1.000000000000000000, -0.000000000000000000 ) ) ;
#1207 = AXIS2_PLACEMENT_3D ( 'NONE', #633, #1243, #1103 ) ;
#1208 = EDGE_LOOP ( 'NONE', ( #1123, #971, #659 ) ) ;
#1209 = VERTEX_POINT ( 'NONE', #1505 ) ;
#1210 = EDGE_LOOP ( 'NONE', ( #270, #546, #1410 ) ) ;
#1211 = CARTESIAN_POINT ( 'NONE',  ( 34.99999999999997868, 7.000000000000000000, 1.630000000000007221 ) ) ;
#1212 = CARTESIAN_POINT ( 'NONE',  ( 94.48484137440654251, 47.00000000000000000, 6.400000000000003020 ) ) ;
#1213 = EDGE_CURVE ( 'NONE', #1114, #608, #511, .T. ) ;
#1214 = CARTESIAN_POINT ( 'NONE',  ( 94.48484137440659936, 47.00000000000000000, -68.62500000000000000 ) ) ;
#1215 = ORIENTED_EDGE ( 'NONE', *, *, #183, .F. ) ;
#1216 = EDGE_CURVE ( 'NONE', #1086, #332, #1272, .T. ) ;
#1217 = EDGE_LOOP ( 'NONE', ( #1284, #760, #277, #104 ) ) ;
#1218 = EDGE_CURVE ( 'NONE', #738, #93, #1277, .T. ) ;
#1219 = ORIENTED_EDGE ( 'NONE', *, *, #266, .F. ) ;
#1220 = DIRECTION ( 'NONE',  ( 0.000000000000000000, 1.000000000000000000, 0.000000000000000000 ) ) ;
#1221 = APPLICATION_CONTEXT ( 'automotive_design' ) ;
#1222 = EDGE_LOOP ( 'NONE', ( #118, #467, #1355, #728 ) ) ;
#1223 = FILL_AREA_STYLE_COLOUR ( '', #836 ) ;
#1224 = CARTESIAN_POINT ( 'NONE',  ( 34.99999999999997868, 47.00000000000000000, 6.400000000000003020 ) ) ;
#1225 = CARTESIAN_POINT ( 'NONE',  ( 34.99999999999997868, 37.00000000000000000, 7.850000000000003197 ) ) ;
#1226 = PRODUCT ( '\X2\75356c604ed3\X0\', '\X2\75356c604ed3\X0\', '', ( #421 ) ) ;
#1227 = CONICAL_SURFACE ( 'NONE', #566, 1.449999999999993072, 1.029744258676656088 ) ;
#1228 = LINE ( 'NONE', #636, #331 ) ;
#1229 = ORIENTED_EDGE ( 'NONE', *, *, #433, .F. ) ;
#1230 = LINE ( 'NONE', #979, #115 ) ;
#1231 = CIRCLE ( 'NONE', #783, 1.449999999999993072 ) ;
#1232 = ORIENTED_EDGE ( 'NONE', *, *, #209, .F. ) ;
#1233 = PLANE ( 'NONE',  #647 ) ;
#1234 = DIRECTION ( 'NONE',  ( 0.000000000000000000, 0.000000000000000000, 1.000000000000000000 ) ) ;
#1235 = ADVANCED_FACE ( 'NONE', ( #435 ), #1023, .F. ) ;
#1236 = VERTEX_POINT ( 'NONE', #673 ) ;
#1237 = DIRECTION ( 'NONE',  ( 1.000000000000000000, 0.000000000000000000, -9.251858538542979716E-16 ) ) ;
#1238 = AXIS2_PLACEMENT_3D ( 'NONE', #742, #956, #150 ) ;
#1239 = ORIENTED_EDGE ( 'NONE', *, *, #775, .F. ) ;
#1240 = CARTESIAN_POINT ( 'NONE',  ( 94.48484137440659936, 47.00000000000000000, -70.40000000000000568 ) ) ;
#1241 = EDGE_LOOP ( 'NONE', ( #719, #20, #1452, #285 ) ) ;
#1242 = LINE ( 'NONE', #1093, #842 ) ;
#1243 = DIRECTION ( 'NONE',  ( 1.224646799147353207E-16, -0.000000000000000000, 1.000000000000000000 ) ) ;
#1244 = VECTOR ( 'NONE', #942, 1000.000000000000000 ) ;
#1245 = CARTESIAN_POINT ( 'NONE',  ( 34.99999999999997868, 47.00000000000000000, 6.400000000000003020 ) ) ;
#1246 = EDGE_CURVE ( 'NONE', #859, #924, #1255, .T. ) ;
#1247 = DIRECTION ( 'NONE',  ( 1.000000000000000000, -0.000000000000000000, -1.224709990794747225E-16 ) ) ;
#1248 = ORIENTED_EDGE ( 'NONE', *, *, #520, .T. ) ;
#1249 = LINE ( 'NONE', #1014, #414 ) ;
#1250 = FACE_OUTER_BOUND ( 'NONE', #105, .T. ) ;
#1251 = EDGE_CURVE ( 'NONE', #1467, #1473, #1249, .T. ) ;
#1252 = ORIENTED_EDGE ( 'NONE', *, *, #926, .F. ) ;
#1253 = DIRECTION ( 'NONE',  ( 0.000000000000000000, 0.000000000000000000, 1.000000000000000000 ) ) ;
#1254 = EDGE_CURVE ( 'NONE', #1097, #124, #329, .T. ) ;
#1255 = CIRCLE ( 'NONE', #156, 4.769999999999996021 ) ;
#1256 = LINE ( 'NONE', #1012, #1382 ) ;
#1257 = VERTEX_POINT ( 'NONE', #571 ) ;
#1258 = DIRECTION ( 'NONE',  ( 0.000000000000000000, 1.000000000000000000, 0.000000000000000000 ) ) ;
#1259 = LINE ( 'NONE', #169, #427 ) ;
#1260 = ORIENTED_EDGE ( 'NONE', *, *, #209, .T. ) ;
#1261 = CARTESIAN_POINT ( 'NONE',  ( 0.000000000000000000, 2.000000000000000000, -63.99000000000000199 ) ) ;
#1262 = AXIS2_PLACEMENT_3D ( 'NONE', #478, #1288, #100 ) ;
#1263 = EDGE_CURVE ( 'NONE', #500, #1345, #565, .T. ) ;
#1264 = DIRECTION ( 'NONE',  ( -0.000000000000000000, 1.000000000000000000, -0.000000000000000000 ) ) ;
#1265 = CARTESIAN_POINT ( 'NONE',  ( -5.000000000000000000, 0.000000000000000000, 6.123233995736766282E-16 ) ) ;
#1266 = LINE ( 'NONE', #1407, #465 ) ;
#1267 = DIRECTION ( 'NONE',  ( 0.000000000000000000, 1.000000000000000000, -0.000000000000000000 ) ) ;
#1268 = ADVANCED_FACE ( 'NONE', ( #795 ), #1399, .F. ) ;
#1269 = ORIENTED_EDGE ( 'NONE', *, *, #348, .F. ) ;
#1270 = VECTOR ( 'NONE', #468, 1000.000000000000114 ) ;
#1271 = DIRECTION ( 'NONE',  ( 0.000000000000000000, 1.000000000000000000, -0.000000000000000000 ) ) ;
#1272 = LINE ( 'NONE', #665, #801 ) ;
#1273 = LINE ( 'NONE', #1143, #349 ) ;
#1274 = UNCERTAINTY_MEASURE_WITH_UNIT (LENGTH_MEASURE( 1.000000000000000082E-05 ), #506, 'distance_accuracy_value', 'NONE');
#1275 = EDGE_LOOP ( 'NONE', ( #424, #1219, #355, #791 ) ) ;
#1276 = VERTEX_POINT ( 'NONE', #1491 ) ;
#1277 = CIRCLE ( 'NONE', #1423, 4.769999999999982698 ) ;
#1278 = CIRCLE ( 'NONE', #1147, 1.449999999999993072 ) ;
#1279 = CARTESIAN_POINT ( 'NONE',  ( 0.000000000000000000, 7.000000000000000000, 0.000000000000000000 ) ) ;
#1280 = DIRECTION ( 'NONE',  ( -0.000000000000000000, -1.000000000000000000, -0.000000000000000000 ) ) ;
#1281 = DIRECTION ( 'NONE',  ( 1.049727191138619682E-16, 0.5150380749100528233, -0.8571673007021131108 ) ) ;
#1282 = FACE_OUTER_BOUND ( 'NONE', #976, .T. ) ;
#1283 = ORIENTED_EDGE ( 'NONE', *, *, #909, .T. ) ;
#1284 = ORIENTED_EDGE ( 'NONE', *, *, #616, .T. ) ;
#1285 = AXIS2_PLACEMENT_3D ( 'NONE', #1492, #899, #80 ) ;
#1286 = LINE ( 'NONE', #809, #544 ) ;
#1287 = CARTESIAN_POINT ( 'NONE',  ( 34.99999999999997868, 47.00000000000000000, 6.400000000000003020 ) ) ;
#1288 = DIRECTION ( 'NONE',  ( -0.000000000000000000, 1.000000000000000000, -0.000000000000000000 ) ) ;
#1289 = ORIENTED_EDGE ( 'NONE', *, *, #1525, .T. ) ;
#1290 = ORIENTED_EDGE ( 'NONE', *, *, #411, .F. ) ;
#1291 = AXIS2_PLACEMENT_3D ( 'NONE', #1240, #852, #960 ) ;
#1292 = DIRECTION ( 'NONE',  ( -1.000000000000000000, 0.000000000000000000, 0.000000000000000000 ) ) ;
#1293 = CARTESIAN_POINT ( 'NONE',  ( 0.000000000000000000, 7.000000000000000000, 0.000000000000000000 ) ) ;
#1294 = CYLINDRICAL_SURFACE ( 'NONE', #393, 4.769999999999982698 ) ;
#1295 = ORIENTED_EDGE ( 'NONE', *, *, #266, .T. ) ;
#1296 = VERTEX_POINT ( 'NONE', #800 ) ;
#1297 = AXIS2_PLACEMENT_3D ( 'NONE', #6, #121, #357 ) ;
#1298 = LINE ( 'NONE', #240, #1517 ) ;
#1299 = DIRECTION ( 'NONE',  ( 0.000000000000000000, 0.000000000000000000, 1.000000000000000000 ) ) ;
#1300 = DIRECTION ( 'NONE',  ( 0.000000000000000000, -0.000000000000000000, 1.000000000000000000 ) ) ;
#1301 = EDGE_CURVE ( 'NONE', #619, #897, #678, .T. ) ;
#1302 = AXIS2_PLACEMENT_3D ( 'NONE', #22, #1474, #535 ) ;
#1303 = VERTEX_POINT ( 'NONE', #778 ) ;
#1304 = FACE_OUTER_BOUND ( 'NONE', #1479, .T. ) ;
#1305 = CARTESIAN_POINT ( 'NONE',  ( 102.0000000000000000, 7.000000000000000000, -64.00000000000000000 ) ) ;
#1306 = EDGE_CURVE ( 'NONE', #1036, #651, #1348, .T. ) ;
#1307 = VECTOR ( 'NONE', #372, 1000.000000000000000 ) ;
#1308 = LINE ( 'NONE', #338, #910 ) ;
#1309 = ORIENTED_EDGE ( 'NONE', *, *, #1021, .T. ) ;
#1310 = CONICAL_SURFACE ( 'NONE', #1516, 1.449999999999993072, 1.029744258676654090 ) ;
#1311 = ORIENTED_EDGE ( 'NONE', *, *, #203, .F. ) ;
#1312 = EDGE_CURVE ( 'NONE', #1131, #1318, #1383, .T. ) ;
#1313 = CARTESIAN_POINT ( 'NONE',  ( 94.48484137440654251, 47.00000000000000000, 11.16999999999998572 ) ) ;
#1314 = DIRECTION ( 'NONE',  ( 1.000000000000000000, 0.000000000000000000, -0.000000000000000000 ) ) ;
#1315 = VECTOR ( 'NONE', #626, 1000.000000000000000 ) ;
#1316 = AXIS2_PLACEMENT_3D ( 'NONE', #540, #1480, #892 ) ;
#1317 = DIRECTION ( 'NONE',  ( 0.000000000000000000, 0.000000000000000000, -1.000000000000000000 ) ) ;
#1318 = VERTEX_POINT ( 'NONE', #1265 ) ;
#1319 = EDGE_LOOP ( 'NONE', ( #1178, #1260 ) ) ;
#1320 = DIRECTION ( 'NONE',  ( 1.000000000000000000, -0.000000000000000000, 0.000000000000000000 ) ) ;
#1321 = CARTESIAN_POINT ( 'NONE',  ( 34.99999999999997868, 37.00000000000000000, 7.850000000000003197 ) ) ;
#1322 = DIRECTION ( 'NONE',  ( -0.000000000000000000, 1.000000000000000000, -0.000000000000000000 ) ) ;
#1323 = AXIS2_PLACEMENT_3D ( 'NONE', #1440, #961, #1204 ) ;
#1324 = EDGE_LOOP ( 'NONE', ( #382, #1076, #395 ) ) ;
#1325 = EDGE_CURVE ( 'NONE', #278, #500, #199, .T. ) ;
#1326 = ORIENTED_EDGE ( 'NONE', *, *, #970, .T. ) ;
#1327 = EDGE_LOOP ( 'NONE', ( #624, #1339, #261, #112 ) ) ;
#1328 = LINE ( 'NONE', #29, #1437 ) ;
#1329 = LINE ( 'NONE', #1074, #287 ) ;
#1330 = DIRECTION ( 'NONE',  ( 1.000000000000000000, 0.000000000000000000, -1.190496503121338163E-16 ) ) ;
#1331 = AXIS2_PLACEMENT_3D ( 'NONE', #703, #116, #358 ) ;
#1332 = CARTESIAN_POINT ( 'NONE',  ( 94.48484137440654251, 47.00000000000000000, 7.849999999999996092 ) ) ;
#1333 = ORIENTED_EDGE ( 'NONE', *, *, #1064, .F. ) ;
#1334 = ADVANCED_FACE ( 'NONE', ( #1032 ), #586, .F. ) ;
#1335 = ORIENTED_EDGE ( 'NONE', *, *, #365, .T. ) ;
#1336 = ORIENTED_EDGE ( 'NONE', *, *, #1051, .T. ) ;
#1337 = LINE ( 'NONE', #639, #432 ) ;
#1338 = LINE ( 'NONE', #149, #388 ) ;
#1339 = ORIENTED_EDGE ( 'NONE', *, *, #1312, .F. ) ;
#1340 = LINE ( 'NONE', #151, #918 ) ;
#1341 = CARTESIAN_POINT ( 'NONE',  ( 107.0000000000000000, 0.000000000000000000, 0.000000000000000000 ) ) ;
#1342 = EDGE_CURVE ( 'NONE', #1393, #230, #483, .T. ) ;
#1343 = ORIENTED_EDGE ( 'NONE', *, *, #634, .T. ) ;
#1344 = CARTESIAN_POINT ( 'NONE',  ( 34.99999999999997868, 47.00000000000000000, 8.175000000000002487 ) ) ;
#1345 = VERTEX_POINT ( 'NONE', #839 ) ;
#1346 = CARTESIAN_POINT ( 'NONE',  ( 34.99999999999997868, 7.000000000000000000, 6.400000000000003020 ) ) ;
#1347 = CARTESIAN_POINT ( 'NONE',  ( 35.00000000000000000, 47.00000000000000000, -70.40000000000000568 ) ) ;
#1348 = CIRCLE ( 'NONE', #1094, 4.769999999999982698 ) ;
#1349 = PRODUCT_RELATED_PRODUCT_CATEGORY ( 'part', '', ( #1226 ) ) ;
#1350 = ORIENTED_EDGE ( 'NONE', *, *, #1306, .F. ) ;
#1351 = AXIS2_PLACEMENT_3D ( 'NONE', #796, #337, #225 ) ;
#1352 = LINE ( 'NONE', #69, #253 ) ;
#1353 = ORIENTED_EDGE ( 'NONE', *, *, #752, .F. ) ;
#1354 = CARTESIAN_POINT ( 'NONE',  ( 34.99999999999997868, 7.000000000000000000, 11.16999999999999993 ) ) ;
#1355 = ORIENTED_EDGE ( 'NONE', *, *, #353, .F. ) ;
#1356 = DIRECTION ( 'NONE',  ( -1.000000000000000000, -0.000000000000000000, -0.000000000000000000 ) ) ;
#1357 = DIRECTION ( 'NONE',  ( -0.000000000000000000, 1.000000000000000000, -0.000000000000000000 ) ) ;
#1358 = ADVANCED_FACE ( 'NONE', ( #241 ), #1227, .F. ) ;
#1359 = ORIENTED_EDGE ( 'NONE', *, *, #708, .T. ) ;
#1360 = DIRECTION ( 'NONE',  ( 0.000000000000000000, 0.000000000000000000, 1.000000000000000000 ) ) ;
#1361 = CIRCLE ( 'NONE', #95, 1.774999999999998801 ) ;
#1362 = EDGE_LOOP ( 'NONE', ( #1232, #1326, #1490, #399 ) ) ;
#1363 = CARTESIAN_POINT ( 'NONE',  ( 94.48484137440654251, 7.000000000000000000, 1.630000000000020322 ) ) ;
#1364 = EDGE_CURVE ( 'NONE', #1345, #1114, #256, .T. ) ;
#1365 = ADVANCED_FACE ( 'NONE', ( #114 ), #1180, .F. ) ;
#1366 = ORIENTED_EDGE ( 'NONE', *, *, #481, .F. ) ;
#1367 = CARTESIAN_POINT ( 'NONE',  ( 102.0000000000000000, 0.000000000000000000, -64.00000000000000000 ) ) ;
#1368 = LINE ( 'NONE', #57, #729 ) ;
#1369 = VECTOR ( 'NONE', #1174, 1000.000000000000000 ) ;
#1370 = AXIS2_PLACEMENT_3D ( 'NONE', #1068, #923, #689 ) ;
#1371 = ORIENTED_EDGE ( 'NONE', *, *, #183, .T. ) ;
#1372 = CYLINDRICAL_SURFACE ( 'NONE', #201, 1.449999999999996403 ) ;
#1373 = LINE ( 'NONE', #657, #1164 ) ;
#1374 = ORIENTED_EDGE ( 'NONE', *, *, #940, .T. ) ;
#1375 = DIRECTION ( 'NONE',  ( 0.000000000000000000, 0.000000000000000000, -1.000000000000000000 ) ) ;
#1376 = CARTESIAN_POINT ( 'NONE',  ( 102.0000000000000000, 7.000000000000000000, 0.000000000000000000 ) ) ;
#1377 = ORIENTED_EDGE ( 'NONE', *, *, #1144, .T. ) ;
#1378 = CARTESIAN_POINT ( 'NONE',  ( 35.00000000000000000, 47.00000000000000000, -65.63000000000000966 ) ) ;
#1379 = AXIS2_PLACEMENT_3D ( 'NONE', #1511, #193, #321 ) ;
#1380 = EDGE_CURVE ( 'NONE', #332, #230, #12, .T. ) ;
#1381 = FACE_BOUND ( 'NONE', #754, .T. ) ;
#1382 = VECTOR ( 'NONE', #650, 1000.000000000000000 ) ;
#1383 = LINE ( 'NONE', #787, #1478 ) ;
#1384 = DIRECTION ( 'NONE',  ( 0.000000000000000000, 0.000000000000000000, 1.000000000000000000 ) ) ;
#1385 = EDGE_CURVE ( 'NONE', #1087, #333, #1196, .T. ) ;
#1386 = DIRECTION ( 'NONE',  ( 0.000000000000000000, 0.000000000000000000, 1.000000000000000000 ) ) ;
#1387 = VECTOR ( 'NONE', #364, 1000.000000000000000 ) ;
#1388 = ADVANCED_FACE ( 'NONE', ( #491 ), #134, .F. ) ;
#1389 = VECTOR ( 'NONE', #381, 1000.000000000000114 ) ;
#1390 = FACE_BOUND ( 'NONE', #459, .T. ) ;
#1391 = DIRECTION ( 'NONE',  ( -0.000000000000000000, 1.000000000000000000, -0.000000000000000000 ) ) ;
#1392 = CARTESIAN_POINT ( 'NONE',  ( 0.000000000000000000, 7.000000000000000000, 0.000000000000000000 ) ) ;
#1393 = VERTEX_POINT ( 'NONE', #1520 ) ;
#1394 = ORIENTED_EDGE ( 'NONE', *, *, #698, .F. ) ;
#1395 = VECTOR ( 'NONE', #508, 1000.000000000000000 ) ;
#1396 = CIRCLE ( 'NONE', #648, 4.769999999999982698 ) ;
#1397 = EDGE_CURVE ( 'NONE', #1236, #124, #1066, .T. ) ;
#1398 = DIRECTION ( 'NONE',  ( -0.000000000000000000, 0.000000000000000000, 1.000000000000000000 ) ) ;
#1399 = CYLINDRICAL_SURFACE ( 'NONE', #877, 1.449999999999996403 ) ;
#1400 = CARTESIAN_POINT ( 'NONE',  ( 102.0000000000000142, 7.000000000000000000, 14.99999999999998757 ) ) ;
#1401 = DIRECTION ( 'NONE',  ( 0.000000000000000000, 0.000000000000000000, -1.000000000000000000 ) ) ;
#1402 = ORIENTED_EDGE ( 'NONE', *, *, #1216, .F. ) ;
#1403 = ORIENTED_EDGE ( 'NONE', *, *, #737, .F. ) ;
#1404 = CIRCLE ( 'NONE', #1125, 1.449999999999993072 ) ;
#1405 = DIRECTION ( 'NONE',  ( 0.000000000000000000, 0.000000000000000000, 1.000000000000000000 ) ) ;
#1406 = CARTESIAN_POINT ( 'NONE',  ( 94.48484137440659936, 37.00000000000000000, -70.40000000000000568 ) ) ;
#1407 = CARTESIAN_POINT ( 'NONE',  ( 0.000000000000000000, 7.000000000000000000, 0.000000000000000000 ) ) ;
#1408 = CARTESIAN_POINT ( 'NONE',  ( 0.000000000000000000, 2.000000000000000000, 0.000000000000000000 ) ) ;
#1409 = ORIENTED_EDGE ( 'NONE', *, *, #984, .F. ) ;
#1410 = ORIENTED_EDGE ( 'NONE', *, *, #550, .T. ) ;
#1411 = VECTOR ( 'NONE', #1384, 1000.000000000000000 ) ;
#1412 = LINE ( 'NONE', #701, #1369 ) ;
#1413 = DIRECTION ( 'NONE',  ( -0.000000000000000000, 1.000000000000000000, -0.000000000000000000 ) ) ;
#1414 = EDGE_CURVE ( 'NONE', #1036, #480, #591, .T. ) ;
#1415 = DIRECTION ( 'NONE',  ( 0.000000000000000000, -1.000000000000000000, -0.000000000000000000 ) ) ;
#1416 = VERTEX_POINT ( 'NONE', #596 ) ;
#1417 = ORIENTED_EDGE ( 'NONE', *, *, #531, .T. ) ;
#1418 = CARTESIAN_POINT ( 'NONE',  ( -5.000000000000010658, 7.000000000000000000, -64.00000000000000000 ) ) ;
#1419 = DIRECTION ( 'NONE',  ( 0.000000000000000000, 0.000000000000000000, 1.000000000000000000 ) ) ;
#1420 = CARTESIAN_POINT ( 'NONE',  ( 34.99999999999997868, 47.00000000000000000, 4.625000000000004441 ) ) ;
#1421 = ORIENTED_EDGE ( 'NONE', *, *, #830, .T. ) ;
#1422 = EDGE_CURVE ( 'NONE', #1098, #1209, #606, .T. ) ;
#1423 = AXIS2_PLACEMENT_3D ( 'NONE', #98, #447, #577 ) ;
#1424 = CARTESIAN_POINT ( 'NONE',  ( 35.00000000000000000, 47.00000000000000000, -70.40000000000000568 ) ) ;
#1425 = DIRECTION ( 'NONE',  ( -0.000000000000000000, 1.000000000000000000, -0.000000000000000000 ) ) ;
#1426 = CARTESIAN_POINT ( 'NONE',  ( 107.0000000000000000, 0.000000000000000000, -2.320192649118979489E-14 ) ) ;
#1427 = EDGE_CURVE ( 'NONE', #844, #181, #627, .T. ) ;
#1428 = CIRCLE ( 'NONE', #163, 4.769999999999982698 ) ;
#1429 = EDGE_LOOP ( 'NONE', ( #613, #138, #542, #429 ) ) ;
#1430 = VERTEX_POINT ( 'NONE', #1305 ) ;
#1431 = DIRECTION ( 'NONE',  ( -0.000000000000000000, 1.000000000000000000, -0.000000000000000000 ) ) ;
#1432 = CARTESIAN_POINT ( 'NONE',  ( 35.00000000000000000, 47.00000000000000000, -70.40000000000000568 ) ) ;
#1433 = CIRCLE ( 'NONE', #141, 1.449999999999993072 ) ;
#1434 =( GEOMETRIC_REPRESENTATION_CONTEXT ( 3 ) GLOBAL_UNCERTAINTY_ASSIGNED_CONTEXT ( ( #771 ) ) GLOBAL_UNIT_ASSIGNED_CONTEXT ( ( #31, #257, #1197 ) ) REPRESENTATION_CONTEXT ( 'NONE', 'WORKASPACE' ) );
#1435 = CARTESIAN_POINT ( 'NONE',  ( 35.00000000000000000, 47.00000000000000000, -68.62500000000000000 ) ) ;
#1436 = ORIENTED_EDGE ( 'NONE', *, *, #236, .T. ) ;
#1437 = VECTOR ( 'NONE', #860, 1000.000000000000000 ) ;
#1438 = ORIENTED_EDGE ( 'NONE', *, *, #1104, .F. ) ;
#1439 = DIRECTION ( 'NONE',  ( 0.000000000000000000, 0.000000000000000000, 1.000000000000000000 ) ) ;
#1440 = CARTESIAN_POINT ( 'NONE',  ( 94.48484137440659936, 37.00000000000000000, -70.40000000000000568 ) ) ;
#1441 = AXIS2_PLACEMENT_3D ( 'NONE', #1224, #159, #632 ) ;
#1442 = DIRECTION ( 'NONE',  ( 0.000000000000000000, 0.000000000000000000, 1.000000000000000000 ) ) ;
#1443 = ADVANCED_FACE ( 'NONE', ( #715 ), #339, .F. ) ;
#1444 = ORIENTED_EDGE ( 'NONE', *, *, #1451, .T. ) ;
#1445 = EDGE_LOOP ( 'NONE', ( #1229, #1192, #222, #434 ) ) ;
#1446 = ORIENTED_EDGE ( 'NONE', *, *, #1191, .F. ) ;
#1447 = DIRECTION ( 'NONE',  ( -0.000000000000000000, 1.000000000000000000, -0.000000000000000000 ) ) ;
#1448 = AXIS2_PLACEMENT_3D ( 'NONE', #1293, #602, #955 ) ;
#1449 = CARTESIAN_POINT ( 'NONE',  ( 1.785744754682007048E-15, 7.000000000000000000, 15.00000000000000000 ) ) ;
#1450 = CARTESIAN_POINT ( 'NONE',  ( 94.48484137440659936, 37.00000000000000000, -68.95000000000001705 ) ) ;
#1451 = EDGE_CURVE ( 'NONE', #856, #1318, #1286, .T. ) ;
#1452 = ORIENTED_EDGE ( 'NONE', *, *, #1104, .T. ) ;
#1453 = AXIS2_PLACEMENT_3D ( 'NONE', #988, #155, #406 ) ;
#1454 = ORIENTED_EDGE ( 'NONE', *, *, #232, .F. ) ;
#1455 = EDGE_LOOP ( 'NONE', ( #1403, #9, #946, #816 ) ) ;
#1456 = FACE_OUTER_BOUND ( 'NONE', #1319, .T. ) ;
#1457 = LINE ( 'NONE', #1321, #828 ) ;
#1458 = VERTEX_POINT ( 'NONE', #936 ) ;
#1459 = CARTESIAN_POINT ( 'NONE',  ( 94.48484137440654251, 47.00000000000000000, 4.625000000000004441 ) ) ;
#1460 = CONICAL_SURFACE ( 'NONE', #245, 1.774999999999998801, 0.7853981633974482790 ) ;
#1461 = FACE_OUTER_BOUND ( 'NONE', #1070, .T. ) ;
#1462 = DIRECTION ( 'NONE',  ( 0.000000000000000000, 0.000000000000000000, 1.000000000000000000 ) ) ;
#1463 = ADVANCED_FACE ( 'NONE', ( #351 ), #818, .F. ) ;
#1464 = EDGE_LOOP ( 'NONE', ( #167, #62, #685, #1072, #341, #295, #815, #492, #704, #977, #1444, #772 ) ) ;
#1465 = ORIENTED_EDGE ( 'NONE', *, *, #855, .F. ) ;
#1466 = DIRECTION ( 'NONE',  ( 0.000000000000000000, 0.000000000000000000, 1.000000000000000000 ) ) ;
#1467 = VERTEX_POINT ( 'NONE', #1186 ) ;
#1468 = CYLINDRICAL_SURFACE ( 'NONE', #56, 4.769999999999982698 ) ;
#1469 = DIRECTION ( 'NONE',  ( -0.000000000000000000, 1.000000000000000000, -0.000000000000000000 ) ) ;
#1470 = VECTOR ( 'NONE', #1179, 1000.000000000000000 ) ;
#1471 = FACE_OUTER_BOUND ( 'NONE', #474, .T. ) ;
#1472 = ADVANCED_FACE ( 'NONE', ( #248 ), #127, .F. ) ;
#1473 = VERTEX_POINT ( 'NONE', #397 ) ;
#1474 = DIRECTION ( 'NONE',  ( -0.000000000000000000, -1.000000000000000000, -0.000000000000000000 ) ) ;
#1475 = ORIENTED_EDGE ( 'NONE', *, *, #249, .F. ) ;
#1476 = DIRECTION ( 'NONE',  ( -1.000000000000000000, 0.000000000000000000, -0.000000000000000000 ) ) ;
#1477 = CARTESIAN_POINT ( 'NONE',  ( 94.48484137440659936, 47.00000000000000000, -70.40000000000000568 ) ) ;
#1478 = VECTOR ( 'NONE', #1280, 1000.000000000000000 ) ;
#1479 = EDGE_LOOP ( 'NONE', ( #594, #1215, #1289, #489 ) ) ;
#1480 = DIRECTION ( 'NONE',  ( 1.224709990794747225E-16, 0.000000000000000000, 1.000000000000000000 ) ) ;
#1481 = EDGE_CURVE ( 'NONE', #539, #575, #774, .T. ) ;
#1482 = EDGE_CURVE ( 'NONE', #526, #404, #1329, .T. ) ;
#1483 = EDGE_LOOP ( 'NONE', ( #620, #354, #28, #34 ) ) ;
#1484 = DIRECTION ( 'NONE',  ( 1.049727191138618449E-16, 0.5150380749100544886, -0.8571673007021121116 ) ) ;
#1485 = ORIENTED_EDGE ( 'NONE', *, *, #1342, .T. ) ;
#1486 = DIRECTION ( 'NONE',  ( 1.000000000000000000, -0.000000000000000000, 0.000000000000000000 ) ) ;
#1487 = CARTESIAN_POINT ( 'NONE',  ( 101.9999999999999858, 2.000000000000000000, -63.99000000000000199 ) ) ;
#1488 = CARTESIAN_POINT ( 'NONE',  ( 35.00000000000000000, 47.00000000000000000, -68.62500000000000000 ) ) ;
#1489 = CARTESIAN_POINT ( 'NONE',  ( 94.48484137440654251, 37.00000000000000000, 4.950000000000009948 ) ) ;
#1490 = ORIENTED_EDGE ( 'NONE', *, *, #1246, .T. ) ;
#1491 = CARTESIAN_POINT ( 'NONE',  ( 102.0000000000000000, 7.000000000000000000, 0.000000000000000000 ) ) ;
#1492 = CARTESIAN_POINT ( 'NONE',  ( 94.48484137440659936, 47.00000000000000000, -70.40000000000000568 ) ) ;
#1493 = CARTESIAN_POINT ( 'NONE',  ( 0.000000000000000000, 7.000000000000000000, -64.00000000000000000 ) ) ;
#1494 = ADVANCED_FACE ( 'NONE', ( #516 ), #658, .F. ) ;
#1495 = CARTESIAN_POINT ( 'NONE',  ( 94.48484137440654251, 47.00000000000000000, 11.16999999999998572 ) ) ;
#1496 = EDGE_CURVE ( 'NONE', #629, #619, #1126, .T. ) ;
#1497 = CARTESIAN_POINT ( 'NONE',  ( 0.000000000000000000, 0.000000000000000000, -64.00000000000000000 ) ) ;
#1498 = CARTESIAN_POINT ( 'NONE',  ( 0.000000000000000000, 7.000000000000000000, -64.00000000000000000 ) ) ;
#1499 = CARTESIAN_POINT ( 'NONE',  ( 35.00000000000000000, 47.00000000000000000, -70.40000000000000568 ) ) ;
#1500 = LINE ( 'NONE', #107, #1270 ) ;
#1501 = EDGE_CURVE ( 'NONE', #1000, #333, #1457, .T. ) ;
#1502 = AXIS2_PLACEMENT_3D ( 'NONE', #702, #929, #462 ) ;
#1503 = FACE_OUTER_BOUND ( 'NONE', #154, .T. ) ;
#1504 = CIRCLE ( 'NONE', #41, 1.774999999999998801 ) ;
#1505 = CARTESIAN_POINT ( 'NONE',  ( 94.48484137440659936, 37.00000000000000000, -71.84999999999999432 ) ) ;
#1506 = FACE_OUTER_BOUND ( 'NONE', #724, .T. ) ;
#1507 = ORIENTED_EDGE ( 'NONE', *, *, #145, .F. ) ;
#1508 = EDGE_CURVE ( 'NONE', #460, #422, #1338, .T. ) ;
#1509 = AXIS2_PLACEMENT_3D ( 'NONE', #932, #110, #1300 ) ;
#1510 = DIRECTION ( 'NONE',  ( 0.000000000000000000, 0.000000000000000000, 1.000000000000000000 ) ) ;
#1511 = CARTESIAN_POINT ( 'NONE',  ( 34.99999999999997868, 47.00000000000000000, 6.400000000000003020 ) ) ;
#1512 = LINE ( 'NONE', #463, #68 ) ;
#1513 = VECTOR ( 'NONE', #362, 1000.000000000000000 ) ;
#1514 = ORIENTED_EDGE ( 'NONE', *, *, #563, .T. ) ;
#1515 = ORIENTED_EDGE ( 'NONE', *, *, #744, .T. ) ;
#1516 = AXIS2_PLACEMENT_3D ( 'NONE', #184, #663, #1135 ) ;
#1517 = VECTOR ( 'NONE', #583, 1000.000000000000000 ) ;
#1518 = EDGE_CURVE ( 'NONE', #93, #738, #682, .T. ) ;
#1519 = FACE_OUTER_BOUND ( 'NONE', #1327, .T. ) ;
#1520 = CARTESIAN_POINT ( 'NONE',  ( 102.0000000000000000, 7.000000000000000000, -79.00000000000000000 ) ) ;
#1521 = DIRECTION ( 'NONE',  ( 0.000000000000000000, 0.000000000000000000, 1.000000000000000000 ) ) ;
#1522 = CARTESIAN_POINT ( 'NONE',  ( 35.00000000000000000, 47.00000000000000000, -75.17000000000000171 ) ) ;
#1523 = EDGE_LOOP ( 'NONE', ( #862, #808, #638, #373 ) ) ;
#1524 = ORIENTED_EDGE ( 'NONE', *, *, #1062, .T. ) ;
#1525 = EDGE_CURVE ( 'NONE', #651, #205, #847, .T. ) ;
#1526 = EDGE_CURVE ( 'NONE', #1458, #1131, #140, .T. ) ;
#1527 = FACE_OUTER_BOUND ( 'NONE', #523, .T. ) ;
#1528 = CARTESIAN_POINT ( 'NONE',  ( 34.99999999999997868, 37.00000000000000000, 6.400000000000003020 ) ) ;
#1529 = CARTESIAN_POINT ( 'NONE',  ( 1.836970198721029589E-15, 0.000000000000000000, 15.00000000000000000 ) ) ;
ENDSEC;
END-ISO-10303-21;
