:020000040800F2
:100000008061002031030008932C0008B52200080D
:10001000912C0008ED100008C155000800000000F8
:10002000000000000000000000000000790200084D
:100030004516000800000000CD020008C13F00087E
:100040004B0300084B0300084B0300084B03000858
:100050004B0300084B0300084B0300084B03000848
:100060004B0300084B0300084B0300084B03000838
:100070004B0300084B0300084B0300084B03000828
:100080004B0300084B0300084B0300084B03000818
:10009000BD1200084B0300084B0300084B03000887
:1000A0004B0300084B0300084B0300084B030008F8
:1000B000A5430008B5430008C94300084B030008E6
:1000C0004B0300084B0300084B0300084B030008D8
:1000D0004B0300084D4F000871500008ED52000816
:1000E0004B0300084B0300084B030008F1430008D2
:1000F000A54800084B030008054400084B0300080E
:100100004B0300084B030008DD4300084B030008C5
:100110004B030008554E00084B0300084B03000832
:100120004B0300084B0300084B0300084B03000877
:100130004B0300084B0300084B0300084B03000867
:100140004B0300084B0300084B0300084B03000857
:100150004B0300084B0300084B0300084B03000847
:100160004B0300084B0300084B0300084B03000837
:100170004B0300084B0300084B0300084B03000827
:100180004B0300084B03000800F002F800F064F88D
:100190000AA090E8000C82448344AAF10107DA45E2
:1001A00001D100F059F8AFF2090EBAE80F0013F0D0
:1001B000010F18BFFB1A43F0010318470CD40000CD
:1001C0002CD400000A444FF0000C10F8013B13F04F
:1001D000070408BF10F8014B1D1108BF10F8015BA0
:1001E000641E05D010F8016B641E01F8016BF9D193
:1001F00013F0080F1EBF10F8014BAD1C0C1B09D1EA
:100200006D1E58BF01F801CBFAD505E014F8016B5B
:1002100001F8016B6D1EF9D59142D6D370470000ED
:100220000023002400250026103A28BF78C1FBD8FF
:10023000520728BF30C148BF0B607047642900F0E7
:100240000381732900F03E82002070471FB50BF038
:10025000FEFA1FBD10B510BD00F0B0FA1146FFF751
:10026000F5FF07F03DF900F0CEFA03B4FFF7F2FF17
:1002700003BC06F0F1FE00002A4B19680868B0E8DC
:10028000F04F80F30988BFF36F8F4FF0000080F3C9
:10029000118870470000000006480068006880F37D
:1002A000088862B661B6BFF34F8FBFF36F8F00DF70
:1002B00000BF00BF08ED00E0DFF80C00016841F46A
:1002C00070010160704700BF88ED00E0EFF3098026
:1002D000BFF36F8F134B1A681EF0100F08BF20ED8D
:1002E000108A20E9F04F106008B44FF0500080F3FE
:1002F0001188BFF34F8FBFF36F8F09F029FE4FF0C6
:10030000000080F3118808BC19680868B0E8F04F55
:100310001EF0100F08BFB0EC108A80F30988BFF3FD
:100320006F8F7047D0000020EFF30580704700000A
:100330000948804709480047FEE7FEE7FEE7FEE779
:10034000FEE7FEE7FEE7FEE7FEE7FEE704480549B5
:10035000054A064B70470000D53F00088901000898
:10036000805B002080610020805D0020805D002097
:10037000704700000FB4044910B503AA029800F0BA
:10038000A5F910BC5DF814FBBC0000202DE9F0417C
:100390000E460446002020622046E168884730B3BC
:1003A000252805D0D4E901219047206A401CF2E7B6
:1003B000E168204600278847050018D0A5F14100D4
:1003C000192802D820354FF40067324629462046C6
:1003D0002760FFF733FF40B1012804D0F61D26F057
:1003E00007060836D8E7361DD6E72846DAE7206A3A
:1003F000BDE8F08170B50C460546012A05D0287885
:10040000800600D5EA69002302E0012305E05B1CB9
:10041000934202D2E05C0028F9D1A869E618C01A1C
:10042000A861286A184428622846AFF3008004E0D7
:10043000D5E9012114F8010B9047B442F8D32846BE
:10044000AFF3008070BD00002DE9F04106460024A6
:1004500010687529314616A510D0AFF3008000282A
:1004600002DA404213A507E031688A0701D512A5D8
:1004700002E0490704D511A5012401E0AFF3008093
:1004800000210A2206F1240709E0B0FBF2FCB0FBD0
:10049000F2F302FB1C00303078541846491C002847
:1004A000F3D123462A463046BDE8F04100F086B835
:1004B000000000002D0000002B00000020000000C4
:1004C000032A40F2308010F0030C00F0158011F880
:1004D000013BBCF1020F624498BF11F801CB00F858
:1004E000013B38BF11F8013BA2F1040298BF00F8AC
:1004F00001CB38BF00F8013B11F0030300F0F88096
:10050000083AC0F0088051F8043B083A51F804CB8F
:10051000A0E80810F5E7121D5CBF51F8043B40F855
:10052000043BAFF30080D20724BF11F8013B11F860
:1005300001CB48BF11F8012B24BF00F8013B00F8A4
:1005400001CB48BF00F8012B704702F0FF0343EADC
:10055000032242EA024200F002B84FF000020429EE
:10056000C0F0128010F0030C00F0F680CCF1040C07
:10057000BCF1020F18BF00F8012BA8BF20F8022B16
:10058000A1EB0C0100F0E8B85FEAC17C24BF00F8E1
:10059000012B00F8012B48BF00F8012B7047704772
:1005A00070477047704710B500F0FCF8006810BD48
:1005B00010B5044600F0F6F8046010BD2DE9F047D0
:1005C0000D4699469246044600F1240801688806C3
:1005D00004D5E06921F01001216000E00120A8426B
:1005E00001DD471B00E00027A1697A1902EB090031
:1005F000081AA0612078C00602D42046AFF300801C
:10060000002608E0D4E901211AF806009047206A84
:10061000401C761C20624E45F4DB2078C0060AD5CB
:100620002046AFF3008006E0D4E901213020904756
:10063000206A401C2062381EA7F10107F4DC07E0A5
:10064000D4E9012118F805009047206A401C206277
:10065000281EA5F10105F3DC2046AFF300802078C9
:10066000000602D50220BDE8F0870120FBE700006C
:1006700001694A1C02610878704700B58FB0CDE966
:1006800001310021059105497944CDE90310114656
:100690006846FFF77BFE0FB000BD0000E5FFFFFFDF
:1006A00010B5436913B1AFF3008001E0FFF7A2FE7C
:1006B000012010BD127800F124010A7000224A7056
:1006C0000122EDE711684FF0FF32E9E7074B70B503
:1006D0000D467B44FFF7D1FF0446284600F066F83C
:1006E00010B14FF0FF3070BD204670BDB76D0000F7
:1006F00010B5203AC0F00B80B1E81850203AA0E8BD
:100700001850B1E81850A0E81850BFF4F5AF5FEAF0
:10071000027C24BFB1E81850A0E8185044BF18C9A3
:1007200018C0BDE810405FEA827C24BF51F8043B4A
:1007300040F8043B08BF7047D20728BF31F8023B9E
:1007400048BF11F8012B28BF20F8023B48BF00F832
:10075000012B70474FF0000200B5134694469646B1
:10076000203922BFA0E80C50A0E80C50B1F12001C4
:10077000BFF4F7AF090728BFA0E80C5048BF0CC072
:100780005DF804EB890028BF40F8042B08BF7047D0
:1007900048BF20F8022B11F0804F18BF00F8012B42
:1007A00070470000004870471C5B0020007B00F091
:1007B00080007047004870471C5B00207546FFF7BB
:1007C000F9FFAE4605006946534620F0070085460E
:1007D00018B020B5FFF7BAFDBDE820404FF0000685
:1007E0004FF000074FF000084FF0000B21F0070119
:1007F000AC46ACE8C009ACE8C009ACE8C009ACE85C
:10080000C0098D46704710B50446AFF300802046FE
:10081000BDE81040FFF729BD0029816802D041F0F2
:10082000010101E021F0010181607047084B10B522
:10083000D3F8042307490A40D0E900142143D0E942
:100840000240044321431143C3F8041310BD0000C8
:1008500000200140E030FCFFC06C80B270470246CF
:10086000002012680A4200D00120704730B542686B
:100870000F4B0C791A400B6842EA04221343436081
:1008800082680C4B4D791A40D1E9034323438C68AD
:1008900044EA4504234313438360C26A097D22F47A
:1008A0007002491EC9B242EA0151C16230BD000066
:1008B000FFFEFFFCFDF7FFC070B5072609290AD926
:1008C000C568A1F10A0404EB4404A640B543A34063
:1008D0001D43C56007E0056901EB4104A640B5432F
:1008E000A3401D4305611F23072A09D2446B521EF2
:1008F00002EB820293409C4391400C43446370BDE1
:100900000D2A09D2046BD21F02EB820293409C4352
:1009100091400C43046370BDC46A0D3A02EB82023D
:1009200093409C4391400C43C46270BD816841F088
:10093000804181607047000038B535489FED351A19
:100940009FED350AD0ED000A10EE810AF3EE0B0A96
:1009500080EE201ABDEEC10A10EE103A642B00DDC5
:1009600064232E48DFED2E0A90ED000A20EE200AC7
:10097000BDEEC00A10EE100A002800DA40422949F4
:1009800091ED000A20EE200ABDEEC00A10EE101A0A
:10099000002900DA4942244C2278A2B100222270B8
:1009A000224C2578012D10D0214DB5F904403AB3E1
:1009B000B5F90220B5F9001001B02346BDE830407A
:1009C0001CA0FFF7D7BC0122E9E71E4890ED000A02
:1009D0001D48BDEEC00A10EE103A90ED000A1B480B
:1009E000BDEEC00A10EE102A90ED000A18A0BDEE70
:1009F000C00A10EE101AFFF7BDFC0020207038BDB1
:100A0000CAB2C1B216A00094FFF7B4FC38BD000012
:100A10001800002000007A4400401C46705A002054
:100A20000000C842845A002024020020C101002096
:100A3000400200207B4225643A25643A25647D24E7
:100A400000000000500100204C010020480100205F
:100A50007B4325643A25643A25647D240000000028
:100A60007B4125643A25643A25643A25647D240057
:100A700030B58DB00121022002F0E4FE01210D020B
:100A8000284602F0F7FE032002218DF82C000A917F
:100A900000248DF82F400AA9134801F0D1F9012153
:100AA000284602F0F3FE0021284602F0EFFE0694ED
:100AB00068020994CDE9070406A8FFF7B7FE8DF890
:100AC000044000948DF80540029404940120074CE2
:100AD0008DF8140069462046FFF7C8FE0121204624
:100AE000FFF79AFE0DB030BD000402400020014027
:100AF00070B58CB00121022002F0A4FE01214E024B
:100B0000304602F0B7FE03208DF82C0001250024AA
:100B10000A958DF82F400AA9134801F091F9012197
:100B2000304602F0B3FE0021304602F0AFFE0694DC
:100B300068040994CDE9070406A8FFF777FE8DF84D
:100B4000044000948DF8054002940494074C8DF8FD
:100B5000145069462046FFF789FE01212046FFF721
:100B60005BFE0CB070BD000000040240002101409B
:100B70001CB506F097FCDFF8FC93DFF8FCA3FF4CF4
:100B800040F6C41B4FF4FA7501900A2101A809F040
:100B90000DF8FB4E40F6B8317068884201DA401C0F
:100BA0007060B068401CB06001F0ACFA01F02EFE3D
:100BB000F448006830B1DFF8D08398F800000328CB
:100BC0007DD0FAE0F148007810B101F0B7F916E0F5
:100BD000EF48007810B102F0DBFE10E0ED4800783D
:100BE00010B102F05BFD0AE0EB4890ED001AEB4813
:100BF000D0ED000AEA4890ED000A00F025FDE94832
:100C000090ED000ABDEEC00A10EE100A04F0FAF8EA
:100C100028B1002003460246014600908FE0E24ED4
:100C2000D6ED020A96ED000A01F0E2FC00EE100A91
:100C3000DE4FB8EEC00A86ED010AD7ED020A97ED45
:100C4000000A01F013FD00EE100ADFF86483B8EE2D
:100C5000C00A87ED010AD8ED020A98ED000A01F0FA
:100C600043FD00EE100AD34BB8EEC00A88ED010A2E
:100C7000D3ED020A93ED000A01F074FD00EE100AB4
:100C800044F23C10B8EEC00A83ED010A01F07CFE8C
:100C9000C94800780628BFF478AFDFE800F0031AEF
:100CA000355303530020009093ED010ABDEEC00AB6
:100CB00010EE103A98ED010AB1EE400A00E043E070
:100CC000BDEEC00A10EE102A97ED010AB1EE400AFF
:100CD0002BE00020009093ED010ABDEEC00A10EE5B
:100CE000103A98ED010AB1EE400ABDEEC00A10EECE
:100CF000102A97ED010ABDEEC00A10EE101A96ED0B
:100D0000010AB1EE400A16E0AC480068009093ED8D
:100D1000010ABDEEC00A10EE103A98ED010ABDEED0
:100D2000C00A10EE102A97ED010ABDEEC00A10EEBF
:100D3000101A96ED010ABDEEC00A10EE100A03F07B
:100D400059F822E70020E1E79D4F3868002804DDCC
:100D5000401E44F29F11386006E09A490868002856
:100D600004DD401E08609849C9F8001092480078D8
:100D7000062814D2DFE800F0030A27270327002003
:100D80000090D9F800301846424222E0002000903E
:100D9000D9F8003019464A42104603F02BF889482A
:100DA0000068002809DC3868002806DC00200346BB
:100DB00002460146009003F01DF898F800004746EF
:100DC000042808D00EE000200090D9F80030184622
:100DD0001A461146E1E7002003460246014600900C
:100DE00003F008F83878062804D1A72142F20F70E2
:100DF00003F0D8FC387807281CD008283BD00928F5
:100E000061D00A287ED00B287DD00C287CD00D28FC
:100E10007BD00E287AD00F2879D0132891D16B4E31
:100E2000307801288DD104F0FBFA69490020307038
:100E30000870AAE6DAF80000514640B92068584523
:100E400001DA401D2060584501DB01200860206860
:100E5000A84206DD0A68012A0AD1401F2060A84284
:100E600006DC0868012803D102202560CAF80000CA
:100E70005848216855E0DAF800005146022802D0AF
:100E8000544825600560486840B96068584501DAF3
:100E9000401D6060584501DB012048606068A84241
:100EA00006DD4A68012A0AD1401F6060A84206DCBC
:100EB0004868012803D102206560CAF8040045494A
:100EC0006068091FDCE0DAF804005146022803D00C
:100ED00040486560001F0560886840B9A0685845B3
:100EE00001DA401DA060584501DB01208860A06840
:100EF000A84206DD8A68012A11D1401FA060A842DD
:100F00000DDC05E00FE06BE092E0BBE0DBE0E5E04C
:100F10008868012803D10220A560CAF808002E487D
:100F2000A168016031E6DAF808005146022802D0D3
:100F30002948A5600560C86840B9E068584501DAED
:100F4000401DE060584501DB0120C860E068A84210
:100F500006DDCA68012A0AD1401FE060A84206DC0B
:100F6000C868012803D10220E560CAF80C001A49BC
:100F7000091F33E0900100204C5A0020740100202A
:100F8000E00100205C0100206801002055010020E4
:100F90005601002054010020A4010020A0010020DF
:100FA0009C01002018000020705A0020845A002064
:100FB000985A0020AC5A00204501002098010020DA
:100FC0006C0100207001002061BEFFFFDC010020E9
:100FD0008C0100203818004040040140E0684FE0D8
:100FE000DAF80C005146022802D03D48E560056061
:100FF000086940B92069584501DA401D206158450B
:1010000001DB012008612069A84206DD0A69012A86
:101010000AD1401F2061A84206DC0869012803D1DB
:1010200002202561CAF810002D492069091F27E018
:10103000DAF810005146022803D029482561001F24
:101040000560486940B96069584501DA401D606132
:10105000584501DB012048616069A84206DD4A6904
:10106000012A0AD1401F6061A84206DC48690128B4
:1010700003D102206561CAF8140019496069083972
:10108000086082E50020CAF81400CAF81000CAF807
:101090000C00CAF80800CAF80400CAF8000065612C
:1010A0002561E5600E48A56065600838256005602B
:1010B000001D0560001D0560001D056009480560F4
:1010C000001D056061E5B0686421B0FBF1F0C00768
:1010D00004D001200449C1F8A00256E50020F9E738
:1010E0003C0401403418004000004042FEE700008C
:1010F0001CB50121084602F0A5FB4FF4807000905A
:1011000001208DF8040000218DF8061003218DF8D0
:1011100005108DF807006946014800F091FE1CBDDE
:10112000000002402DE9FE4F0024D8B3D1B3CAB36A
:10113000C3B3401E491EC7B2CEB2521E5B1E02F0A0
:10114000FF099DB20121082002F07CFB0121480625
:1011500002F084FB02218DF804104FF0030B4FF0D6
:1011600000088DF806808DF805B04FF0010ACDF823
:1011700000B08DF807A069464D4800F061FE0922D5
:1011800000214B4800F098FE09220121484800F058
:1011900093FE4848C0F80080016841F001010160F9
:1011A000021D09E0FFE70120BDE8FE8F641CA4B228
:1011B000642C01D90220F7E71168C907F6D03D4831
:1011C000016801600168016001680160016841F027
:1011D0001001016001680160016801603549434602
:1011E0001C31C1F80080D1F80080DDF830C048EA39
:1011F0008C7CC1F800C0D1F800C04CEA07670F60D2
:101200000F6847EA06560E600F6847EA09460E6007
:101210000E682E430E60016821F0010101604FF657
:10122000F07005E0641CA4B2844201D90320BBE73E
:101230001168C907F6D12048016841F00101016039
:101240001D491C310A6822F001020A601A4A0C3258
:10125000146844F001041460021D14681460164AF6
:10126000143214681460144A40321360121D136063
:101270000A6842F001020A60016803600D481430F8
:10128000016841F00201016014208DF808008DF81A
:1012900009A08DF80AB08DF80BA002A801F0FAFCA5
:1012A00001220221034800F07DF900207CE70000C4
:1012B000000C0240006400400066004010B588B099
:1012C00002A907A8CDE9000106AB05AA04A90020E0
:1012D00000F070F80498A0F5807181394BD129494C
:1012E00001209FED2F1A087027490020304C08700C
:1012F0002649087026490870264908702649087052
:10130000264908709DF809009DF8081000EB01209F
:1013100000B200EE100A2348F8EEC00A80EE810AFF
:1013200080ED000A9DF80B009DF80A1000EB0120EB
:1013300000B200EE900A1C48F8EEE00AC0EE811AF6
:10134000C0ED001A9DF80D009DF80C1000EB012077
:1013500000B200EE900A1549F8EEE01A0978022969
:10136000C1EE810A09D000EE100AB8EEC00AC0EE44
:10137000010AC4ED000A08B010BD04F023F984EDA1
:10138000000AF8E757010020540100205601002010
:1013900055010020BC010020BD01002020020020DA
:1013A00000007A449C010020A0010020450100209B
:1013B000A4010020F0B5224CDDE9057504EB001412
:1013C000D4F8B06516F004061670D4F8B02532D003
:1013D000D2080A60D4F8B01501F002011970D4F8EF
:1013E000B41501F00F013970D4F8B8152970D4F88C
:1013F000B815090A6970D4F8B815090CA970D4F8A1
:10140000B815090EE970D4F8BC152971D4F8BC15CB
:10141000090A6971D4F8BC15090CA971D4F8BC1576
:10142000090EE97148B1012804D10648016841F06C
:1014300020010160F0BD520DCBE70248001FF5E727
:10144000006000401064004038B50024009108237B
:101450002246214600F014F8054640F6FF7301E0ED
:10146000641CA4B2284600F06BF8072801D09C4207
:10147000F6D39C4201D3012038BD002038BD0000C6
:10148000F0B506462C48059D0468640101D500208E
:1014900008E00468240101D5012003E00068C000D1
:1014A00046D50220254C002704EB0014C4F88075B3
:1014B000E9B3F600D4F880753743C4F88075D4F8E2
:1014C000806546EA8101C4F88015D4F8801541EAA8
:1014D0004201C4F88015D4F8842503F00F0122F0EE
:1014E0000F02C4F88425D4F884250A43C4F884255F
:1014F0002979EA796B7941EA0261AA79120442EA10
:1015000003221143C4F88C152978EA786B7841EAF4
:101510000261AA78120442EA03221143C4F8881532
:10152000D4F8801541F00101C4F88015F0BD01E048
:10153000FF20FBE77605BDE708640040006000403F
:10154000174928B1012810D002281BD00520704768
:1015500008680A6800F0010002F00202024308680D
:1015600000F0806042EA1060704708680A6800F086
:10157000010002F002020243086800F0006042EA43
:101580005060704708680A6800F0010002F002022B
:101590000243086800F0805042EA90607047000003
:1015A00008640040002A426901D00A4300E08A43EF
:1015B000426170477CB5144C00206D46215C295473
:1015C000401CC0B20828F9D3294640F20110FFF7A9
:1015D0003BFF00202118097A2954401CC0B208287A
:1015E000F8D369464FF48170FFF72EFF00202118D1
:1015F000097C2954401CC0B20828F8D3694640F23F
:101600000310FFF721FF7CBDAE06002030B5034676
:101610000020012908D10022094C03E0A55C6840A4
:10162000521CD2B29A42F9D3002908D1044A32326C
:1016300003E0545C6040491CC9B29942F9D330BD03
:10164000AE060020704700002DE9F0472DED0E8B0F
:10165000F0EE418AB0EE408AB0EE0CEAFD4BDFF8C6
:10166000F883FE4E1878FE4FB8EE0CCA9FEDFDDBF6
:10167000DFEDFECAFE4AFF4DFF4CB6EE00AA08B1F0
:10168000012810D1B0EE681AB0EE480A02F0ECFB67
:10169000FA4890ED008A90ED019AD0ED028A187810
:1016A00068B3012852D0C0B202287CD0032803D0EE
:1016B000042879D0052878D192ED000AB0EE4E1AB0
:1016C00068EE800AB0EE480A00EECA0A00EE8A8A86
:1016D000F0EE4C0A85ED020A84ED028A07F003FF62
:1016E00085ED020A94ED020AB0EE4E1AF0EE4C0AB5
:1016F00007F0F9FE84ED020AC6ED02CAB8E098EDE3
:10170000000A92ED001A79EE080A30EE010A38EE6E
:10171000491AF0EE601A48EEC00A48EE801AC5ED8C
:10172000020AB0EE602AF0EE410A08EE801A48EE96
:10173000C00AB0EE420AC4ED020AC6ED021A87EDF5
:10174000021AB0EE4E1AF0EE4C0A76E1DFF8308362
:10175000F0EE490A98ED000A40EE280A20EE280A29
:1017600010EE100AC5ED020A0AF000F869EE0AEA66
:1017700041EC1B0B1EEE900A09F0F8FF41EC1A0B2E
:1017800018EE100A09F0F2FF41EC190BB0EE4D0A09
:10179000F0EE6D0A04F044FF9FEDBA1B51EC100B04
:1017A00053EC112B02E069E02DE163E009F0E8FC65
:1017B00053EC192B09F0E4FC53EC1A2B09F0ECFE66
:1017C00053EC1B2B09F032FA09F0FEF9A06098EDFA
:1017D000000A20EE280A10EE100A09F0C7FF41ECBB
:1017E000190B1EEE900A09F0C1FF41EC1A0B18EE1E
:1017F000100A09F0BBFF41EC180BB0EE4D0AF0EEF9
:101800006D0A04F00DFF9FEDA11B51EC100B53EC82
:10181000112B09F0B5FC53EC182B09F0B1FC53EC7B
:101820001A2B09F0B9FE53EC192B09F0FFF909F056
:10183000CBF9B06095ED020AB0EE4E1AF0EE4C0A0C
:1018400007F051FE85ED020A94ED020AB0EE4E1A41
:10185000F0EE4C0A07F047FE84ED020A96ED020A0C
:10186000B0EE4E1AF0EE4C0A07F03DFE86ED020A8D
:10187000C7ED02CABDEC0E8BBDE8F087DFED85AA8F
:1018800092ED000A914620EE0A0A10EE100A09F0C5
:101890006DFF41EC190B18EE900A09F067FF41EC5F
:1018A000100B04F0FDFEB0EE40BAF0EE60BAD8F8CE
:1018B000000009F05BFF53EC1B2B09F073FA53ECAB
:1018C000192B09F069FE09F07FF902EE100A9FED6D
:1018D000721ADFED720AB0EE680A07F004FEB5EE88
:1018E000C00AF0EE408AF1EE10FA16D099ED000A27
:1018F000F0EE420A40EE4A0A60EE880A80EE821A52
:10190000F0EE420A40EE0A0A20EE880AC0EE020A11
:1019100085ED021AC4ED020A03E085ED028A84ED2A
:10192000028A9FED5F0A28EE800A10EE100A09F085
:101930001DFF41EC1B0B18EE900A09F017FF41EC5C
:10194000100B9FED581B04F043F89FED581B51EC12
:10195000100B53EC112B09F013FC41EC190B18EE92
:10196000900A09F003FF41EC100BB0EE4D1AF0EEB7
:101970006D1A04F02DF89FED4F1B51EC100B53EC3A
:10198000112B09F0FDFB53EC192B09F04FF953EC27
:101990001B2B09F001FE9FED491B53EC112B09F0A5
:1019A00045F909F011F900EE100ADFED460A70EE74
:1019B000600A9FED450A454BB0EE4E1A00EEAA0AAA
:1019C000F0EE4C0ABDEEC00A83ED000A95ED020A66
:1019D00007F089FD85ED020A94ED020AB0EE4E1A79
:1019E000F0EE4C0A07F07FFD84ED020AC6ED02CA54
:1019F000C7ED02CA40F698024FF44871186807F024
:101A000082FD186036E792ED000AD8ED000AB0EECC
:101A10004E1A30EE200A60EE280AB0EE480A00EEB8
:101A2000CA0A00EE8A8AF0EE4C0A85ED020A84EDBD
:101A3000020A86ED028A87ED028A07F054FD85EDE1
:101A4000020A94ED020AB0EE4E1AF0EE4C0A07F0CC
:101A50004AFD3DE045010020B4010020985A0020D5
:101A6000AC5A002000000000000008400000000008
:101A7000B0010020705A0020845A0020645A0020CF
:101A8000B8010020000000000000E0BF00000000DE
:101A90000000E03FD7231F440AD7A33E48E1FABE27
:101AA000E5D0E23F00000000000000400000000020
:101AB000D34DF43F000000809318E4BF0000000005
:101AC000022BF93F4C37C93F0080BB4498010020EE
:101AD00084ED020A96ED020AB0EE4E1AF0EE4C0AC0
:101AE00007F001FD86ED020A97ED020AB0EE4E1AEC
:101AF000F0EE4C0A07F0F7FC87ED020ABAE60000A8
:101B00001CB50121082001F09DFE08200090002056
:101B10008DF8040003208DF8050001208DF80700E2
:101B20006946024800F08CF91CBD0000000C024020
:101B3000F0B5012189B0084601F090FE0121032093
:101B400001F080FE03258DF8055002264FF4004079
:101B50008DF8046001242B4F00908DF806408DF81D
:101B600007406946384600F06BF98DF805508DF84E
:101B700004608DF806408DF807400820224C009044
:101B80006946204600F05CF901220F21384600F03A
:101B900093F901220321204600F08EF902A803F0F8
:101BA00027F900244FF6FF70ADF808400390750741
:101BB000ADF81040ADF80A4002A9284603F0DAF863
:101BC00000231A460321284602F0F5FE05A802F07C
:101BD00075FFADF81C4005A9284602F019FF012148
:101BE000284602F0CDFE01221146284602F06EFF83
:101BF0000021284603F094F80121284602F0C6FE91
:101C000009B0F0BD000002400004024030B589B0C8
:101C10000121022001F022FE0121022001F012FE2A
:101C20003020039003208DF8110002208DF8100061
:101C300001208DF81200224C8DF8130003A92046D4
:101C400000F0FEF802220421204600F035F90222BD
:101C50000521204600F030F9684603F0C9F8002459
:101C60004FF6FF70174DADF800400190ADF80840F9
:101C7000ADF802406946284603F07CF800231A4676
:101C80000321284602F097FE05A802F017FFADF8E1
:101C90001C4005A9284602F0BBFE0121284602F09F
:101CA0006FFE01221146284602F010FF002128464F
:101CB00003F036F80121284602F068FE09B030BD75
:101CC000000402400004004030B589B00121042026
:101CD00001F0C4FD0121022001F0B4FDC0200390F9
:101CE00003208DF8110002208DF8100001208DF8DE
:101CF0001200224C8DF8130003A9204600F0A0F832
:101D000002220621204600F0D7F8022207212046B1
:101D100000F0D2F8684603F06BF800244FF6FF702D
:101D2000174DADF800400190ADF80840ADF8024005
:101D30006946284603F01EF800231A460321284668
:101D400002F039FE05A802F0B9FEADF81C4005A965
:101D5000284602F05DFE0121284602F011FE012214
:101D60001146284602F0B2FE0021284602F0D8FFB4
:101D70000121284602F00AFE09B030BD00040240ED
:101D80000008004030B589B00121082001F066FD4F
:101D90000121084601F056FD274C02220021204671
:101DA00000F08AF802220121204600F085F8022185
:101DB0008DF811108DF81010012103208DF81210EC
:101DC00003908DF8131003A9204600F039F86846F7
:101DD00003F00EF800244FF6FF70184DADF80040E8
:101DE0000190ADF80840ADF802406946284602F07F
:101DF000C1FF00231A460321284602F0DCFD05A896
:101E000002F05CFEADF81C4005A9284602F000FE79
:101E10000121284602F0B4FD01221146284602F0B5
:101E200055FE0021284602F07BFF0121284602F0E2
:101E3000ADFD09B030BD000000000240000C0040C4
:101E4000F0B5002201274FF0030C0B6807FA02F5EA
:101E50002B40AB422CD1066853000CFA03F4A64386
:101E600006600E79D0F800E09E4046EA0E06066055
:101E70000E79012E01D0022E12D18668A64386600B
:101E80004E79D0F808E09E4046EA0E068660466825
:101E9000AE43466045688E799640B6B2354345609C
:101EA000C568A543C560CC799C40C3681C43C46029
:101EB000521C102AC9D3F0BD4B07DB0E9A40C9084B
:101EC00010B500EB8100016A0F249C40A143016220
:101ED000016A1143016210BD0183704710B50A4CBD
:101EE0000146072301222046FEF7E6FC2046FEF7C6
:101EF0001DFD02212046FEF7B2FC0028F9D0204645
:101F0000BDE81040FEF7A8BC0020014010B50A4C07
:101F10000146072301222046FEF7CEFC2046FEF7AD
:101F200005FD02212046FEF79AFC0028F9D0204644
:101F3000BDE81040FEF790BC00210140F0B46448B9
:101F40006449027864480E780578644804789FED07
:101F5000641A644BDFED642ADFED641A644F9FED71
:101F6000652A654897ED000A6449F1EE400A52B1CE
:101F7000012A08D0092C66D2DFE804F065434649FF
:101F80004E5156596200092C24D2DFE804F0230593
:101F9000080B1013181B200080ED000A0CE080EDE8
:101FA000000A01E080ED001AC3ED000A53E0C0ED25
:101FB000000AF9E7C0ED000A83ED001A4BE0C0ED1E
:101FC000000A01E080ED001A83ED000A43E080ED95
:101FD000000AF9E780ED001A83ED001A012E04D003
:101FE000012D07D081ED001A35E0C0EE220A60EE27
:101FF000820A03E0C0EE220A60EEA10AC1ED000AE7
:1020000029E080ED000A0CE080ED000A01E080ED9F
:10201000001AC1ED001A0EE0C0ED000AF9E7C0EDAC
:10202000000A81ED001A06E0C0ED000A01E080ED33
:10203000001A81ED002A012E08D0012D09D00AE0F6
:1020400080ED000AF5E780ED001AEAE781ED002A4D
:1020500001E0C1ED001A022A06D0032A11D0052A98
:102060000FD0042A0DD01FE091ED000AF0EE000A17
:1020700020EE200AF2EE020A80EE201A81ED001A0C
:1020800012E0D0ED000AF5EEC00AF1EE10FAD1ED43
:10209000000A03D2F1EE600AC1ED000A20EE800AC8
:1020A000C0EE220AC1ED000AD0ED000A9FED141A1D
:1020B00080EE810A80ED000AD3ED001AC1EE810A9C
:1020C000C3ED000A91ED001AF0BCFFF7BDBA0000A5
:1020D00045010020BE010020BF0100205801002062
:1020E00000000000A00100200000FA43DB0FC9BF80
:1020F00048010020DB0FC93F9C010020A401002003
:1021000000007A4410B502202DED048B01F020FC74
:10211000394C2060032001F01BFC6060042001F0BA
:1021200017FCA060052001F013FC3449E060097839
:1021300006291BD2DFE801F04903505049502168BD
:10214000494200EE101A6168F8EEC09A494200EE6A
:10215000101AA168B8EEC09A494200EE101A404227
:10216000F8EEC08A00EE100AB8EEC08A9FED241A7D
:10217000244869EE810A90ED000A234860EE801A37
:10218000D0ED000A214881EEA02A69EE011A61EE25
:10219000801A80ED002A81EEA02A68EE811A1C4880
:1021A00028EE011A61EE801A21EE000A80EE201A54
:1021B00080ED002A174881EEA02A80ED002A1648FB
:1021C00080ED001ABDEC048B10BD94ED000AF8EE12
:1021D000C09A94ED010ABCE794ED000A6168F8EE3C
:1021E000C09A494200EE101AB8EEC09A94ED020A65
:1021F000F8EEC08AB6E70000F45A0020450100203E
:102200000000C842AC010020A8010020705A002044
:10221000845A0020985A0020AC5A00202DE9F04141
:1022200000250E4607462C4608E03846FFF756FEC6
:102230000544052005F0E0F8641CE4B2B442F4D390
:10224000B5FBF6F080B2BDE8F081000010B50820C3
:10225000FFF75CFE08F044FF9FED0E1B53EC112BC3
:1022600008F08EFF9FED0D1B53EC112B08F088FF3B
:102270009FED0C1B53EC112B08F082FF9FED0B1B05
:1022800053EC112B08F07CFF08F09EFC00EE100AC6
:1022900010BD00006666666666660A4000000000C3
:1022A000000026400000008014AEEF3F0000000058
:1022B0000000303FFEE7000070B50D4C0025C4F86B
:1022C000A8520C48016821F440010160016841F402
:1022D00080010160C4F8AC52012004F52A7405F0B5
:1022E000A7F80120206005F0A3F8256070BD00006C
:1022F00000804042000402401CB50121022001F090
:10230000A1FA4FF44060012400908DF804400020B1
:102310008DF8060003208DF805008DF8074069460A
:102320000448FFF78DFD0448C0F8A842C0F8AC424D
:102330001CBD0000000402400080404270B50D4CFE
:102340000026C4F8A8620C48016821F4400101602D
:10235000016841F4800101600125C4F8AC522846AF
:1023600004F52A7405F064F82560012005F060F892
:10237000266070BD00804042000402402DE9F04715
:10238000814618480025016821F440010160016878
:102390000160154E2C462F464FF00108C6F8A87272
:1023A000012005F045F8C6F8A8826806D6F82C1278
:1023B000000E11B140F0010501E020F001050120FF
:1023C00005F036F8641CE4B2082CE7D3B9F1000F2D
:1023D00004D0FFF7B3FF2846BDE8F087FFF76CFF96
:1023E000F9E70000000402400080404270B50D464D
:1023F000044600F01BF8204600F0B0F800F05EF84C
:10240000284600F0ABF800F059F800F00FF844F05F
:10241000010000F0A3F800F051F80120FFF7AEFF33
:10242000044600F02BF8204670BD000070B511483E
:10243000016821F440010160016841F480010160FC
:102440000D4C0120C4F8AC02D4F82C1200290FD096
:10245000C4F8A80204F0ECFF0025C4F8AC52D4F88C
:102460002C02002804D1012004F0E2FFC4F8A85295
:1024700070BD000000040240008040420D4810B5CD
:10248000016821F440010160016841F480010160AC
:10249000094C0020C4F8A802C4F8AC02012004F5DD
:1024A0002A7404F0C5FF012020606060BDE8104080
:1024B00004F0BEBF000402400080404270B51248E4
:1024C0000024016821F440010160016801600F4DA2
:1024D0000126C5F8AC62304604F0AAFFC5F8A86230
:1024E00007E0641CE4B2322C03D9FFF7C7FF0020D9
:1024F00070BD012004F09CFFD5F82C020028F0D11B
:10250000C5F8A802012070BD0004024000804042CE
:102510002DE9F0411D4614460F468046069EFFF702
:1025200065FF621CFF21C4F1080301FA02F22B448B
:102530005B1ED9400A43C5F108018E40D2B2F1B208
:10254000C4F10703D940104040EA01023946404631
:1025500000F034F80120BDE8F08100002DE9F041E1
:1025600005461448016821F440010160016841F406
:1025700080010160104E0027C6F8A8723C464FF05B
:102580000108E809C6F8AC026806050E012004F04F
:102590004FFFC6F8A882012004F04AFFC6F8A872CF
:1025A000012004F045FF641CE4B2082CE9D3BDE827
:1025B000F0810000000402400080404270B51546E2
:1025C0000E460446FFF732FF2046FFF7C7FFFFF72E
:1025D00075FF3046FFF7C2FFFFF770FF2846FFF791
:1025E000BDFFFFF76BFFFFF749FF012070BD000043
:1025F000174830EEC00A1749D0ED060A174A91ED88
:10260000001A70EE600A144960EE810A91ED001A1A
:1026100041EE000A90ED051A70EE810A10EE901A54
:10262000C0ED050A914203DDDFED0D0AC0ED050A9C
:1026300010EE901A0B4A914203D9DFED0B0AC0ED60
:10264000050A80ED060ABDEEE00A10EE100A70479A
:10265000E00100204C01002050010020007882465B
:1026600000788246007882C6007882C6174830EE2D
:10267000C00A1749D0ED090A174A91ED001A70EE09
:10268000600A144960EE810A91ED001A41EE000AD9
:1026900090ED081A70EE810A10EE901AC0ED080A4B
:1026A000914203DDDFED0D0AC0ED080A10EE901A2D
:1026B0000B4A914203D9DFED0B0AC0ED080A80ED09
:1026C000090ABDEEE00A10EE100A7047E001002092
:1026D0004C0100205001002000788246007882469C
:1026E000007882C6007882C6174830EEC00A1749C3
:1026F000D0ED0C0A174A91ED001A70EE600A1449E9
:1027000060EE810A91ED001A41EE000A90ED0B1A7D
:1027100070EE810A10EE901AC0ED0B0A914203DDB3
:10272000DFED0D0AC0ED0B0A10EE901A0B4A914234
:1027300003D9DFED0B0AC0ED0B0A80ED0C0ABDEEEC
:10274000E00A10EE100A7047E00100204C01002062
:10275000500100200078824600788246007882C6C8
:10276000007882C6174830EEC00A1749D0ED0F0A2C
:10277000174A91ED001A70EE600A144960EE810A62
:1027800091ED001A41EE000A90ED0E1A70EE810AEA
:1027900010EE901AC0ED0E0A914203DDDFED0D0A36
:1027A000C0ED0E0A10EE901A0B4A914203D9DFEDEC
:1027B0000B0AC0ED0E0A80ED0F0ABDEEE00A10EE26
:1027C000100A7047E00100204C0100205001002059
:1027D0000078824600788246007882C6007882C6F9
:1027E0001CB50121102001F02DF800218DF80410F6
:1027F000032101208DF8051000908DF8070069462F
:102800000148FFF71DFB1CBD001002402DE9F05FE1
:10281000322004F023FC404D0446DFF800B1286864
:102820003F4E404F4FF000084FF496794FF4FA7A3C
:1028300001282ED1012C41D19BF80000401CC0B2D0
:102840008BF80000152837D1374AC5F8008040467C
:10285000C2F8A082354A8BF800801E21C2F8009091
:10286000334AC2F800A0C6F814A0C6F810A0C6F8F3
:102870000CA0C6F808A0C6F804A0C6F800A0C7E9D6
:102880000408F860B860786038600122294802F0D6
:102890001DF9286810B1012810D011E0022C0FD1C9
:1028A000264925480A68026089888180254924488C
:1028B0000A68026089888180BDE8F09F022C04D0FC
:1028C000032CF9D101202860F6E71749C5F80080EC
:1028D0004046C1F8A082154A8BF80080C2F80090EB
:1028E000134AC2F800A0C6F814A0C6F810A0C6F893
:1028F0000CA0C6F808A0C6F804A0C6F800A0C7E956
:102900000408F860B86078603860BDE8F05F0122C4
:102910001E21084802F0DAB85C010020680100209E
:10292000740100204C5A0020000040426C0100203D
:1029300070010020000401404C02002052020020DF
:10294000580200205E0200207CB50121084600F0FC
:1029500079FF01208DF8040000228DF80620032164
:102960008DF80510074D4FF480548DF80700009442
:1029700069462846FFF764FA21462846FFF7ACFA75
:102980007CBD00000000024000EE900A41421E4A59
:10299000B8EEE01A00EE901A00B592ED010AF8EEDA
:1029A000E00A06F0A0FD00EE900A82ED010A174A47
:1029B000B8EEE01A00EE901A92ED010AF8EEE00A85
:1029C00006F091FD00EE900A82ED010A104AB8EE81
:1029D000E01A00EE901A92ED010AF8EEE00A06F015
:1029E00082FD00EE900A82ED010A0A4AB8EEE01A72
:1029F00000EE901A92ED010AF8EEE00A06F073FD7F
:102A000082ED010A00BD0000705A0020845A0020A7
:102A1000985A0020AC5A0020BC2801D3012210E0B3
:102A2000622801D302220CE02A2801D3032208E005
:102A3000142801D3042204E00A2801D3052200E06F
:102A400006221A21D020FFF7B9BD10B504464FF475
:102A50007A70844201D9044602E0042C00D2042496
:102A6000B0FBF4F0401EC2B21921D020FFF7A6FD42
:102A70006008BDE81040FFF7CFBF10B580226B2182
:102A8000D020FFF79BFDC82004F0B6FC00226B218C
:102A9000D020FFF793FD012000F03AF8002000F06D
:102AA0002EF83220FFF7D1FF00223821D020FFF787
:102AB00085FD00226A21D020FFF780FD002223211E
:102AC000D020FFF77BFD80223721D020FFF776FD55
:102AD0007521D020FFF78AFC682801D0012010BDA5
:102AE00001226B21D020FFF769FD00226C21D0204C
:102AF000FFF764FD3220FFF7A8FF002010BD08B5E6
:102B00000223009004221C21D020FFF701FD08BD04
:102B100008B50223009004221B21D020FFF7F8FC07
:102B200008BD000008B504F0BDFC0D4C4FF47A75EB
:102B300000900A21684607F039F82068A8420ADAAE
:102B4000401C2060606820612089A082D4F80A00BF
:102B5000E061E089208400F049F800F003F8E8E73C
:102B60003C02002070B53C21D020FFF73FFC04461A
:102B70003B21D020FFF73AFC04EB00201A4C3E2109
:102B80002080D020FFF732FC05463D21D020FFF702
:102B90002DFC05EB002060804021D020FFF726FCB3
:102BA00005463F21D020FFF721FC05EB002000B2B5
:102BB000A4F10A01A0800968B1F57A7F12DB04F163
:102BC00018032188198062885A8098809B1F1D886D
:102BD000491B21805988511A61809988401A00F553
:102BE0008040A08070BD00004602002070B54421E6
:102BF000D020FFF7FBFB04464321D020FFF7F6FB74
:102C000004EB00201F4C46212080D020FFF7EEFB74
:102C100005464521D020FFF7E9FB05EB0020608049
:102C20004821D020FFF7E2FB05464721D020FFF7DF
:102C3000DDFB05EB002000B2211FA08009684FF4E6
:102C40007A75114A114BA94203DA012018601070FD
:102C500070BDA94201D1002111704FF49671196025
:102C6000084B21881233198062885A8098809B1FF4
:102C70001D88491B21805988511A61809988401A02
:102C8000A08070BD400200204401002034000020DC
:102C9000FEE7704730B50F23C27801780125FAB1FD
:102CA000144A126801F1E02102F4E062C2F5E06228
:102CB000C2F30722C2F10404D3404278A2408478D0
:102CC0001C401443220181F80024007800F01F0109
:102CD0008D404009800000F1E020C0F8005130BD77
:102CE00001F01F0085404809800000F1E020C0F895
:102CF000805130BD0CED00E00249084302490860F4
:102D0000704700000000FA050CED00E010B400214F
:102D1000084B0A46002003EBC004401CC0B26254BA
:102D20008028F8D3491CC9B20829F3D310BC00F09D
:102D3000D1B800006402002010B57F2816D83F29C2
:102D400014D80723A3EBD10301F00701C1F1070455
:102D50000121A140064CDBB204EBC000002AC25C9A
:102D6000C9B201D00A4300E08A43C25410BD00003A
:102D700064020020F0B516460D4607460024FFF712
:102D8000DBFF324629463846FFF7D6FF2819C1B285
:102D900032463846FFF7D0FF641CE4B2082CF5D366
:102DA000F0BD00007CB50121082000F04BFD01269C
:102DB0008DF8046000244FF4F0408DF80640009038
:102DC0008DF805408DF8074069464048FFF738F810
:102DD0000121080700F042FD012000F02DFD002038
:102DE00000F0A8FD002000F027FD394DC5F8B042E5
:102DF000642005F52C7504F0FFFA2E600021AE204A
:102E000000F012FA0021D52000F00EFA0021502027
:102E100000F00AFA0021A82000F006FA00213F2065
:102E200000F002FA0021D32000F0FEF9002108464C
:102E300000F0FAF90021402000F0F6F900218D2081
:102E400000F0F2F90021142000F0EEF9002120201A
:102E500000F0EAF90021022000F0E6F90021A120AB
:102E600000F0E2F90021C02000F0DEF90021DA20B4
:102E700000F0DAF90021122000F0D6F900218120BB
:102E800000F0D2F90021EF2000F0CEF90021D92086
:102E900000F0CAF90021F12000F0C6F90021DB2082
:102EA00000F0C2F90021302000F0BEF90021A4207A
:102EB00000F0BAF90021A62000F0B6F90021AF20F9
:102EC00000F0B2F9FFF722FF7CBD0000000C0240C9
:102ED0000080414270B5104E002505F1B000C0B22F
:102EE000002100F0A1F90021084600F09DF9002121
:102EF000102000F099F9002406EBC4000121405D88
:102F000000F092F9641CE4B2802CF5D36D1CEDB294
:102F1000082DE2D370BD00006402002070B5154694
:102F20000E4604460CE02A463146204600F0A8F83A
:102F30001034E4B2702C02D900241036F6B2AD1C65
:102F400028780028EFD170BD70B515460E460446AE
:102F50000CE02A463146204600F04EF80C34E4B22C
:102F6000742C02D900240C36F6B2AD1C2878002847
:102F7000EFD170BD2DE9F04F203A98460D468346BB
:102F8000894602F0FF0A00262EE0B8F10C0F08D0A7
:102F9000174901EB0A100027845D200607D5099A1E
:102FA00008E014490AEB4A0001EB8000F3E70998B6
:102FB00090B1002229465846FFF7BEFE6D1C600600
:102FC000EDB2040EA5EB0901414507D10BF101005B
:102FD0004D4600F0FF0B05E00122EBE77F1CFFB23E
:102FE000082FDAD3761CF6B24645CED3BDE8F08F73
:102FF000C6BD000852B900082DE9F74F172514780F
:103000001E4B8B46002000EB800101EBC00113F842
:103010001160A6422DD103EB4109567899F80110B1
:10302000B14226D100254FF0800A09EB0500009936
:1030300090F8028005F0010000240BEB550701EB2E
:10304000C0062AFA04F010EA080F06EB0400F9B2F1
:10305000C0B201D0012200E00022FFF76DFE641C27
:10306000E4B2082CEDD36D1CEDB2182DDDD3BDE814
:10307000FE8F401CC0B2A842C5D3F8E720D100089B
:103080002DE9F74F652514781D4B8B46002000EB8A
:10309000001113F81160A6422DD103EB41095678B7
:1030A00099F80110B14226D100254FF0800A09EBB2
:1030B0000500009990F8028005F0010000240BEB58
:1030C000550701EBC0062AFA04F010EA080F06EBD8
:1030D0000400F9B2C0B201D0012200E00022FFF7E3
:1030E0002BFE641CE4B2082CEDD36D1CEDB2202D38
:1030F000DDD3BDE8FE8F401CC0B2A842C7D3F8E7BD
:10310000B6C300082DE9FF4F81B00027DDF838B0C5
:103110001D46924680463C464FF001094FEA5B0649
:1031200027E0281B401EC1B20A2004F0F5F9BAFBC3
:10313000F0F00A21B0FBF1F201FB120027B9691E81
:103140008C4201DA48B101273030C2B206FB04805C
:10315000C0B25B46CDF8009006E006FB0480C0B22A
:103160005B462022CDF800900299FFF703FF641C14
:10317000E4B2AC42D5D305B0BDE8F08FF8B5164641
:103180000D460446012714E07A2C02D9002410359C
:10319000EDB23A2D03D900242546FFF7B7FD00977D
:1031A00032780C2329462046FFF7E4FE0834E4B2C7
:1031B000761C30780028E7D1F8BDF8B516460D46E4
:1031C0000446012714E07A2C02D900241035EDB210
:1031D0003A2D03D900242546FFF798FD0097327851
:1031E000102329462046FFF7C5FE0834E4B2761CBA
:1031F00030780028E7D1F8BD30B50A4D00242868A2
:10320000C11700EB1170B4EB201F01DA012200E0BE
:10321000002200212046FFF7ADFD641CE4B2802CA3
:10322000EDD330BDD801002030B500230E4A012473
:1032300011B1C2F8AC4201E0C2F8AC320021C2F8D0
:10324000B832050602D5C2F8B44201E0C2F8B43281
:10325000C2F8B8424006491C000EC9B20829EED394
:10326000C2F8AC4230BD0000008041420020044A58
:1032700001461154401CC0B20928FAD3704700001F
:10328000640600202DE9F84301250746ADF80050FB
:103290001B4800264670ADF800501A4C80464FF689
:1032A000FF7924E0BDF80000384202D0C4F8B052E3
:1032B00001E0C4F8B062C4F8A052052004F0B8F8E8
:1032C000C4F8A062052004F0B3F8C4F8A052D4F802
:1032D0003C0230B198F80110BDF80020114388F885
:1032E0000110BDF8001009EA4100ADF80000BDF87A
:1032F0000000FF28D6D9BDE8F843102004F098B8A4
:10330000640600200000424270B5FFF7AFFF00F0F6
:1033100013F90B480B4AB0F803400A4808324480BE
:103320000020012512F8103000F101005B1E05FAA3
:1033300003F12142C0B202D01028F3D3002070BDA7
:10334000640600203C00002010B5154C0020C4F895
:10335000A802102004F52A7404F06AF80120FFF78F
:1033600091FF4320FFF78EFF0020FFF78BFF012026
:10337000FFF788FF0020FFF785FF0020FFF782FF9F
:103380000020FFF77FFF0020FFF77CFF0020FFF702
:1033900079FF01202060BDE81040102004F048B8FB
:1033A0000000424210B5154C0020C4F8A8021020BD
:1033B00004F52A7404F03CF80120FFF763FF432072
:1033C000FFF760FF0020FFF75DFF0020FFF75AFFC7
:1033D0005A20FFF757FF5A20FFF754FF5A20FFF7F4
:1033E00051FF5A20FFF74EFF5A20FFF74BFF0120F5
:1033F0002060BDE81040102004F01AB800004242DE
:103400007CB50121102000F01DFA4FF4004000248B
:1034100000908DF8044003208DF805000C4E022525
:103420008DF8075069463046FEF70AFD01218DF8F8
:1034300004108DF806404FF4A8508DF80550009008
:103440008DF8071069463046FEF7FAFC7CBD000097
:103450000010024010B5FFF757FF00EE100A274892
:103460002C4BB8EE400A012280ED000A2448C179B5
:1034700000EE901A2349F8EE600AC1ED000A017AC5
:1034800000EE901A2049F8EE600AC1ED000A417979
:1034900001EE101A1D49B8EE411A81ED001A80792B
:1034A00010EE101A01EE100A1948B1F1814FB8EE72
:1034B000411A80ED001A184801D10178E1B159682C
:1034C000002918D010EE901A144B994213DA0178A3
:1034D000002910D112490968B1F57A7F0BDB114937
:1034E00002700020087010490870104908701049D7
:1034F00008701049087010BD5A60E3E7D40100203D
:1035000064060020C4010020C8010020CC01002076
:10351000D00100203C000020540100200000EC42BB
:103520003C020020560100205501002057010020D8
:10353000BC010020BD0100202DE9FC4100268DF8D2
:1035400000600125ADF80450224CC4F8A862224F57
:103550003878FFF797FE7878FFF794FE02208DF811
:1035600000001E4F4FF6FF782CE0ADF804501DE030
:10357000C4F8A052052003F05BFFC4F8A062052048
:1035800003F056FFC4F8A052D4F83C0240B19DF8B5
:103590000000BDF80410385C08439DF80010785412
:1035A000BDF8041008EA4100ADF80400BDF80400BD
:1035B000FF28DDD9102003F03BFF9DF80000401CE0
:1035C0008DF800009DF800000928CED3C4F8A85259
:1035D000BDE8FC81000042423C000020640600205F
:1035E00010B500F00DF800F00BF800F009F8FFF747
:1035F000ABFE00F027F8BDE81040FFF7D3BE000097
:1036000010B50F4C0020C4F8A802102004F52A744D
:1036100003F00EFF0120FFF735FE4220FFF732FED8
:103620000020FFF72FFE0020FFF72CFE0020FFF701
:1036300029FE01202060BDE81040102003F0F8BEF4
:103640000000424210B5144C0020C4F8A80201202A
:1036500004F52A74FFF716FE4420FFF713FE00203E
:10366000FFF710FE0120FFF70DFE0320FFF70AFE13
:103670000020FFF707FE0020FFF704FE0020FFF701
:1036800001FE0020FFF7FEFD01202060BDE8104094
:10369000102003F0CDBE000000004242554830B477
:1036A000D0ED000A9FED540A54486FF0130370EEFA
:1036B000600AFDEEE00A10EE901AD0ED000A5048C4
:1036C00070EE600AFDEEE00A10EE902AD0ED000ADE
:1036D0009A4230EE600ABDEEC00A10EE100A02DD1A
:1036E000142A00DA0022994202DD142900DA0021AE
:1036F000984202DD142800DA0020424B434C424D30
:103700001B6894ED000AF1EE040AAB4202D130EEE0
:10371000200A04E03E4DAB4203D130EE600A84ED56
:10372000000AB5EEC00AF1EE10FA03D29FED390A95
:1037300084ED000A00EE102A01EE901AD4ED000A82
:10374000B8EEC00A02EE100AF8EEE11ADFED352AF3
:10375000B8EEC22A20EE201A9FED2F0A61EEA01AC1
:1037600022EE222A21EE001A2C4A61EE801A2C4BFE
:1037700022EE000A2C4982ED001A2C48C3ED001AF3
:1037800081ED000A00789FED2A2AF0B101281CD0B3
:10379000022806D003280FD005280DD004280BD00E
:1037A00019E0F0EE000A20EE200AF2EE020A80EEA6
:1037B000202A81ED002A0EE0B5EEC01AF1EE10FAD3
:1037C00003D2B1EE400A81ED000A20EE200AC0EEDD
:1037D000020AC1ED000A9FED172A81EE020AC1EE2E
:1037E000820A82ED000AC3ED000A91ED001A30BC96
:1037F000FDF72ABFC401002000000043C8010020DB
:10380000CC010020D40100200000304148010020FC
:1038100000001041000000000000003C9C0100205E
:10382000A0010020DB0FC93FA401002045010020BA
:103830000000FA4300007A44014908627047000022
:1038400000000E42044A0029116801D0014300E043
:10385000814311607047000030380240044A00295B
:10386000116801D0014300E08143116070470000FE
:1038700040380240044A0029116801D0014300E0A9
:10388000814311607047000044380240044A002917
:10389000116801D0014300E08143116070470000CE
:1038A0002438024070B5204B1968204C11F00C01EF
:1038B00004D06610042903D0082903D004601BE05B
:1038C000066019E0184A121F1168C1F3805511688B
:1038D00001F03F0115B1B6FBF1F101E0B4FBF1F1EC
:1038E00014681268C4F388146143C2F30142521C85
:1038F0005200B1FBF2F1016019680F2202EA1111C6
:103900000B4A545C0168E14041601C68072505EAE8
:103910009424145D21FA04F484601B6805EA53338F
:10392000D25CD140C16070BD083802400024F40070
:10393000C0000020054900220A700A70012802D048
:10394000042801D10520087070470000703802403B
:103950000021022807D003280BD004280BD005280B
:103960000BD0002070474FF08042506A516200B285
:103970007047044A02E0044A00E0044A10681160FB
:1039800000B270472404004024080040240C00408A
:103990002DE9F0414FF4FA66614B77103246394613
:1039A000186805F0B0FD5F4D18603246394628684A
:1039B00005F0A9FD5C4C286032463946206805F0C8
:1039C000A2FD3246594E20603946306805F09BFD15
:1039D00030602A6821681B686FF06304A2F2DC5231
:1039E000A0F2DC50A1F2DC51A3F2DC53A24202DDD2
:1039F000642A00DA0022A04202DD642800DA0020F6
:103A0000A14202DD642900DA0021A34202DD642B19
:103A100000DA002300EE101A454CB8EEC00AD4EDCF
:103A2000000A30EE800ABDEEC00A10EE101A00291E
:103A300000DA00214FF4FA754A4392FBF5F2404256
:103A4000484390FBF5F000EE102ADFED3C1A394CAC
:103A5000F8EEC00A00EE100A5842374DB8EEC01A10
:103A600000EE100A374AC4ED000AB8EEC00A364824
:103A700085ED001A20EE212ADFED311A82EE210AAF
:103A800082ED000A007850B1012808D002280DD03C
:103A9000032812D0052810D004280ED022E002EE10
:103AA000101AB8EEC22A20EE020A17E0F0EE001A51
:103AB00020EE210AF2EE021A10E0F5EEC00AF1EE55
:103AC00010FA03D2B1EE400A82ED000AB0EE402AAD
:103AD00000EE101AB8EEC00A22EE000A80EE212A8B
:103AE00082ED002A9FED190A1949C0EE801AC1EE35
:103AF000000AC4ED001AC5ED000A087838B19FED40
:103B0000150A401E84ED000A82ED000A087092ED4D
:103B1000001A94ED000ABDE8F041FDF795BD0000E4
:103B2000780000207C00002080000020840000201D
:103B3000480100209C010020A0010020DB0FC93FAC
:103B40000000FA43A40100204501002000007A444F
:103B5000E00100200000000010B551EC100B2DED2D
:103B6000068BB0EE439AF0EE629AB0EE42AAF0EE07
:103B7000618AB0EE418A07F027F8BDEECA0A1549FE
:103B800010EE102ABDEEE90A086081ED018A10EE00
:103B9000103AC1ED058AC1E9022381ED049A99002A
:103BA000514300EE101A0C49B8EEC00A81ED000A2C
:103BB0009FED0A0A0A4929EE000A81ED000A094927
:103BC0000860094880ED008A0848C0ED008ABDEC15
:103BD000068B10BD045B0020A8010020DB0F4940CC
:103BE000AC010020B0010020B4010020B801002089
:103BF00070B5394C4FF4AD700A2120600920FEF7F2
:103C00000DFB2168354C90FBF1F0C0B22070052807
:103C100001D905202070C0B2DFED312A9FED311AA5
:103C20009FED313A062819D2DFE800F0030E252E69
:103C3000353EF0EE411A9FED2D3AB3EE0E2A9FED80
:103C40002C1A9FED2C0B07E09FED2C3AB3EE0E2AB9
:103C5000DFED2B1A9FED2B0BFFF77EFF257804225B
:103C600008242A482A490723062D30D2DFE805F028
:103C7000252830302C30F0EE411AB3EE0E2A9FED9D
:103C8000251A9FED250BE7E7B3EE0E2AF0EE411A59
:103C90009FED230BE0E7F0EE411AB3EE0E2A9FED05
:103CA000221A9FED220BD7E79FED223AB3EE0E2AA0
:103CB000F0EE411A9FED200BCEE704600E2005E0E8
:103CC000062202600A2001E004600B20086070BD3B
:103CD00002600B6070BD00009401002045010020CF
:103CE0000000FA4300000000B81E853D9A99993DF6
:103CF0007B14AE3D022B8716D9CEB73F8FC2753DE0
:103D0000643BDF3D00000000000000006001002077
:103D100064010020BC74133E000000806ABCC43FF4
:103D2000000000A0EFA7C63FE926313E000000C01A
:103D30009DEFC73FC520303D000000E07A14CE3F24
:103D40000CB50022274900920192086840F48030A7
:103D500008604FF4A043086800F400300190009818
:103D6000401C0090019810B900989842F3D108685F
:103D7000800334D5012001901A484030026842F097
:103D8000805202601848026842F4404202601548BE
:103D9000083002680260026842F400420260026871
:103DA00042F4A0520260031F104A1A600A6842F0EF
:103DB00080720A600A689201FCD50D4940F20572D2
:103DC0000A60016821F003010160016841F002010D
:103DD00001600168C1F381010229FAD10CBD019291
:103DE0000CBD00000038024000700040085440073D
:103DF000003C0240F0B5174E174F059D44F29F144A
:103E0000002803DA34602044386002E03C60201A65
:103E100030601248002903DA44632144816302E0E0
:103E20008463611A41630E48002A03DA846311191E
:103E3000416302E04463A11A8163002B03DA046446
:103E40001919C16302E0C463E11A01640548056001
:103E5000F0BD0000344401403448014000400140BE
:103E6000000001403818004000B5B0EE412AF0EEE5
:103E7000602AB0EE401A9FED490A4948D0ED001A79
:103E8000DFED480AB5EEC01AF1EE10FA02DD71EE70
:103E9000801A0EE0B5EEC01AF1EE10FA02D271EE01
:103EA000C01A06E0B5EEC01AF1EE10FA03D161EEC9
:103EB000A01AC0ED001A3A49F5EEC02AD1ED011A58
:103EC000F1EE10FA02DD71EE801A0EE0F5EEC02A76
:103ED000F1EE10FA02D271EEC01A06E0F5EEC02A39
:103EE000F1EE10FA03D161EEA01AC0ED011A2C49CF
:103EF000B5EEC02AD1ED021AF1EE10FA02DD31EE74
:103F0000800A0EE0B5EEC02AF1EE10FA02D231EED0
:103F1000C00A06E0B5EEC02AF1EE10FA03D121EE98
:103F2000A00A80ED020AB0EE410A03F0A7FAF0EE13
:103F3000400AB0EE410A03F0A1FAF1EE401AB0EEE9
:103F4000601A90ED000AF0EE610A05F0CCFA80EDFF
:103F5000000AB0EE620A03F091FAB0EE401AB0EE39
:103F6000620A03F08BFAF1EE400A90ED010A05F0C7
:103F7000BAFA80ED010AB0EE420A03F07FFAB0EE21
:103F8000401AB0EE420A03F079FAF1EE400A90EDE1
:103F9000020A05F0A8FA80ED020A00BD0AD7233C08
:103FA000645A00206666663F4FF0E02104280869E5
:103FB00003D020F004000861704740F00400FAE7E5
:103FC00010B506F099FB012803D0BDE8104006F0BB
:103FD00087B810BD124810B5016841F47001016046
:103FE0001048016841F0010101600E4A00210832C9
:103FF000116002680C4B1A400260031D0B4A1A60E4
:10400000026822F48022026006480C300160FFF74B
:1040100097FE03494FF000608039086010BD000032
:1040200088ED00E000380240FFFFF6FE103000246B
:1040300070B5048C24F001040484058B048C4FF6C5
:10404000FF7606EA0313134325F0F3052B4324F010
:104050000A020A4342F001010383018470BDF0B5F6
:10406000048C24F010040484078B068C4FF6FF7434
:1040700004EA011527F4734704EA0331394304EADB
:1040800002220A4326F0A001294341F010010283D5
:104090000184F0BD2DE9F041884607468AB0012130
:1040A0000220FFF7CFFB01214804FFF7E3FB1F4E7F
:1040B000032208213046FDF7FFFE02208DF80400A0
:1040C0000024C0018DF80640012500908DF80750AE
:1040D00003208DF8050069463046FDF7B1FE144E09
:1040E000ADF808800397ADF81040ADF80A4002A97A
:1040F000304600F03FFE6020ADF81400ADF81650D9
:10410000ADF8204005A9304600F0E8FC0821304613
:1041100000F01AFD0121304600F028FC0121304654
:1041200000F034FC0AB0BDE8F08100000004024059
:10413000004401402DE9F041884607468AB001213C
:104140000220FFF77FFB01218804FFF793FB214E3C
:10415000032209213046FDF7AFFE02208DF804004E
:10416000002400028DF80640012500908DF80750CC
:1041700003208DF8050069463046FDF761FE164EB6
:10418000ADF808800397ADF81040ADF80A4002A9D9
:10419000304600F0EFFD6020ADF81400ADF8165089
:1041A000ADF8204005A9304600F098FC08213046C3
:1041B00000F0CAFC0121304600F0F2FB012130463C
:1041C00000F0D4FB0121304600F0E0FB0AB0BDE86E
:1041D000F081000000040240004801402DE9F04158
:1041E000884606468AB001214020FFF737FB0121AF
:1041F0000220FFF727FB02208DF818004FF4404003
:10420000059003208DF819000024264F8DF81A40E0
:1042100001258DF81B5005A93846FDF711FE09222E
:104220000E213846FDF748FE09220F213846FDF7DA
:1042300043FE08961C4EADF81C80ADF82440ADF846
:104240001E4007A9304600F095FD6020ADF8000043
:10425000ADF802500294ADF80C40ADF8104069463C
:10426000304600F03BFC6946304600F073FC082104
:10427000304600F069FC0821304600F0B5FC012111
:10428000304600F08DFB0121304600F07FFB0649EF
:1042900040F2DC5038310860091F08600AB0BDE800
:1042A000F081000000040240001800402DE9F041B8
:1042B0008846074601218AB00846FFF7DBFA01214C
:1042C0001020FFF7BFFA354E012209213046FDF7D5
:1042D000F3FD01220B213046FDF7EEFD01220D21F9
:1042E0003046FDF7E9FD01220E213046FDF7E4FDE1
:1042F0004FF4D440059002208DF8180003208DF86B
:10430000190000248DF81A4001258DF81B5005A9CD
:104310003046FDF795FD224EADF81C800897ADF8AC
:104320002450ADF81E4007A9304600F023FD602060
:10433000ADF80000ADF80250ADF80C4069463046CB
:1043400000F0CCFB6946304600F004FC694630467C
:1043500000F054FC6946304600F09EFC01213046D6
:1043600000F01EFB0821304600F0EEFB082130462D
:1043700000F03AFC0821304600F088FC0821304665
:1043800000F0C4FC0121304600F0F0FA0121304673
:1043900000F0FCFA0AB0BDE8F08100000010024015
:1043A000000001404FF08040018A018A21F00101A4
:1043B0000182704703480188018821F001010180D2
:1043C000704700001004004003480188018821F074
:1043D0000101018070470000100800400348018877
:1043E000018821F00101018070470000100C00409D
:1043F00003480188018821F0010101807047000015
:10440000101800402DE9F0478E4800248169B1F56D
:10441000C86F13DD8C490A7882B98C4A1268B2F5EC
:104420007A7F0BDB01220A7089490C7089490C7074
:1044300089490C7089490C7089490C708046007854
:10444000884D000642F20F764FF4FA772DD4022100
:10445000284600F0D1FA40B30221284600F093FA32
:1044600098F80000400628463DD500F0BDFA80B21D
:10447000A8F80600B8F804104246884201D25663F4
:1044800000E05463401A516B08445061516A401A6D
:1044900000D54042B84200DD51615069506288F851
:1044A00000400021284600F049FB98F80100000672
:1044B0003AD40421284600F09FFAA8B304212846E4
:1044C00000F061FA98F80100400628464AD500F04D
:1044D0008DFA80B2A8F80A00B8F80810424688425F
:1044E0000ED296630DE000F07FFA0146A8F80410A2
:1044F00098F8001041F0400188F800100221D1E73F
:104500009463401A916B08449061916A401A00D5F7
:104510004042B84200DD91619069906288F80140A4
:104520000021284600F056FB98F8020000063AD415
:104530000821284600F060FAA8B30821284600F0B8
:1045400022FA98F80200400628464BD500F050FAAF
:1045500080B2A8F80E00B8F80C10424688420ED27D
:10456000D6630DE000F042FA0146A8F8081098F86A
:10457000011041F0400188F801100221D1E7D46315
:10458000401AD16B0844D061D16A401A00D540422C
:10459000B84200DDD161D069D06288F802400021C4
:1045A000284600F069FB98F80300C146000647D48E
:1045B0001021284600F020FA002841D01021A846FA
:1045C000284600F0E0F999F803004D4640062BD547
:1045D000404600F00FFA80B26882298A88420ED2E3
:1045E0002E640DE000F004FA0146A8F80C1098F8CB
:1045F000021041F0400188F802100221D0E72C643B
:10460000401A296C08442862296B401A00D54042A0
:10461000B84200DD2962286A2863EC700021404618
:10462000BDE8F04700F068BB4446404600F0E2F9C0
:104630002882E878022140F04000E8702046EFE749
:10464000BDE8F08764000020560100203C020020F5
:10465000550100205401002057010020BC0100201A
:10466000BD010020000401402DE9F04188460546C7
:104670008AB001210220FFF7FDF801210420FFF795
:10468000E1F84FF47070022603908DF8106003205B
:104690008DF811000024414F8DF812408DF8136001
:1046A00003A93846FDF7CCFB032206213846FDF767
:1046B00003FC032207213846FDF7FEFB03220821F5
:1046C0003846FDF7F9FB032209213846FDF7F4FBD4
:1046D000334FADF814800695ADF81C40ADF8164088
:1046E00005A9384600F046FB01250F20ADF8004033
:1046F000ADF80450ADF80800ADF80240ADF8064042
:104700006946384600F084F90420ADF80000ADF8A1
:104710000450ADF80240ADF80640ADF808406946D7
:10472000384600F075F90820ADF80000ADF80450E7
:10473000ADF80240ADF80640ADF80840694638468D
:1047400000F066F90C20ADF80000ADF80450ADF8AB
:104750000240ADF80640ADF808406946384600F022
:1047600057F92E208DF820008DF821608DF82260F9
:104770008DF8235008A8FEF78DFA01221E21384635
:1047800000F0A4F90121384600F00AF90121384669
:1047900000F0FCF80AB0BDE8F0810000000802401B
:1047A000000401402DE9F041884606468AB0012107
:1047B0000220FFF75FF801210420FFF743F80220F1
:1047C0008DF818004FF47070059003208DF81900D3
:1047D0000024324F8DF81A4001258DF81B5005A991
:1047E0003846FDF72DFB032206213846FDF764FB12
:1047F000032207213846FDF75FFB032208213846D4
:10480000FDF75AFB032209213846FDF755FB0896B0
:10481000234EADF81C80ADF82440ADF81E4007A92A
:10482000304600F0A7FA6020ADF80000ADF8025065
:104830000294ADF80C40ADF810406946304600F0E7
:104840004DF96946304600F085F96946304600F07A
:10485000D5F96946304600F01FFA0821304600F0CD
:1048600073F90821304600F0BFF90821304600F006
:104870000DFA0821304600F049FA00221E21304688
:1048800000F024F90121304600F08AF80121304679
:1048900000F07CF80AB0BDE8F0810000000802409A
:1048A000000401400248018821F0010101807047A5
:1048B000100401402DE9F0438946804601218BB068
:1048C0000804FEF7D7FF01211020FEF7BBFF254F9C
:1048D000032205213846FDF7EFFA03220621384668
:1048E000FDF7EAFA02208DF8180003208DF8190070
:1048F000002460268DF81A40012505968DF81B507E
:1049000005A93846FDF79CFA174FADF81C90CDF875
:104910002080ADF82440ADF81E4007A9384600F0CD
:1049200029FAADF80060ADF80250ADF80C406946C8
:10493000384600F0D3F86946384600F00BF90821F4
:10494000384600F001F90821384600F04DF9012100
:10495000384600F00BF80121384600F017F80BB08C
:10496000BDE8F083001002400040014000290188AA
:1049700002D041F0800101E021F080010180704708
:10498000C94301827047C9430182704700290188E9
:1049900002D041F0010101E021F0010101807047E6
:1049A000002930F8441F02D041F4004101E0C1F376
:1049B0000E010180704770B50589048B068C25F0C7
:1049C00007050D434FF6FC410C4040F201110C432A
:1049D0004FF6FF7101EA031126F02206114331431D
:1049E00005810483018470BD406B7047806B704704
:1049F000C06B7047006C704702460020138A928992
:104A00000B4202EA010202D0002A00D001207047C6
:104A10002DE9F0410C460E884988A2882389054675
:104A200016B3042E28D0082E2E8C4FF6FF702BD0F4
:104A300026F480562E84AF8B2E8C00EA022200EAE8
:104A4000013127F473473A4300EA0330104326F458
:104A500020420A4342F48051A8832984E1882846F1
:104A6000BDE8F04100F07AB9FFF7E2FAE1882846A4
:104A7000BDE8F04100F056B9FFF7F1FAE1882846A9
:104A8000BDE8F04100F056B926F480762E84AF8B55
:104A90002E8C00EA012100EA0310104327F0F307EF
:104AA000384326F420620A4342F48071A8832984A3
:104AB000E1882846BDE8F04100F048B900210180B6
:104AC000418001228280C18001817047002A828951
:104AD00001D00A4300E08A438281704730B5028CDE
:104AE00022F001020284028C8388048B22F00202ED
:104AF00024F073050C882C438D8915434A882A437A
:104B00000C4DA84202D00C4DA8420DD122F0080550
:104B1000CA8923F440732A4322F004058A882A4371
:104B20000D8A1D434B8A2B4383800483896841632C
:104B3000028430BD0000014000040140028C22F0DC
:104B400002020A4302847047028B22F008020A43E1
:104B50000283704770B5028C22F010020284028C2E
:104B60008388048B0D8824F4E6464FF6FF7404EA2C
:104B7000052535438E8922F0200204EA06161643E5
:104B80004A8804EA02123243104EB04202D0104E5C
:104B9000B04215D122F08006CA8923F4406304EAAA
:104BA0000212324322F040068A8804EA021232439B
:104BB0000E8A04EA86061E434B8A04EA83033343C3
:104BC0008380058389688163028470BD0000014091
:104BD00000040140028C4FF6FF7322F0200203EA2A
:104BE0000111114301847047028B4FF6FF7322F4C9
:104BF000006203EA012111430183704770B5028C02
:104C000022F480720284028C8388848B0D8824F0C5
:104C1000730425438E894FF6FF7422F4007204EA70
:104C2000062616434A8804EA02223243104EB04256
:104C300002D0104EB04215D122F40066CA8923F486
:104C4000405304EA0222324322F480668A8804EA4E
:104C5000022232430E8A04EA06161E434B8A04EAF5
:104C600003133343838085838968C163028470BDE5
:104C70000000014000040140028C4FF6FF7322F453
:104C8000007203EA0121114301847047828B22F0F4
:104C900008020A438283704770B5028C22F4805266
:104CA0000284058C8288838B0C8823F4E6464FF6B9
:104CB000FF7303EA0424344325F400568D8903EA84
:104CC000053535434E8803EA06362E43084DA84283
:104CD00002D0084DA84205D122F480450A8A03EA91
:104CE00082122A438280848389680164068470BDAD
:104CF0000000014000040140028C4FF6FF7322F4D3
:104D0000005203EA0131114301847047828B4FF650
:104D1000FF7322F4006203EA01211143818370478B
:104D200041627047028B22F00C020283028B0A431D
:104D300002837047028B22F440620283028B4FF69B
:104D4000FF7303EA01210A4302837047828B22F03A
:104D50000C028283828B0A4382837047828B22F407
:104D600040628283828B4FF6FF7303EA01210A437C
:104D70008283704730B50288164C174DA0420DD083
:104D8000A8420BD0B0F1804F08D0144B984205D008
:104D9000134B984202D0134B984203D122F0700378
:104DA0004A881A43104B984206D0104B984203D0C1
:104DB00022F440730A891A4302804A68C2620A8850
:104DC0000285A04201D0A84201D1897A0186012141
:104DD000818230BD00000140000401400004004019
:104DE00000080040000C004000100040001400408B
:104DF0004FF0FF31416000210180018141808172CB
:104E0000704700000A2809DB0C48D0F80C0228B1D2
:104E10000B480078012801D000207047094A012082
:104E200000211160084A1160084A51639163084AE1
:104E3000916391631164D163704700000080414227
:104E40004401002034440140344801400040014006
:104E50000000014070B52F4C40F22551204600F073
:104E60001DFB00284ED0204600F0A6FBC1B22A4808
:104E70000068B0F57A7F45DB294A284C00259079F7
:104E80007B29215400D028B1401CC0B290710B285E
:104E900002D037E0957135E09571A07A7D2831D147
:104EA00000210920FCF7B2FB617A88422AD11D4813
:104EB00005701D4805701D4805701D4805701D488A
:104EC00005701D4805702179E07800F0D1FB1B4D7D
:104ED00085ED000AA179607900F0CAFB184880EDE1
:104EE000000A217AE07900F0C3FB1648164EF0EE76
:104EF000400A0078022807D0217AE07900F0B8FB58
:104F000086ED000A002070BD95ED000A00F05AFB06
:104F1000F6E7000000500040E4010020E006002019
:104F2000A800002054010020560100205501002057
:104F300057010020BD010020200200209C0100201C
:104F4000A001002045010020A401002070B5334DD0
:104F500040F22551284600F0A1FA002856D000243E
:104F60000126284600F028FBC1B22D480068B0F5A4
:104F70007A7F4BDB2C4B2B4D002218787B29295450
:104F800000D028B1401CC0B218700B2802D03DE000
:104F90001A703BE01A70A87A7D2837D10020295C6E
:104FA000401C4C400928FADB687AA04200D06EBB56
:104FB0001E48017849B9012101701D4802701D4841
:104FC00002701D4802701D4802701D480270297948
:104FD000E87800F04DFB1B4C84ED000AA979687954
:104FE00000F046FB184880ED000A297AE87900F0C5
:104FF0003FFB1648164EF0EE400A0078022807D014
:10500000297AE87900F034FB86ED000A002070BDB3
:1050100094ED000A00F0D6FAF6E700000010014017
:10502000E401002070060020A8000020BC01002040
:105030005501002054010020560100205701002096
:10504000200200209C010020A0010020450100203A
:10505000A401002000B5054B0022985C04F0CCFBB5
:10506000521CD2B2182AF8D300BD0000AE060020B0
:105070002DE9F04140F225512DED048B834800F0DD
:105080000DFA00280FD08148001D0088804909686A
:10509000B1F57A7F07DB7F494FF002080A680121EA
:1050A00012B1012A70D0EBE000247B4D412810D1D1
:1050B0002A79412A0DD1794A137853B9784B1C705B
:1050C000784B1C701170784A1470784A1470784AC2
:1050D0001470C3B2774A784FDFF8E0C1784E2B7175
:1050E0004B2808D0492808D04A2806D036782EB157
:1050F000012E0BD01EE031700CE03470A0F141069F
:10510000072E26D9082814DC137013E0432809D091
:1051100047280BD03C708CF80040412819D0452816
:1051200017D006E03C708CF8001002E039708CF863
:10513000004014709FED630A634A9FED649A644EC9
:1051400058280AD059280DD07B2817D07D281CD08C
:105150000EE0A0F140061670ECE7D6ED000A30EE46
:10516000800A03E0D6ED000A30EEC00A86ED000AA0
:105170006878012803D0022809D060E06970A87817
:105180001354401CA8705AE063E085F80180D07881
:10519000502806D05078232848D0A878E870904648
:1051A0002AE04C48017041E0A978081A05F081FF17
:1051B00041EC110B9FED480B00F00AFCEF78B0EECC
:1051C000408A08EB0700F0EE608A10F8010C3038D6
:1051D00005F06FFF53EC182B05F0D2FF41EC180BD4
:1051E000A86806F0C3FA53EC182B05F01FFD05F074
:1051F000EBFC7F1EA860EF70E8780428D4D298F802
:1052000001003038032811D2DFE800F002070B005C
:1052100095ED020A86ED000A08E095ED020A304895
:1052200002E095ED020A2F4880ED000A6C70AC7028
:10523000EC7085ED029A32212348FBF78EF996ED4A
:10524000000AB5EEC00AF1EE10FA19D286ED009A06
:1052500016E0254A412808D0432808D0452809D01F
:10526000472809D05A2809D00AE0117008E082F8CE
:10527000008005E0032002E0042000E0052010701B
:105280000020BDEC048BBDE8F0810000004400402C
:105290003C0200205C010020A800002055010020F5
:1052A000540100205601002057010020BC010020BD
:1052B000BD01002058010020BE010020BF010020D8
:1052C000C00100200000C8427B0600200000000052
:1052D00048010020C101002000000000000024401F
:1052E0004C010020500100208D01002070B5394C88
:1052F00040F22551204600F0D1F8002868D0204621
:1053000000F05AF93449C0B20968B1F57A7F5FDB21
:1053100032490024096811B101294DD058E0314AC1
:105320002F4D7B285179685400D029B1491CC8B24F
:1053300050710B2802D04BE0547149E05471A87AA7
:105340007D2845D100210920FCF760F9697A88425F
:105350003ED125480470254804702548047025482E
:105360000470254804702548047025480470297984
:10537000E87800F07DF9234C84ED000AA97968797A
:1053800000F076F9204880ED000A297AE87900F0EB
:105390006FF91E481E4EF0EE400A0078022806D033
:1053A000297AE87900F064F986ED000A10E094EDBE
:1053B000000A00F007F9F7E7174A164B232811787F
:1053C000585403D15C54154B01201870491C1170BE
:1053D000002070BD00480040E40100205C01002076
:1053E000E0060020A8000020540100205601002003
:1053F0005501002057010020BC010020BD01002004
:10540000200200209C010020A00100204501002076
:10541000A4010020C05A00208C010020DC010020E3
:1054200010B50022084B094C03E0985C04F0ECF93D
:10543000521C20788242F8DB0D2004F0E5F9BDE82B
:1054400010400A2004F0E0B9C05A00208C0100206E
:1054500000B5054B0022985C04F0D6F9521CD2B27C
:10546000182AF8D300BD0000AE06002000B5054B99
:105470000022985C04F0D2F9521CD2B2182AF8D358
:1054800000BD0000AE0600200029818902D041F451
:10549000005101E021F400518181704770B501F0A5
:1054A0001F0501260024C1F3421306FA05F2012B61
:1054B0000FD0022B0FD0838A4FEA112100881342AC
:1054C00006FA01F600EA060001D000B101242046E8
:1054D00070BD8389F0E7038AEEE710B5C1F342138C
:1054E00001F01F040121A140012B07D0022B07D09E
:1054F0001430002A026805D00A4304E00C30F8E7B3
:105500001030F6E78A43026010BD00007FB5044604
:10551000008A0D46C98820F4405001432182A089A9
:1055200041F20C618843A9882A8911436A890243A0
:105530001143A181A08A20F44071A8890843A08268
:105540006846FEF7AFF91A48844202D019488442EF
:1055500001D1039800E00298A189090400EBC00181
:1055600001EB0010296801D5490000E08900B0FB7B
:10557000F1F06422B0FBF2F109010B096FF018059C
:105580006B4300EB8300A3891D044FF0320306D563
:1055900003EBC000B0FBF2F000F0070005E003EB06
:1055A0000010B0FBF2F000F00F00084320817FBD37
:1055B00000100140001401408088C0F308007047CB
:1055C000FEE7000010B52DED048BB0EE608AB0EE62
:1055D000409ADFED238AB5EEC08AF1EE10FA3CD096
:1055E000B5EEC09AF1EE10FA37D089EE080A01F054
:1055F00045FFB4EEE80AF1EE10FA0FD8B5EEC08A16
:10560000F1EE10FAB0EE490A02DD01F037FF03E0D7
:1056100001F034FFB1EE400A80EE288A1148B6EE60
:10562000001A90ED000A1048C9EE080A40EE010A7F
:1056300090ED001A81EE200A10EE100A06F096F89E
:1056400041EC100B00F058F851EC100B05F0BCFACF
:1056500000EE100ABDEC048B10BD9FED040AF9E7C3
:105660003333B33EB0010020B4010020000000003D
:1056700070B501EB002004B24FF47A7594FBF5F09D
:1056800005FB10402DED028B05F013FD9FED0B1B6C
:1056900053EC112B05F074FD41EC180B94FBF5F065
:1056A00005F007FD53EC182B05F0C0FA05F08CFA55
:1056B000BDEC028B00EE100A70BD0000FCA9F1D217
:1056C0004D62503F03B401984100009850EAC12058
:1056D00018BF04204A0D18BF40F0010040F2FF72CD
:1056E000B2EB515F08BF40F00200012808BF05205F
:1056F00002B070470000000070B59B482DED020B12
:105700002DED068B079D25F00044A04218DC97483C
:10571000844202DC0AD1069840B19DED060BBDEC37
:10572000068B02B0BDE8704001F052BC002DCCBF2A
:105730009FED8F0B9FED900BBDEC068B02B070BD03
:105740008F48A04215DD8F48A042D8BF4FF0FF34EC
:1057500058DD9DED060B51EC100BFFF7B3FF04284D
:1057600008BF01F069FC9DED060BBDEC068B02B095
:1057700070BD9DED060B51EC100B01F073FECDE9F1
:10578000060181489FED828BA0423CDD8248A04209
:105790001FDD00249FED82AB9DED060B53EC1A2B11
:1057A00051EC100B05F042FA9DED060B41EC190B84
:1057B00053EC1A2B51EC100B05F0E2FC53EC182BB8
:1057C00005F0EAFE53EC192B05F0ECFACDE90601E1
:1057D00049E09DED060B012453EC182B51EC100B06
:1057E00005F024FA9DED060B41EC190B53EC182B38
:1057F00051EC100B05F0D0FE53EC192B05F0D2FA4A
:10580000CDE906012FE06848A0421FDD02249FED8C
:10581000689B9DED060B53EC192B51EC100B05F01A
:10582000AFFC53EC182B05F001FA9DED060B41EC93
:10583000180B53EC192B51EC100B05F0ADFE53EC8B
:10584000182B05F0AFFACDE906010CE09DED060B33
:10585000032453EC102B9FED580B51EC100B05F06B
:10586000A1FACDE906019DED060B53EC102B51EC8E
:10587000100B05F085FC41EC180B53EC182B05F0D0
:105880007FFC41EC190B4E480621B0EE490AF0EEC0
:10589000690A784401F060F953EC182B51EC100BB5
:1058A00005F06EFC41EC180B4648B0EE490AF0EEEC
:1058B000690A0521784401F04FF953EC192B51EC9A
:1058C000100B05F05DFC41EC100B51EC180B53EC88
:1058D000102B002C0EDA05F0A9F99DED061B53ECF8
:1058E000112B05F04DFC9DED061B53EC112B05F023
:1058F0007BFD35E005F09AF99DED061B53EC112B6D
:1059000005F03EFC41EC100B2F48784400EBC4003E
:1059100090ED001B51EC100B53EC112B05F03CFEED
:105920009DED061B53EC112B05F036FE41EC100BE0
:105930002648784400EBC40090ED001B51EC100B9E
:1059400053EC112B05F050FD41EC100B002DA2BFC4
:10595000BDEC068B02B070BD51EC100B05F028F9C0
:1059600041EC100B01E70000000010440000F07F44
:10597000182D4454FB21F93F182D4454FB21F9BF45
:105980000000DC3F0000203E0000F33F000000006C
:10599000000000000000F03F0000E63F00000000B3
:1059A00000000000000000400080034000000000F4
:1059B000000000000000F83F000000000000F0BF01
:1059C0004A7B0000007B00008A7A0000427A0000D7
:1059D0002DE9F04D2DED040B2DED0E8B96B0DDE98C
:1059E0002550279CDDF890A025F0004624F00048C3
:1059F000BAF1000F14BF0121002101EB4502FC495F
:105A000053184A1093422AD3002814BF01230023BD
:105A100003EB44030B44F7498B4220D358EA0001BF
:105A20009FEDF59B76D0DFF8D8B35D4503D1BAF191
:105A3000000F05D188E0BAF1000F08BF002100D0A7
:105A4000012101EB450111F5001F08D8002814BF02
:105A50000121002101EB440111F5001F0BD99DED3F
:105A6000261B9DED240B16B0BDEC0E8B04B0BDE8DB
:105A7000F04D01F0B7BA0027002DBCBFE1498845C1
:105A800021DAE1498845A8BF02271CDAC3451ADCA0
:105A9000DE4901EB2851142908DDC1F1340220FA56
:105AA00002F101FA02F282420DD108E058B9C1F1C7
:105AB000140228FA02F101FA02F2424503D101F080
:105AC0000101C1F1020756EA0A0124D1002C22DAB1
:105AD000002D18BF022F01D0012F0AD00220FAF7A3
:105AE00067FD16B0BDEC0E8B04B0BDE8F04D01F0C3
:105AF00057BA0220FAF75CFD01F052FA51EC100B94
:105B000005F056F841EC100B16B0BDEC0E8B04B04E
:105B1000BDE8F08D18E09FEDBEAB9FEDBF8B002878
:105B200071D1B848804522D105F1804010F5801030
:105B300008BFBAF1000F07D0B3450ADC002CA8BF9C
:105B40009DED260BE0DA0DE0B0EE490AF0EE690AB1
:105B5000DAE7002C06DA9DED260B51EC100B05F070
:105B600027F86FE0AE48784490ED000BCCE7D845BD
:105B70004DD1002C48DA2EB186423AD1BAF1000F4D
:105B800042D126E0BAF1000F13D00220FAF710FD3F
:105B900001F042FA8DED020B9DED240B8DED000B13
:105BA00010EE900A039961F31E0003909DED020B25
:105BB000AAE78DED02AB9DED240B1AEE901A10EEC4
:105BC000900A8DED000B61F31E0003909DED020B1A
:105BD0009AE78DED028B9DED240B18EE901A10EED6
:105BE000900A8DED000B61F31E0003909DED020BFA
:105BF0008AE709DA9DED240B51EC190B53EC102BBD
:105C000005F0D0F81EE020E09DED240B7CE78642F5
:105C10001BDAB4F1804F0DD0A4F10050B0F1FF5069
:105C200013D1002D11DB9DED240B51EC100B03F073
:105C30004DFB07E09DED240B53EC102B51EC100BAA
:105C400000F0C2BC41EC100B5EE79DED240B51EC63
:105C5000100B01F007FCBAF1000FCDE90E0142D1A3
:105C60009FED710B46B3A6F1E040B0F17F600CD020
:105C70005E4538D1002D00DAA7B3022F0CBF0120FA
:105C80004FF0FF3005F015FADCE7002D01DD002CA8
:105C90000DDA002D01DD002C1FDB002D16DA002CA3
:105CA00014DB012F08BF9FED620B3FF42DAFB0EE68
:105CB0004A0AF0EE6A0A27E7022F18BF002D0CD01F
:105CC000012F0AD1002DFFF61FAF06E0002DB8BF4F
:105CD000002C08DA012F3FF417AFB0EE480AF0EEBF
:105CE000680A11E71BE0012000EBE57050EA0701AC
:105CF00015D0791EB0EE498AF0EE698A084308BFD4
:105D00009FED4D8B4E480025804570DD4D494E4836
:105D1000884514DDB0420DDB002C19DB2FE001209B
:105D2000FAF746FC16B0BDEC0E8B04B0BDE8F04DA2
:105D300001F062B9B34502DC002C09DC1FE08642A9
:105D400002DA002C1BDA03E05E452BDD002C16DDA9
:105D50000220FAF72DFC01F05FF98DED020B53ECF8
:105D60001A2B51EC180B05F00BFACDE90001039941
:105D7000019861F31E0003909DED020BC4E6022022
:105D8000FAF716FC01F058F910EE901A18EE900A86
:105D90008DED020B8DED008B61F31E0003909DEDE8
:105DA000020BB1E69DED0E0B53EC192B51EC100BD1
:105DB00005F0F2FB9FED260BCDE9080153EC102B0B
:105DC0009DED080B51EC100B05F0DAF99FED221B4D
:105DD00053EC112B05F008FB9DED081B53EC112B28
:105DE00005F0CEF99FED1E1B53EC112B3CE08CE02F
:105DF000FFFF1F00FFFF0F00000000000000F03F4A
:105E00000000F03F0000F07F0000404301FCFFFF76
:105E1000000000000000F07F000000000000000013
:105E20002E7900000000000000000000000000804B
:105E3000000000000000F0FF000000000000F0BFC4
:105E40000000E0410000F043FFFFEF3F00000000D2
:105E5000000000000000D03F555555555555D53F21
:105E6000000000000000E03F05F0BEFA9DED080BC9
:105E700041EC1A0B53EC102B51EC100B05F080F990
:105E800053EC1A2B05F07CF941EC1A0B9FEDFE0B3D
:105E900053EC102B9DED080B51EC100B05F070F935
:105EA00041EC1B0B9FEDFA0B51EC1A0B53EC102B32
:105EB00005F066F941EC1A0B9FEDF70B53EC102B34
:105EC0009DED080B51EC100B05F05AF953EC1A2B11
:105ED00005F062FB41EC1A0B51EC1B0B53EC1A2B37
:105EE00004F0A4FE0690CDE906519DED060B53EC9F
:105EF0001B2B51EC100B05F04FFB53EC1A2B05F04C
:105F000073FA41EC100B00F0A1B90020B6F5801F28
:105F10000EDA9FEDE30B53EC102B9DED0E0B51ECC5
:105F2000100B05F02DF9CDE90E016FF034000E468F
:105F300000EB2650A0F2FF37C6F31300DA4940F019
:105F40007F6646F040568842D8BF002408DDD74916
:105F50008142C8BF012403DC0024A6F580167F1C03
:105F6000D348784400EBC4000F9690ED00CB9DED34
:105F70000E0B53EC1C2B51EC100B05F00DFB9DEDA3
:105F80000E0B41EC1B0B53EC1C2B51EC100B04F0D3
:105F90004DFE41EC100B51EC190B53EC102B04F09F
:105FA00001FF41EC1D0B51EC1B0B53EC1D2B05F0BD
:105FB000E7F841EC1A0BBF488DED10AB7844109513
:105FC00090ED000B4FF0005040EA660000EB84407B
:105FD0008DED080B00F5002009909DED080B53ECAA
:105FE0001C2B51EC100B05F0D7FA9DED0E1B53EC5A
:105FF000112B05F0F9F941EC100B53EC102B9DED32
:10600000100B51EC100B05F0BBF89DED080B41ECAB
:106010001C0B53EC102B9DED100B51EC100B05F0ED
:10602000AFF853EC1B2B05F0DFF953EC1C2B05F0FC
:10603000B3FA53EC1D2B05F0A3F841EC1C0B53EC09
:106040001A2B51EC1A0B05F09BF841EC1B0B9A48EC
:106050000621B0EE4B0AF0EE6B0A784400F07CFDAE
:10606000B0EE401AF0EE601AB0EE41DAF0EE61DA0E
:1060700053EC1B2B51EC1B0B05F082F853EC1D2B42
:1060800005F07EF89DED100B41EC1B0B53EC1A2B29
:1060900051EC100B04F0CAFD53EC1C2B05F070F80A
:1060A00053EC1B2B04F0C2FD9DED100B41EC1B0BC0
:1060B00053EC102B51EC100B05F062F841EC1D0B6A
:1060C0009FED7FEB53EC1E2B04F0B0FD53EC1B2B2C
:1060D00004F0ACFD0890CDE908519DED080B53ECA0
:1060E0001E2B51EC100B05F057FA53EC1D2B05F04D
:1060F00053FA53EC1B2B05F077F99DED080B41EC9F
:106100001D0B53EC102B9DED100B51EC100B05F0FB
:1061100037F841EC1B0B53EC1A2B51EC1D0B05F01F
:106120002FF89DED080B41EC1A0B53EC102B51ECA2
:106130001C0B05F025F853EC1A2B04F077FD41EC0D
:106140001A0B51EC1B0B53EC1A2B04F06FFD0C9047
:10615000CDE90C519DED0C0B53EC1B2B51EC100BAE
:1061600005F01AFA53EC1A2B05F03EF941EC1B0B23
:106170009FED550B53EC102B9DED0C0B51EC100BC0
:1061800004F0FEFF41EC1A0B9FED510B51EC1B0B81
:1061900053EC102B04F0F4FF41EC1B0B9FED4E0B66
:1061A00053EC102B9DED0C0B51EC100B04F0E8FFA1
:1061B00053EC1B2B04F03AFD41EC100B484878449B
:1061C00000EBC40090ED001B51EC100B53EC112BB5
:1061D00004F02CFD41EC1B0B384604F06AFFCDE9BE
:1061E000080153EC1B2B51EC1A0B04F01FFD41EC82
:1061F000100B3C48784400EBC40090ED00CB51EC10
:10620000100B53EC1C2B04F011FD9DED081B53ECFF
:10621000112B04F00BFD0690CDE906519DED080B06
:1062200053EC102B9DED060B51EC100B05F0B4F95F
:1062300053EC1C2B05F0B0F953EC1A2B05F0ACF91C
:1062400053EC1B2B05F0D0F841EC100B9DED261BF9
:1062500053EC102B8DED001B00959DED260B51ECA2
:10626000100B04F08DFF9DED000B41EC1A0B53EC6D
:10627000102B9DED260B51EC100B05F08DF99DEDCB
:10628000061B53EC112B2FE0000000604715F73F71
:10629000FE822B654715F73F44DF5DF80BAE543E99
:1062A00000000000000040438E9803007AB60B0007
:1062B000AA740000D8740000E2730000000000001F
:1062C0000000000000000840000000E009C7EE3FA9
:1062D000FD033ADC09C7EE3FF5015B14E02F3EBE3B
:1062E0006E7200002872000004F04AFF53EC1A2B73
:1062F00004F09CFC9DED060B41EC1A0B53EC102BAB
:106300009DED000B51EC100B04F03AFFCDE90C01B0
:106310009DED0C0B51EC1A0B53EC102B04F086FC8A
:10632000CDE902010C46AA498C422FDB611A0843D1
:1063300018D19DED0C0B53EC102B9DED020B51EC85
:10634000100B05F029F941EC1B0B9FEDA30B51EC51
:106350001A0B53EC102B04F069FC53EC1B2B05F0CB
:106360000DF82DD20220FAF723F900F055FE10EEB9
:10637000901A18EE900A8DED020B8DED008B61F3F3
:106380001E0003909DED020BFFF7BEBB944A24F064
:106390000041914214D39349214408437FF4EFAC68
:1063A0009DED0C0B53EC102B9DED020B51EC100BE3
:1063B00005F0F2F853EC1A2B04F0E0FF7FF6DFACA7
:1063C00024F000408849894A002601EB205182428E
:1063D0002BDA481C4FF4801121FA00F02044844A43
:1063E000C0F30A517A44A1F2FF3192ED000B814AC9
:1063F0008DED080BCA4020EA0202C0F3130040F4FE
:106400008010C1F1140120FA01F60992002CB8BFE6
:1064100076429DED080B53EC102B9DED0C0B51ECCF
:10642000100B05F0B9F8CDE90C019DED0C0B51EC0A
:106430001A0B53EC102B04F0F9FB9FED6F0B089037
:10644000CDE9085153EC102B9DED080B51EC100BCE
:1064500004F096FE41EC1B0B9FED690B53EC102BE7
:106460009DED080B51EC100B04F08AFE9DED0C0B1A
:1064700041EC1C0B53EC102B9DED080B51EC100B59
:1064800005F08AF853EC1A2B04F0AEFF9FED5E1B6B
:1064900053EC112B04F074FE53EC1C2B04F0C6FBE0
:1064A00041EC1A0B51EC1B0B53EC1A2B04F0BEFB06
:1064B000CDE902019DED020B53EC1B2B51EC100BAF
:1064C00005F06AF853EC1A2B04F08EFF9DED020BD9
:1064D00041EC1A0B53EC102B51EC100B04F050FE56
:1064E000CDE908014A489DED080B0521784400F0EC
:1064F00033FB9DED081B51EC100B53EC112B04F0FA
:106500003FFE9DED021B53EC112B04F06DFFCDE916
:1065100006019DED020B53EC1A2B51EC100B04F00D
:106520002FFE53EC1A2B04F081FB9FED3B0B41EC4B
:106530001A0B53EC102B9DED060B51EC100B05F0D4
:106540002BF89DED060B41EC1B0B53EC102B9DED36
:10655000020B51EC100B04F013FE53EC1B2B04F058
:1065600021FC53EC1A2B05F017F89DED021B53ECA0
:10657000112B05F011F853EC192B04F035FFCDE980
:10658000020101EB065001150029C8BF039015DC7C
:106590009DED020B324651EC100B05F094F9FFF71C
:1065A00091F8042808BF00F047FD32469DED020B2C
:1065B00051EC100B05F087F9CDE902019DED020BBE
:1065C00051EC180B53EC102B04F0DAFDFFF73ABB3B
:1065D0000000904000000000FE822B654715973CAC
:1065E00000CC904000346F3F01FCFFFF0000E03F13
:1065F000B0700000FFFF0F0000000000432EE63FD8
:10660000396CA80C615C20BEEF39FAFE422EE63FE1
:10661000806F00000000000000000000000000404B
:1066200000B52DED048BB0EE409AF0EE609A83B089
:1066300051EC190B04F0E4FE41EC180B18EE100AB3
:1066400018EE901A8DED008B002818BF012008432A
:1066500020F00040C0F17F6000F1E040C00F14D096
:1066600019EE101A19EE900A8DED009B002918BF43
:106670000121084320F00040C0F17F6000F1E040BC
:10668000C00F04BF0120F9F793FFB0EE480A03B032
:10669000F0EE680ABDEC048B00BD000000000000B5
:1066A00010B51D499FED1A1B2DED020B84B0059806
:1066B00020F000408842DCBF01209DED040B21DD6D
:1066C0001649884209D1049840B94FF00100F9F702
:1066D0006FFF00F091FC06B010BD05DB9DED040BD3
:1066E00000F076FC06B010BD68469DED040B00F08E
:1066F00017F800F001000121A1EB40009DED021B05
:106700009DED000B00F0A4FA06B010BD00000000E3
:106710000000000000000000FB21E93F0000F07FC6
:106720002DE9F14F04462DED020B2DED088B8AB0BB
:106730009FEDE70B80ED020B139EE74826F0004526
:1067400085420ADC9DED120B002084ED000B0AB09F
:10675000BDEC088B03B0BDE8F08FE0489FEDE0ABE7
:106760009FEDE1BBA84247DDE14F9FEDE39B9FED2D
:10677000E48B9DED120B53EC1A2B51EC100B002EF9
:106780001CDD04F009FF41EC100BBD4208D053ECB6
:106790001B2B51EC100B04F0FFFEC4E900010BE0D1
:1067A00053EC192B51EC100B04F0F6FE53EC182BA4
:1067B00004F0F2FEC4E900010120C8E704F036FA53
:1067C00041EC100BBD4208D053EC1B2B51EC100BCD
:1067D00004F02CFAC4E900010BE053EC192B51EC46
:1067E000100B04F023FA53EC182B04F01FFAC4E941
:1067F00000014FF0FF30AAE7C348A84279DB9DEDC6
:10680000120B51EC100B00F02DFE41EC180B9FED1C
:10681000C00B53EC102B04F0B3FC9FEDBF1B53ECEB
:10682000112B04F003FA04F015FC074604F041FCB8
:1068300041EC190B53EC1A2B04F0A2FC53EC182B6F
:1068400004F0D2FD41EC180B53EC1B2B51EC190B4F
:1068500004F096FCDFF8C8A241EC100B4FEA155883
:106860000125FA4453EC102B51EC180B04F094FE64
:10687000032DC4E900013DD0C1F30A5005EB4511D9
:10688000A8EB00001139814234DA0AEB051BB0EEA7
:1068900048AA9BED000BF0EE68AA53EC102B51ECCC
:1068A000190B04F06DFC41EC1B0B51EC1A0B53EC73
:1068B0001B2B04F071FE41EC180B51EC1A0B53EC3E
:1068C000182B04F069FE53EC1B2B04F065FE9BEDC6
:1068D000020B41EC1A0B53EC102B51EC190B04F08A
:1068E0004FFC53EC1A2B04F057FE41EC100B6D1CBF
:1068F000B8E70EE0002EA8BF3846BFF628AF94EDEB
:10690000000B51EC100B04F053F9C4E9000178427C
:106910001DE7C6F3130040F4801EC6F30A50A0F230
:10692000F530471100F01F05C5F12000DDF848B033
:1069300008900020069007900520EC467949002D2C
:1069400007EB0002794408BF51F8221009D051F832
:10695000223001EB8201AB404A68089922FA01F12A
:106960001943A1FB0E26A1FB0B131A449A4234BF14
:106970000123002303EB06080CEB8003D3E901A6F7
:106980000E448E4234BF0121002192448A4411B149
:10699000924502D903E0924501D2012100E0002195
:1069A000C3E901A641444CF82010011EA0F10100EA
:1069B000C4DC029800F10050850F0298DDE90367FE
:1069C0008000DDF8148004F074FB41EC1A0B3046B3
:1069D00004F086FB9FED541B53EC112B04F0D0FB0D
:1069E00041EC1B0B384604F07BFB9FED511B53EC35
:1069F000112B04F0C5FB41EC180B404604F070FB72
:106A00009FED4D1B53EC112B04F0BAFB41EC190B1D
:106A100051EC180B53EC192B04F008F953EC1B2B19
:106A200004F004F953EC1A2B04F000F9CDE9080145
:106A3000002008909DED080B53EC1A2B51EC100B25
:106A400004F0AAFD53EC1B2B04F0A6FD53EC182B0D
:106A500004F0A2FD53EC192B04F0C6FC9FED381B8B
:106A600053EC112B04F08CFB9FED370B41EC180B12
:106A700053EC102B9DED080B51EC100B04F080FB38
:106A800053EC182B04F0D2F89FED310B41EC180BAE
:106A900053EC102B9DED080B51EC100B04F070FB28
:106AA00053EC182B04F0C2F841EC100B139810F0C3
:106AB000004F06D06D4251EC100B04F079F841EC18
:106AC000100B284684ED000B41E60000000000009A
:106AD0000000000000000000FB21E93F7CD90240DB
:106AE00000004054FB21F93F3163621A61B4D03D8C
:106AF000FB21F93F000000000000601A61B4D03DA6
:106B00007370032E8A19A33BFB213941000000005A
:106B100083C8C96D305FE43F000000000000E03F23
:106B20003A6C0000886B0000000000000000103E7E
:106B3000000000000000103C000000000000103ABF
:106B4000182D4454FB21F93D3326A611460B113C68
:106B500000000054FB21F93D70B504462DED028B79
:106B60004D1E00EBC500B0EE408AF0EE608A90ED5D
:106B7000000B35F0060017D053EC182B51EC100B1E
:106B800004F0FEFA41EC100B6D1E04EBC50090ED15
:106B9000001B51EC100B53EC112B04F047F841ECA7
:106BA000100B35F00600E7D1022D36D0042D1CD095
:106BB000062D1CBFBDEC028B70BD53EC182B51ECA5
:106BC000100B04F0DDFA94ED0A1B53EC112B04F0CA
:106BD0002DF853EC182B04F0D3FA94ED081B53EC6A
:106BE000112B04F023F841EC100B53EC182B51EC53
:106BF000100B04F0C5FA94ED061B53EC112B04F0B6
:106C000015F853EC182B04F0BBFA94ED040B53EC7D
:106C1000102B04F00BF841EC100B53EC182B51EC3B
:106C2000100B04F0ADFA94ED021B53EC112B03F0A2
:106C3000FDFF53EC182B04F0A3FA94ED001B53EC6A
:106C4000112B03F0F3FFBDEC028B41EC100B70BD78
:106C5000F1B506462DED040BBD482DED0C8B8AB029
:106C6000B0EE418AF0EE618A179D25F000449FED59
:106C7000BABB9FEDBBCB844208DA9DED160B51ECFD
:106C8000100B04F0E7F9002800F0E980B64FA742A6
:106C900031DC002D0DDA9DED160B51EC100B03F0DD
:106CA00087FFCDE9160151EC180B03F081FF41EC91
:106CB000180B9FEDAF0B53EC102B9DED160B51EC09
:106CC000100B04F091FB53EC182B9FEDAB0BCDE9AF
:106CD000040151EC100B04F05FFC41EC100B53EC81
:106CE000102B9DED040B51EC100B03F09FFF9FED5B
:106CF000A48BCDE916019DED160B53EC102B51EC36
:106D0000100B04F03DFACDE904019DED040B53ECAA
:106D1000102B51EC100B04F033FA41EC190B9A488C
:106D20000621B0EE490AF0EE690A7844FFF714FF35
:106D30009648B0EE40DAF0EE60DAB0EE490AF0EED6
:106D4000690A06217844FFF707FF9DED041B51EC0B
:106D5000100B53EC112B04F013FA9DED040B41ECD6
:106D60001A0B53EC102B9DED160B51EC100B04F08D
:106D700007FA41EC190B53EC1A2B51EC1D0B03F0E5
:106D800055FF53EC192B04F0FBF953EC182B03F0CF
:106D90004DFF9DED041B53EC112B04F0F1F953EC66
:106DA000182B03F043FF41EC180B9FED790B51ECCE
:106DB000190B53EC102B04F0E3F953EC182B03F0F0
:106DC00035FF41EC190B9DED160B53EC192B51ECD3
:106DD000100B03F02BFF41EC180BA74269DC304687
:106DE00004F067F941EC1A0B51EC180B53EC1A2B19
:106DF00003F01CFF41EC1B0B53EC182B51EC180B50
:106E000004F0BEF953EC1B2B03F0CCFF53EC192B11
:106E100004F0C2FB9DED161B53EC112B04F0E4FAB9
:106E20009FED5D1B53EC112B04F0AAF953EC1A2BC8
:106E300004F0DAFA41EC180B022000EAA570C0F168
:106E4000010004F036F953EC182B04F099F900BF57
:106E500041EC100B0AB0BDEC0C8B05B0F0BD711C01
:106E60001698214308430CD09DED160B012E1CBF34
:106E700053EC102B51EC1C0B10D000BF03F092FF11
:106E8000E6E79DED160B51EC100B00F0EBFA41EC30
:106E9000100B51EC1B0B53EC102BEFE751EC100BCC
:106EA000FEF710FC042808BF00F0C6F89DED160B95
:106EB000D0E7012E04BFB0EE480AF0EE680AC9D050
:106EC0008DED048B002404949DED040B53EC102BEA
:106ED0009DED160B51EC100B04F086FA53EC192BB8
:106EE00004F082FA41EC190B53EC182B51EC1C0BFB
:106EF00003F058FF41EC180B8DED008B00949DEDD5
:106F0000040B53EC102B9DED000B51EC100B04F017
:106F100037F953EC1B2B03F089FE9DED000B41EC80
:106F20001A0B53EC192B51EC100B04F029F953EC0C
:106F30001A2B03F07BFE53EC182B04F021F99DED86
:106F4000001B53EC112B03F071FE81E700000000E1
:106F50000000303E00000000000000000000F03F94
:106F6000000000000000F0BF2894E53F0000000092
:106F7000182D4454FB21E93F075C143326A6813CBD
:106F800000000000000000003A68000050680000A7
:106F9000635555555555D53F000000000000004091
:106FA0009FED070B10B553EC102B9FED070B51EC29
:106FB000100B03F0F7FE41EC100B10BD00000000B9
:106FC0000000000000000000000000000000F03F92
:106FD00010B553EC102B51EC100B03F027FE41ECD5
:106FE000100B10BD10B553EC112B51EC100B03F02E
:106FF0001DFE41EC100B10BD9FED050B10B553ECC1
:10700000102B51EC100B03F0CDFE41EC100B10BD1A
:1070100000000000000000009FED050B10B553ECD0
:10702000102B51EC100B04F0ABF841EC100B10BD21
:1070300000000000000000709FED050B10B553EC40
:10704000102B51EC100B04F09BF841EC100B10BD11
:1070500000000000000000107047000030B5224A18
:10706000D2F80042214B00212CB1D981D2F8005234
:10707000012425B106E0DC89641CDC81F6E71D797A
:1070800005B91C715D794DB91D79012D03D19D792B
:107090006D1C9D715C719C79022C04D0D2F8002289
:1070A000012A04D005E099719981022030BD19713F
:1070B00059719A79012A14D19A89521C92B29A81F3
:1070C000824206D9DA89824203D2997199810120DC
:1070D00030BDD889B0F5FA7F03D999719981032021
:1070E00030BD002030BD00000000424220000020E2
:1070F00008B500F0D7F90A4C00903221684602F03A
:1071000055FD20680028F8D100F00CF8FDF7A2FF2B
:10711000FEF79EF9FEF7AAF9FAF74CFAEDE7000040
:107120005C0100202DE9F041914C7B202DED068B78
:10713000F5EE004AF6EE00AA20767D20DFF83882D0
:107140008E4E84F82E00D8ED000A96ED001A8C4F72
:107150008C4970EE811A97ED003AD1ED002A8548EE
:1071600031EE830A884A0078884B30EE220A20EEFE
:10717000240A9FED878A61EEAA1A92ED002A20EE7A
:10718000080A002561EE881A0628FDEEC03A93ED44
:10719000000AFDEEE11A32EE004A31EE602A6FD2AB
:1071A000DFE800F003209898879830EEC10A13EECC
:1071B000900A608330EE030A30EE620A20EE240A61
:1071C00020EE080ABDEEC00A10EE100AB1EE600A09
:1071D000A08330EE410A30EE030A30EE220A20EEA0
:1071E000240A74E09FED6B0BFFF71AFA9FED6B1BFF
:1071F00051EC100B53EC112B03F0C2FF97ED00AADA
:10720000D6ED008A41EC190B3AEE680A20EE2A0A04
:1072100010EE100A04F0AAFA53EC192B03F0C2FD89
:107220009FED601B53EC112B03F0AAFF03F012FF3C
:10723000608398ED000AB0EE001AF0EE680A50EE96
:10724000010A30EE280A70EECA1AF0EE080A81EE42
:10725000A01A21EE081ABDEEC11A11EE100A30EE86
:107260000A1AA083514881EE200A90ED001AC0EE60
:10727000010A20EE880ABDEEC00A10EE100AE08373
:107280004B48DFF830C14C4FB0F9023063840188BD
:1072900049420AB2A284B0F90410E184BCF90200A8
:1072A0002085BCF80060764236B266853F78C7B16B
:1072B00019E0B1EE410A13EE900A30EE600A6083E5
:1072C000A58330EE030A30EE220A20EE2A0AC0EE31
:1072D000040ACEE7C2EE000A11EE900A6083A5838D
:1072E000C7E7BCF80450A585344D95ED000A20EEA3
:1072F000080ABDEEC00A10EE105A258494F818C092
:1073000084F800C06770678B4FEA172C84F802C0BE
:10731000E770A78B4FEA172C84F804C06771E78BDE
:107320004FEA172C84F806C0E7711F0A27726372B0
:10733000130AA372E2720A0A22736173010AA1732B
:10734000E073300A20746674A08D010AA174E074A1
:10735000280A2075657501211620FAF757F9A075DE
:1073600094F82E00E075BDEC068BBDE8F0810000BE
:10737000AE06002045010020705A0020845A0020EB
:10738000985A0020AC5A0020B4010020B00100201F
:1073900000007A44000000000000084000000000E7
:1073A0000000E03F0000000000408F40B8010020D6
:1073B0004602002040020020440100201800002066
:1073C00010B504460420FCF7EFFD0A484FF47A712B
:1073D000047014FB01F1012242804FF0E0200269A9
:1073E00042F0020202614161016941F00101016163
:1073F00010BD0000B400002070B5044603F07CF915
:1074000001280CD0094D6888844203D3B4FBF0F006
:1074100002F096FB6888B4FBF0F100FB11444FF4D6
:107420007A706043BDE8704000F002B8B4000020FC
:1074300070B54FF0E02500216C69094AAB691278FC
:107440005043AA699A42FCD002D2A3EB020302E0A5
:10745000A4EB02063344194413468142F1D370BDB4
:10746000B400002082B0CDE9000121F0004001907D
:107470009DED000B02B051EC100B7047B5EEC00A49
:10748000F1EE10FA01DAB1EE400A704704490A88B9
:107490005206FCD5024AC1B2121D1180704700008D
:1074A0000044004010B503F027F9012803D0BDE8DF
:1074B000104003F02FB90148406810BDB40000200F
:1074C000054C064DD4F8B002C043C4F8B002286899
:1074D00002F036FBF6E700000000404234000020D6
:1074E0001CB501F0A3FF07490120CDE9000102020C
:1074F000002305A1074803F0D3F802F0D7FC0020D1
:107500001CBD00000000002073746172745F746120
:10751000736B00003D9300080346012000E05843D0
:10752000491EC9B2FBD270472DE9F04FFF4C4FF412
:10753000AD702DED028B81B020600A210920FAF791
:107540006DFEFB490860216890FBF1F5052D00DD1B
:107550000525F84890ED000ADFEDF70AF74820EE20
:10756000200ABDEEC00A80ED050A0169491C0161CF
:107570004FF48061F248F8F7F0FFF248F24EF34F13
:107580000068DFF8CCB39FEDF38ADFEDF38ADFF814
:10759000CCA3DFF8CC830C2430B1DFF8C89399F882
:1075A0000000002875D0E6E3062D0BD2DFE805F0D9
:1075B00003051A1C1E20ECA200E0EDA200210846E3
:1075C000FBF7DCFDDFF8B09399F8000090B10128DB
:1075D00010D002282ED003282CD004282AD0052829
:1075E00028D050E3E5A2E9E7E6A2E7E7E7A2E5E76E
:1075F000E8A2E3E7E9A200213720FBF7BFFDB8F9D5
:1076000004004546002809DAE5A200215020FBF7D6
:10761000B5FD0094B5F90400424207E0E1A2002163
:107620005020FBF7ABFD0094B5F9042005230021A1
:107630005A201EE0DCA200213720FBF79FFDDC4D25
:10764000B5F90400002809DAD5A200215A20FBF779
:1076500095FD0094B5F90400424207E0D1A2002153
:107660005A20FBF78BFD0094B5F904200323002179
:107670006420FBF747FD99F8000058B1012809D0B4
:10768000042807D0022850D003284ED005284CD01B
:10769000F9E25CE3C7A20A210020FBF76FFD96ED3B
:1076A000020AB5EEC00AF1EE10FA0AD2BCA20A2113
:1076B0000F20FBF763FD009496ED020A20EE080A06
:1076C00009E0B8A20A210F20FBF758FD009496EDBF
:1076D000020A20EE280A05230A211420BCEEC00A63
:1076E00010EE102AFBF70EFD96ED000AB5EEC00A6B
:1076F000F1EE10FA0AD2AAA20A213C20FBF73EFDC5
:10770000009496ED000A20EE080A09E0A5A20A21DD
:107710003C20FBF733FD009496ED000A20EE280A8A
:10772000BCEEC00A10EE102A1BE0A3A20A21002022
:10773000FBF724FDB8F904004546002809DA98A2B1
:107740000A213C20FBF71AFD0094B5F904004242DF
:1077500007E094A20A213C20FBF710FD0094B5F944
:10776000042005230A214B20FBF7CCFC99F80000EC
:10777000C84650B1012808D0042806D002287DD080
:1077800003287BD0052879D07DE28DA2142100202A
:10779000FBF7F4FC97ED020AB5EEC00AF1EE10FA21
:1077A0000AD27FA214210F20FBF7E8FC009497ED8A
:1077B000020A20EE080A09E07AA214210F20FBF742
:1077C000DDFC009497ED020A20EE280A142105231F
:1077D0000846BCEEC00A10EE102AFBF793FC97EDAA
:1077E000000AB5EEC00AF1EE10FA0AD26CA214211A
:1077F0003C20FBF7C3FC009497ED000A20EE080A3A
:1078000009E068A214213C20FBF7B8FC009497ED36
:10781000000A20EE280A052314214B20BCEEC00AE2
:1078200010EE102AFBF76EFC66A21E210020FBF76B
:10783000A5FC9BED020A5D46B5EEC00AF1EE10FA1A
:107840000AD257A21E210F20FBF798FC009495ED59
:10785000020A20EE080A09E052A21E210F20FBF7BF
:107860008DFC009495ED020A20EE280A05231E21C6
:107870001420BCEEC00A10EE102A00E01AE0FBF75C
:1078800041FC95ED000AB5EEC00AF1EE10FA08D2FF
:1078900043A21E213C20FBF771FC009495ED000AE9
:1078A000E4E040A21E213C20FBF768FC009495ED2B
:1078B000000AE7E044A214210020FBF75FFC96EDEC
:1078C000020AB5EEC00AF1EE10FA0AD234A214216F
:1078D0000F20FBF753FC009496ED020A20EE080AF5
:1078E00009E030A214210F20FBF748FC009496ED2C
:1078F000020A20EE280A142105230846BCEEC00A1D
:1079000010EE102AFBF7FEFB96ED000AB5EEC00A5A
:10791000F1EE10FA5AD222A214213C20FBF72EFCE1
:10792000009496ED000A20EE080A5AE09401002027
:10793000D8010020180000200000C84224020020C6
:10794000640200205C010020705A0020845A00204C
:10795000985A002000007AC400007A44AC5A0020F3
:1079600040020020680100204D65632000000000F7
:107970004F6D6E690000000045010020416B6D20D5
:10798000000000004469666600000000345744208F
:107990000000000054616E6B00000000475A0000B8
:1079A0002D0000002B000000424941530000000060
:1079B0004C020020410000004759524F5F5A3A00E4
:1079C00042000000430000004C3A0000AFF22C02DD
:1079D00014213C20FBF7D2FB009496ED000A20EE28
:1079E000280A052314214B20BCEEC00A10EE102AF1
:1079F000FBF788FBF8A21E210020FBF7BFFB97EDE9
:107A0000020AB5EEC00AF1EE10FA0BD2AFF2700224
:107A10001E210F20FBF7B2FB009497ED020A20EE27
:107A2000080A0AE0AFF284021E210F20FBF7A6FB32
:107A3000009497ED020A20EE280A05231E21142047
:107A4000BCEEC00A10EE102AFBF75CFB97ED000AB3
:107A5000B5EEC00AF1EE10FA0BD2AFF2BC021E2155
:107A60003C20FBF78BFB009497ED000A20EE080A00
:107A70000AE0AFF2D0021E213C20FBF77FFB00940E
:107A800097ED000A20EE280A05231E214B20BCEEAC
:107A9000C00A10EE102AFBF735FB98F8000050B131
:107AA000042808D0012859D0022878D0032875D09E
:107AB000052873D0E7E0C9A228210020FBF75EFB70
:107AC0009AED020A5546B5EEC00AF1EE10FA0BD255
:107AD000AFF2341228210F20FBF750FB009495EDF4
:107AE000020A20EE080A0AE0AFF2481228210F200D
:107AF000FBF744FB009495ED020A20EE280A0523CB
:107B000028211420BCEEC00A10EE102AFBF7FAFA66
:107B100095ED000AB5EEC00AF1EE10FA0BD2AFF205
:107B2000801228213C20FBF729FB009495ED000AE8
:107B300020EE080A0AE0AFF2941228213C20FBF75D
:107B40001DFB009495ED000A20EE280ABCEEC00A49
:107B500010EE102A052328214B2092E0A0A2282114
:107B60000020FBF70BFBA04DB5F91A0000280ADA3C
:107B7000AFF2D41228213C20FBF700FB0094B5F9AA
:107B80001A004242E6E7AFF2E41228213C20FBF75C
:107B9000F5FA0094B5F91A20DCE700E01FE093A2A3
:107BA00028210020FBF7EAFA924D286800280ADA1B
:107BB000AFF2142228213C20FBF7E0FA0094286859
:107BC0000423424208E0AFF2242228213C20FBF7A4
:107BD000D5FA00942A6804232821502051E086A277
:107BE00028210020FBF7CAFA96ED010AB5EEC00A7B
:107BF000F1EE10FA0BD2AFF2582228211420FBF735
:107C0000BDFA009496ED010AB1EE400A08E0AFF229
:107C10006C2228211420FBF7B1FA009496ED010A9A
:107C200004232821BCEEC00A1E2010EE102AFBF708
:107C300069FA72A228213C20FBF7A0FA97ED010A0D
:107C4000B5EEC00AF1EE10FA0BD2AFF2AC22282149
:107C50005020FBF793FA009497ED010AB1EE400A29
:107C600008E0AFF2C02228215020FBF787FA0094E9
:107C700097ED010A04232821BCEEC00A5A2010EE19
:107C8000102AFBF73FFA5E480078012813D05D48C0
:107C90000078012811D05C48007801280FD05B489B
:107CA000007801280DD05A485A49007809780843CD
:107CB00009D059A208E05AA206E05BA204E05CA247
:107CC00002E05DA200E05EA232210020FBF756FA3E
:107CD0005D48D0F80C02012802D15C48007898B3C6
:107CE0005BA232212D20FBF749FA5A4E642502236C
:107CF0007069322190FBF5F24B200094FBF702FAF9
:107D000055A232215820FBF739FA7069022390FB03
:107D1000F5F105FB1102322162200094FBF7F2F924
:107D20004EA232216E20FBF729FA706990FBF5F123
:107D300005FB11000A2806DA0223002232215C200A
:107D40000094FBF7DFF9FCE3FFE745A2C9E7002158
:107D500044A20846FBF7E2F847A210210020FBF7F7
:107D6000DDF84AA220210020FBF7D8F84CA23221EE
:107D70006820FBF703FA99F80000012825D1FBF7EA
:107D80003BFA48A209210820FBF7DEF8062D0DD2A8
:107D9000DFE805F00306A6A9ACAFAFF2344201E07C
:107DA000AFF234420A215C20FBF7E8F941A2162128
:107DB0000C20FBF7C9F844A222210020FBF7AEF803
:107DC00046A232216820FBF7D9F999F80000022871
:107DD00000D0A5E090E00000523A0000440000000E
:107DE0004D4F56455F5A0000AE060020534552568F
:107DF0004F3A0000980100204D4100004D42000024
:107E00005401002055010020560100205701002098
:107E1000BC010020BD010020555341525400000018
:107E2000505332202000000041505020200000001C
:107E3000522D43202000000043414E20200000002E
:107E4000524F532020000000008041424401002096
:107E50004F464600240200202E000000560000007D
:107E60004F204E00C7EBCFC8D4C4B6C1CAB9D3C3E4
:107E7000CAD6B2E1000000002020B5A5BBF7D3C3ED
:107E8000BBA7B0B4BCFC20200000000020202020B4
:107E9000C8B7C8CFBFAACABC20202020000000005D
:107EA000302F3800C7EBD7AAB6AFB5E7CEBBC6F7C1
:107EB000A3BA0000CDCBB3F6C7B0D0E8B5F7BBD8B6
:107EC000D4ADB3B5D0CD00002020C4A3CABDA3BAA1
:107ED000B5E7CEBBC6F7202000000000312F3800E8
:107EE000AFF268525EE7AFF264525BE7AFF2645202
:107EF00058E7AFF2605255E7FAA200211820FBF7CD
:107F00000DF8FBA210210020FBF708F8FDA22021AC
:107F10001820FBF703F8FEA232216820FBF72EF9A8
:107F200099F8000003287DD196ED000AB5EEC00A4D
:107F3000F1EE10FA0AD2F7A205210020FBF71EF994
:107F4000009496ED000A20EE080A09E0F2A205214D
:107F50000020FBF713F9009496ED000A20EE280AA2
:107F6000052319461420BCEEC00A10EE102AFBF7B8
:107F7000C9F897ED000AB5EEC00AF1EE10FA0AD280
:107F8000E6A205214620FBF7F9F8009497ED000AD8
:107F900020EE080A09E0E2A205214620FBF7EEF8F0
:107FA000009497ED000A20EE280A052319465A206E
:107FB000BCEEC00A10EE102AFBF7A4F89BED000AF5
:107FC0005E46B5EEC00AF1EE10FA0AD2D5A214212F
:107FD0000020FBF7D3F8009496ED000A20EE080A83
:107FE00009E0D1A214210020FBF7C8F8009496ED17
:107FF000000A20EE280A142105230846BCEEC00A18
:1080000010EE102AFBF77EF89AED000A5646B5EE00
:10801000C00AF1EE10FA0CD2C4A214214620FBF7DC
:10802000ADF800E022E0009496ED000A20EE080A88
:1080300009E0BFA214214620FBF7A0F8009496EDBA
:10804000000A20EE280A052314215A20BCEEC00A9B
:1080500010EE102AFBF756F8AAA220211820FAF7F2
:108060005DFFABA232216820FBF788F899F8000089
:108070004E4604280ED10021AEA20846FAF74EFF64
:10808000B1A220210020FAF749FFB4A232216820D2
:10809000FBF774F8307805287ED10021B0A208469D
:1080A000FAF73CFFB3A210210020FBF767F8B8F9FC
:1080B0000000474600280ADAAFF21C721021084679
:1080C000FBF75CF80094B7F90000424208E0AFF219
:1080D0002C7210210846FBF751F80094B7F90020E4
:1080E000052310211820FBF70DF8B7F9020000282E
:1080F0000ADAAFF254721A211020FBF73FF800940D
:10810000B7F90200424208E0AFF268721A2110206B
:10811000FBF734F80094B7F9022005231A21182040
:10812000FAF7F0FFB7F9040000280ADAAFF290720C
:1081300024211020FBF722F80094B7F904004242F2
:1081400008E0AFF2A07224211020FBF717F800948A
:10815000B7F90420052324211820FAF7D3FF86A2BB
:1081600010214020FBF70AF883A21A214020FBF7D8
:1081700005F881A224214020FBF700F8AFF2CC7271
:1081800010214820FAF7FAFF7C4FB7F900000028C9
:108190000CDAAFF2F47200E055E010215020FAF74B
:1081A000EDFF0094B7F90000424208E0AFF60C0280
:1081B00010215020FAF7E2FF0094B7F900200523C0
:1081C00010215820FAF79EFFB7F9020000280ADABA
:1081D000AFF634021A215020FAF7D0FF0094B7F915
:1081E0000200424208E0AFF644021A215020FAF79A
:1081F000C5FF0094B7F9022005231A215820FAF789
:1082000081FFB7F9040000280ADAAFF66C022421D6
:108210005020FAF7B3FF0094B7F90400424208E097
:10822000AFF6800224215020FAF7A8FF0094B7F996
:108230000420052324215820FAF764FF47A23221A5
:108240006820FAF79BFF307806280ED1002139A26A
:108250000846FAF763FE4AA220210820FAF75EFEDC
:108260004BA232216820FAF789FF3078072809D01D
:10827000082807D0092805D00A2803D00B2801D0E8
:108280000C282DD1002143A20846FAF777FF424F70
:1082900000940523002110203A68FAF733FF3FA22B
:1082A00000214020FAF76AFF0094052300215020A6
:1082B0007A68FAF727FF3AA20A210020FAF75EFF50
:1082C000009405230A211020BA68FAF71BFF35A293
:1082D0000A214020FAF752FF052300940A2163E0A7
:1082E0008AE00000BCDCBFD5B3B5C2D6BAF300004B
:1082F000B5A5BBF7BFAACABCB8DFCBD9D7AAB6AF62
:1083000000000000C4A3CABDA3BAB5E7BBFA0000D1
:10831000322F3800412D0000412B0000422D00007B
:10832000422B0000432D0000432B0000442D000091
:10833000442B000020202020B5A5BBF7BDF8C8EBDA
:1083400020202020000000002020C4A3CABDA3BA22
:10835000CDD3C2DDD2C7202000000000332F38006B
:10836000BBCEB6AFD0A1B3B5B9DBB2ECCAFDBEDDB2
:1083700000000000470000007C00000046020020D2
:10838000C4A3CABDA3BAC1F9C2B7B6E6BBFA00001E
:10839000342F3800313A000074010020323A0000D6
:1083A000333A0000343A00005020FA68FAF7AAFE87
:1083B000A7A214210020FAF7E1FE0094052314215E
:1083C00010203A69FAF79EFEA2A214214020FAF783
:1083D000D5FE00940523142150207A69FAF792FE05
:1083E000AFF2640220210820FAF798FDAFF2600294
:1083F00032216820FAF7C2FE30780D280FD1AFF293
:10840000CC0200210846FAF789FD93A22021002022
:10841000FAF784FD95A232216820FAF7AFFE307892
:108420000E2818D192A210211820FAF777FD934850
:10843000D0F8A002012812D091A210215820FAF7FA
:108440006DFD85A220210020FAF768FD87A2322168
:108450006820FAF793FE30780F2802D01FE089A237
:10846000EBE7002188A20846FAF758FD8BA21021FD
:108470002020FAF753FD8B48D0F80C02012812D0C7
:108480007FA210215020FAF749FD87A22021082061
:10849000FAF744FD88A232216820FAF76FFE30789F
:1084A000102802D015E077A2EBE7002183A208464E
:1084B000FAF734FD86A210211820FAF72FFD87A2C3
:1084C00020211820FAF72AFD87A232216820FAF726
:1084D00055FE3078112828D184A200210820FAF70F
:1084E0001DFD86480078012808D0022808D00328FE
:1084F00008D0042808D0052808D00CE080A206E0A7
:1085000081A204E082A202E083A200E084A2102102
:108510003020FAF703FD71A220211820FAF7FEFCA3
:1085200071A232216820FAF729FE3078122824D16E
:108530007DA200210820FAF7F1FC10217EA2142070
:1085400000E071E0FAF7EAFC7DA210214420FAF77E
:1085500034FE7CA210215C20FAF7E0FC7AA22021F4
:108560001420FAF7DBFC7BA220216420FAF725FE19
:1085700079A232216820FAF701FE3078132827D13A
:10858000002176A20846FAF7C9FC76A20021242031
:10859000FAF713FE74A200213020FAF7BFFC75A28F
:1085A00010210820FAF7BAFC75A210214820FAF72A
:1085B00004FE65A220211420FAF7B0FC65A2202158
:1085C0006420FAF7FAFD64A232216820FAF7D6FD9A
:1085D0003078142823D100216BA20846FAF79EFCBC
:1085E0006EA210210020FAF799FC71A220210C2024
:1085F000FAF794FC062D0DD2DFE805F003061D20E6
:108600002326AFF69C4201E0AFF69C4220215C207D
:10861000FAF7D3FD50A232216820FAF7AFFD67A226
:1086200032210020FAF790FC01B0BDEC028BBDE8CE
:10863000F04FFAF74FBCAFF6BC42E7E7AFF6BC42EB
:10864000E4E7AFF6B842E1E7AFF6B842DEE7000094
:10865000353A0000363A00002020C4A3CABDA3BAB0
:10866000B7E4C3F9C6F7202000000000352F38001A
:10867000B7E4C3F9C6F7A3BA000000000000404207
:10868000B9D80000BFAA00002020B2A6B6AFCAB970
:10869000C4DCBFAAB9D8202000000000BFAAB9D806
:1086A000A3BA000000804142C4A3CABDA3BACAB99C
:1086B000C4DCBFAAB9D80000362F3800C8B7C8CF6D
:1086C000C0B6D1C0BAECB5C6B3A3C1C100000000AA
:1086D000BAF3B5A5BBF7BDF8C8EB0000C4A3CABD8B
:1086E000A3BAC0B6D1C00000372F3800D0A1B3B5AF
:1086F000D0D0B6AFD7B4CCACA3BA00008D01002067
:10870000CFF2C7B000000000CFF2D3D200000000CB
:10871000CFF2BAF300000000CFF2D7F30000000060
:10872000CDA3D6B900000000CAB9D3C3CAFDBEDDCF
:10873000CFDFC1ACBDD30000D6D0BCE4B5C40000CF
:1087400055534200BFDA0000C4A3CABDA3BAB4AEF9
:10875000BFDA000033000000382F3800B7A2CBCDBD
:108760000000000023000000BDE1CEB2B5C4CAFD88
:10877000BEDD0000B2A8CCD8C2CAA3BA0000000077
:108780003131353230300000BCB4BDABCDCBB3F6A7
:10879000D6CABCECC4A3CABD00000000C7EBD7AA70
:1087A000B6AFB5E7CEBBC6F7BBD8B5BD000000007D
:1087B000B5B1C7B0B3B5D0CDA3BA0000B5A5BBF76E
:1087C000BCCCD0F8CBABBBF7CDCBB3F600000000F0
:1087D0002DE9F041184E0F460446F5683068001D3B
:1087E00001F024F838B9306890F82C100120884046
:1087F000316981433161601C07D137B13168BDE80F
:10880000F0410E48091D01F049B830682C44AC42D3
:108810004460316805D2B06BBDE8F041091D01F03C
:1088200025B8706B091D01F021F8B06A844200D2AE
:10883000B462BDE8F0810000D0000020100A0020E2
:108840002DE9F041054601F035F82D4EB068401C89
:10885000B06030682B4F10B1706930B32BE03560D9
:10886000B068012827D1002404EB840007EB8000C6
:1088700000F0EEFF641C202CF6D3234800F0E8FF44
:108880002148143000F0E4FF1F48283000F0E0FFDA
:108890001D483C3000F0DCFF1B48503000F0D8FF92
:1088A000194870631430B06305E03068E96AC06A43
:1088B000884200D83560706A0121401C706268648B
:1088C000E86A326981401143316100EB800007EBB7
:1088D0008000291D00F0E2FF01F028F870690028EF
:1088E0000CD03068E96AC06A884207D207494FF065
:1088F00080500860BFF34F8FBFF36F8FBDE8F081EA
:10890000D000002040070020C009002004ED00E056
:1089100010B500F0CFFF0E4C2068A0B90D4800F054
:1089200097FF0C48143000F093FF0A48E0601430C1
:10893000206100221021052001F0E8FB206010B129
:1089400005A101F0C9F8BDE8104000F0EFBF00003C
:108950000C010020240A0020546D72510000000018
:1089600070B5124E124D1CE001F0EAFA306820B1E9
:10897000002401F0EFFFA4B901E00124F9E700F0C1
:1089800099FFF068C468201D00F050FFA868401EE1
:10899000A8606868401E686000F0C8FF204600F0CC
:1089A00052F868680028DFD170BD0000FC09002083
:1089B000D000002030B4026C0B46002A0BD0C168F6
:1089C0001144C1604468A14201D30168C16030BC58
:1089D0001846F7F775BD30BC70472DE9F041856B3F
:1089E000174604460026026C82B1C7B1E068F7F76B
:1089F00067FDE168206C091AE1602268914202D2A9
:108A00006168081AE060022F16D017E02068A8B944
:108A1000606801F0F9FE0646002060600EE0A06884
:108A2000F7F74EFD216CA0680844A0606168884299
:108A300004D32068A06001E005B16D1E6D1CA56324
:108A40003046BDE8F08110B50446006B00F0A0FF91
:108A50002046BDE8104000F09BBF000010484FF4D6
:108A6000A041420706D0C01D0D4920F00700411A61
:108A7000C1F5A0410B4A00230144C2E900030839B3
:108A8000103A21F0070111604B600B600B1AC0E92E
:108A9000001393604FF000405360D06070470000B7
:108AA0004C0A00203C010020074E4FF08054074D37
:108AB000FFF756FF30680128FAD92C60BFF34F8FBB
:108AC000BFF36F8FF4E700004007002004ED00E0E3
:108AD0002DE9F047DDE909840E46174682469100EC
:108AE0009946089DA522206BF7F72FFD6FF0030133
:108AF000206B01EB8701084420F00707780705D0B9
:108B000040F22B3219A11EA0F7F734FC00202218E6
:108B1000315C82F83410315C11B1401C1028F6D35E
:108B2000002684F84360202D00D31F25E562C4E9A8
:108B30001356201D00F097FE04F1180000F093FE7C
:108B40002461C5F120006462A061666584F8586004
:108B50004A465146384600F00FFB2060B8F1000F3E
:108B600001D0C8F80040BDE8F08700002E2E5C461A
:108B700072656552544F535C7461736B732E63005E
:108B80004572726F723A25732C25640D0A0000003D
:108B900030B5114900E011460A688242FBD34B68A8
:108BA0005C18844203D14068184448600846436812
:108BB0001C18944209D1084C103C2468A24209D0E8
:108BC00052681A4442600A6812680260814200D00A
:108BD000086030BD0460F9E73C01002070B5002456
:108BE00041600B4D0061914206D8D11A82699142D1
:108BF00006D2011D286907E09A4203D2994201D3A7
:108C0000012403E0011DE86800F030FE204670BD3D
:108C10000C01002010B5044600F04CFEA06B20B102
:108C2000002400F083FE204610BD0124F9E7000077
:108C30002DE9F34100980F460026846C2CB940F6CC
:108C4000CE1216A11AA0F7F795FBA06BE16B884234
:108C500005D340F6CF1211A115A0F7F78BFBA06B3F
:108C6000E16B88420CD294F945503A466946204659
:108C7000FFF7B3FE0646681C05D06D1C84F845500E
:108C80003046BDE8FC81606A0028F9D004F1240078
:108C900001F014FE0028F3D00126F1E72E2E5C46E9
:108CA00072656552544F535C71756575652E63002E
:108CB0004572726F723A25732C25640D0A0000000C
:108CC000F8B5054614480E46C068C068C468201D43
:108CD00000F0ACFDE069012817D1A0692B464119CD
:108CE00032462046FFF77AFF78B10020034601465E
:108CF00000902A46204601F013FF30B907494FF48F
:108D0000027201F11800F7F735FB616A01B02046E5
:108D1000BDE8F040084700000C01002084AA0008CC
:108D200070B586B02F4E53E00198002806DADDE9D1
:108D30000301029A90470198002849DB039C60696F
:108D400010B1201D00F072FD05A800F0A7F805463F
:108D500001980A283CD2DFE800F00505053B2738DA
:108D600005053B270298A169034601442A4620468F
:108D7000FFF734FF00282BD0616A20468847E0695E
:108D8000012825D1002000900298A16900234218F3
:108D90001946204601F0C4FED0B940F2213212A19A
:108DA00017A0F7F7E7FA13E00298A06128B94FF48B
:108DB0004E720DA112A0F7F7DDFAA0692B464119FA
:108DC0001A462046FFF70AFF02E0204600F0E0FDC9
:108DD00000231A4601A9306801F0D4F90028A3D174
:108DE00006B070BD0C0100202E2E5C4672656552E7
:108DF000544F535C74696D6572732E6300000000FC
:108E00004572726F723A25732C25640D0A000000BA
:108E1000F8B50D46064601F093F8684600F03EF8B6
:108E20000446009810B101F095FDF8BD1148ADB1B0
:108E300001690968D9B10025311B2A46006800F094
:108E40005DFE01F087FD0028EFD10B494FF0805007
:108E50000860BFF34F8FBFF36F8FF8BDA642EBD80A
:108E600001F078FD21463046FFF72AFFF8BD0125C5
:108E7000E2E700000C01002004ED00E00648416B31
:108E8000096829B1416BC968C9684968816270473E
:108E90004FF0FF31FAE70000D000002070B5054622
:108EA00001F038FC064E0446B068844203D200F05C
:108EB00009F8012000E0002028602046B46070BD61
:108EC0000C010020F8B5184E26E0C068C46805689B
:108ED000201D00F0ABFC616A20468847E06901284C
:108EE0001AD1A0692844A84206D924616060211DD6
:108EF000F06800F0BBFC0FE0002003460146009044
:108F00002A46204601F00CFE30B9084940F2923260
:108F100001F11800F7F72EFAF06801680029D4D1A2
:108F20003169C6E90310F8BD0C01002084AA0008CD
:108F300008484068401C05D040F20F1206A111A05D
:108F4000F7F718FA502080F31188BFF34F8FBFF363
:108F50006F8FFEE7200100202E2E5C467265655261
:108F6000544F535C706F727461626C655C5256440E
:108F7000535C41524D5F434D34465C706F72742EAA
:108F8000630000004572726F723A25732C25640DE0
:108F90000A000000084CE068016839B1002139B1CD
:108FA0000020FFF735FFFFF7BBFEF4E70121F6E7EE
:108FB000C0680068F5E700000C0100202DE9F041D1
:108FC000044600F077FC94F9455004F1240610E0C3
:108FD000A06C20B100212046FFF72AFE04E0606A61
:108FE00048B1304601F06AFC08B100F09BFE6D1EEE
:108FF0006DB2002DECDC4FF0FF3684F8456000F0D8
:1090000095FC00F057FC94F9445004F1100709E076
:10901000206948B1384601F051FC08B100F082FEE9
:109020006D1E6DB2002DF3DC84F84460BDE8F041A4
:1090300000F07CBC08B5FEF735FA00900A216846BE
:1090400000F0B4FDFAF706FAF8E700002DE9F04168
:109050000546002600F074FF324F386808B9FFF764
:10906000FDFCF86805424FD1002D4DD0083568074A
:109070000BD005F00700C0F108000544680704D0D4
:10908000BF2229A132A0F7F775F9002D3CD07868EE
:10909000854239D8234910310846046801E0214649
:1090A00004466068A84202D220680028F7D13868D8
:1090B000B846844228D00E68206808606068083688
:1090C000401B10280ED96719780704D0EC2216A18E
:1090D0001FA0F7F74FF96068401B7860384665605D
:1090E000FFF756FD6168D8F804004246401AC8F8F8
:1090F0000400D8F80830984200D29060D8F80C00EC
:1091000001430020C4E9000101F024FC700705D0F0
:109110004FF4967204A10EA0F7F72CF93046BDE883
:10912000F08100002C0100202E2E5C4672656552F5
:10913000544F535C706F727461626C655C4D656D09
:109140004D616E675C686561705F342E630000007E
:109150004572726F723A25732C25640D0A00000067
:109160000449086818B10868026D521C0265086855
:1091700070470000D000002010B5031F4FF080742E
:109180001C601B1F21F001011960191F044B0B60AB
:1091900014390A60091F6FF0020244380A6010BDDA
:1091A000318F000808B5FEF77DF93F4E3F4FDFF8DD
:1091B00000B1404D4FF001094FF000084FF0020A96
:1091C000009000246421684600F0F0FC3A480068F2
:1091D000322801DA484603E03338312802D24046CB
:1091E000C6F8A002A86801280BD0E868012808D0BA
:1091F0006868052809DA401C6860052805DA4846D1
:1092000006E04046C5F80480F5E7052802D140464F
:10921000C6F8A002F9F71AF8D7ED000A641C0A2C68
:1092200030EE200A87ED000AF4DBF0EE400AB2EEE1
:10923000041A80EE810ADFED210A8BED000AC7EDEA
:10924000000AA968012901D1C5F808A0E968012927
:1092500001D1C5F80CA010EE101A194A914204DB96
:109260009FED180A8BED000A18E010EE100A16495F
:109270000844B0F5002F05D2A868022802DA401C85
:10928000A8600BE010EE100A0F494942884205DA47
:10929000A868022802DAE868401CE860F7F74CFB8F
:1092A000FEF742F98DE70000000040421C0000205C
:1092B0001800002024020020E4010020000000002B
:1092C0009A9949419A9949410000E0BE00B52DEDB7
:1092D000048B83B041EC190B02F092F841EC180BAF
:1092E00018EE100A18EE901A8DED008B002818BFAA
:1092F0000120084320F00040C0F17F6000F1E04011
:10930000C00F14D019EE101A19EE900A8DED009BC3
:10931000002918BF0121084320F00040C0F17F6000
:1093200000F1E040C00F04BF0120F7F741F951EC14
:10933000180B03B0BDEC048B00BD00002DE9FC410F
:1093400000F0B8FA00240425CDE900544FF4007869
:10935000234642461AA11E4801F0A2F90326CDE990
:109360000064AF0100233A461AA11E4801F098F9A3
:10937000CDE90064002342461BA11E4801F090F98C
:10938000CDE90064002380221BA11E4801F088F96A
:10939000CDE9005400233A461BA11E4801F080F994
:1093A000CDE90054002342461BA11E4801F078F984
:1093B0001D48006800F050FCBDE8FC4100F0B6BA62
:1093C00042616C616E63655F7461736B00000000E5
:1093D000710B00084D5055363035305F7461736B3A
:1093E00000000000252B000873686F775F746173BD
:1093F0006B000000A59100086C65645F7461736B7D
:1094000000000000C1740008505354574F5F74614E
:10941000736B000035900008444154415F746173E0
:109420006B000000F17000080000002038B54FF418
:109430004070F9F761FCA820FDF7C2FFF9F784FA44
:10944000F7F756FEF8F75CFBF9F7ACFCF9F7C8F94B
:109450004FF4E134204600F05FF84FF4165000F06E
:10946000B1F8204600F002F9204600F057F9F7F76E
:10947000FFFAF7F73DFB00200090032306220721A7
:109480000120F7F74FFEFAF7B3FBF8F751FBF8F7B7
:10949000BDFBF8F719FCF8F775FC42F20F74532185
:1094A0002046FAF79BFEA7212046FBF7DDF844F2A1
:1094B0009F1400212046FAF7F9FE00212046FBF711
:1094C000F9F900212046FAF7E5FD00212046FAF7D8
:1094D00031FEF8F711FFF9F7D0FAF9F791FFBDE87F
:1094E0003840FAF77DB8B4EEE00AF1EE10FA02D295
:1094F000B0EE600A7047B4EEC10AF1EE10FAF9DD81
:10950000B0EE410A7047884201DA0846704790423F
:10951000FCDD104670470000F0B50746012187B01A
:109520000846FAF78FF901211020FAF7A3F9234E24
:10953000072209213046F8F7BFFC07220A213046EE
:10954000F8F7BAFC4FF4C060049002208DF81400C4
:1095500000248DF816408DF8150001258DF8175060
:1095600004A93046F8F76CFC25208DF818008DF81A
:1095700019508DF81A408DF81B5006A8F9F78AFB90
:10958000ADF80440ADF80640ADF80840ADF80C4029
:109590000C200B4CADF80A00009769462046FBF7FB
:1095A000B5FF012240F225512046FBF796FF01212D
:1095B0002046FBF769FF07B0F0BD00000000024045
:1095C00000100140F0B5074687B001210820FAF7E6
:1095D00039F901214804FAF741F9224E0722052101
:1095E0003046F8F769FC072206213046F8F764FC9C
:1095F0006020049002208DF8140000248DF816409D
:109600008DF8150001258DF8175004A93046F8F79C
:1096100017FC26208DF818008DF819508DF81A4087
:109620008DF81B5006A8F9F735FBADF80440ADF8EE
:109630000640ADF80840ADF80C400C200A4CADF8DF
:109640000A00009769462046FBF760FF012240F2BE
:1096500025512046FBF741FF01212046FBF714FF6F
:1096600007B0F0BD000C0240004400402DE9F0417D
:10967000804688B001210820FAF7E4F80121880427
:10968000FAF7ECF8234F072208213846F8F714FCC4
:10969000072209213846F8F70FFC02258DF81450EF
:1096A00000244FF440708DF8164004908DF815504A
:1096B00001268DF8176004A93846F8F7C1FB27206A
:1096C0008DF818008DF819508DF81A408DF81B6030
:1096D00006A8F9F7DFFAADF80440ADF80640ADF89A
:1096E0000840ADF80C400C200B4CADF80A00CDF84A
:1096F000008069462046FBF709FF012240F2255110
:109700002046FBF7EAFE01212046FBF7BDFE08B02C
:10971000BDE8F081000C0240004800402DE9F04314
:10972000814687B001210420FAF78CF80121082036
:10973000FAF788F801210805FAF790F82B4F08226C
:109740000C213846F8F7B8FBDFF8A4800822022184
:109750004046F8F7B1FB02258DF804500024B814F8
:109760008DF8064000908DF8055001268DF80760B1
:1097700069463846F8F764FB8DF8045004208DF8EC
:10978000064000908DF805508DF807606946404608
:10979000F8F756FB35208DF818008DF819508DF824
:1097A0001A408DF81B6006A8F9F774FAADF80C4062
:1097B000ADF80E40ADF81040ADF814400C200D4C43
:1097C000ADF81200CDF8089002A92046FBF79EFEE6
:1097D000012240F225512046FBF77FFE0121204661
:1097E000FBF752FE07B0BDE8F0830000000802401E
:1097F000000C024000500040024988800888400662
:10980000FCD570470010014003490880081F0188FB
:109810004906FCD570470000044800400249888092
:1098200008884006FCD5704700500040D0E901325E
:1098300001699A60D0E901235A604A68824201D1E5
:1098400082684A60002202610868401E0860704712
:1098500000F108014FF0FF32C0E90112C16001615F
:1098600000210160704700210161704730B50C682C
:10987000621C02D000F1080202E0026904E01A460C
:1098800053681D68A542FAD953684B6099608A6095
:10989000516008610168491C016030BD42684A603E
:1098A00093688B6093685960916008610168491CF6
:1098B00001607047502080F31188BFF34F8FBFF3D2
:1098C0006F8F09494868401C486001280AD1074841
:1098D000006810F0FF0F05D040F2B91204A10FA0EC
:1098E000F6F748BD704700002001002004ED00E0BD
:1098F0002E2E5C4672656552544F535C706F7274C5
:1099000061626C655C525644535C41524D5F434DFD
:1099100034465C706F72742E630000004572726F83
:10992000723A25732C25640D0A00000010B5084C0E
:10993000606828B94FF4E07206A111A0F6F71AFD8D
:109940006068401E606001D180F3118810BD000086
:10995000200100202E2E5C4672656552544F535CE8
:10996000706F727461626C655C525644535C415214
:109970004D5F434D34465C706F72742E630000007F
:109980004572726F723A25732C25640D0A0000002F
:1099900070B500282AD0164DA0F108046068E96867
:1099A000084205D14FF4A07212A11CA0F6F7E2FC08
:1099B000206828B140F241120EA118A0F6F7DAFC97
:1099C0006068E968084211D02268002A0ED18843F5
:1099D000606000F0B5FA6068696808446860204615
:1099E000FFF7D6F8BDE8704000F0B4BF70BD0000CE
:1099F0002C0100202E2E5C4672656552544F535C3C
:109A0000706F727461626C655C4D656D4D616E67FF
:109A10005C686561705F342E630000004572726F90
:109A2000723A25732C25640D0A00000006484FF495
:109A30007A710068B0FBF1F14FF0E020491E4161FE
:109A400007210161704700000400002010B5F6F7FF
:109A50006BFC104C10280CD300F1E02090F8F003C0
:109A60002178884205D24FF440720BA115A0F6F779
:109A700081FC18480068A16800F4E060884207D9BA
:109A8000BDE810404FF4447203A10EA0F6F772BC7B
:109A900010BD0000200100202E2E5C46726565522C
:109AA000544F535C706F727461626C655C525644C3
:109AB000535C41524D5F434D34465C706F72742E5F
:109AC000630000004572726F723A25732C25640D95
:109AD0000A0000000CED00E010B5074B002253F81F
:109AE00032401CB1521C082AF9D310BD43F8321081
:109AF00003EBC201486010BD0007002070B5154699
:109B00000E460446FFF7D6FE94F944100020491C87
:109B100001D184F8440094F94510491C01D184F81E
:109B20004500FFF703FFA06B28B92A46314604F130
:109B3000240000F027F92046BDE87040FFF73EBA48
:109B400010B5040012D00E49096B29B140F2CF4282
:109B50000CA111A0F6F70EFC00F0F2F9002120464E
:109B6000FEF736FE00F0F6FE002807D10E494FF052
:109B700080500860BFF34F8FBFF36F8F10BD0000A0
:109B8000D00000202E2E5C4672656552544F535C07
:109B90007461736B732E63004572726F723A257332
:109BA0002C25640D0A00000004ED00E02DE9F041D1
:109BB0000E4605004FF0000405D140F279421BA18A
:109BC0001FA0F6F7D7FB2EB940F27A4217A11CA0CE
:109BD000F6F7D0FB1E4F386B28B140F27B4213A141
:109BE00017A0F6F7C7FB00F0ABF9FA6828688119EF
:109BF000904202D9884202D804E0884201D89142BA
:109C000000D9012429601CB1881A0021FEF7E0FD6B
:109C100000F0A0FE002807D10E494FF080500860E8
:109C2000BFF34F8FBFF36F8FBDE8F0812E2E5C46E0
:109C300072656552544F535C7461736B732E63008D
:109C40004572726F723A25732C25640D0A0000006C
:109C5000D000002004ED00E070B50446FFF72AFEB6
:109C6000234D04B92C68201DFFF7E0FD58B9E06AC8
:109C7000204A00EB800152F8211021B901218140D6
:109C8000286988432861A06A18B104F11800FFF719
:109C9000CDFD686A401C68622868844207D1211D96
:109CA0001548FFF7FBFD6868401C686007E0A8687E
:109CB000401EA8602046FEF7C6FEFFF7DFF8FFF75C
:109CC00035FE6869002812D0286884420FD1286BBD
:109CD00028B140F2654209A10DA0F6F74BFB1049EF
:109CE0004FF080500860BFF34F8FBFF36F8F70BD90
:109CF000D000002040070020FC0900202E2E5C46EA
:109D000072656552544F535C7461736B732E6300BC
:109D10004572726F723A25732C25640D0A0000009B
:109D200004ED00E001490120C8617047D000002027
:109D300070B50D46040005D140F6063207A10CA00F
:109D4000F6F718FB0E48016820461831FFF78EFD24
:109D50002846BDE870400121FEF73ABD2E2E5C4634
:109D600072656552544F535C7461736B732E63005C
:109D70004572726F723A25732C25640D0A0000003B
:109D8000D000002070B514460E46050005D140F6FF
:109D9000313209A10DA0F6F7EDFA10480168284606
:109DA0001831FFF77BFD0CB14FF0FF3621463046EE
:109DB000BDE87040FEF70CBD2E2E5C467265655204
:109DC000544F535C7461736B732E63004572726FF2
:109DD000723A25732C25640D0A000000D000002083
:109DE00070B5040039D01D4DE06A2968C96A8842FF
:109DF00033D2A069002804DB2868C06AC0F12000C3
:109E0000A061E06A164E00EB8000616906EB8000FD
:109E100081421FD1201DFFF709FD012150B9E06AE1
:109E200000EB800256F8222022B92A6901FA00F0DC
:109E300082432A612868C06AE0622A69814011432E
:109E4000296100EB800006EB8000211DBDE8704019
:109E5000FFF724BD2868C06AE06270BDD000002012
:109E60004007002010B5040005D140F6C13205A11D
:109E700009A0F6F77FFA0C48016A2160C0686060AB
:109E800010BD00002E2E5C4672656552544F535C27
:109E90007461736B732E63004572726F723A25732F
:109EA0002C25640D0A000000D00000201CB51748C6
:109EB0000024CDE900402346822215A1164800F077
:109EC000EFFB012803D100F0F1FD01280AD0401C6E
:109ED0001BD102B040F28472BDE810400FA114A063
:109EE000F6F748BA502080F31188BFF34F8FBFF3C5
:109EF0006F8F06484FF0FF312C388162012141619C
:109F0000C460BDE81C4000F061B81CBDFC0000202E
:109F100049444C4500000000A98A00082E2E5C46EA
:109F200072656552544F535C7461736B732E63009A
:109F30004572726F723A25732C25640D0A00000079
:109F40000248016B491C016370470000D0000020EB
:109F500070B5134D286B10B10120E86170BD002071
:109F6000E86128690F4EB0FA80F0C0F11F0000EBE5
:109F7000800456F8240028B940F6F6220AA10FA062
:109F8000F6F7F8F906EB840000F108024168496829
:109F90004160914201D149684160C868286070BD44
:109FA000D0000020400700202E2E5C4672656552CE
:109FB000544F535C7461736B732E63004572726F00
:109FC000723A25732C25640D0A0000001CB5304C34
:109FD00020683049884205D140F259122EA139A09B
:109FE000F6F7C8F920682B49491E884205D14FF47D
:109FF000AD7229A133A0F6F7BDF9364C2078019057
:10A00000FF20207020788DF800009DF800009DF85A
:10A01000001000F0F000884205D040F273121EA13B
:10A0200028A0F6F7A7F99DF800002B4A00F0500091
:10A0300010700720906007E09068401E90609DF8C7
:10A04000000040008DF800009DF800000006F3D4E9
:10A05000107A000200F4E0609060019820700C48D3
:10A060002030016841F470010160016841F07041E5
:10A070000160FFF7DBFC00205060F6F71DF9174880
:10A08000016841F040410160F6F706F900201CBD6F
:10A0900000ED00E071C20F412E2E5C4672656552E4
:10A0A000544F535C706F727461626C655C525644BD
:10A0B000535C41524D5F434D34465C706F72742E59
:10A0C000630000004572726F723A25732C25640D8F
:10A0D0000A00000000E400E02001002034EF00E06E
:10A0E00010B5502080F31188BFF34F8FBFF36F8FEF
:10A0F00000F016FB18B104494FF0805008600020B2
:10A1000080F3118810BD000004ED00E02DE9F0415E
:10A1100017460E46050005D14FF4C47210A115A0D4
:10A12000F6F728F9BEB105FB06F05430FEF78EFFB6
:10A1300004000ED004F154007EB12060C4E90F5633
:10A140002046012100F0E0F884F8507000212046FC
:10A15000A164BDE8F0810020E7E72460EEE700009D
:10A160002E2E5C4672656552544F535C7175657551
:10A17000652E63004572726F723A25732C25640D4B
:10A180000A0000002DE9FF4F83B09B468A46040079
:10A190004FF0000605D140F2DC4251A155A0F6F780
:10A1A000E9F8BAF1000F07D1206C28B140F2DD4286
:10A1B0004BA150A0F6F7DEF800F09EFA38B90598EA
:10A1C00028B14FF49C6246A14AA0F6F7D3F84FF0AD
:10A1D00000094FF08057DFF82C81FFF76BFBA56B70
:10A1E00045B351462046E668FEF7E4FBBBF1000F9D
:10A1F00013D0E660606A50B104F1240000F05EFB09
:10A2000028B1C8F80070BFF34F8FBFF36F8FFFF70F
:10A210008DFB012007B0BDE8F08F6D1EA56320689F
:10A2200010B9FEF79DFF606020690028EFD004F1AF
:10A230001000E3E7059808B11EB106E0FFF776FBD2
:10A2400027E06846FFF70EFE0126FFF76FFBFFF7DA
:10A2500077FEFFF72FFB94F94400401C01D184F8EE
:10A26000449094F94500401C01D184F84590FFF7D3
:10A270005DFB05A9684600F0CFF9002820460AD00A
:10A28000FEF79CFE00F066FB2046FEF7C3FC0028AC
:10A29000A3D00020BEE7FEF7BDFCD8B1206830B9DE
:10A2A000FFF708FB6068FFF79BFDFFF73FFB04F13A
:10A2B00024000599FFF73CFD2046FEF77FFE00F0E5
:10A2C00049FB002889D1C8F80070BFF34F8FBFF356
:10A2D0006F8F82E72046FEF771FE00F03BFB7CE7C4
:10A2E0002E2E5C4672656552544F535C71756575D0
:10A2F000652E63004572726F723A25732C25640DCA
:10A300000A00000004ED00E070B50D46040005D120
:10A3100040F21B121CA121A0F6F72CF8FFF7CAFA95
:10A32000D4E90F20216802FB001161600021A163C4
:10A330002168A1600A46D4E90F01401E00FB0121FB
:10A34000E16021464FF0FF3001F8440F487004F1FE
:10A3500010004DB1FFF77CFA04F12400FFF778FA02
:10A36000FFF7E4FA012070BD21690029F8D000F060
:10A37000A5FA0028F4D00D494FF080500860BFF3D3
:10A380004F8FBFF36F8FEBE72E2E5C4672656552E1
:10A39000544F535C71756575652E63004572726F1D
:10A3A000723A25732C25640D0A00000004ED00E0CC
:10A3B0002DE9FF4F83B099468B4604004FF000060D
:10A3C00005D140F2D92252A156A0F5F7D3FFBBF137
:10A3D000000F07D1206C28B140F2DA224CA151A025
:10A3E000F5F7C8FFB9F1020F08D1E06B012805D0DD
:10A3F00040F2DB2246A14BA0F5F7BCFF00F07CF950
:10A4000038B9059828B140F2DE2241A145A0F5F700
:10A41000B1FF4FF0000A4FF08057DFF81881FFF7C7
:10A4200049FAA06BE16B884206D3B9F1020F03D061
:10A43000059800B316B325E04A4659462046FEF774
:10A44000CCFAA16C21B149462046FEF7F1FB05E0AC
:10A45000616A19B104F1240000F030FA28B1C8F89B
:10A460000070BFF34F8FBFF36F8FFFF75FFA0120CC
:10A4700007B0BDE8F08FFFF759FA21E06846FFF713
:10A48000F1FC0126FFF752FAFFF75AFDFFF712FA27
:10A4900094F94400401C01D184F844A094F945008B
:10A4A000401C01D184F845A0FFF740FA05A9684691
:10A4B00000F0B2F830B12046FEF780FD00F04AFA15
:10A4C0000020D5E7FFF7F6F9A06BE16B884201D1D8
:10A4D000012500E00025FFF729FA95B104F11000ED
:10A4E0000599FFF725FC2046FEF768FD00F032FADB
:10A4F000002894D1C8F80070BFF34F8FBFF36F8F5F
:10A500008DE72046FEF75AFD00F024FA87E70000A9
:10A510002E2E5C4672656552544F535C717565759D
:10A52000652E63004572726F723A25732C25640D97
:10A530000A00000004ED00E02DE9F04798461546BA
:10A540008946040005D140F29F322AA12EA0F5F7DA
:10A5500011FFB9F1000F07D1206C28B14FF46872D8
:10A5600024A129A0F5F706FFB8F1020F08D1E06B8E
:10A57000012805D040F2A1321EA123A0F5F7FAFE72
:10A58000FFF764FA5020EFF3118780F31188BFF3CF
:10A590004F8FBFF36F8FA06BE16B884207D3B8F189
:10A5A000020F04D0002087F31188BDE8F08794F9EA
:10A5B0004560424649462046FEF70FFA701C04D01B
:10A5C000761C84F845600120EDE7A06C012620B1DF
:10A5D00041462046FEF72CFB06E0606A0028F2D0D8
:10A5E00004F1240000F06AF90028ECD0002DEAD034
:10A5F0002E60E8E72E2E5C4672656552544F535C20
:10A6000071756575652E63004572726F723A2573B8
:10A610002C25640D0A00000070B50D46040005D11C
:10A6200040F6CB3214A119A0F5F7A4FE2DB940F6DF
:10A63000CC3211A115A0F5F79DFEFFF73BF9174AA3
:10A64000D06829684B1C0FD02368126A934202D04D
:10A65000626882420AD96268801A884206D2081A61
:10A6600028602046FFF7FEFB002400E00124FFF7EE
:10A670005DF9204670BD00002E2E5C467265655265
:10A68000544F535C7461736B732E63004572726F29
:10A69000723A25732C25640D0A000000D0000020BA
:10A6A0002DE9FF5F8346DDE90E87994616468A4607
:10A6B0009000FEF7CBFC05001AD05C20FEF7C6FC2C
:10A6C000040012D025630021CDE90241CDE90087C5
:10A6D0004B46324651465846FEF7FAF92046FEF7F9
:10A6E000AFF8012004B0BDE8F09F2846FFF750F90D
:10A6F0004FF0FF30F6E700000548416919B1006BE3
:10A7000018B10020704701207047022070470000F8
:10A71000D00000200148C06870470000D000002031
:10A720002DE9F0412D4F0026386B40B1B869401C2F
:10A73000B861F86900B101263046BDE8F081FD68D6
:10A740006D1CFD6011D1786B006828B140F6D912FC
:10A7500023A128A0F5F70EFE786BB96B7963B86377
:10A76000386A401C3862FEF789FBB86ADFF89480CB
:10A77000854209D3786B006880B1786BC068C46883
:10A78000606885420DD2B8623868C06A00EB80010B
:10A7900058F821000128CCD90126CAE74FF0FF3034
:10A7A000F1E7201DFFF742F8A06A18B104F1180084
:10A7B000FFF73CF8E06A01213A69814011433961B1
:10A7C00000EB800108EB8100211DFFF767F8E06ACC
:10A7D0003968C96A8842CDD30126CBE7D000002072
:10A7E0002E2E5C4672656552544F535C7461736BD8
:10A7F000732E63004572726F723A25732C25640DB7
:10A800000A0000004007002070B504004FF0000669
:10A810003CD01F4D2868844205D040F6C7621DA178
:10A8200021A0F5F7A7FD206D28B940F6C96219A14E
:10A830001DA0F5F79FFD206D401E2065E26CE16ACA
:10A84000914223D010BB201DFEF7F0FF1A490122D0
:10A8500050B9E06A00EB800351F8233023B92B692B
:10A8600002FA00F083432B61E06CE062C0F120004B
:10A87000A061E06A2B6982401A432A6100EB8000E4
:10A8800001EB8000211DFFF709F80126304670BD5D
:10A89000D00000202E2E5C4672656552544F535CEA
:10A8A0007461736B732E63004572726F723A257315
:10A8B0002C25640D0A000000400700202DE9F0411E
:10A8C000C068C4682CB940F6613216A11AA0F5F729
:10A8D00051FD04F118000746FEF7A8FF1A4D286B3A
:10A8E000012660B139461948FEF7D8FFE06A2968A9
:10A8F000C96A884213D90120EE61BDE8F081201DAC
:10A90000FEF794FFE06A2A6906FA00F11143296113
:10A910000F4900EB800001EB8000211DE4E70020DF
:10A92000EBE700002E2E5C4672656552544F535C77
:10A930007461736B732E63004572726F723A257384
:10A940002C25640D0A000000D0000020E80900203A
:10A95000400700202DE9F0472B4D00242746286BA7
:10A9600028B94FF4FD6229A12DA0F5F703FDFEF7EC
:10A97000A1FF286B401E2863286BE8BBA8682C4900
:10A980000126C8B3A1F52A798846D8F80010E9B1A4
:10A99000D8F80C00C46804F11800FEF747FF201D2A
:10A9A000FEF744FFE06A2A6906FA00F111432961C3
:10A9B00000EB800109EB8100211DFEF76FFFE06ACB
:10A9C0002968C96A8842E0D3EE61DEE70CB1FEF780
:10A9D00055FAAC693CB1FFF7A3FE00B1EE61641E0D
:10A9E000F9D10020A861E86930B112490127380780
:10A9F0000860BFF34F8F00E001E0BFF36F8FFEF7F9
:10AA000095FF3846BDE8F087D00000202E2E5C462A
:10AA100072656552544F535C7461736B732E63009F
:10AA20004572726F723A25732C25640D0A0000007E
:10AA3000E809002004ED00E02DE9F04707469946BB
:10AA400016460D462C20DDF820A0FEF7FFFA040084
:10AA500014D0B8464F46D1462DB94FF4C67209A15D
:10AA60000EA0F5F787FCFDF753FF04F11801C4F8B9
:10AA7000008081E8E002201DFEF7F5FE2046BDE8DB
:10AA8000F08700002E2E5C4672656552544F535C71
:10AA900074696D6572732E63000000004572726FF9
:10AAA000723A25732C25640D0A0000001CB50024A1
:10AAB000FDF72EFF0C48006868B10B491F20091DE7
:10AAC000CDE9000100234FF4827208A10948FFF785
:10AAD000E7FD040005D140F2331207A10CA0F5F701
:10AAE00049FC20461CBD00000C010020546D722062
:10AAF00053766300958F00082E2E5C467265655272
:10AB0000544F535C74696D6572732E6300000000CE
:10AB10004572726F723A25732C25640D0A0000008D
:10AB20002DE9FF47DDF830A0994690460D46060016
:10AB30004FF0000705D14FF4D37212A117A0F5F71B
:10AB400019FC1A4C206880B1CDE900580296062DF8
:10AB500011DAFFF7D1FD02284FF0000309D00022DF
:10AB600069462068FFF724FC074604B03846BDE874
:10AB7000F0875246F4E700234A466946FFF7DCFCBB
:10AB8000F2E700002E2E5C4672656552544F535C0E
:10AB900074696D6572732E63000000004572726FF8
:10ABA000723A25732C25640D0A0000000C01002068
:10ABB00081F00041704780F00040704721F0004173
:10ABC000704720F00040704721F00042A2F160522F
:10ABD000B2F5801F01F0004328BFD2F17F6C0BD982
:10ABE0005FEA001C43EAC20242EB507018BF704794
:10ABF00028BF20F001007047B2F5801FBCBF184687
:10AC000070474FEA410C1CF5001F02D2084600F0C5
:10AC100023BE70B500F05EFB00000089FFF7F6BFB1
:10AC20004FF00040A0F580007047000010B591EA99
:10AC3000030F48BF83F0004300F1B684841A71EB20
:10AC4000030C05D2121943EB0C03001B61EB0C0142
:10AC5000DFF824E14FEA1154A4EB135C1EEA430F22
:10AC600018BF9EEA445F73D023EA0E03DCF1200E86
:10AC700021EA045143F4801332D322FA0CFE10EB84
:10AC80000E0023FA0CFE41EB0E01CCF1200E03FA6C
:10AC90000EFE10EB0E0051F10001B1F5801FCCF15A
:10ACA000200E32D201EB045112FA0EF2BDE8104030
:10ACB00058BF7047401C38BF5FEA420218BF704758
:10ACC000002814BF20F0010041F100014FEA4103C8
:10ACD00013F5001F38BF7047A1F1C04100F048BB19
:10ACE000012A43EB0302ACF1200CDCF11F0E32BF52
:10ACF0004FF0000E23FA0CF310EB030041EB04516C
:10AD0000B4EB115FD0D0A1EB045101F580114908DB
:10AD10005FEA300001EB04510ED350F1000038BF60
:10AD200012FA0EFE08D1BDE81040C9E7401C38BF3A
:10AD30005FEA4202CAD1C3E7BDE810404FEA4103CF
:10AD400013F5001F38BF7047A1F1C04100F010BBE0
:10AD50009EEA445F08D011EA5E0FBDE8104004BFD0
:10AD600001F0004100207047BDE8104070B500F0D0
:10AD7000B1FA00BF64FBBE3E0000E0FF02494FF0A5
:10AD8000000000F06EBD00BF0000F87F491058BF02
:10AD9000C1F140415B1058BFC3F140438B42EFF318
:10ADA000008070472DE9C04130B4DFF8A0C23CEA12
:10ADB000111418BF3CEA131400F0EC8081EA03057B
:10ADC0001CEA111444EAD57418BF1CEA131500F0EC
:10ADD000C780A4EB05044FF0004545EAC12145EAD0
:10ADE000C32341EA505143EA525304F17F7499421C
:10ADF00004F500344FEAC0204FEAC22208BF904257
:10AE000000F09C804FEA13650FF24016765D4FEA22
:10AE1000134506FB05F7C7F1807706FB07F74FEAF6
:10AE2000D737A7FB03687642C8F58038A7FB06CE64
:10AE300038BFA8F1010807FB08E64FF0000EA6FB9B
:10AE4000028CE6FB03CEDCF1000CCEF1004E38BFE5
:10AE5000AEF1010EA6FB0C584FF000074FF00005B5
:10AE6000E6FB0E87A1FB08C6A0FB07CE16EB0E067D
:10AE700045F10005E1FB076515F1E04E7EBFA4F545
:10AE800080345FEA46066D4116F1800745F1000502
:10AE90004FEA17274FEA066647EA0567A6F1DE463E
:10AEA000B6F1805F4FEA15251FD9384624F0010C12
:10AEB00005EBC471BCF1FE6F01EB0C1102D8F0BCC4
:10AEC000BDE8008124425CBF01F5801E9EEAC47F7C
:10AED00002D4F0BCBDE80081244238D4F0BCA1F11A
:10AEE000C041BDE8004100F043BA4FEAD22242EA35
:10AEF00043524FEAD323A7FB02864FEAD02040EA11
:10AF0000415007FB03661EEA0E0F4FEAD12105FBF5
:10AF1000026658BFA6EB0056B6EB00564FEA520E3B
:10AF20004EEAC37E18EB0E0E56EB530EBDD518EB52
:10AF300002085E417F1C55F10005B6E74FF480150D
:10AF40004FF000074FF000064FF00008ADE7F0BCEF
:10AF50004FF0000001F1C04101F00041BDE8008167
:10AF600011EA0C1F0CEA131500D00CE013EA0C1FB9
:10AF700000F025804FF00000F0BC81EA030101F0F1
:10AF80000041BDE80081F0BCBDE8004181EA030159
:10AF900000F0EEB9F0BCBDE8004170B500F09AF9E0
:10AFA000097EFC3E00F007B881EA03014FF0000083
:10AFB00001F00041704781EA030100F0D9B9F0BC0B
:10AFC000BDE800414FF0000021497047FFFDFBF94B
:10AFD000F7F5F4F2F0EEEDEBE9E8E6E4E3E1E0DECC
:10AFE000DDDBDAD8D7D5D4D3D1D0CFCDCCCBCAC83E
:10AFF000C7C6C5C4C2C1C0BFBEBDBCBBBAB9B8B765
:10B00000B6B5B4B3B2B1B0AFAEADACABAAA9A8A857
:10B01000A7A6A5A4A3A3A2A1A09F9F9E9D9C9C9B25
:10B020009A999998979796959594939392919190D0
:10B030008F8F8E8E8D8C8C8B8B8A89898888878761
:10B040008685858484838382828181800000FF07D6
:10B050000000F87F4FEA41034FEA5353A3F58063A2
:10B06000D3F11E03C8BFD3F1210C0CDD4FF0004219
:10B0700042EAC12242EA505232FA03FC8CEAE17CF5
:10B08000ACEBE1707047102BC4BF0020704703F594
:10B09000787CBCF1FF3F04D06FF0004282EA2100CF
:10B0A000704770B500F016F949922480002070476F
:10B0B000F2E710F0004248BF4042B0FA80F310FAC5
:10B0C00003F10AD0C3F11D0303F580634FEA415039
:10B0D00002EB035202EBD12170474FF000007047A2
:10B0E000B0FA80F310FA03F10AD0C3F11D0303F59F
:10B0F00080634FEA41504FEA035202EBD12170477F
:10B100004FF000007047000051EA030C17D41CF503
:10B11000801F58BFBCF5801F00F10680994218BF00
:10B12000704708BF9042704707D711F5801F58BF7E
:10B1300013F5801F19D499427047894270471CF556
:10B14000801F08D5BCF5801FF7D58B4218BF70470C
:10B1500008BF824270474FF4001C1CEB410F38BF00
:10B160001CEB430F01D28B42704770B500F0B2F870
:10B17000922449004FF000514FF08053FFF706BE74
:10B18000DFF848C170B51CEA111E1EBF1CEA13157A
:10B190009EEA0C0F95EA0C0F00F06F8081EA030421
:10B1A00023EA4C134EEAD47E21EA4C1141F480117B
:10B1B00043F48013AE44A1FB024CA0FB0365AEF147
:10B1C0007F7E361955EB0C05A1FB034C4CF10003B7
:10B1D000A0FB021C16EB0C06654153F1000309426B
:10B1E00018BF46F0010613F4007F0BD14FEA03317C
:10B1F0004FEA0530340341EA155140EA16506FF02A
:10B2000003020AE04FEAC3214FEAC520F40241EAF3
:10B21000555140EA56506FF0020202EB2E4201EB0C
:10B22000025585EACE710AD05FEA440C18BF24F0BB
:10B23000004450F1000041F1000120EAD47040F2D6
:10B24000FE7C624500D270BDA84214BF4FF080441E
:10B250004FF04044002E08BF0024BEF1806FA8BF0D
:10B26000A1F1C041BDE8704080F282804FF0000043
:10B2700001F1C04101F0004170479EEA0C0F0CEA59
:10B28000131518BF95EA0C0F06D04FF0000081EAA5
:10B29000030E0EF0004170BD00F01CF88900013E65
:10B2A00000F007B800F009B84FEA430C5FEA5C5CB5
:10B2B00008D081EA030100F05BB84FEA410C5FEA75
:10B2C0005C5CF6D14FF00000014970470000FF07B9
:10B2D0000000F87F0EF1020E2EF0030E5EF8046BF4
:10B2E000364205D4012A43EB030515F5001F12D899
:10B2F000012841EB010C1CF5001F0CD80ED14FEAC0
:10B30000D17C15F5001F0CEB4C0C0CF1020C08BFA6
:10B310004CEBD37C04E04FF0080C01E04FEAD37C07
:10B320000CEB4C0526FA05F606F00706B6F1040C00
:10B3300006D20EEB860CBDE870404CF0010C604765
:10B34000DFE80CF0090B02024FF000414FF0000063
:10B35000A1F5002170BD19461046012851EB0104EA
:10B3600018BFD4F5001484BF002001F0004170BD67
:10B370000808A0F500114FEA3101704753EA010CAB
:10B3800017D41CF5801F58BFBCF5801F00F1068044
:10B390008B4218BF704708BF8242704707D713F52A
:10B3A000801F58BF11F5801F19D48B4270479B42F4
:10B3B00070471CF5801F08D5BCF5801FF7D5994252
:10B3C00018BF704708BF904270474FF4001C1CEB39
:10B3D000430F38BF1CEB410F01D2994270470FB4A5
:10B3E0000CBC03BCFFF7C1BE91EA030F10B581F09E
:10B3F00000413FF523AC83F0004300F0D5B80000D6
:10B400002DE9F04101F5801CBCF5001FC0F2A980B8
:10B410004FEA115C21EA0C510CF1FD0C41F4801152
:10B420005FEA5C0C0CF5C07C01D34000494130A4BC
:10B43000890241EA905187028E0E0A0CA45D04FB3A
:10B4400004F602FB06F6C6F14046A4FB0662F60DC2
:10B4500046EA422606FB06F4A4FB01235242C3F14E
:10B46000404338BF5B1EA6FB02420024E6FB0324D8
:10B47000D20B42EA4446A6FB0623A1FB02E2A3FB51
:10B4800007E4E3FB61426442C2F1404E38BFAEF1D3
:10B49000010EA6FB04234FF00002E6FB0E32A2FBD6
:10B4A00003463400E2FB6264A1FB06E6A4FB07E866
:10B4B000E4FB61687642C8F1405838BFA8F1010842
:10B4C000A2FB06E4A3FB08E5E2FB6854A1FB05E64A
:10B4D000A7FB04E8E1FB648618F1200556F100069D
:10B4E000A809A8F11B08B10908F03F08B8F10A0F34
:10B4F00040EA86601CD901EB0C51BDE8F08100BF29
:10B50000FCF5EEE8E2DDD8D3CFCBC7C3C0BDB9B6FA
:10B51000B4B1AEACA9A7A5A3A19F9D9B9A989695FF
:10B520009392908F8D8C8B89888786858483828186
:10B53000A0FB006800FB01F208EB4208B8EB87288B
:10B5400007D5341858EB0104D5D5401C51F1000142
:10B55000D1E7341A78EB0104CDD4401E71F100011B
:10B56000C9E75FEA4C0C5FEA9C5C0DD105D34FF054
:10B57000000001F00041BDE8F081BDE8F04170B588
:10B58000FFF7A8FE6DDBFFBEBDE8F0414FF0000005
:10B59000004970470000F87F10B591EA030F48BFDB
:10B5A00083F000433FF54AAB841A71EB030C07D2DA
:10B5B00012198CF0004C43EB0C03001B61EB0C01E7
:10B5C000DFF8A4E14FEA1154A4EB135C1EEA430F29
:10B5D00018BF9EEA445F00F0B08023EA6E03524237
:10B5E00021EA0451C3EB6E0338BF5B1EDCF1200E71
:10B5F00025D322FA0CFE10EB0E0043FA0CFE41EBB1
:10B600000E01CCF1200E03FA0EFE10EB0E0051F1EC
:10B610000001CCF1200E29D412FA0EF201EB0451F4
:10B62000BDE8104058BF7047401C1CBFB2F1004F2E
:10B63000704700280CBF491C20F00100704712EB36
:10B64000020E43EB030218BF4FF0010E4EEA420216
:10B65000ACF1200CDCF11E0E54D943FA0CFE10EBB9
:10B660000E0051F1FF31CCF11E0ED5D50EF1010EB9
:10B6700012FA0EFE404141EB010101EB445C5FEA2E
:10B680005C5C10D910EBDE7001EB045138BFBEF1E9
:10B69000004FBDE8104018BF704700280CBF491C80
:10B6A00020F00100704730D24FEAD42C11F5001180
:10B6B00024F400641BD0B1FA81F20B3AA41AA41E40
:10B6C000D2F12003914030FA03F31943904001EB8B
:10B6D000CC71002C01EB0451BDE81040A8BF7047AD
:10B6E00001F1C0414FF0000001F000417047B0FA95
:10B6F00080F310FA03F100D110BDE41A173C48059D
:10B70000C90AE4E701EB045110BD491001EB0451F3
:10B71000BDE810404FEA300002E04FF000017047F2
:10B720004A0008BF0042F8D0B2F5001F28BF70479A
:10B7300001F000414FF0000070479EEA445F07D0DF
:10B7400011EA5E0FBDE8104004BF002100207047E1
:10B75000BDE8104070B5FFF7BDFD00BF40DFF63E0D
:10B7600083F00041104670470000E0FF43004FEABD
:10B77000D30C4FEA3C0C43401FBF40070CF1605113
:10B7800013F0FE4F70471CF0006F03D100200CF047
:10B79000004170470CF0004343EA507010B540EA96
:10B7A000CC0000F00EF800BF000000924FEA00014C
:10B7B000FFF7DEBD4FF000414FF00000A1F5002182
:10B7C00070470EF1020E2EF0030E5EF8044B244279
:10B7D00004D44FEA4102B2F17F4F11D84FEA40033F
:10B7E000B3F17F4F0CD80ED14FEAD07CB2F17F4F2E
:10B7F0000CEB4C0C0CF1020C08BF4CEBD17C04E0C0
:10B800004FF0080C01E04FEAD17C0CEB4C0324FA1A
:10B8100003F404F00704B4F1040C06D20EEB840C1C
:10B82000BDE810404CF0010C6047DFE80CF0070861
:10B8300002024FF00040A0F5800010BD0846420013
:10B8400018BFD2F1807288BF00F0004010BD4FF0E9
:10B850004070E1EE100A7047FF2141EAD050C00568
:10B8600070470CF00F03092B08BF082000F0598027
:10B870000A2B0BD0082B18BF704708BF1CF0400FD5
:10B880000AD04FF000004FF0000170471CF0400F4D
:10B8900018BF4FF0004070471CF0100F08D020F088
:10B8A000704300F07F4242EAD3014FEA4370704791
:10B8B00000F0604021F07F4242EA000201F07F4048
:10B8C00040EA727070474FF0FF0C4CF4E06C1CEAD9
:10B8D00011531CBF9CEA030C9445C2BFDA4201EB32
:10B8E00002517047002B0DD0BCF1000F0FD0002A81
:10B8F00001F00041A4BF41F0E04141F07F614FF011
:10B900000000704701F000414FF00000704750EA1E
:10B9100001334FF09B0C18BF4CF0806C7FF42EAAC3
:10B9200070471CF4801F11D01CF4E02F03D06FEA85
:10B93000CC31490070474FF04050EFF3008222F0C5
:10B94000704242EA000282F3008870474FF0000024
:10B950007047000000000000000000000000000030
:10B9600000003F40000000000000000030004000E8
:10B9700030004000000009000BC03D000BC03D003E
:10B98000090018C024407FE02240318000001800E8
:10B9900024C01B000D803240018003801C402740E2
:10B9A0001C80074000401000600000000000000004
:10B9B00000000000000000001F8020404020000028
:10B9C000402020401F8000000000090006001F806A
:10B9D000060009000000040004003F800400040089
:10B9E00000000010006000000000000000000400E3
:10B9F00004000400040004000000000000400000F7
:10BA0000000000000000002001C0060038004000D7
:10BA100000001F802040204020401F8000000000C8
:10BA200010403FC000400000000018C021402240EC
:10BA300024401840000010802040244024401B80F7
:10BA4000000002000D0011003FC0014000003C80DA
:10BA5000244024402440238000001F8024402440B0
:10BA60003440038000003000200027C03800200050
:10BA700000001B802440244024401B8000001C0048
:10BA800022C0224022401F80000000000000084029
:10BA90000000000000000000000004600000000042
:10BAA0000000000004000A0011002080404009004E
:10BAB0000900090009000900000000004040208042
:10BAC00011000A0004001800200023402400180080
:10BAD00000001F802040274029401F4000000040F8
:10BAE00007C039000F0001C0004020403FC0244083
:10BAF00024401B8000001F802040204020403080D8
:10BB0000000020403FC0204020401F800000204017
:10BB10003FC024402E4030C0000020403FC02440A1
:10BB20002E00300000000F001080204022403380A3
:10BB3000020020403FC0040004003FC020402040DD
:10BB400020403FC0204020400000006020202020F6
:10BB50003FC02000200020403FC024400B0030C0E8
:10BB6000204020403FC020400040004000C03FC077
:10BB70003C0003C03C003FC0000020403FC00C40E0
:10BB800023003FC020001F802040204020401F8015
:10BB9000000020403FC024402400180000001F8007
:10BBA0002140214020E01FA0000020403FC0244051
:10BBB000260019C0004018C0244024402240318093
:10BBC0000000300020403FC0204030000000200036
:10BBD0003F80004000403F80200020003E0001C028
:10BBE000070038002000380007C03C0007C03800BC
:10BBF0000000204039C0060039C02040000020006D
:10BC0000384007C0384020000000304021C02640A6
:10BC1000384020C00000000000007FE040204020AD
:10BC20000000000070000C000380004000000000D5
:10BC3000402040207FE00000000000002000400085
:10BC40002000000000000010001000100010001084
:10BC50000010000000004000000000000000000094
:10BC600002800540054003C0004020003FC0044062
:10BC700004400380000000000380044004400640AC
:10BC8000000000000380044024403FC0004000004A
:10BC900003800540054003400000000004401FC031
:10BCA000244024402000000002E0055005500650CA
:10BCB000042020403FC00440040003C000400000B6
:10BCC000044027C0004000000000001000100410D5
:10BCD00027E00000000020403FC00140070004C0F2
:10BCE0000440204020403FC000400040000007C00A
:10BCF000040007C0040003C00000044007C0044063
:10BD0000040003C00040000003800440044003809E
:10BD10000000041007F004500440038000000000FD
:10BD200003800440045007F00010044007C00240A4
:10BD3000040004000000000006400540054004C067
:10BD40000000000004001F800440004000000400C8
:10BD500007800040044007C000400400070004C002
:10BD6000018006000400060001C0070001C00600B3
:10BD70000000044006C0010006C00440000004109A
:10BD8000071004E00180060004000000044005C024
:10BD90000640044000000000000004007BE040205A
:10BDA0000000000000000000FFF0000000000000A4
:10BDB00040207BE0040000000000400080004000C4
:10BDC00020002000400000000000000000000000F3
:10BDD0000000000000000000000000001FCC000C6C
:10BDE00000000000000000000800300060000800B3
:10BDF000300060000000022003FC1E20022003FC33
:10BE00001E200220000000000E1811043FFF1084C5
:10BE10000C78000000000F0010840F3800C0077875
:10BE200018840078000000780F8410C411240E9844
:10BE300000E40084000808006800700000000000B2
:10BE400000000000000000000000000007E01818DB
:10BE5000200440020000000040022004181807E0FF
:10BE60000000000000000240024001800FF001804D
:10BE70000240024000000080008000800FF8008037
:10BE80000080008000000001000D000E0000000096
:10BE900000000000000000000080008000800080A2
:10BEA0000080008000800000000C000C00000000FA
:10BEB0000000000000000000000600180060018083
:10BEC000060018002000000007F008081004100405
:10BED000080807F000000000080408041FFC000424
:10BEE00000040000000000000E0C10141024104488
:10BEF00011840E0C000000000C1810041104110431
:10BF000012880C700000000000E0032004240824C4
:10BF10001FFC0024000000001F981084110411046D
:10BF2000108810700000000007F008881104110448
:10BF300018880070000000001C00100010FC1300A6
:10BF40001C001000000000000E3811441084108402
:10BF500011440E38000000000700088C1044104403
:10BF6000088807F00000000000000000030C030C2C
:10BF700000000000000000000000000101060000B9
:10BF800000000000000000000080014002200410BA
:10BF900008081004000002200220022002200220D3
:10BFA00002200220000000001004080804100220F3
:10BFB00001400080000000000E001200100C106C08
:10BFC00010800F00000003E00C1813E4142417C4C1
:10BFD000082807D000000004003C03C41C400740B0
:10BFE00000E4001C000410041FFC110411041104DF
:10BFF0000E880070000003E00C18100410041004F8
:10C0000010081C10000010041FFC10041004100481
:10C01000080807F0000010041FFC1104110417C4E5
:10C0200010040818000010041FFC1104110017C0B0
:10C0300010000800000003E00C1810041004104465
:10C040001C780040000010041FFC10840080008059
:10C0500010841FFC10040000100410041FFC1004C6
:10C0600010040000000000030001100110011FFE79
:10C0700010001000000010041FFC11040380146461
:10C08000181C1004000010041FFC1004000400041D
:10C090000004000C000010041FFC1F0000FC1F0027
:10C0A0001FFC1004000010041FFC0C04030000E03F
:10C0B00010181FFC100007F00808100410041004EA
:10C0C000080807F0000010041FFC10841080108086
:10C0D00010800F00000007F0081810241024101C16
:10C0E000080A07F2000010041FFC1104110011C01F
:10C0F00011300E0C000400000E1C1104108410847A
:10C1000010441C3800001800100010041FFC10041C
:10C1100010001800000010001FF8100400040004B4
:10C1200010041FF8100010001E0011E0001C007029
:10C1300013801C0010001FC0103C00E01F0000E036
:10C14000103C1FC000001004180C163401C001C0C0
:10C150001634180C100410001C00130400FC130407
:10C160001C00100000000804101C1064108413044C
:10C170001C04101800000000000000007FFE4002B8
:10C18000400240020000000030000C00038000600C
:10C19000001C0003000000004002400240027FFE3D
:10C1A00000000000000000000000200040004000EF
:10C1B000400020000000000100010001000100011A
:10C1C00000010001000100004000400020000000CC
:10C1D0000000000000000000009801240144014418
:10C1E000014400FC000410001FFC0088010401044D
:10C1F0000088007000000000007000880104010445
:10C20000010400880000000000700088010401049F
:10C2100011081FFC0004000000F80144014401441F
:10C22000014400C800000000010401040FFC1104D7
:10C23000110411001800000000D60129012901296C
:10C2400001C90106000010041FFC00840100010068
:10C25000010400FC000400000104190419FC00049E
:10C2600000040000000000000003000101011901AA
:10C2700019FE0000000010041FFC0024004001B45F
:10C28000010C010400000000100410041FFC000455
:10C29000000400000000010401FC0104010001FC95
:10C2A0000104010000FC010401FC00840100010004
:10C2B000010400FC0004000000F801040104010472
:10C2C000010400F80000010101FF008501040104E0
:10C2D0000088007000000000007000880104010464
:10C2E000010501FF00010104010401FC00840104B7
:10C2F000010001800000000000CC01240124012481
:10C3000001240198000000000100010007F8010469
:10C31000010400000000010001F800040004000412
:10C32000010801FC0004010001800170000C0010F4
:10C3300001600180010001F0010C003001C00030FB
:10C34000010C01F0010000000104018C0074017077
:10C35000018C01040000010101810171000E00182F
:10C3600001600180010000000184010C01340144DE
:10C370000184010C0000000000000000000001002A
:10C380003EFC400240020000000000000000FFFFF1
:10C390000000000000000000400240023EFC0100DE
:10C3A00000000000000000006000800080004000ED
:10C3B000400020002000B5A51010082004483FFCD4
:10C3C000210821083FF8210821083FF82100010435
:10C3D000FFFE010001000100BBF7010001000108A0
:10C3E0007FFC0100010001000104FFFE01000100CB
:10C3F0002108210821083FF82008D3C300083FFC8A
:10C400002108210821083FF82108210821083FF8C8
:10C41000210821082108410841288010BBA70100FC
:10C42000008000843FFE2004200420043FFC200400
:10C430002000200020002000400040008000B0B418
:10C4400010401020100013FEFA02144410403FFE6A
:10C45000D08810881108109010601050508C230460
:10C46000BCFC20102710397C411482FE7A14247CF5
:10C470002710F97C2110251422FE2A103510289649
:10C48000007CC8B700400440FE781090112423FEC1
:10C4900025247D24A5FC2524252425FC25243D24B4
:10C4A0002224040CC8CF00404040304010400040DF
:10C4B0000040F0A010A010A01110111015101A08C3
:10C4C000120804060804BFAA00087FFC0820082000
:10C4D000082008200824FFFE082008200820082043
:10C4E0001020102020204020CABC104010401040D6
:10C4F0001080FC88250427FE2402240449FE290418
:10C5000011042904450485FC0104B5E3020002007E
:10C51000020803FC020002103FF820102010201037
:10C520003FF00000291024C844448004BCCC1020F3
:10C530001220222023244AACFA70122023FC42202D
:10C54000FA7042AC03241A20E22443FE0000D0F823
:10C550001040105023F820404840FFFC112420A830
:10C560004220F92407FE00401C60E090410C0204C8
:10C57000CBAB00000004FDFE04844484448428887E
:10C580002848104810502820283044504488810EF4
:10C590000604CDCB03F84208320813F8020802085B
:10C5A000F3FC120812D012201290130C120428006F
:10C5B000440603FCB3F6010001002108210821080C
:10C5C00021083FF8210801004104410441044104CD
:10C5D00041047FFC4004D7AA104010401048FDFCE5
:10C5E000204028444BFE7C80088009FC1C08E81091
:10C5F0004890086008200810B6AF004008407C4012
:10C60000004405FEFE441044104420442444428467
:10C61000FE844104010402280410B5E70200020070
:10C6200002107FF8421042107FF0421042107FF05B
:10C63000421002000204020401FC0000CEBB08808C
:10C6400008400840100817FC3000520892081110EA
:10C650001110109010A010241FFE10001000C6F73B
:10C660003EF82288228822883EF801200114FFFE2D
:10C6700002800C603018FEFE2288228822883EF854
:10C68000BCDC100010087EFC1288128812882AF880
:10C6900044800104FFFE038005400920111C61084D
:10C6A0000100BFD5020001007FFE400284440C302F
:10C6B0001018200800003FF80100010001000104EB
:10C6C000FFFE0000C2D61040104020A0FCA02110A8
:10C6D0005108520EFD04111011301DC0F10051041B
:10C6E000110410FC1000B3B5020002087FFC040026
:10C6F0000900110021203FF001000104FFFE0100AC
:10C700000100010001000100BAF3001000783F8031
:10C71000200020043FFE2000200827FC24082408D5
:10C7200024084408440887F80408B8DF020001041C
:10C73000FFFE00001FF0101010101FF000047FFE1D
:10C7400040044FE4482448244FE4400CCBD9004037
:10C75000404437FE104007FC0444F44417FC1444E2
:10C7600010E0115812481440284647FC0000BDF85C
:10C770000220422022282FFC02200220E220222830
:10C780002FFC222022202220242050268FFC000073
:10C79000C8EB0400020001000100010002800280D9
:10C7A0000280044004400820082010102010400E91
:10C7B0008004BBFA1000101011F81110FD101110B8
:10C7C0003110391055105110911011101112121210
:10C7D000140E1800BBCE00083FFC20083FF82008CC
:10C7E0003FF8010011100924FFFE044004400440FA
:10C7F00008421042603EB9DB000801FC7D080528B4
:10C80000452829282928114811482948256844A085
:10C8100080A001220622181EB2EC020001007FFE59
:10C8200048028EF412902C60682017D0200E5FF41E
:10C8300081000920111825080200CAFD084049405E
:10C840002A400884FFFE19082C884A881088FE9028
:10C850002250222014501888250E4204BEDD1004F8
:10C8600013FE12041204FFFC122016241BFE3220B9
:10C87000D22413FE15041504150459FC2104C1F932
:10C8800000000400020003000104FFFE000000009D
:10C8900004400C2008101018100C200C400400005C
:10C8A000C2B704407E4044FC4588465044207C503A
:10C8B000508E13045DFE5104510451045D04E1FCEB
:10C8C0000104B6E6084010203C0025FE35022E0487
:10C8D0002480FC88249034A02CC0248024844484A8
:10C8E000947C0800BCC6004020401040104000402E
:10C8F0000044F7FE10401040104010401240144019
:10C90000184010400040B7E41080108010FC1588DB
:10C910007E50542054DE572454F87C2051FC1420BF
:10C920001DFCE42040200020C3F9004008887DFC65
:10C9300049084948490849284910490449FE7804EA
:10C94000482407F4000400140008B9D8101008188F
:10C95000042004487FFC010001000104FFFE0100E7
:10C960000280028004400830300EC004B2A610409D
:10C97000105012481240FFFE1080148018F8110861
:10C980003190D250122014501888510E2204CAB986
:10C99000104010441FFE204027FC6444A44424445B
:10C9A00027FC24442240218020C02130260E280468
:10C9B000C4DC10801088249844A0FEC002847C84CB
:10C9C000447C7C00448844987CA044C044825482C7
:10C9D000487EC0B608200824FFFE0820049024F8F2
:10C9E00025002640242004083FFC244824482448ED
:10C9F000FFFE0000D1C000087FFC00401040104046
:10CA0000204020447FFE0140024004400840304066
:10CA1000C04001400080B7A2010011201110210484
:10CA20007FFE0200020007F006100A200940108075
:10CA3000214042308C0E3004CBCD0208411030A092
:10CA400017FC00400040F0441FFE104010401080D2
:10CA500010A011182A08440603FCBDD3108010480A
:10CA600017FC1000FD1010A017FC18803084DFFEAA
:10CA70001090111010A0106050982308CAD508809B
:10CA800008800880488448FE490849884A884888C0
:10CA900058506850482008500888090E0E04B5C444
:10CAA0001040104022447F7E42844304420442846A
:10CAB0007E6442244204420442047E044228001060
:10CAC000A3BA000000000000000000000000060003
:10CAD0000F000F000600000006000F000F00060008
:10CAE0000000A1A100000000000000000000000004
:10CAF0000000000000000000000000000000000036
:10CB000000000000C4A3111011141FFE1110FD1825
:10CB100013FC32083BF8560853F890401FFE1040B3
:10CB200010B0110E1604CABD008000A00090008451
:10CB3000FFFE008000803E800880084008400920F9
:10CB40000E227012200A0004C7EB004847FC204068
:10CB500023F80040EFFE200823FC220823F82208D7
:10CB600023F82A08320822280210CDD300407C2066
:10CB7000440049FE4902520448804888449044E0F9
:10CB80004480688050824082407E4000C2DD1004B4
:10CB900011FE112415FC7F2455FC5420544855F0F7
:10CBA0007C2451FC14201CA8E52642A20040D2C7D8
:10CBB00008000880086412241204320851089110F9
:10CBC000109010A0104010A011101208140E18049C
:10CBD000BAEC1000100823FC20204420F82010207C
:10CBE00020204020FC20402000201C20E02447FE84
:10CBF0000000B5C61000100417FE10205420582065
:10CC00005020902010201020102028202420442084
:10CC100080A00040B3A30100111009207FFE400254
:10CC20008FE408200FE001101FF8111011101110EF
:10CC3000115001200100C1C101087FFC00101FF844
:10CC4000101010101FF000007FFE40228FF408200B
:10CC5000082008221022601ED0A10100010001005E
:10CC600001000100054005200910090811042104F4
:10CC700041000100010005000200CFDF084008501C
:10CC800010481040227C7FC00844107E23C07C489E
:10CC9000005000201C60E092430A0006C1AC0080F6
:10CCA00040882FFC210001400250E7F8204020403E
:10CCB00020482FFC2040204050468FFC0000C5D467
:10CCC000020001087FFC082004407FFE420281042C
:10CCD0007FFC040007F004100810081010A060404A
:10CCE000B1DF008020801080108807FC0088F08869
:10CCF000108811081108110812501420280647FC4A
:10CD00000000B4AE010001083FFC210821083FF8F3
:10CD1000010001047FFE410441047FFC4104010045
:10CD200001000100BFDA000000083FFC20082008D5
:10CD300020082008200820082008200820083FF8A4
:10CD4000200800000000D6D00100010001047FFE91
:10CD500041044104410441047FFC410401000100FD
:10CD60000100010001000100BCE420041BFE0804D6
:10CD700040244FF44824482448244FE448244824BD
:10CD800048244FE4482440144008D7B408400850D1
:10CD90000848484028442FFE0840084018A028A012
:10CDA0004910C91009080A0E0C040800CCAC010097
:10CDB0000104FFFE0100028004400A30310EC0046D
:10CDC0000200291029082824482407E00000CFF297
:10CDD0000200040008047FFE400440244FF448246D
:10CDE0004824482448244FE4482440044014400880
:10CDF000D7F3020002000208FFFC04000400040054
:10CE000008100FF8108010802080408080847FFE02
:10CE10000000D3D2020002000204FFFE040004005E
:10CE2000080008081FFC280848088808080808089F
:10CE30000FF80808C7B010100C300444FFFE0000C3
:10CE40003E08224822483E48224822483E482208BE
:10CE500022082A282410CDA31080104817FC200097
:10CE600023F86208A3F820002FFE280233F42040A4
:10CE70002040204021402080D6B90100010001005F
:10CE800011001100111011F8110011001100110012
:10CE9000110011001104FFFE0000BDE10820082070
:10CEA000102423FE4420782009FC100020047DFE7D
:10CEB000010401040D04710421FC0104CEB2000838
:10CEC0003FFC200820083FF820202FF0210821FCFB
:10CED0002F00210821FC5F004102810200FEB2A860
:10CEE00000404040304017FC0444844844400FF860
:10CEF00014082510E4A0244028A02910320E240490
:10CF0000CCD810401040504853FC7C40904417FE51
:10CF100018103014D7FE11101090109010101050EF
:10CF20001020C2CA020001087FFC01004244278889
:10CF3000111022484FE401200104FFFE010001000E
:10CF400001000100D0D008080BFC100020004000B8
:10CF5000080417FE30105010901010101010101010
:10CF6000101010501020BCB400047EFE4284428495
:10CF70007E84428442847E84408444A444944A88CB
:10CF80007280408000800080BDAB1080108011F85E
:10CF90009108731034A0104010941FFE30105210EE
:10CFA000D1901090101010501020D6CA00783F80F9
:10CFB000208020843FFE208020882FFC280828889D
:10CFC00028882888490842708C0C3004BCEC10403A
:10CFD000104010A010A0FD10120E35F43000584083
:10CFE0005648914C1148115010041FFE1000BBD838
:10CFF000000000047FFE4004404447E444444444AD
:10D000004444444447C4444440047FFC400400007A
:10D01000B5BD01047F8408041024222441247FA488
:10D0200008A40A247F240824082408040F84F81480
:10D030000008B5B1010021081918092001000108F4
:10D040007FFC0008000800083FF8000800080008FE
:10D050007FF80008D0CD01047F841224122412240A
:10D06000FFA4122412241204231441087FFC01009F
:10D070000104FFFE0000CFC80100110011101FF8CD
:10D08000110021000104FFFE048004800480088058
:10D0900008821082207E4000D4C4200417FE500471
:10D0A000444442844FE4482448244FE44AA4428440
:10D0B0004294449448745004400CB6C10020202887
:10D0C00013FC1020002007FEF09210541110109451
:10D0D00017FE102014201850108C0304CAD600101C
:10D0E00000F87F00010001103FF801000100010479
:10D0F000FFFE010001000100010005000200B2E195
:10D1000002081F7C12481248124812481248FFFEBB
:10D1100012481248124812481248124826A84110D4
:10D12000B5A5208011007FC044407FC044407FC02F
:10D130000400FFE0040004000400BBF70400040046
:10D140007FC004000400FFE0040044404440444029
:10D150007FC00040BCCC2080248046A095C0E480E5
:10D1600027E04480F5C006A03480C48007E0D0F8F2
:10D17000210027C0410097E0E02022804580F28016
:10D180000FE03100C2400C20CBAB0000FBE00A20D6
:10D190000A208A2051405140208020805140524036
:10D1A0008420CDCB4FC028400FC00840EFC02A20BC
:10D1B00029402A802C40284050008FE0B3F604001C
:10D1C0004440444044407FC0040004008420842044
:10D1D0008420FFE00020C7EB82005FE002000FC068
:10D1E000C2005FE048404FC048404FC0684048C060
:10D1F000D7AA41004100EFC04200A200AFE0F40016
:10D2000027C03040E68021802040B6AF0100710089
:10D21000010003E0F9202120412051208920FA203B
:10D22000022004C0B5E708000800FF8088808880DD
:10D23000FF8088808880FF808820082007E0CEBBA0
:10D240002200210040005FE0C000484048404440C8
:10D250004480448041005FE0C6F77BC04A407BC009
:10D2600004800440FFE00A003180C0607BC04A4077
:10D270007BC0A3BA000000000000000030003000B6
:10D28000000000003000300000000000CDCB4FC097
:10D2900028400FC00840EFC02A2029402A802C4097
:10D2A000284050008FE0B3F604004440444044401E
:10D2B0007FC004000400842084208420FFE000203C
:10D2C000C7B020801100FFE000007C4045407D4059
:10D2D00045407D40454044404CC0D0E87FC00400FC
:10D2E000FFE0B5A0040075C00000FFE004007FC0AF
:10D2F0004A404AC0B5F78FE0482009200BA0C9205A
:10D300004FE048204BA04AA06BA0482010E0BBD8BB
:10D3100000007FE0402040204F20492049204F203E
:10D32000402040207FE04020D4AD00007FE044005A
:10D330005FC050405FC050405FC042004A805240D2
:10D34000A620B3B508000800FFE010002400440048
:10D350007FC004000400FFE004000400D0CD0020E2
:10D360007EA024A024A0FEA024A04420806004006D
:10D370007FC00400FFE000004FBB610567ACDD3FEC
:10D38000182D4454FB21E93F9BF681D20B73EF3FEC
:10D39000182D4454FB21F93FE2652F227F2B7A3C64
:10D3A000075C143326A6813CBDCBF07A8807703C1D
:10D3B000075C143326A6913CC4EB98999999C9BF90
:10D3C000711623FEC671BCBF6D9A74AFF2B0B3BFC5
:10D3D0009AFDDE522DDEADBF2F6C6A2C44B4A2BF85
:10D3E0000D5555555555D53FFF8300922449C23FF1
:10D3F0006E204CC5CD45B73F513DD0A0660DB13F25
:10D40000EB0D76244B7BA93F11DA22E33AAD903F36
:10D41000000000000000F03F000000000000F83FA6
:10D4200000000000000000000000004003B8E23FE0
:10D43000000000000000000006D0CF43EBFD4C3E92
:10D44000033333333333E33FFFAB6FDBB66DDB3F87
:10D450004D268F515555D53F01411DA96074D13FCF
:10D4600065DBC9934A86CD3FEF4E454A287ECA3FC9
:10D470003E5555555555C53F93BDBE166CC166BF4B
:10D480002CDE25AF6A56113FF16BD2C541BDBBBE44
:10D49000D0A4BE726937663E0000000000000000A4
:10D4A00000004054FB21F93F3163621A61B4D03D62
:10D4B0000000601A61B4D03D7370032E8A19A33B3B
:10D4C0000000002E8A19A33BC14920259A837B398D
:10D4D00000000000000000006E83F9A22915444EF0
:10D4E000D15727FCC0DD34F5999562DB4190433C70
:10D4F000AB6351FE61C5BBDE3A6E24B7E0D24D424C
:10D50000EA2E49061C92D1091CEB1DFE3EA729B14B
:10D51000F53582E88444BB2E26709CE9417E5FB4D9
:10D5200039D69139F43953838B5F849C3B28F9BDFC
:10D53000FF97F81F0F9805DE8B112FEF1F6D0A5A0A
:10D54000CF7E366DB709CB27663F464F2DEA5F9EEB
:10D55000C7BA27757BF1E5EBF739073DEA92528AA6
:10D56000B15FFB6B085D8D1F7AFE10111111C13F79
:10D5700037D60684F464963F280356C9226D6D3F62
:10D580000165F2F2D844433FA69237A0887E143F4B
:10D59000735360DBCB75F3BEFE41B31BBAA1AB3F47
:10D5A00093846EE9E326823F1583E0FEC8DB573F94
:10D5B00068108D1AF726303FE9A7F0320FB8123FF6
:10D5C000D47ABF74702AFB3EE8D500080000002022
:10D5D00064020000C401000850D600086402002064
:10D5E0001C5F00002002000851847A030A780901B8
:10D5F000020304060708091001135AF4156B0142CF
:10D600002412021203120412051206120712081243
:10D6100009120A120B120C120D120E120F02151023
:10D620000B1CDC0504012C29B4E9B8014C1AAA0131
:10D63000091B805123FA435A960401161A2C290A11
:10D6400019F4041119F8034E9F41024764023B1973
:040000050800018965
:00000001FF
