:020000040800F2
:100000008061002031030008872C0008B522000819
:10001000852C0008ED100008B55500080000000010
:10002000000000000000000000000000790200084D
:100030004516000800000000CD020008B53F00088A
:100040004B0300084B0300084B0300084B03000858
:100050004B0300084B0300084B0300084B03000848
:100060004B0300084B0300084B0300084B03000838
:100070004B0300084B0300084B0300084B03000828
:100080004B0300084B0300084B0300084B03000818
:10009000BD1200084B0300084B0300084B03000887
:1000A0004B0300084B0300084B0300084B030008F8
:1000B00099430008A9430008BD4300084B0300080A
:1000C0004B0300084B0300084B0300084B030008D8
:1000D0004B030008414F000865500008E15200083A
:1000E0004B0300084B0300084B030008E5430008DE
:1000F000994800084B030008F94300084B03000827
:100100004B0300084B030008D14300084B030008D1
:100110004B030008494E00084B0300084B0300083E
:100120004B0300084B0300084B0300084B03000877
:100130004B0300084B0300084B0300084B03000867
:100140004B0300084B0300084B0300084B03000857
:100150004B0300084B0300084B0300084B03000847
:100160004B0300084B0300084B0300084B03000837
:100170004B0300084B0300084B0300084B03000827
:100180004B0300084B03000800F002F800F064F88D
:100190000AA090E8000C82448344AAF10107DA45E2
:1001A00001D100F059F8AFF2090EBAE80F0013F0D0
:1001B000010F18BFFB1A43F00103184724D40000B5
:1001C00044D400000A444FF0000C10F8013B13F037
:1001D000070408BF10F8014B1D1108BF10F8015BA0
:1001E000641E05D010F8016B641E01F8016BF9D193
:1001F00013F0080F1EBF10F8014BAD1C0C1B09D1EA
:100200006D1E58BF01F801CBFAD505E014F8016B5B
:1002100001F8016B6D1EF9D59142D6D370470000ED
:100220000023002400250026103A28BF78C1FBD8FF
:10023000520728BF30C148BF0B607047642900F0E7
:100240000381732900F03E82002070471FB50BF038
:1002500008FB1FBD10B510BD00F0B0FA1146FFF746
:10026000F5FF07F035F900F0CEFA03B4FFF7F2FF1F
:1002700003BC06F0E9FE00002A4B19680868B0E8E4
:10028000F04F80F30988BFF36F8F4FF0000080F3C9
:10029000118870470000000006480068006880F37D
:1002A000088862B661B6BFF34F8FBFF36F8F00DF70
:1002B00000BF00BF08ED00E0DFF80C00016841F46A
:1002C00070010160704700BF88ED00E0EFF3098026
:1002D000BFF36F8F134B1A681EF0100F08BF20ED8D
:1002E000108A20E9F04F106008B44FF0500080F3FE
:1002F0001188BFF34F8FBFF36F8F09F033FE4FF0BC
:10030000000080F3118808BC19680868B0E8F04F55
:100310001EF0100F08BFB0EC108A80F30988BFF3FD
:100320006F8F7047D0000020EFF30580704700000A
:100330000948804709480047FEE7FEE7FEE7FEE779
:10034000FEE7FEE7FEE7FEE7FEE7FEE704480549B5
:10035000054A064B70470000C93F000889010008A4
:10036000805B002080610020805D0020805D002097
:10037000704700000FB4044910B503AA029800F0BA
:10038000A5F910BC5DF814FBBC0000202DE9F0417C
:100390000E460446002020622046E168884730B3BC
:1003A000252805D0D4E901219047206A401CF2E7B6
:1003B000E168204600278847050018D0A5F14100D4
:1003C000192802D820354FF40067324629462046C6
:1003D0002760FFF733FF40B1012804D0F61D26F057
:1003E00007060836D8E7361DD6E72846DAE7206A3A
:1003F000BDE8F08170B50C460546012A05D0287885
:10040000800600D5EA69002302E0012305E05B1CB9
:10041000934202D2E05C0028F9D1A869E618C01A1C
:10042000A861286A184428622846AFF3008004E0D7
:10043000D5E9012114F8010B9047B442F8D32846BE
:10044000AFF3008070BD00002DE9F04106460024A6
:1004500010687529314616A510D0AFF3008000282A
:1004600002DA404213A507E031688A0701D512A5D8
:1004700002E0490704D511A5012401E0AFF3008093
:1004800000210A2206F1240709E0B0FBF2FCB0FBD0
:10049000F2F302FB1C00303078541846491C002847
:1004A000F3D123462A463046BDE8F04100F086B835
:1004B000000000002D0000002B00000020000000C4
:1004C000032A40F2308010F0030C00F0158011F880
:1004D000013BBCF1020F624498BF11F801CB00F858
:1004E000013B38BF11F8013BA2F1040298BF00F8AC
:1004F00001CB38BF00F8013B11F0030300F0F88096
:10050000083AC0F0088051F8043B083A51F804CB8F
:10051000A0E80810F5E7121D5CBF51F8043B40F855
:10052000043BAFF30080D20724BF11F8013B11F860
:1005300001CB48BF11F8012B24BF00F8013B00F8A4
:1005400001CB48BF00F8012B704702F0FF0343EADC
:10055000032242EA024200F002B84FF000020429EE
:10056000C0F0128010F0030C00F0F680CCF1040C07
:10057000BCF1020F18BF00F8012BA8BF20F8022B16
:10058000A1EB0C0100F0E8B85FEAC17C24BF00F8E1
:10059000012B00F8012B48BF00F8012B7047704772
:1005A00070477047704710B500F0FCF8006810BD48
:1005B00010B5044600F0F6F8046010BD2DE9F047D0
:1005C0000D4699469246044600F1240801688806C3
:1005D00004D5E06921F01001216000E00120A8426B
:1005E00001DD471B00E00027A1697A1902EB090031
:1005F000081AA0612078C00602D42046AFF300801C
:10060000002608E0D4E901211AF806009047206A84
:10061000401C761C20624E45F4DB2078C0060AD5CB
:100620002046AFF3008006E0D4E901213020904756
:10063000206A401C2062381EA7F10107F4DC07E0A5
:10064000D4E9012118F805009047206A401C206277
:10065000281EA5F10105F3DC2046AFF300802078C9
:10066000000602D50220BDE8F0870120FBE700006C
:1006700001694A1C02610878704700B58FB0CDE966
:1006800001310021059105497944CDE90310114656
:100690006846FFF77BFE0FB000BD0000E5FFFFFFDF
:1006A00010B5436913B1AFF3008001E0FFF7A2FE7C
:1006B000012010BD127800F124010A7000224A7056
:1006C0000122EDE711684FF0FF32E9E7074B70B503
:1006D0000D467B44FFF7D1FF0446284600F066F83C
:1006E00010B14FF0FF3070BD204670BDA76D000007
:1006F00010B5203AC0F00B80B1E81850203AA0E8BD
:100700001850B1E81850A0E81850BFF4F5AF5FEAF0
:10071000027C24BFB1E81850A0E8185044BF18C9A3
:1007200018C0BDE810405FEA827C24BF51F8043B4A
:1007300040F8043B08BF7047D20728BF31F8023B9E
:1007400048BF11F8012B28BF20F8023B48BF00F832
:10075000012B70474FF0000200B5134694469646B1
:10076000203922BFA0E80C50A0E80C50B1F12001C4
:10077000BFF4F7AF090728BFA0E80C5048BF0CC072
:100780005DF804EB890028BF40F8042B08BF7047D0
:1007900048BF20F8022B11F0804F18BF00F8012B42
:1007A00070470000004870471C5B0020007B00F091
:1007B00080007047004870471C5B00207546FFF7BB
:1007C000F9FFAE4605006946534620F0070085460E
:1007D00018B020B5FFF7BAFDBDE820404FF0000685
:1007E0004FF000074FF000084FF0000B21F0070119
:1007F000AC46ACE8C009ACE8C009ACE8C009ACE85C
:10080000C0098D46704710B50446AFF300802046FE
:10081000BDE81040FFF729BD0029816802D041F0F2
:10082000010101E021F0010181607047084B10B522
:10083000D3F8042307490A40D0E900142143D0E942
:100840000240044321431143C3F8041310BD0000C8
:1008500000200140E030FCFFC06C80B270470246CF
:10086000002012680A4200D00120704730B542686B
:100870000F4B0C791A400B6842EA04221343436081
:1008800082680C4B4D791A40D1E9034323438C68AD
:1008900044EA4504234313438360C26A097D22F47A
:1008A0007002491EC9B242EA0151C16230BD000066
:1008B000FFFEFFFCFDF7FFC070B5072609290AD926
:1008C000C568A1F10A0404EB4404A640B543A34063
:1008D0001D43C56007E0056901EB4104A640B5432F
:1008E000A3401D4305611F23072A09D2446B521EF2
:1008F00002EB820293409C4391400C43446370BDE1
:100900000D2A09D2046BD21F02EB820293409C4352
:1009100091400C43046370BDC46A0D3A02EB82023D
:1009200093409C4391400C43C46270BD816841F088
:10093000804181607047000038B535489FED351A19
:100940009FED350AD0ED000A10EE810AF3EE0B0A96
:1009500080EE201ABDEEC10A10EE103A642B00DDC5
:1009600064232E48DFED2E0A90ED000A20EE200AC7
:10097000BDEEC00A10EE100A002800DA40422949F4
:1009800091ED000A20EE200ABDEEC00A10EE101A0A
:10099000002900DA4942244C2278A2B100222270B8
:1009A000224C2578012D10D0214DB5F904403AB3E1
:1009B000B5F90220B5F9001001B02346BDE830407A
:1009C0001CA0FFF7D7BC0122E9E71E4890ED000A02
:1009D0001D48BDEEC00A10EE103A90ED000A1B480B
:1009E000BDEEC00A10EE102A90ED000A18A0BDEE70
:1009F000C00A10EE101AFFF7BDFC0020207038BDB1
:100A0000CAB2C1B216A00094FFF7B4FC38BD000012
:100A10001800002000007A4400401C46705A002054
:100A20000000C842845A002024020020C101002096
:100A3000400200207B4225643A25643A25647D24E7
:100A400000000000500100204C010020480100205F
:100A50007B4325643A25643A25647D240000000028
:100A60007B4125643A25643A25643A25647D240057
:100A700030B58DB00121022002F0DEFE01210D0211
:100A8000284602F0F1FE032002218DF82C000A9185
:100A900000248DF82F400AA9134801F0D1F9012153
:100AA000284602F0EDFE0021284602F0E9FE0694F9
:100AB00068020994CDE9070406A8FFF7B7FE8DF890
:100AC000044000948DF80540029404940120074CE2
:100AD0008DF8140069462046FFF7C8FE0121204624
:100AE000FFF79AFE0DB030BD000402400020014027
:100AF00070B58CB00121022002F09EFE01214E0251
:100B0000304602F0B1FE03208DF82C0001250024B0
:100B10000A958DF82F400AA9134801F091F9012197
:100B2000304602F0ADFE0021304602F0A9FE0694E8
:100B300068040994CDE9070406A8FFF777FE8DF84D
:100B4000044000948DF8054002940494074C8DF8FD
:100B5000145069462046FFF789FE01212046FFF721
:100B60005BFE0CB070BD000000040240002101409B
:100B70001CB506F08FFCDFF8FC93DFF8FCA3FF4CFC
:100B800040F6C41B4FF4FA7501900A2101A809F040
:100B900017F8FB4E40F6B8317068884201DA401C05
:100BA0007060B068401CB06001F0ACFA01F02EFE3D
:100BB000F448006830B1DFF8D08398F800000328CB
:100BC0007DD0FAE0F148007810B101F0B7F916E0F5
:100BD000EF48007810B102F0D5FE10E0ED48007843
:100BE00010B102F055FD0AE0EB4890ED001AEB4819
:100BF000D0ED000AEA4890ED000A00F025FDE94832
:100C000090ED000ABDEEC00A10EE100A04F0F4F8F0
:100C100028B1002003460246014600908FE0E24ED4
:100C2000D6ED020A96ED000A01F0E2FC00EE100A91
:100C3000DE4FB8EEC00A86ED010AD7ED020A97ED45
:100C4000000A01F013FD00EE100ADFF86483B8EE2D
:100C5000C00A87ED010AD8ED020A98ED000A01F0FA
:100C600043FD00EE100AD34BB8EEC00A88ED010A2E
:100C7000D3ED020A93ED000A01F074FD00EE100AB4
:100C800044F23C10B8EEC00A83ED010A01F076FE92
:100C9000C94800780628BFF478AFDFE800F0031AEF
:100CA000355303530020009093ED010ABDEEC00AB6
:100CB00010EE103A98ED010AB1EE400A00E043E070
:100CC000BDEEC00A10EE102A97ED010AB1EE400AFF
:100CD0002BE00020009093ED010ABDEEC00A10EE5B
:100CE000103A98ED010AB1EE400ABDEEC00A10EECE
:100CF000102A97ED010ABDEEC00A10EE101A96ED0B
:100D0000010AB1EE400A16E0AC480068009093ED8D
:100D1000010ABDEEC00A10EE103A98ED010ABDEED0
:100D2000C00A10EE102A97ED010ABDEEC00A10EEBF
:100D3000101A96ED010ABDEEC00A10EE100A03F07B
:100D400053F822E70020E1E79D4F3868002804DDD2
:100D5000401E44F29F11386006E09A490868002856
:100D600004DD401E08609849C9F8001092480078D8
:100D7000062814D2DFE800F0030A27270327002003
:100D80000090D9F800301846424222E0002000903E
:100D9000D9F8003019464A42104603F025F8894830
:100DA0000068002809DC3868002806DC00200346BB
:100DB00002460146009003F017F898F800004746F5
:100DC000042808D00EE000200090D9F80030184622
:100DD0001A461146E1E7002003460246014600900C
:100DE00003F002F83878062804D1A72142F20F70E8
:100DF00003F0D2FC387807281CD008283BD00928FB
:100E000061D00A287ED00B287DD00C287CD00D28FC
:100E10007BD00E287AD00F2879D0132891D16B4E31
:100E2000307801288DD104F0F5FA6949002030703E
:100E30000870AAE6DAF80000514640B92068584523
:100E400001DA401D2060584501DB01200860206860
:100E5000A84206DD0A68012A0AD1401F2060A84284
:100E600006DC0868012803D102202560CAF80000CA
:100E70005848216855E0DAF800005146022802D0AF
:100E8000544825600560486840B96068584501DAF3
:100E9000401D6060584501DB012048606068A84241
:100EA00006DD4A68012A0AD1401F6060A84206DCBC
:100EB0004868012803D102206560CAF8040045494A
:100EC0006068091FDCE0DAF804005146022803D00C
:100ED00040486560001F0560886840B9A0685845B3
:100EE00001DA401DA060584501DB01208860A06840
:100EF000A84206DD8A68012A11D1401FA060A842DD
:100F00000DDC05E00FE06BE092E0BBE0DBE0E5E04C
:100F10008868012803D10220A560CAF808002E487D
:100F2000A168016031E6DAF808005146022802D0D3
:100F30002948A5600560C86840B9E068584501DAED
:100F4000401DE060584501DB0120C860E068A84210
:100F500006DDCA68012A0AD1401FE060A84206DC0B
:100F6000C868012803D10220E560CAF80C001A49BC
:100F7000091F33E0900100204C5A0020740100202A
:100F8000E00100205C0100206801002055010020E4
:100F90005601002054010020A4010020A0010020DF
:100FA0009C01002018000020705A0020845A002064
:100FB000985A0020AC5A00204501002098010020DA
:100FC0006C0100207001002061BEFFFFDC010020E9
:100FD0008C0100203818004040040140E0684FE0D8
:100FE000DAF80C005146022802D03D48E560056061
:100FF000086940B92069584501DA401D206158450B
:1010000001DB012008612069A84206DD0A69012A86
:101010000AD1401F2061A84206DC0869012803D1DB
:1010200002202561CAF810002D492069091F27E018
:10103000DAF810005146022803D029482561001F24
:101040000560486940B96069584501DA401D606132
:10105000584501DB012048616069A84206DD4A6904
:10106000012A0AD1401F6061A84206DC48690128B4
:1010700003D102206561CAF8140019496069083972
:10108000086082E50020CAF81400CAF81000CAF807
:101090000C00CAF80800CAF80400CAF8000065612C
:1010A0002561E5600E48A56065600838256005602B
:1010B000001D0560001D0560001D056009480560F4
:1010C000001D056061E5B0686421B0FBF1F0C00768
:1010D00004D001200449C1F8A00256E50020F9E738
:1010E0003C0401403418004000004042FEE700008C
:1010F0001CB50121084602F09FFB4FF48070009060
:1011000001208DF8040000218DF8061003218DF8D0
:1011100005108DF807006946014800F091FE1CBDDE
:10112000000002402DE9FE4F0024D8B3D1B3CAB36A
:10113000C3B3401E491EC7B2CEB2521E5B1E02F0A0
:10114000FF099DB20121082002F076FB012148062B
:1011500002F07EFB02218DF804104FF0030B4FF0DC
:1011600000088DF806808DF805B04FF0010ACDF823
:1011700000B08DF807A069464D4800F061FE0922D5
:1011800000214B4800F098FE09220121484800F058
:1011900093FE4848C0F80080016841F001010160F9
:1011A000021D09E0FFE70120BDE8FE8F641CA4B228
:1011B000642C01D90220F7E71168C907F6D03D4831
:1011C000016801600168016001680160016841F027
:1011D0001001016001680160016801603549434602
:1011E0001C31C1F80080D1F80080DDF830C048EA39
:1011F0008C7CC1F800C0D1F800C04CEA07670F60D2
:101200000F6847EA06560E600F6847EA09460E6007
:101210000E682E430E60016821F0010101604FF657
:10122000F07005E0641CA4B2844201D90320BBE73E
:101230001168C907F6D12048016841F00101016039
:101240001D491C310A6822F001020A601A4A0C3258
:10125000146844F001041460021D14681460164AF6
:10126000143214681460144A40321360121D136063
:101270000A6842F001020A60016803600D481430F8
:10128000016841F00201016014208DF808008DF81A
:1012900009A08DF80AB08DF80BA002A801F0F4FCAB
:1012A00001220221034800F07DF900207CE70000C4
:1012B000000C0240006400400066004010B588B099
:1012C00002A907A8CDE9000106AB05AA04A90020E0
:1012D00000F070F80498A0F5807181394BD129494C
:1012E00001209FED2F1A087027490020304C08700C
:1012F0002649087026490870264908702649087052
:10130000264908709DF809009DF8081000EB01209F
:1013100000B200EE100A2348F8EEC00A80EE810AFF
:1013200080ED000A9DF80B009DF80A1000EB0120EB
:1013300000B200EE900A1C48F8EEE00AC0EE811AF6
:10134000C0ED001A9DF80D009DF80C1000EB012077
:1013500000B200EE900A1549F8EEE01A0978022969
:10136000C1EE810A09D000EE100AB8EEC00AC0EE44
:10137000010AC4ED000A08B010BD04F01DF984EDA7
:10138000000AF8E757010020540100205601002010
:1013900055010020BC010020BD01002020020020DA
:1013A00000007A449C010020A0010020450100209B
:1013B000A4010020F0B5224CDDE9057504EB001412
:1013C000D4F8B06516F004061670D4F8B02532D003
:1013D000D2080A60D4F8B01501F002011970D4F8EF
:1013E000B41501F00F013970D4F8B8152970D4F88C
:1013F000B815090A6970D4F8B815090CA970D4F8A1
:10140000B815090EE970D4F8BC152971D4F8BC15CB
:10141000090A6971D4F8BC15090CA971D4F8BC1576
:10142000090EE97148B1012804D10648016841F06C
:1014300020010160F0BD520DCBE70248001FF5E727
:10144000006000401064004038B50024009108237B
:101450002246214600F014F8054640F6FF7301E0ED
:10146000641CA4B2284600F06BF8072801D09C4207
:10147000F6D39C4201D3012038BD002038BD0000C6
:10148000F0B506462C48059D0468640101D500208E
:1014900008E00468240101D5012003E00068C000D1
:1014A00046D50220254C002704EB0014C4F88075B3
:1014B000E9B3F600D4F880753743C4F88075D4F8E2
:1014C000806546EA8101C4F88015D4F8801541EAA8
:1014D0004201C4F88015D4F8842503F00F0122F0EE
:1014E0000F02C4F88425D4F884250A43C4F884255F
:1014F0002979EA796B7941EA0261AA79120442EA10
:1015000003221143C4F88C152978EA786B7841EAF4
:101510000261AA78120442EA03221143C4F8881532
:10152000D4F8801541F00101C4F88015F0BD01E048
:10153000FF20FBE77605BDE708640040006000403F
:10154000174928B1012810D002281BD00520704768
:1015500008680A6800F0010002F00202024308680D
:1015600000F0806042EA1060704708680A6800F086
:10157000010002F002020243086800F0006042EA43
:101580005060704708680A6800F0010002F002022B
:101590000243086800F0805042EA90607047000003
:1015A00008640040002A426901D00A4300E08A43EF
:1015B000426170477CB5144C00206D46215C295473
:1015C000401CC0B20828F9D3294640F20110FFF7A9
:1015D0003BFF00202118097A2954401CC0B208287A
:1015E000F8D369464FF48170FFF72EFF00202118D1
:1015F000097C2954401CC0B20828F8D3694640F23F
:101600000310FFF721FF7CBDAE06002030B5034676
:101610000020012908D10022094C03E0A55C6840A4
:10162000521CD2B29A42F9D3002908D1044A32326C
:1016300003E0545C6040491CC9B29942F9D330BD03
:10164000AE060020704700002DE9F0472DED0E8B0F
:10165000F0EE418AB0EE408AB0EE0CEAFD4BDFF8C6
:10166000F883FE4E1878FE4FB8EE0CCA9FEDFDDBF6
:10167000DFEDFECAFE4AFF4DFF4CB6EE00AA08B1F0
:10168000012810D1B0EE681AB0EE480A02F0E6FB6D
:10169000FA4890ED008A90ED019AD0ED028A187810
:1016A00068B3012852D0C0B202287CD0032803D0EE
:1016B000042879D0052878D192ED000AB0EE4E1AB0
:1016C00068EE800AB0EE480A00EECA0A00EE8A8A86
:1016D000F0EE4C0A85ED020A84ED028A07F00EFF57
:1016E00085ED020A94ED020AB0EE4E1AF0EE4C0AB5
:1016F00007F004FF84ED020AC6ED02CAB8E098EDD7
:10170000000A92ED001A79EE080A30EE010A38EE6E
:10171000491AF0EE601A48EEC00A48EE801AC5ED8C
:10172000020AB0EE602AF0EE410A08EE801A48EE96
:10173000C00AB0EE420AC4ED020AC6ED021A87EDF5
:10174000021AB0EE4E1AF0EE4C0A76E1DFF8308362
:10175000F0EE490A98ED000A40EE280A20EE280A29
:1017600010EE100AC5ED020A0AF00AF869EE0AEA5C
:1017700041EC1B0B1EEE900A0AF002F841EC1A0B2A
:1017800018EE100A09F0FCFF41EC190BB0EE4D0AFF
:10179000F0EE6D0A04F03CFF9FEDBA1B51EC100B0C
:1017A00053EC112B02E069E02DE163E009F0F2FC5B
:1017B00053EC192B09F0EEFC53EC1A2B09F0F6FE52
:1017C00053EC1B2B09F03CFA09F008FAA06098EDE5
:1017D000000A20EE280A10EE100A09F0D1FF41ECB1
:1017E000190B1EEE900A09F0CBFF41EC1A0B18EE14
:1017F000100A09F0C5FF41EC180BB0EE4D0AF0EEEF
:101800006D0A04F005FF9FEDA11B51EC100B53EC8A
:10181000112B09F0BFFC53EC182B09F0BBFC53EC67
:101820001A2B09F0C3FE53EC192B09F009FA09F041
:10183000D5F9B06095ED020AB0EE4E1AF0EE4C0A02
:1018400007F05CFE85ED020A94ED020AB0EE4E1A36
:10185000F0EE4C0A07F052FE84ED020A96ED020A01
:10186000B0EE4E1AF0EE4C0A07F048FE86ED020A82
:10187000C7ED02CABDEC0E8BBDE8F087DFED85AA8F
:1018800092ED000A914620EE0A0A10EE100A09F0C5
:1018900077FF41EC190B18EE900A09F071FF41EC4B
:1018A000100B04F0F5FEB0EE40BAF0EE60BAD8F8D6
:1018B000000009F065FF53EC1B2B09F07DFA53EC97
:1018C000192B09F073FE09F089F902EE100A9FED59
:1018D000721ADFED720AB0EE680A07F00FFEB5EE7D
:1018E000C00AF0EE408AF1EE10FA16D099ED000A27
:1018F000F0EE420A40EE4A0A60EE880A80EE821A52
:10190000F0EE420A40EE0A0A20EE880AC0EE020A11
:1019100085ED021AC4ED020A03E085ED028A84ED2A
:10192000028A9FED5F0A28EE800A10EE100A09F085
:1019300027FF41EC1B0B18EE900A09F021FF41EC48
:10194000100B9FED581B04F03BF89FED581B51EC1A
:10195000100B53EC112B09F01DFC41EC190B18EE88
:10196000900A09F00DFF41EC100BB0EE4D1AF0EEAD
:101970006D1A04F025F89FED4F1B51EC100B53EC42
:10198000112B09F007FC53EC192B09F059F953EC12
:101990001B2B09F00BFE9FED491B53EC112B09F09B
:1019A0004FF909F01BF900EE100ADFED460A70EE60
:1019B000600A9FED450A454BB0EE4E1A00EEAA0AAA
:1019C000F0EE4C0ABDEEC00A83ED000A95ED020A66
:1019D00007F094FD85ED020A94ED020AB0EE4E1A6E
:1019E000F0EE4C0A07F08AFD84ED020AC6ED02CA49
:1019F000C7ED02CA40F698024FF44871186807F024
:101A00008DFD186036E792ED000AD8ED000AB0EEC1
:101A10004E1A30EE200A60EE280AB0EE480A00EEB8
:101A2000CA0A00EE8A8AF0EE4C0A85ED020A84EDBD
:101A3000020A86ED028A87ED028A07F05FFD85EDD6
:101A4000020A94ED020AB0EE4E1AF0EE4C0A07F0CC
:101A500055FD3DE045010020B4010020985A0020CA
:101A6000AC5A002000000000000008400000000008
:101A7000B0010020705A0020845A0020645A0020CF
:101A8000B8010020000000000000E0BF00000000DE
:101A90000000E03FD7231F440AD7A33E48E1FABE27
:101AA000E5D0E23F00000000000000400000000020
:101AB000D34DF43F000000809318E4BF0000000005
:101AC000022BF93F4C37C93F0080BB4498010020EE
:101AD00084ED020A96ED020AB0EE4E1AF0EE4C0AC0
:101AE00007F00CFD86ED020A97ED020AB0EE4E1AE1
:101AF000F0EE4C0A07F002FD87ED020ABAE600009C
:101B00001CB50121082001F097FE0820009000205C
:101B10008DF8040003208DF8050001208DF80700E2
:101B20006946024800F08CF91CBD0000000C024020
:101B3000F0B5012189B0084601F08AFE0121032099
:101B400001F07AFE03258DF8055002264FF400407F
:101B50008DF8046001242B4F00908DF806408DF81D
:101B600007406946384600F06BF98DF805508DF84E
:101B700004608DF806408DF807400820224C009044
:101B80006946204600F05CF901220F21384600F03A
:101B900093F901220321204600F08EF902A803F0F8
:101BA00021F900244FF6FF70ADF808400390750747
:101BB000ADF81040ADF80A4002A9284603F0D4F869
:101BC00000231A460321284602F0EFFE05A802F082
:101BD0006FFFADF81C4005A9284602F013FF012154
:101BE000284602F0C7FE01221146284602F068FF8F
:101BF0000021284603F08EF80121284602F0C0FE9D
:101C000009B0F0BD000002400004024030B589B0C8
:101C10000121022001F01CFE0121022001F00CFE36
:101C20003020039003208DF8110002208DF8100061
:101C300001208DF81200224C8DF8130003A92046D4
:101C400000F0FEF802220421204600F035F90222BD
:101C50000521204600F030F9684603F0C3F800245F
:101C60004FF6FF70174DADF800400190ADF80840F9
:101C7000ADF802406946284603F076F800231A467C
:101C80000321284602F091FE05A802F011FFADF8ED
:101C90001C4005A9284602F0B5FE0121284602F0A5
:101CA00069FE01221146284602F00AFF002128465B
:101CB00003F030F80121284602F062FE09B030BD81
:101CC000000402400004004030B589B00121042026
:101CD00001F0BEFD0121022001F0AEFDC020039005
:101CE00003208DF8110002208DF8100001208DF8DE
:101CF0001200224C8DF8130003A9204600F0A0F832
:101D000002220621204600F0D7F8022207212046B1
:101D100000F0D2F8684603F065F800244FF6FF7033
:101D2000174DADF800400190ADF80840ADF8024005
:101D30006946284603F018F800231A46032128466E
:101D400002F033FE05A802F0B3FEADF81C4005A971
:101D5000284602F057FE0121284602F00BFE012220
:101D60001146284602F0ACFE0021284602F0D2FFC0
:101D70000121284602F004FE09B030BD00040240F3
:101D80000008004030B589B00121082001F060FD55
:101D90000121084601F050FD274C02220021204677
:101DA00000F08AF802220121204600F085F8022185
:101DB0008DF811108DF81010012103208DF81210EC
:101DC00003908DF8131003A9204600F039F86846F7
:101DD00003F008F800244FF6FF70184DADF80040EE
:101DE0000190ADF80840ADF802406946284602F07F
:101DF000BBFF00231A460321284602F0D6FD05A8A2
:101E000002F056FEADF81C4005A9284602F0FAFD86
:101E10000121284602F0AEFD01221146284602F0BB
:101E20004FFE0021284602F075FF0121284602F0EE
:101E3000A7FD09B030BD000000000240000C0040CA
:101E4000F0B5002201274FF0030C0B6807FA02F5EA
:101E50002B40AB422CD1066853000CFA03F4A64386
:101E600006600E79D0F800E09E4046EA0E06066055
:101E70000E79012E01D0022E12D18668A64386600B
:101E80004E79D0F808E09E4046EA0E068660466825
:101E9000AE43466045688E799640B6B2354345609C
:101EA000C568A543C560CC799C40C3681C43C46029
:101EB000521C102AC9D3F0BD4B07DB0E9A40C9084B
:101EC00010B500EB8100016A0F249C40A143016220
:101ED000016A1143016210BD0183704710B50A4CBD
:101EE0000146072301222046FEF7E6FC2046FEF7C6
:101EF0001DFD02212046FEF7B2FC0028F9D0204645
:101F0000BDE81040FEF7A8BC0020014010B50A4C07
:101F10000146072301222046FEF7CEFC2046FEF7AD
:101F200005FD02212046FEF79AFC0028F9D0204644
:101F3000BDE81040FEF790BC00210140F0B46448B9
:101F40006449027864480E780578644804789FED07
:101F5000641A644BDFED642ADFED641A644F9FED71
:101F6000652A654897ED000A6449F1EE400A52B1CE
:101F7000012A08D0092C66D2DFE804F065434649FF
:101F80004E5156596200092C24D2DFE804F0230593
:101F9000080B1013181B200080ED000A0CE080EDE8
:101FA000000A01E080ED001AC3ED000A53E0C0ED25
:101FB000000AF9E7C0ED000A83ED001A4BE0C0ED1E
:101FC000000A01E080ED001A83ED000A43E080ED95
:101FD000000AF9E780ED001A83ED001A012E04D003
:101FE000012D07D081ED001A35E0C0EE220A60EE27
:101FF000820A03E0C0EE220A60EEA10AC1ED000AE7
:1020000029E080ED000A0CE080ED000A01E080ED9F
:10201000001AC1ED001A0EE0C0ED000AF9E7C0EDAC
:10202000000A81ED001A06E0C0ED000A01E080ED33
:10203000001A81ED002A012E08D0012D09D00AE0F6
:1020400080ED000AF5E780ED001AEAE781ED002A4D
:1020500001E0C1ED001A022A06D0032A11D0052A98
:102060000FD0042A0DD01FE091ED000AF0EE000A17
:1020700020EE200AF2EE020A80EE201A81ED001A0C
:1020800012E0D0ED000AF5EEC00AF1EE10FAD1ED43
:10209000000A03D2F1EE600AC1ED000A20EE800AC8
:1020A000C0EE220AC1ED000AD0ED000A9FED141A1D
:1020B00080EE810A80ED000AD3ED001AC1EE810A9C
:1020C000C3ED000A91ED001AF0BCFFF7BDBA0000A5
:1020D00045010020BE010020BF0100205801002062
:1020E00000000000A00100200000FA43DB0FC9BF80
:1020F00048010020DB0FC93F9C010020A401002003
:1021000000007A4410B502202DED048B01F01AFC7A
:10211000394C2060032001F015FC6060042001F0C0
:1021200011FCA060052001F00DFC3449E060097845
:1021300006291BD2DFE801F04903505049502168BD
:10214000494200EE101A6168F8EEC09A494200EE6A
:10215000101AA168B8EEC09A494200EE101A404227
:10216000F8EEC08A00EE100AB8EEC08A9FED241A7D
:10217000244869EE810A90ED000A234860EE801A37
:10218000D0ED000A214881EEA02A69EE011A61EE25
:10219000801A80ED002A81EEA02A68EE811A1C4880
:1021A00028EE011A61EE801A21EE000A80EE201A54
:1021B00080ED002A174881EEA02A80ED002A1648FB
:1021C00080ED001ABDEC048B10BD94ED000AF8EE12
:1021D000C09A94ED010ABCE794ED000A6168F8EE3C
:1021E000C09A494200EE101AB8EEC09A94ED020A65
:1021F000F8EEC08AB6E70000F45A0020450100203E
:102200000000C842AC010020A8010020705A002044
:10221000845A0020985A0020AC5A00202DE9F04141
:1022200000250E4607462C4608E03846FFF756FEC6
:102230000544052005F0D8F8641CE4B2B442F4D398
:10224000B5FBF6F080B2BDE8F081000010B50820C3
:10225000FFF75CFE08F04EFF9FED0E1B53EC112BB9
:1022600008F098FF9FED0D1B53EC112B08F092FF27
:102270009FED0C1B53EC112B08F08CFF9FED0B1BFB
:1022800053EC112B08F086FF08F0A8FC00EE100AB2
:1022900010BD00006666666666660A4000000000C3
:1022A000000026400000008014AEEF3F0000000058
:1022B0000000303FFEE7000070B50D4C0025C4F86B
:1022C000A8520C48016821F440010160016841F402
:1022D00080010160C4F8AC52012004F52A7405F0B5
:1022E0009FF80120206005F09BF8256070BD00007C
:1022F00000804042000402401CB50121022001F090
:102300009BFA4FF44060012400908DF804400020B7
:102310008DF8060003208DF805008DF8074069460A
:102320000448FFF78DFD0448C0F8A842C0F8AC424D
:102330001CBD0000000402400080404270B50D4CFE
:102340000026C4F8A8620C48016821F4400101602D
:10235000016841F4800101600125C4F8AC522846AF
:1023600004F52A7405F05CF82560012005F058F8A2
:10237000266070BD00804042000402402DE9F04715
:10238000814618480025016821F440010160016878
:102390000160154E2C462F464FF00108C6F8A87272
:1023A000012005F03DF8C6F8A8826806D6F82C1280
:1023B000000E11B140F0010501E020F001050120FF
:1023C00005F02EF8641CE4B2082CE7D3B9F1000F35
:1023D00004D0FFF7B3FF2846BDE8F087FFF76CFF96
:1023E000F9E70000000402400080404270B50D464D
:1023F000044600F01BF8204600F0B0F800F05EF84C
:10240000284600F0ABF800F059F800F00FF844F05F
:10241000010000F0A3F800F051F80120FFF7AEFF33
:10242000044600F02BF8204670BD000070B511483E
:10243000016821F440010160016841F480010160FC
:102440000D4C0120C4F8AC02D4F82C1200290FD096
:10245000C4F8A80204F0E4FF0025C4F8AC52D4F894
:102460002C02002804D1012004F0DAFFC4F8A8529D
:1024700070BD000000040240008040420D4810B5CD
:10248000016821F440010160016841F480010160AC
:10249000094C0020C4F8A802C4F8AC02012004F5DD
:1024A0002A7404F0BDFF012020606060BDE8104088
:1024B00004F0B6BF000402400080404270B51248EC
:1024C0000024016821F440010160016801600F4DA2
:1024D0000126C5F8AC62304604F0A2FFC5F8A86238
:1024E00007E0641CE4B2322C03D9FFF7C7FF0020D9
:1024F00070BD012004F094FFD5F82C020028F0D123
:10250000C5F8A802012070BD0004024000804042CE
:102510002DE9F0411D4614460F468046069EFFF702
:1025200065FF621CFF21C4F1080301FA02F22B448B
:102530005B1ED9400A43C5F108018E40D2B2F1B208
:10254000C4F10703D940104040EA01023946404631
:1025500000F034F80120BDE8F08100002DE9F041E1
:1025600005461448016821F440010160016841F406
:1025700080010160104E0027C6F8A8723C464FF05B
:102580000108E809C6F8AC026806050E012004F04F
:1025900047FFC6F8A882012004F042FFC6F8A872DF
:1025A000012004F03DFF641CE4B2082CE9D3BDE82F
:1025B000F0810000000402400080404270B51546E2
:1025C0000E460446FFF732FF2046FFF7C7FFFFF72E
:1025D00075FF3046FFF7C2FFFFF770FF2846FFF791
:1025E000BDFFFFF76BFFFFF749FF012070BD000043
:1025F000174830EEC00A1749D0ED060A174A91ED88
:10260000001A70EE600A144960EE810A91ED001A1A
:1026100041EE000A90ED051A70EE810A10EE901A54
:10262000C0ED050A914203DDDFED0D0AC0ED050A9C
:1026300010EE901A0B4A914203D9DFED0B0AC0ED60
:10264000050A80ED060ABDEEE00A10EE100A70479A
:10265000E00100204C01002050010020007882465B
:1026600000788246007882C6007882C6174830EE2D
:10267000C00A1749D0ED090A174A91ED001A70EE09
:10268000600A144960EE810A91ED001A41EE000AD9
:1026900090ED081A70EE810A10EE901AC0ED080A4B
:1026A000914203DDDFED0D0AC0ED080A10EE901A2D
:1026B0000B4A914203D9DFED0B0AC0ED080A80ED09
:1026C000090ABDEEE00A10EE100A7047E001002092
:1026D0004C0100205001002000788246007882469C
:1026E000007882C6007882C6174830EEC00A1749C3
:1026F000D0ED0C0A174A91ED001A70EE600A1449E9
:1027000060EE810A91ED001A41EE000A90ED0B1A7D
:1027100070EE810A10EE901AC0ED0B0A914203DDB3
:10272000DFED0D0AC0ED0B0A10EE901A0B4A914234
:1027300003D9DFED0B0AC0ED0B0A80ED0C0ABDEEEC
:10274000E00A10EE100A7047E00100204C01002062
:10275000500100200078824600788246007882C6C8
:10276000007882C6174830EEC00A1749D0ED0F0A2C
:10277000174A91ED001A70EE600A144960EE810A62
:1027800091ED001A41EE000A90ED0E1A70EE810AEA
:1027900010EE901AC0ED0E0A914203DDDFED0D0A36
:1027A000C0ED0E0A10EE901A0B4A914203D9DFEDEC
:1027B0000B0AC0ED0E0A80ED0F0ABDEEE00A10EE26
:1027C000100A7047E00100204C0100205001002059
:1027D0000078824600788246007882C6007882C6F9
:1027E0001CB50121102001F027F800218DF80410FC
:1027F000032101208DF8051000908DF8070069462F
:102800000148FFF71DFB1CBD001002402DE9F05FE1
:10281000322004F01BFC3D4D0446DFF8F4B028687C
:102820003C4E3D4F4FF000084FF496794FF4FA7A42
:1028300001282ED1012C30D19BF80000401CC0B2E1
:102840008BF8000015285FD1344AC5F80080404657
:10285000C2F8A082324A8BF800801E21C2F8009094
:10286000304AC2F800A0C6F814A0C6F810A0C6F8F6
:102870000CA0C6F808A0C6F804A0C6F800A0C7E9D6
:102880000408F860B860786038600122264802F0D9
:1028900017F9286850B3012836D1022C34D11F49CA
:1028A000C5F800804046C1F8A0821D4A8BF8008020
:1028B000C2F800901B4AC2F800A0C6F814A0C6F8DF
:1028C00010A0C6F80CA0C6F808A0C6F804A0C6F868
:1028D00000A0C7E90408F860B86078603860BDE817
:1028E000F05F01221E21104802F0EAB8022C0BD141
:1028F0000F490E480A680260898881800E490D4898
:102900000A68026089888180BDE8F09F5C01002030
:1029100068010020740100204C5A00200000404251
:102920006C01002070010020000401404C020020D6
:1029300052020020580200205E0200207CB50121D6
:10294000084600F079FF01208DF8040000228DF880
:10295000062003218DF80510074D4FF480548DF8A3
:102960000700009469462846FFF76AFA2146284680
:10297000FFF7B2FA7CBD00000000024000EE900AB2
:1029800041421E4AB8EEE01A00EE901A00B592EDF0
:10299000010AF8EEE00A06F0B1FD00EE900A82EDC1
:1029A000010A174AB8EEE01A00EE901A92ED010AF9
:1029B000F8EEE00A06F0A2FD00EE900A82ED010AB0
:1029C000104AB8EEE01A00EE901A92ED010AF8EE05
:1029D000E00A06F093FD00EE900A82ED010A0A4A31
:1029E000B8EEE01A00EE901A92ED010AF8EEE00A55
:1029F00006F084FD82ED010A00BD0000705A00203F
:102A0000845A0020985A0020AC5A0020BC2801D3D8
:102A1000012210E0622801D302220CE02A2801D30F
:102A2000032208E0142801D3042204E00A2801D379
:102A3000052200E006221A21D020FFF7BFBD10B505
:102A400004464FF47A70844201D9044602E0042C13
:102A500000D20424B0FBF4F0401EC2B21921D020F1
:102A6000FFF7ACFD6008BDE81040FFF7CFBF10B521
:102A700080226B21D020FFF7A1FDC82004F0B4FC18
:102A800000226B21D020FFF799FD012000F03AF8D9
:102A9000002000F02EF83220FFF7D1FF002238216D
:102AA000D020FFF78BFD00226A21D020FFF786FDA2
:102AB00000222321D020FFF781FD80223721D02062
:102AC000FFF77CFD7521D020FFF790FC682801D02E
:102AD000012010BD01226B21D020FFF76FFD0022E5
:102AE0006C21D020FFF76AFD3220FFF7A8FF0020FD
:102AF00010BD08B50223009004221C21D020FFF74E
:102B000007FD08BD08B50223009004221B21D02038
:102B1000FFF7FEFC08BD000008B504F0BBFC0D4C3F
:102B20004FF47A7500900A21684607F049F820684A
:102B3000A8420ADA401C2060606820612089A082D7
:102B4000D4F80A00E061E089208400F049F800F040
:102B500003F8E8E73C02002070B53C21D020FFF7E5
:102B600045FC04463B21D020FFF740FC04EB00204D
:102B70001A4C3E212080D020FFF738FC05463D212D
:102B8000D020FFF733FC05EB002060804021D020EF
:102B9000FFF72CFC05463F21D020FFF727FC05EB73
:102BA000002000B2A4F10A01A0800968B1F57A7F83
:102BB00012DB04F118032188198062885A809880FA
:102BC0009B1F1D88491B21805988511A6180998853
:102BD000401A00F58040A08070BD00004602002031
:102BE00070B54421D020FFF701FC04464321D020DA
:102BF000FFF7FCFB04EB00201F4C46212080D02077
:102C0000FFF7F4FB05464521D020FFF7EFFB05EB6E
:102C1000002060804821D020FFF7E8FB05464721CF
:102C2000D020FFF7E3FB05EB002000B2211FA080BE
:102C300009684FF47A75114A114BA94203DA012051
:102C40001860107070BDA94201D1002111704FF4BD
:102C500096711960084B21881233198062885A8056
:102C600098809B1F1D88491B21805988511A6180BB
:102C70009988401AA08070BD4002002044010020C5
:102C800034000020FEE7704730B50F23C27801788A
:102C90000125FAB1144A126801F1E02102F4E06260
:102CA000C2F5E062C2F30722C2F10404D3404278C5
:102CB000A24084781C401443220181F8002400784B
:102CC00000F01F018D404009800000F1E020C0F8B5
:102CD000005130BD01F01F0085404809800000F11F
:102CE000E020C0F8805130BD0CED00E002490843FF
:102CF00002490860704700000000FA050CED00E092
:102D000010B40021084B0A46002003EBC004401C0D
:102D1000C0B262548028F8D3491CC9B20829F3D341
:102D200010BC00F0D1B800006402002010B57F286C
:102D300016D83F2914D80723A3EBD10301F00701CC
:102D4000C1F107040121A140064CDBB204EBC00035
:102D5000002AC25CC9B201D00A4300E08A43C254CF
:102D600010BD000064020020F0B516460D4607466F
:102D70000024FFF7DBFF324629463846FFF7D6FF2F
:102D80002819C1B232463846FFF7D0FF641CE4B2BE
:102D9000082CF5D3F0BD00007CB50121082000F01F
:102DA0004BFD01268DF8046000244FF4F0408DF8AF
:102DB000064000908DF805408DF807406946404870
:102DC000FFF73EF80121080700F042FD012000F066
:102DD0002DFD002000F0A8FD002000F027FD394D5A
:102DE000C5F8B042642005F52C7504F0FDFA2E609C
:102DF0000021AE2000F012FA0021D52000F00EFADA
:102E00000021502000F00AFA0021A82000F006FA64
:102E100000213F2000F002FA0021D32000F0FEF94B
:102E20000021084600F0FAF90021402000F0F6F9F0
:102E300000218D2000F0F2F90021142000F0EEF9BD
:102E40000021202000F0EAF90021022000F0E6F93C
:102E50000021A12000F0E2F90021C02000F0DEF9FD
:102E60000021DA2000F0DAF90021122000F0D6F972
:102E70000021812000F0D2F90021EF2000F0CEF9EE
:102E80000021D92000F0CAF90021F12000F0C6F994
:102E90000021DB2000F0C2F90021302000F0BEF953
:102EA0000021A42000F0BAF90021A62000F0B6F914
:102EB0000021AF2000F0B2F9FFF722FF7CBD000037
:102EC000000C02400080414270B5104E002505F113
:102ED000B000C0B2002100F0A1F90021084600F0C6
:102EE0009DF90021102000F099F9002406EBC400A0
:102EF0000121405D00F092F9641CE4B2802CF5D30E
:102F00006D1CEDB2082DE2D370BD000064020020FC
:102F100070B515460E4604460CE02A46314620465A
:102F200000F0A8F81034E4B2702C02D90024103656
:102F3000F6B2AD1C28780028EFD170BD70B51546EB
:102F40000E4604460CE02A463146204600F04EF874
:102F50000C34E4B2742C02D900240C36F6B2AD1C49
:102F600028780028EFD170BD2DE9F04F203A98461F
:102F70000D468346894602F0FF0A00262EE0B8F18E
:102F80000C0F08D0174901EB0A100027845D2006BA
:102F900007D5099A08E014490AEB4A0001EB8000C2
:102FA000F3E7099890B1002229465846FFF7BEFE84
:102FB0006D1C6006EDB2040EA5EB0901414507D179
:102FC0000BF101004D4600F0FF0B05E00122EBE79D
:102FD0007F1CFFB2082FDAD3761CF6B24645CED35B
:102FE000BDE8F08FDABD000866B900082DE9F74F9B
:102FF000172514781E4B8B46002000EB800101EB57
:10300000C00113F81160A6422DD103EB4109567897
:1030100099F80110B14226D100254FF0800A09EB42
:103020000500009990F8028005F0010000240BEBE8
:10303000550701EBC0062AFA04F010EA080F06EB68
:103040000400F9B2C0B201D0012200E00022FFF773
:103050006DFE641CE4B2082CEDD36D1CEDB2182D8E
:10306000DDD3BDE8FE8F401CC0B2A842C5D3F8E74F
:1030700034D100082DE9F74F652514781D4B8B4698
:10308000002000EB001113F81160A6422DD103EBD4
:103090004109567899F80110B14226D100254FF028
:1030A000800A09EB0500009990F8028005F0010004
:1030B00000240BEB550701EBC0062AFA04F010EAD6
:1030C000080F06EB0400F9B2C0B201D0012200E003
:1030D0000022FFF72BFE641CE4B2082CEDD36D1C1C
:1030E000EDB2202DDDD3BDE8FE8F401CC0B2A8425A
:1030F000C7D3F8E7CAC300082DE9FF4F81B0002706
:10310000DDF838B01D46924680463C464FF0010936
:103110004FEA5B0627E0281B401EC1B20A2004F0DC
:10312000F3F9BAFBF0F00A21B0FBF1F201FB120057
:1031300027B9691E8C4201DA48B101273030C2B28A
:1031400006FB0480C0B25B46CDF8009006E006FBAB
:103150000480C0B25B462022CDF800900299FFF7B0
:1031600003FF641CE4B2AC42D5D305B0BDE8F08FD8
:10317000F8B516460D460446012714E07A2C02D90C
:1031800000241035EDB23A2D03D900242546FFF76F
:10319000B7FD009732780C2329462046FFF7E4FE5E
:1031A0000834E4B2761C30780028E7D1F8BDF8B5D1
:1031B00016460D460446012714E07A2C02D9002455
:1031C0001035EDB23A2D03D900242546FFF798FDBE
:1031D00000973278102329462046FFF7C5FE0834B1
:1031E000E4B2761C30780028E7D1F8BD30B50A4D3E
:1031F00000242868C11700EB1170B4EB201F01DA1E
:10320000012200E0002200212046FFF7ADFD641CF2
:10321000E4B2802CEDD330BDD801002030B50023BE
:103220000E4A012411B1C2F8AC4201E0C2F8AC323E
:103230000021C2F8B832050602D5C2F8B44201E056
:10324000C2F8B432C2F8B8424006491C000EC9B2F6
:103250000829EED3C2F8AC4230BD000000804142E4
:103260000020044A01461154401CC0B20928FAD378
:1032700070470000640600202DE9F8430125074649
:10328000ADF800501B4800264670ADF800501A4CAF
:1032900080464FF6FF7924E0BDF80000384202D0A6
:1032A000C4F8B05201E0C4F8B062C4F8A0520520DE
:1032B00004F0B6F8C4F8A062052004F0B1F8C4F830
:1032C000A052D4F83C0230B198F80110BDF80020AB
:1032D000114388F80110BDF8001009EA4100ADF86B
:1032E0000000BDF80000FF28D6D9BDE8F843102043
:1032F00004F096B8640600200000424270B5FFF763
:10330000AFFF00F013F90B480B4AB0F803400A482E
:10331000083244800020012512F8103000F101002D
:103320005B1E05FA03F12142C0B202D01028F3D38C
:10333000002070BD640600203C00002010B5154C34
:103340000020C4F8A802102004F52A7404F068F8DC
:103350000120FFF791FF4320FFF78EFF0020FFF7CA
:103360008BFF0120FFF788FF0020FFF785FF00207B
:10337000FFF782FF0020FFF77FFF0020FFF77CFFB1
:103380000020FFF779FF01202060BDE810401020E9
:1033900004F046B80000424210B5154C0020C4F8B5
:1033A000A802102004F52A7404F03AF80120FFF76F
:1033B00063FF4320FFF760FF0020FFF75DFF002061
:1033C000FFF75AFF5A20FFF757FF5A20FFF754FF25
:1033D0005A20FFF751FF5A20FFF74EFF5A20FFF700
:1033E0004BFF01202060BDE81040102004F018B809
:1033F000000042427CB50121102000F01DFA4FF47C
:103400000040002400908DF8044003208DF8050052
:103410000C4E02258DF8075069463046FEF710FD28
:1034200001218DF804108DF806404FF4A8508DF856
:10343000055000908DF8071069463046FEF700FDF4
:103440007CBD00000010024010B5FFF757FF00EEF2
:10345000100A27482C4BB8EE400A012280ED000AE2
:103460002448C17900EE901A2349F8EE600AC1EDB4
:10347000000A017A00EE901A2049F8EE600AC1EDC8
:10348000000A417901EE101A1D49B8EE411A81ED8A
:10349000001A807910EE101A01EE100A1948B1F1E5
:1034A000814FB8EE411A80ED001A184801D1017819
:1034B000E1B15968002918D010EE901A144B9942C6
:1034C00013DA0178002910D112490968B1F57A7F21
:1034D0000BDB114902700020087010490870104978
:1034E0000870104908701049087010BD5A60E3E771
:1034F000D401002064060020C4010020C80100207F
:10350000CC010020D00100203C000020540100200C
:103510000000EC423C020020560100205501002032
:1035200057010020BC010020BD0100202DE9FC4115
:1035300000268DF800600125ADF80450224CC4F837
:10354000A862224F3878FFF797FE7878FFF794FE4D
:1035500002208DF800001E4F4FF6FF782CE0ADF8EA
:1035600004501DE0C4F8A052052003F059FFC4F830
:10357000A062052003F054FFC4F8A052D4F83C0226
:1035800040B19DF80000BDF80410385C08439DF878
:1035900000107854BDF8041008EA4100ADF80400AA
:1035A000BDF80400FF28DDD9102003F039FF9DF895
:1035B0000000401C8DF800009DF800000928CED3C3
:1035C000C4F8A852BDE8FC81000042423C00002043
:1035D0006406002010B500F00DF800F00BF800F0C4
:1035E00009F8FFF7ABFE00F027F8BDE81040FFF741
:1035F000D3BE000010B50F4C0020C4F8A802102064
:1036000004F52A7403F00CFF0120FFF735FE422079
:10361000FFF732FE0020FFF72FFE0020FFF72CFE01
:103620000020FFF729FE01202060BDE81040102097
:1036300003F0F6BE0000424210B5144C0020C4F85E
:10364000A802012004F52A74FFF716FE4420FFF7B4
:1036500013FE0020FFF710FE0120FFF70DFE0320F0
:10366000FFF70AFE0020FFF707FE0020FFF704FE29
:103670000020FFF701FE0020FFF7FEFD0120206083
:10368000BDE81040102003F0CBBE00000000424215
:10369000554830B4D0ED000A9FED540A54486FF0FD
:1036A000130370EE600AFDEEE00A10EE901AD0ED02
:1036B000000A504870EE600AFDEEE00A10EE902A13
:1036C000D0ED000A9A4230EE600ABDEEC00A10EE5C
:1036D000100A02DD142A00DA0022994202DD1429C0
:1036E00000DA0021984202DD142800DA0020424B63
:1036F000434C424D1B6894ED000AF1EE040AAB42C4
:1037000002D130EE200A04E03E4DAB4203D130EE50
:10371000600A84ED000AB5EEC00AF1EE10FA03D299
:103720009FED390A84ED000A00EE102A01EE901A8E
:10373000D4ED000AB8EEC00A02EE100AF8EEE11A63
:10374000DFED352AB8EEC22A20EE201A9FED2F0AAF
:1037500061EEA01A22EE222A21EE001A2C4A61EE16
:10376000801A2C4B22EE000A2C4982ED001A2C48BC
:10377000C3ED001A81ED000A00789FED2A2AF0B10E
:1037800001281CD0022806D003280FD005280DD010
:1037900004280BD019E0F0EE000A20EE200AF2EE29
:1037A000020A80EE202A81ED002A0EE0B5EEC01A52
:1037B000F1EE10FA03D2B1EE400A81ED000A20EEDC
:1037C000200AC0EE020AC1ED000A9FED172A81EE21
:1037D000020AC1EE820A82ED000AC3ED000A91EDF1
:1037E000001A30BCFDF730BFC401002000000043C8
:1037F000C8010020CC010020D4010020000030418D
:103800004801002000001041000000000000003CC2
:103810009C010020A0010020DB0FC93FA401002073
:10382000450100200000FA4300007A440149086283
:103830007047000000000E42044A0029116801D0C0
:10384000014300E0814311607047000030380240BE
:10385000044A0029116801D0014300E0814311604E
:103860007047000040380240044A0029116801D026
:10387000014300E08143116070470000443802407A
:10388000044A0029116801D0014300E0814311601E
:10389000704700002438024070B5204B1968204C56
:1038A00011F00C0104D06610042903D0082903D0BC
:1038B00004601BE0066019E0184A121F1168C1F38A
:1038C0008055116801F03F0115B1B6FBF1F101E03F
:1038D000B4FBF1F114681268C4F388146143C2F3B5
:1038E0000142521C5200B1FBF2F1016019680F2233
:1038F00002EA11110B4A545C0168E14041601C6806
:10390000072505EA9424145D21FA04F484601B68F9
:1039100005EA5333D25CD140C16070BD0838024023
:103920000024F400C0000020054900220A700A703B
:10393000012802D0042801D105200870704700003A
:10394000703802400021022807D003280BD0042839
:103950000BD005280BD0002070474FF08042506AF2
:10396000516200B27047044A02E0044A00E0044A8F
:103970001068116000B27047240400402408004021
:10398000240C00402DE9F0414FF4FA66614B7710AA
:1039900032463946186805F0C1FD5F4D1860324661
:1039A0003946286805F0BAFD5C4C28603246394635
:1039B000206805F0B3FD3246594E20603946306824
:1039C00005F0ACFD30602A6821681B686FF0630465
:1039D000A2F2DC52A0F2DC50A1F2DC51A3F2DC53E3
:1039E000A24202DD642A00DA0022A04202DD64283D
:1039F00000DA0020A14202DD642900DA0021A3429E
:103A000002DD642B00DA002300EE101A454CB8EEFC
:103A1000C00AD4ED000A30EE800ABDEEC00A10EEF6
:103A2000101A002900DA00214FF4FA754A4392FB7C
:103A3000F5F24042484390FBF5F000EE102ADFED2E
:103A40003C1A394CF8EEC00A00EE100A5842374DC5
:103A5000B8EEC01A00EE100A374AC4ED000AB8EEFC
:103A6000C00A364885ED001A20EE212ADFED311A12
:103A700082EE210A82ED000A007850B1012808D0B8
:103A800002280DD0032812D0052810D004280ED00B
:103A900022E002EE101AB8EEC22A20EE020A17E067
:103AA000F0EE001A20EE210AF2EE021A10E0F5EE16
:103AB000C00AF1EE10FA03D2B1EE400A82ED000A1C
:103AC000B0EE402A00EE101AB8EEC00A22EE000A4C
:103AD00080EE212A82ED002A9FED190A1949C0EED5
:103AE000801AC1EE000AC4ED001AC5ED000A08787C
:103AF00038B19FED150A401E84ED000A82ED000AE0
:103B0000087092ED001A94ED000ABDE8F041FDF74F
:103B10009BBD0000780000207C0000208000002079
:103B200084000020480100209C010020A00100200A
:103B3000DB0FC93F0000FA43A4010020450100202B
:103B400000007A44E00100200000000010B551ECB4
:103B5000100B2DED068BB0EE439AF0EE629AB0EEAC
:103B600042AAF0EE618AB0EE418A07F037F8BDEE66
:103B7000CA0A154910EE102ABDEEE90A086081ED67
:103B8000018A10EE103AC1ED058AC1E9022381EDE8
:103B9000049A9900514300EE101A0C49B8EEC00A7D
:103BA00081ED000A9FED0A0A0A4929EE000A81ED1B
:103BB000000A09490860094880ED008A0848C0EDFC
:103BC000008ABDEC068B10BD045B0020A80100201C
:103BD000DB0F4940AC010020B0010020B4010020FF
:103BE000B801002070B5394C4FF4AD700A21206047
:103BF0000920FEF713FB2168354C90FBF1F0C0B2B1
:103C00002070052801D905202070C0B2DFED312ACF
:103C10009FED311A9FED313A062819D2DFE800F006
:103C2000030E252E353EF0EE411A9FED2D3AB3EEF0
:103C30000E2A9FED2C1A9FED2C0B07E09FED2C3ADE
:103C4000B3EE0E2ADFED2B1A9FED2B0BFFF77EFF55
:103C50002578042208242A482A490723062D30D231
:103C6000DFE805F0252830302C30F0EE411AB3EEB5
:103C70000E2A9FED251A9FED250BE7E7B3EE0E2ADE
:103C8000F0EE411A9FED230BE0E7F0EE411AB3EEA0
:103C90000E2A9FED221A9FED220BD7E79FED223AC5
:103CA000B3EE0E2AF0EE411A9FED200BCEE7046032
:103CB0000E2005E0062202600A2001E004600B20CD
:103CC000086070BD02600B6070BD000094010020B0
:103CD000450100200000FA4300000000B81E853DA9
:103CE0009A99993D7B14AE3D022B8716D9CEB73FEA
:103CF0008FC2753D643BDF3D000000000000000006
:103D00006001002064010020BC74133E00000080AC
:103D10006ABCC43F000000A0EFA7C63FE926313EC1
:103D2000000000C09DEFC73FC520303D000000E00F
:103D30007A14CE3F0CB50022274900920192086800
:103D400040F4803008604FF4A043086800F400306D
:103D500001900098401C0090019810B9009898427A
:103D6000F3D10868800334D5012001901A4840300F
:103D7000026842F0805202601848026842F44042F1
:103D800002601548083002680260026842F400428E
:103D90000260026842F4A0520260031F104A1A60D7
:103DA0000A6842F080720A600A689201FCD50D49E7
:103DB00040F205720A60016821F0030101600168A8
:103DC00041F0020101600168C1F381010229FAD1C9
:103DD0000CBD01920CBD0000003802400070004094
:103DE00008544007003C0240F0B5174E174F059DA0
:103DF00044F29F14002803DA34602044386002E063
:103E00003C60201A30601248002903DA44632144E0
:103E1000816302E08463611A41630E48002A03DA79
:103E200084631119416302E04463A11A8163002B8A
:103E300003DA04641919C16302E0C463E11A01647E
:103E400005480560F0BD000034440140344801409D
:103E500000400140000001403818004000B5B0EEBD
:103E6000412AF0EE602AB0EE401A9FED490A494817
:103E7000D0ED001ADFED480AB5EEC01AF1EE10FAE7
:103E800002DD71EE801A0EE0B5EEC01AF1EE10FA06
:103E900002D271EEC01A06E0B5EEC01AF1EE10FAC9
:103EA00003D161EEA01AC0ED001A3A49F5EEC02A1E
:103EB000D1ED011AF1EE10FA02DD71EE801A0EE07A
:103EC000F5EEC02AF1EE10FA02D271EEC01A06E049
:103ED000F5EEC02AF1EE10FA03D161EEA01AC0EDA2
:103EE000011A2C49B5EEC02AD1ED021AF1EE10FAF2
:103EF00002DD31EE800A0EE0B5EEC02AF1EE10FAD6
:103F000002D231EEC00A06E0B5EEC02AF1EE10FA98
:103F100003D121EEA00A80ED020AB0EE410A03F0BF
:103F2000A5FAF0EE400AB0EE410A03F09FFAF1EE76
:103F3000401AB0EE601A90ED000AF0EE610A05F04A
:103F4000DDFA80ED000AB0EE620A03F08FFAB0EEFF
:103F5000401AB0EE620A03F089FAF1EE400A90EDE1
:103F6000010A05F0CBFA80ED010AB0EE420A03F037
:103F70007DFAB0EE401AB0EE420A03F077FAF1EEA5
:103F8000400A90ED020A05F0B9FA80ED020A00BD80
:103F90000AD7233C645A00206666663F4FF0E02152
:103FA0000428086903D020F004000861704740F03D
:103FB0000400FAE710B506F0A9FB012803D0BDE81C
:103FC000104006F097B810BD124810B5016841F4D2
:103FD000700101601048016841F0010101600E4A62
:103FE00000210832116002680C4B1A400260031D68
:103FF0000B4A1A60026822F48022026006480C30E4
:104000000160FFF797FE03494FF0006080390860B8
:1040100010BD000088ED00E000380240FFFFF6FE12
:104020001030002470B5048C24F001040484058B46
:10403000048C4FF6FF7606EA0313134325F0F305CD
:104040002B4324F00A020A4342F001010383018456
:1040500070BDF0B5048C24F010040484078B068C2A
:104060004FF6FF7404EA011527F4734704EA03319D
:10407000394304EA02220A4326F0A001294341F011
:10408000100102830184F0BD2DE9F0418846074606
:104090008AB001210220FFF7CFFB01214804FFF77E
:1040A000E3FB1F4E032208213046FDF705FF0220E7
:1040B0008DF804000024C0018DF806400125009011
:1040C0008DF8075003208DF8050069463046FDF74E
:1040D000B7FE144EADF808800397ADF81040ADF868
:1040E0000A4002A9304600F03FFE6020ADF81400FF
:1040F000ADF81650ADF8204005A9304600F0E8FCB8
:104100000821304600F01AFD0121304600F028FC5D
:104110000121304600F034FC0AB0BDE8F081000017
:1041200000040240004401402DE9F0418846074662
:104130008AB001210220FFF77FFB01218804FFF7ED
:1041400093FB214E032209213046FDF7B5FE0220E4
:104150008DF80400002400028DF80640012500902F
:104160008DF8075003208DF8050069463046FDF7AD
:1041700067FE164EADF808800397ADF81040ADF815
:104180000A4002A9304600F0EFFD6020ADF81400AF
:10419000ADF81650ADF8204005A9304600F098FC67
:1041A0000821304600F0CAFC0121304600F0F2FB45
:1041B0000121304600F0D4FB0121304600F0E0FB45
:1041C0000AB0BDE8F0810000000402400048014050
:1041D0002DE9F041884606468AB001214020FFF7CC
:1041E00037FB01210220FFF727FB02208DF8180082
:1041F0004FF44040059003208DF819000024264F0D
:104200008DF81A4001258DF81B5005A93846FDF799
:1042100017FE09220E213846FDF74EFE09220F2116
:104220003846FDF749FE08961C4EADF81C80ADF8E7
:104230002440ADF81E4007A9304600F095FD6020EF
:10424000ADF80000ADF802500294ADF80C40ADF8A6
:1042500010406946304600F03BFC6946304600F0AD
:1042600073FC0821304600F069FC0821304600F05C
:10427000B5FC0121304600F08DFB0121304600F0F5
:104280007FFB064940F2DC5038310860091F0860A6
:104290000AB0BDE8F08100000004024000180040B0
:1042A0002DE9F0418846074601218AB00846FFF70C
:1042B000DBFA01211020FFF7BFFA354E0122092158
:1042C0003046FDF7F9FD01220B213046FDF7F4FDE4
:1042D00001220D213046FDF7EFFD01220E2130466F
:1042E000FDF7EAFD4FF4D440059002208DF8180048
:1042F00003208DF8190000248DF81A4001258DF84F
:104300001B5005A93046FDF79BFD224EADF81C80E1
:104310000897ADF82450ADF81E4007A9304600F0CC
:1043200023FD6020ADF80000ADF80250ADF80C4060
:104330006946304600F0CCFB6946304600F004FC8C
:104340006946304600F054FC6946304600F09EFC59
:104350000121304600F01EFB0821304600F0EEFB44
:104360000821304600F03AFC0821304600F088FC75
:104370000821304600F0C4FC0121304600F0F0FA7C
:104380000121304600F0FCFA0AB0BDE8F0810000DF
:1043900000100240000001404FF08040018A018A75
:1043A00021F001010182704703480188018821F052
:1043B000010101807047000010040040034801889B
:1043C000018821F0010101807047000010080040C1
:1043D00003480188018821F0010101807047000035
:1043E000100C004003480188018821F00101018080
:1043F00070470000101800402DE9F0478E48002457
:104400008169B1F5C86F13DD8C490A7882B98C4A8D
:104410001268B2F57A7F0BDB01220A7089490C70B1
:1044200089490C7089490C7089490C7089490C7054
:1044300080460078884D000642F20F764FF4FA77F6
:104440002DD40221284600F0D1FA40B3022128469B
:1044500000F093FA98F80000400628463DD500F099
:10446000BDFA80B2A8F80600B8F8041042468842A7
:1044700001D2566300E05463401A516B0844506106
:10448000516A401A00D54042B84200DD516150697E
:10449000506288F800400021284600F049FB98F857
:1044A000010000063AD40421284600F09FFAA8B380
:1044B0000421284600F061FA98F8010040062846D9
:1044C0004AD500F08DFA80B2A8F80A00B8F80810B2
:1044D000424688420ED296630DE000F07FFA014614
:1044E000A8F8041098F8001041F0400188F8001076
:1044F0000221D1E79463401A916B08449061916A5C
:10450000401A00D54042B84200DD91619069906246
:1045100088F801400021284600F056FB98F8020078
:1045200000063AD40821284600F060FAA8B3082112
:10453000284600F022FA98F80200400628464BD59B
:1045400000F050FA80B2A8F80E00B8F80C104246FD
:1045500088420ED2D6630DE000F042FA0146A8F878
:10456000081098F8011041F0400188F8011002216C
:10457000D1E7D463401AD16B0844D061D16A401AA4
:1045800000D54042B84200DDD161D069D06288F8E0
:1045900002400021284600F069FB98F80300C1465C
:1045A000000647D41021284600F020FA002841D008
:1045B0001021A846284600F0E0F999F803004D467E
:1045C00040062BD5404600F00FFA80B26882298A57
:1045D00088420ED22E640DE000F004FA0146A8F8DD
:1045E0000C1098F8021041F0400188F802100221E6
:1045F000D0E72C64401A296C08442862296B401AC1
:1046000000D54042B84200DD2962286A2863EC7078
:1046100000214046BDE8F04700F068BB44464046F4
:1046200000F0E2F92882E878022140F04000E870CA
:104630002046EFE7BDE8F087640000205601002027
:104640003C020020550100205401002057010020A9
:10465000BC010020BD010020000401402DE9F04113
:10466000884605468AB001210220FFF7FDF80121A6
:104670000420FFF7E1F84FF47070022603908DF8E4
:10468000106003208DF811000024414F8DF8124076
:104690008DF8136003A93846FDF7D2FB03220621EB
:1046A0003846FDF709FC032207213846FDF704FCD4
:1046B000032208213846FDF7FFFB03220921384673
:1046C000FDF7FAFB334FADF814800695ADF81C40AA
:1046D000ADF8164005A9384600F046FB01250F202D
:1046E000ADF80040ADF80450ADF80800ADF8024058
:1046F000ADF806406946384600F084F90420ADF86C
:104700000000ADF80450ADF80240ADF80640ADF839
:1047100008406946384600F075F90820ADF80000F9
:10472000ADF80450ADF80240ADF80640ADF80840D1
:104730006946384600F066F90C20ADF80000ADF887
:104740000450ADF80240ADF80640ADF808406946A7
:10475000384600F057F92E208DF820008DF82160A2
:104760008DF822608DF8235008A8FEF78DFA0122FB
:104770001E21384600F0A4F90121384600F00AF95C
:104780000121384600F0FCF80AB0BDE8F0810000D5
:1047900000080240000401402DE9F0418846064629
:1047A0008AB001210220FFF75FF801210420FFF702
:1047B00043F802208DF818004FF470700590032024
:1047C0008DF819000024324F8DF81A4001258DF81C
:1047D0001B5005A93846FDF733FB03220621384656
:1047E000FDF76AFB032207213846FDF765FB03222C
:1047F00008213846FDF760FB032209213846FDF702
:104800005BFB0896234EADF81C80ADF82440ADF854
:104810001E4007A9304600F0A7FA6020ADF800005E
:10482000ADF802500294ADF80C40ADF81040694666
:10483000304600F04DF96946304600F085F969468A
:10484000304600F0D5F96946304600F01FFA0821DD
:10485000304600F073F90821304600F0BFF9082116
:10486000304600F00DFA0821304600F049FA0022E7
:104870001E21304600F024F90121304600F08AF86C
:104880000121304600F07CF80AB0BDE8F08100005C
:1048900000080240000401400248018821F00101A3
:1048A00001807047100401402DE9F043894680469D
:1048B00001218BB00804FEF7D7FF01211020FEF77D
:1048C000BBFF254F032205213846FDF7F5FA0322E9
:1048D00006213846FDF7F0FA02208DF81800032073
:1048E0008DF81900002460268DF81A4001250596E0
:1048F0008DF81B5005A93846FDF7A2FA174FADF801
:104900001C90CDF82080ADF82440ADF81E4007A9DA
:10491000384600F029FAADF80060ADF80250ADF865
:104920000C406946384600F0D3F86946384600F036
:104930000BF90821384600F001F90821384600F04B
:104940004DF90121384600F00BF80121384600F0FE
:1049500017F80BB0BDE8F0830010024000400140A2
:104960000029018802D041F0800101E021F080019E
:1049700001807047C94301827047C9430182704773
:104980000029018802D041F0010101E021F001017C
:1049900001807047002930F8441F02D041F40041E3
:1049A00001E0C1F30E010180704770B50589048BE9
:1049B000068C25F007050D434FF6FC410C4040F2F4
:1049C00001110C434FF6FF7101EA031126F0220694
:1049D0001143314305810483018470BD406B7047EE
:1049E000806B7047C06B7047006C704702460020B8
:1049F000138A92890B4202EA010202D0002A00D0F7
:104A0000012070472DE9F0410C460E884988A288A4
:104A10002389054616B3042E28D0082E2E8C4FF677
:104A2000FF702BD026F480562E84AF8B2E8C00EA9C
:104A3000022200EA013127F473473A4300EA0330C7
:104A4000104326F420420A4342F48051A88329846B
:104A5000E1882846BDE8F04100F07AB9FFF7E2FAB4
:104A6000E1882846BDE8F04100F056B9FFF7F1FAB9
:104A7000E1882846BDE8F04100F056B926F480767A
:104A80002E84AF8B2E8C00EA012100EA0310104324
:104A900027F0F307384326F420620A4342F480717A
:104AA000A8832984E1882846BDE8F04100F048B990
:104AB00000210180418001228280C18001817047F4
:104AC000002A828901D00A4300E08A43828170472C
:104AD00030B5028C22F001020284028C8388048BA0
:104AE00022F0020224F073050C882C438D891543B3
:104AF0004A882A430C4DA84202D00C4DA8420DD141
:104B000022F00805CA8923F440732A4322F00405E1
:104B10008A882A430D8A1D434B8A2B438380048352
:104B200089684163028430BD0000014000040140F7
:104B3000028C22F002020A4302847047028B22F0A8
:104B400008020A430283704770B5028C22F01002FB
:104B50000284028C8388048B0D8824F4E6464FF689
:104B6000FF7404EA052535438E8922F0200204EA09
:104B7000061616434A8804EA02123243104EB04227
:104B800002D0104EB04215D122F08006CA8923F41B
:104B9000406304EA0212324322F040068A8804EAA3
:104BA000021232430E8A04EA86061E434B8A04EA46
:104BB000830333438380058389688163028470BDE6
:104BC0000000014000040140028C4FF6FF7322F008
:104BD000200203EA0111114301847047028B4FF652
:104BE000FF7322F4006203EA01211143018370473D
:104BF00070B5028C22F480720284028C8388848BCC
:104C00000D8824F0730425438E894FF6FF7422F437
:104C1000007204EA062616434A8804EA0222324356
:104C2000104EB04202D0104EB04215D122F40066B0
:104C3000CA8923F4405304EA0222324322F48066F4
:104C40008A8804EA022232430E8A04EA06161E43C8
:104C50004B8A04EA03133343838085838968C163E5
:104C6000028470BD0000014000040140028C4FF638
:104C7000FF7322F4007203EA01211143018470479B
:104C8000828B22F008020A438283704770B5028C3F
:104C900022F480520284058C8288838B0C8823F452
:104CA000E6464FF6FF7303EA0424344325F4005626
:104CB0008D8903EA053535434E8803EA06362E43CF
:104CC000084DA84202D0084DA84205D122F48045E3
:104CD0000A8A03EA82122A438280848389680164F3
:104CE000068470BD0000014000040140028C4FF6B4
:104CF000FF7322F4005203EA01311143018470472B
:104D0000828B4FF6FF7322F4006203EA0121114304
:104D10008183704741627047028B22F00C0202834C
:104D2000028B0A4302837047028B22F440620283A3
:104D3000028B4FF6FF7303EA01210A430283704797
:104D4000828B22F00C028283828B0A43828370471B
:104D5000828B22F440628283828B4FF6FF7303EAD8
:104D600001210A438283704730B50288164C174DE3
:104D7000A0420DD0A8420BD0B0F1804F08D0144B08
:104D8000984205D0134B984202D0134B984203D15E
:104D900022F070034A881A43104B984206D0104BF9
:104DA000984203D022F440730A891A4302804A6869
:104DB000C2620A880285A04201D0A84201D1897A44
:104DC00001860121818230BD0000014000040140C4
:104DD0000004004000080040000C004000100040AB
:104DE000001400404FF0FF3141600021018001813B
:104DF00041808172704700000A2809DB0C48D0F816
:104E00000C0228B10B480078012801D0002070471F
:104E1000094A012000211160084A1160084A5163C3
:104E20009163084A916391631164D16370470000F4
:104E30000080414244010020344401403448014094
:104E4000004001400000014070B52F4C40F2255158
:104E5000204600F01DFB00284ED0204600F0A6FBA7
:104E6000C1B22A480068B0F57A7F45DB294A284C50
:104E7000002590797B29215400D028B1401CC0B274
:104E800090710B2802D037E0957135E09571A07ACA
:104E90007D2831D100210920FCF7B8FB617A8842D6
:104EA0002AD11D4805701D4805701D4805701D4814
:104EB00005701D4805701D4805702179E07800F0E7
:104EC000D1FB1B4D85ED000AA179607900F0CAFB8A
:104ED000184880ED000A217AE07900F0C3FB1648FB
:104EE000164EF0EE400A0078022807D0217AE079C9
:104EF00000F0B8FB86ED000A002070BD95ED000AB9
:104F000000F05AFBF6E7000000500040E4010020EA
:104F1000E0060020A80000205401002056010020D7
:104F20005501002057010020BD0100202002002073
:104F30009C010020A001002045010020A4010020C8
:104F400070B5334D40F22551284600F0A1FA0028F3
:104F500056D000240126284600F028FBC1B22D4877
:104F60000068B0F57A7F4BDB2C4B2B4D0022187874
:104F70007B29295400D028B1401CC0B218700B28DE
:104F800002D03DE01A703BE01A70A87A7D2837D134
:104F90000020295C401C4C400928FADB687AA042BA
:104FA00000D06EBB1E48017849B9012101701D482F
:104FB00002701D4802701D4802701D4802701D4895
:104FC00002702979E87800F04DFB1B4C84ED000A53
:104FD000A979687900F046FB184880ED000A297A23
:104FE000E87900F03FFB1648164EF0EE400A0078D4
:104FF000022807D0297AE87900F034FB86ED000A10
:10500000002070BD94ED000A00F0D6FAF6E700002B
:1050100000100140E401002070060020A8000020DC
:10502000BC01002055010020540100205601002041
:1050300057010020200200209C010020A001002038
:1050400045010020A401002000B5054B0022985C1A
:1050500004F0DCFB521CD2B2182AF8D300BD0000C9
:10506000AE0600202DE9F04140F225512DED048BD4
:10507000834800F00DFA00280FD08148001D0088F9
:1050800080490968B1F57A7F07DB7F494FF0020854
:105090000A68012112B1012A70D0EBE000247B4D97
:1050A000412810D12A79412A0DD1794A137853B970
:1050B000784B1C70784B1C701170784A1470784AC9
:1050C0001470784A1470C3B2774A784FDFF8E0C1A1
:1050D000784E2B714B2808D0492808D04A2806D092
:1050E00036782EB1012E0BD01EE031700CE03470FA
:1050F000A0F14106072E26D9082814DC137013E00E
:10510000432809D047280BD03C708CF80040412838
:1051100019D0452817D006E03C708CF8001002E04A
:1051200039708CF8004014709FED630A634A9FED5C
:10513000649A644E58280AD059280DD07B2817D07D
:105140007D281CD00EE0A0F140061670ECE7D6EDED
:10515000000A30EE800A03E0D6ED000A30EEC00A05
:1051600086ED000A6878012803D0022809D060E0A3
:105170006970A8781354401CA8705AE063E085F861
:105180000180D078502806D05078232848D0A878BD
:10519000E87090462AE04C48017041E0A978081A6E
:1051A00005F091FF41EC110B9FED480B00F008FC5E
:1051B000EF78B0EE408A08EB0700F0EE608A10F856
:1051C000010C303805F07FFF53EC182B05F0E2FF9F
:1051D00041EC180BA86806F0D3FA53EC182B05F035
:1051E0002FFD05F0FBFC7F1EA860EF70E878042817
:1051F000D4D298F801003038032811D2DFE800F04B
:1052000002070B0095ED020A86ED000A08E095ED15
:10521000020A304802E095ED020A2F4880ED000AAC
:105220006C70AC70EC7085ED029A32212348FBF76C
:1052300094F996ED000AB5EEC00AF1EE10FA19D213
:1052400086ED009A16E0254A412808D0432808D068
:10525000452809D0472809D05A2809D00AE01170FA
:1052600008E082F8008005E0032002E0042000E06E
:10527000052010700020BDEC048BBDE8F08100001B
:10528000004400403C0200205C010020A8000020F7
:105290005501002054010020560100205701002034
:1052A000BC010020BD01002058010020BE010020EB
:1052B000BF010020C00100200000C8427B06002082
:1052C0000000000048010020C10100200000000093
:1052D000000024404C010020500100208D010020DE
:1052E00070B5394C40F22551204600F0D1F8002825
:1052F00068D0204600F05AF93449C0B20968B1F5C7
:105300007A7F5FDB32490024096811B101294DD051
:1053100058E0314A2F4D7B285179685400D029B18B
:10532000491CC8B250710B2802D04BE0547149E0BF
:105330005471A87A7D2845D100210920FCF766F92F
:10534000697A88423ED12548047025480470254872
:1053500004702548047025480470254804702548C9
:1053600004702979E87800F07DF9234C84ED000A77
:10537000A979687900F076F9204880ED000A297A49
:10538000E87900F06FF91E481E4EF0EE400A0078F2
:10539000022806D0297AE87900F064F986ED000A3F
:1053A00010E094ED000A00F007F9F7E7174A164BF2
:1053B00023281178585403D15C54154B01201870E0
:1053C000491C1170002070BD00480040E40100201D
:1053D0005C010020E0060020A8000020540100200D
:1053E000560100205501002057010020BC0100207B
:1053F000BD010020200200209C010020A00100200F
:1054000045010020A4010020C05A00208C0100208A
:10541000DC01002010B50022084B094C03E0985C29
:1054200004F0FCF9521C20788242F8DB0D2004F0D5
:10543000F5F9BDE810400A2004F0F0B9C05A002088
:105440008C01002000B5054B0022985C04F0E6F9C1
:10545000521CD2B2182AF8D300BD0000AE060020BC
:1054600000B5054B0022985C04F0E2F9521CD2B260
:10547000182AF8D300BD0000AE060020002981895B
:1054800002D041F4005101E021F4005181817047C4
:1054900070B501F01F0501260024C1F3421306FA7E
:1054A00005F2012B0FD0022B0FD0838A4FEA112176
:1054B0000088134206FA01F600EA060001D000B1A6
:1054C0000124204670BD8389F0E7038AEEE710B51A
:1054D000C1F3421301F01F040121A140012B07D0A9
:1054E000022B07D01430002A026805D00A4304E0DA
:1054F0000C30F8E71030F6E78A43026010BD000078
:105500007FB50446008A0D46C98820F44050014307
:105510002182A08941F20C618843A9882A8911431C
:105520006A8902431143A181A08A20F44071A889AD
:105530000843A0826846FEF7AFF91A48844202D0B9
:105540001948844201D1039800E00298A189090416
:1055500000EBC00101EB0010296801D5490000E013
:105560008900B0FBF1F06422B0FBF2F109010B09F4
:105570006FF018056B4300EB8300A3891D044FF007
:10558000320306D503EBC000B0FBF2F000F00700D9
:1055900005E003EB0010B0FBF2F000F00F00084351
:1055A00020817FBD00100140001401408088C0F3BD
:1055B00008007047FEE7000010B52DED048BB0EE3B
:1055C000608AB0EE409ADFED238AB5EEC08AF1EE34
:1055D00010FA3CD0B5EEC09AF1EE10FA37D089EE51
:1055E000080A01F043FFB4EEE80AF1EE10FA0FD812
:1055F000B5EEC08AF1EE10FAB0EE490A02DD01F014
:1056000035FF03E001F032FFB1EE400A80EE288A58
:105610001148B6EE001A90ED000A1048C9EE080ACB
:1056200040EE010A90ED001A81EE200A10EE100AF9
:1056300006F0A6F841EC100B00F056F851EC100BF8
:1056400005F0CCFA00EE100ABDEC048B10BD9FED06
:10565000040AF9E73333B33EB0010020B40100205F
:105660000000000070B501EB002004B24FF47A7521
:1056700094FBF5F005FB10402DED028B05F023FDAA
:105680009FED0B1B53EC112B05F084FD41EC180B27
:1056900094FBF5F005F017FD53EC182B05F0D0FA4C
:1056A00005F09CFABDEC028B00EE100A70BD000004
:1056B000FCA9F1D24D62503F03B40198410000981B
:1056C00050EAC12018BF04204A0D18BF40F0010065
:1056D00040F2FF72B2EB515F08BF40F002000128B8
:1056E00008BF052002B0704770B59B482DED020B36
:1056F0002DED068B079D25F00044A04218DC97484D
:10570000844202DC0AD1069840B19DED060BBDEC47
:10571000068B02B0BDE8704001F052BC002DCCBF3A
:105720009FED8F0B9FED900BBDEC068B02B070BD13
:105730008F48A04215DD8F48A042D8BF4FF0FF34FC
:1057400058DD9DED060B51EC100BFFF7B5FF04285B
:1057500008BF01F069FC9DED060BBDEC068B02B0A5
:1057600070BD9DED060B51EC100B01F073FECDE901
:10577000060181489FED828BA0423CDD8248A04219
:105780001FDD00249FED82AB9DED060B53EC1A2B21
:1057900051EC100B05F054FA9DED060B41EC190B82
:1057A00053EC1A2B51EC100B05F0F4FC53EC182BB6
:1057B00005F0FCFE53EC192B05F0FEFACDE90601CD
:1057C00049E09DED060B012453EC182B51EC100B16
:1057D00005F036FA9DED060B41EC190B53EC182B36
:1057E00051EC100B05F0E2FE53EC192B05F0E4FA36
:1057F000CDE906012FE06848A0421FDD02249FED9D
:10580000689B9DED060B53EC192B51EC100B05F02A
:10581000C1FC53EC182B05F013FA9DED060B41EC7F
:10582000180B53EC192B51EC100B05F0BFFE53EC89
:10583000182B05F0C1FACDE906010CE09DED060B31
:10584000032453EC102B9FED580B51EC100B05F07B
:10585000B3FACDE906019DED060B53EC102B51EC8C
:10586000100B05F097FC41EC180B53EC182B05F0CE
:1058700091FC41EC190B4E480621B0EE490AF0EEBE
:10588000690A784401F060F953EC182B51EC100BC5
:1058900005F080FC41EC180B4648B0EE490AF0EEEA
:1058A000690A0521784401F04FF953EC192B51ECAA
:1058B000100B05F06FFC41EC100B51EC180B53EC86
:1058C000102B002C0EDA05F0BBF99DED061B53ECF6
:1058D000112B05F05FFC9DED061B53EC112B05F021
:1058E0008DFD35E005F0ACF99DED061B53EC112B59
:1058F00005F050FC41EC100B2F48784400EBC4003D
:1059000090ED001B51EC100B53EC112B05F04EFEEB
:105910009DED061B53EC112B05F048FE41EC100BDE
:105920002648784400EBC40090ED001B51EC100BAE
:1059300053EC112B05F062FD41EC100B002DA2BFC2
:10594000BDEC068B02B070BD51EC100B05F03AF9BE
:1059500041EC100B01E70000000010440000F07F54
:10596000182D4454FB21F93F182D4454FB21F9BF55
:105970000000DC3F0000203E0000F33F000000007C
:10598000000000000000F03F0000E63F00000000C3
:105990000000000000000040008003400000000004
:1059A000000000000000F83F000000000000F0BF11
:1059B000727B0000287B0000B27A00006A7A000047
:1059C0002DE9F04D2DED040B2DED0E8B96B0DDE99C
:1059D0002550279CDDF890A025F0004624F00048D3
:1059E000BAF1000F14BF0121002101EB4502FC496F
:1059F00053184A1093422AD3002814BF01230023CE
:105A000003EB44030B44F7498B4220D358EA0001CF
:105A10009FEDF59B76D0DFF8D8B35D4503D1BAF1A1
:105A2000000F05D188E0BAF1000F08BF002100D0B7
:105A3000012101EB450111F5001F08D8002814BF12
:105A40000121002101EB440111F5001F0BD99DED4F
:105A5000261B9DED240B16B0BDEC0E8B04B0BDE8EB
:105A6000F04D01F0B7BA0027002DBCBFE1498845D1
:105A700021DAE1498845A8BF02271CDAC3451ADCB0
:105A8000DE4901EB2851142908DDC1F1340220FA66
:105A900002F101FA02F282420DD108E058B9C1F1D7
:105AA000140228FA02F101FA02F2424503D101F090
:105AB0000101C1F1020756EA0A0124D1002C22DAC1
:105AC000002D18BF022F01D0012F0AD00220FAF7B3
:105AD0006FFD16B0BDEC0E8B04B0BDE8F04D01F0CB
:105AE00057BA0220FAF764FD01F052FA51EC100B9C
:105AF00005F068F841EC100B16B0BDEC0E8B04B04D
:105B0000BDE8F08D18E09FEDBEAB9FEDBF8B002888
:105B100071D1B848804522D105F1804010F5801040
:105B200008BFBAF1000F07D0B3450ADC002CA8BFAC
:105B30009DED260BE0DA0DE0B0EE490AF0EE690AC1
:105B4000DAE7002C06DA9DED260B51EC100B05F080
:105B500039F86FE0AE48784490ED000BCCE7D845BB
:105B60004DD1002C48DA2EB186423AD1BAF1000F5D
:105B700042D126E0BAF1000F13D00220FAF718FD47
:105B800001F042FA8DED020B9DED240B8DED000B23
:105B900010EE900A039961F31E0003909DED020B35
:105BA000AAE78DED02AB9DED240B1AEE901A10EED4
:105BB000900A8DED000B61F31E0003909DED020B2A
:105BC0009AE78DED028B9DED240B18EE901A10EEE6
:105BD000900A8DED000B61F31E0003909DED020B0A
:105BE0008AE709DA9DED240B51EC190B53EC102BCD
:105BF00005F0E2F81EE020E09DED240B7CE78642F4
:105C00001BDAB4F1804F0DD0A4F10050B0F1FF5079
:105C100013D1002D11DB9DED240B51EC100B03F083
:105C20004DFB07E09DED240B53EC102B51EC100BBA
:105C300000F0C2BC41EC100B5EE79DED240B51EC73
:105C4000100B01F007FCBAF1000FCDE90E0142D1B3
:105C50009FED710B46B3A6F1E040B0F17F600CD030
:105C60005E4538D1002D00DAA7B3022F0CBF01200A
:105C70004FF0FF3005F027FADCE7002D01DD002CA6
:105C80000DDA002D01DD002C1FDB002D16DA002CB3
:105C900014DB012F08BF9FED620B3FF42DAFB0EE78
:105CA0004A0AF0EE6A0A27E7022F18BF002D0CD02F
:105CB000012F0AD1002DFFF61FAF06E0002DB8BF5F
:105CC000002C08DA012F3FF417AFB0EE480AF0EECF
:105CD000680A11E71BE0012000EBE57050EA0701BC
:105CE00015D0791EB0EE498AF0EE698A084308BFE4
:105CF0009FED4D8B4E480025804570DD4D494E4847
:105D0000884514DDB0420DDB002C19DB2FE00120AB
:105D1000FAF74EFC16B0BDEC0E8B04B0BDE8F04DAA
:105D200001F062B9B34502DC002C09DC1FE08642B9
:105D300002DA002C1BDA03E05E452BDD002C16DDB9
:105D40000220FAF735FC01F05FF98DED020B53EC00
:105D50001A2B51EC180B05F01DFACDE9000103993F
:105D6000019861F31E0003909DED020BC4E6022032
:105D7000FAF71EFC01F058F910EE901A18EE900A8E
:105D80008DED020B8DED008B61F31E0003909DEDF8
:105D9000020BB1E69DED0E0B53EC192B51EC100BE1
:105DA00005F004FC9FED260BCDE9080153EC102B08
:105DB0009DED080B51EC100B05F0ECF99FED221B4B
:105DC00053EC112B05F01AFB9DED081B53EC112B26
:105DD00005F0E0F99FED1E1B53EC112B3CE08CE02D
:105DE000FFFF1F00FFFF0F00000000000000F03F5A
:105DF0000000F03F0000F07F0000404301FCFFFF87
:105E0000000000000000F07F000000000000000023
:105E10005679000000000000000000000000008033
:105E2000000000000000F0FF000000000000F0BFD4
:105E30000000E0410000F043FFFFEF3F00000000E2
:105E4000000000000000D03F555555555555D53F31
:105E5000000000000000E03F05F0D0FA9DED080BC7
:105E600041EC1A0B53EC102B51EC100B05F092F98E
:105E700053EC1A2B05F08EF941EC1A0B9FEDFE0B3B
:105E800053EC102B9DED080B51EC100B05F082F933
:105E900041EC1B0B9FEDFA0B51EC1A0B53EC102B42
:105EA00005F078F941EC1A0B9FEDF70B53EC102B32
:105EB0009DED080B51EC100B05F06CF953EC1A2B0F
:105EC00005F074FB41EC1A0B51EC1B0B53EC1A2B35
:105ED00004F0B6FE0690CDE906519DED060B53EC9D
:105EE0001B2B51EC100B05F061FB53EC1A2B05F04A
:105EF00085FA41EC100B00F0A1B90020B6F5801F27
:105F00000EDA9FEDE30B53EC102B9DED0E0B51ECD5
:105F1000100B05F03FF9CDE90E016FF034000E468D
:105F200000EB2650A0F2FF37C6F31300DA4940F029
:105F30007F6646F040568842D8BF002408DDD74926
:105F40008142C8BF012403DC0024A6F580167F1C13
:105F5000D348784400EBC4000F9690ED00CB9DED44
:105F60000E0B53EC1C2B51EC100B05F01FFB9DEDA1
:105F70000E0B41EC1B0B53EC1C2B51EC100B04F0E3
:105F80005FFE41EC100B51EC190B53EC102B04F09D
:105F900013FF41EC1D0B51EC1B0B53EC1D2B05F0BB
:105FA000F9F841EC1A0BBF488DED10AB7844109511
:105FB00090ED000B4FF0005040EA660000EB84408B
:105FC0008DED080B00F5002009909DED080B53ECBA
:105FD0001C2B51EC100B05F0E9FA9DED0E1B53EC58
:105FE000112B05F00BFA41EC100B53EC102B9DED2F
:105FF000100B51EC100B05F0CDF89DED080B41ECAA
:106000001C0B53EC102B9DED100B51EC100B05F0FD
:10601000C1F853EC1B2B05F0F1F953EC1C2B05F0E8
:10602000C5FA53EC1D2B05F0B5F841EC1C0B53ECF5
:106030001A2B51EC1A0B05F0ADF841EC1B0B9A48EA
:106040000621B0EE4B0AF0EE6B0A784400F07CFDBE
:10605000B0EE401AF0EE601AB0EE41DAF0EE61DA1E
:1060600053EC1B2B51EC1B0B05F094F853EC1D2B40
:1060700005F090F89DED100B41EC1B0B53EC1A2B27
:1060800051EC100B04F0DCFD53EC1C2B05F082F8F6
:1060900053EC1B2B04F0D4FD9DED100B41EC1B0BBE
:1060A00053EC102B51EC100B05F074F841EC1D0B68
:1060B0009FED7FEB53EC1E2B04F0C2FD53EC1B2B2A
:1060C00004F0BEFD0890CDE908519DED080B53EC9E
:1060D0001E2B51EC100B05F069FA53EC1D2B05F04B
:1060E00065FA53EC1B2B05F089F99DED080B41EC8B
:1060F0001D0B53EC102B9DED100B51EC100B05F00C
:1061000049F841EC1B0B53EC1A2B51EC1D0B05F01D
:1061100041F89DED080B41EC1A0B53EC102B51ECA0
:106120001C0B05F037F853EC1A2B04F089FD41ECF9
:106130001A0B51EC1B0B53EC1A2B04F081FD0C9045
:10614000CDE90C519DED0C0B53EC1B2B51EC100BBE
:1061500005F02CFA53EC1A2B05F050F941EC1B0B0F
:106160009FED550B53EC102B9DED0C0B51EC100BD0
:1061700005F010F841EC1A0B9FED510B51EC1B0B85
:1061800053EC102B05F006F841EC1B0B9FED4E0B6A
:1061900053EC102B9DED0C0B51EC100B04F0FAFF9F
:1061A00053EC1B2B04F04CFD41EC100B4848784499
:1061B00000EBC40090ED001B51EC100B53EC112BC5
:1061C00004F03EFD41EC1B0B384604F07CFFCDE9AA
:1061D000080153EC1B2B51EC1A0B04F031FD41EC80
:1061E000100B3C48784400EBC40090ED00CB51EC20
:1061F000100B53EC1C2B04F023FD9DED081B53ECFE
:10620000112B04F01DFD0690CDE906519DED080B04
:1062100053EC102B9DED060B51EC100B05F0C6F95D
:1062200053EC1C2B05F0C2F953EC1A2B05F0BEF908
:1062300053EC1B2B05F0E2F841EC100B9DED261BF7
:1062400053EC102B8DED001B00959DED260B51ECB2
:10625000100B04F09FFF9DED000B41EC1A0B53EC6B
:10626000102B9DED260B51EC100B05F09FF99DEDC9
:10627000061B53EC112B2FE0000000604715F73F81
:10628000FE822B654715F73F44DF5DF80BAE543EA9
:1062900000000000000040438E9803007AB60B0017
:1062A000D2740000007500000A74000000000000B5
:1062B0000000000000000840000000E009C7EE3FB9
:1062C000FD033ADC09C7EE3FF5015B14E02F3EBE4B
:1062D000967200005072000004F05CFF53EC1A2B21
:1062E00004F0AEFC9DED060B41EC1A0B53EC102BA9
:1062F0009DED000B51EC100B04F04CFFCDE90C01AF
:106300009DED0C0B51EC1A0B53EC102B04F098FC88
:10631000CDE902010C46AA498C422FDB611A0843E1
:1063200018D19DED0C0B53EC102B9DED020B51EC95
:10633000100B05F03BF941EC1B0B9FEDA30B51EC4F
:106340001A0B53EC102B04F07BFC53EC1B2B05F0C9
:106350001FF82DD20220FAF72BF900F055FE10EEAF
:10636000901A18EE900A8DED020B8DED008B61F303
:106370001E0003909DED020BFFF7BEBB944A24F074
:106380000041914214D39349214408437FF4EFAC78
:106390009DED0C0B53EC102B9DED020B51EC100BF3
:1063A00005F004F953EC1A2B04F0F2FF7FF6DFAC92
:1063B00024F000408849894A002601EB205182429E
:1063C0002BDA481C4FF4801121FA00F02044844A53
:1063D000C0F30A517A44A1F2FF3192ED000B814AD9
:1063E0008DED080BCA4020EA0202C0F3130040F40E
:1063F0008010C1F1140120FA01F60992002CB8BFF7
:1064000076429DED080B53EC102B9DED0C0B51ECDF
:10641000100B05F0CBF8CDE90C019DED0C0B51EC08
:106420001A0B53EC102B04F00BFC9FED6F0B089034
:10643000CDE9085153EC102B9DED080B51EC100BDE
:1064400004F0A8FE41EC1B0B9FED690B53EC102BE5
:106450009DED080B51EC100B04F09CFE9DED0C0B18
:1064600041EC1C0B53EC102B9DED080B51EC100B69
:1064700005F09CF853EC1A2B04F0C0FF9FED5E1B57
:1064800053EC112B04F086FE53EC1C2B04F0D8FBCC
:1064900041EC1A0B51EC1B0B53EC1A2B04F0D0FB04
:1064A000CDE902019DED020B53EC1B2B51EC100BBF
:1064B00005F07CF853EC1A2B04F0A0FF9DED020BC5
:1064C00041EC1A0B53EC102B51EC100B04F062FE54
:1064D000CDE908014A489DED080B0521784400F0FC
:1064E00033FB9DED081B51EC100B53EC112B04F00A
:1064F00051FE9DED021B53EC112B04F07FFFCDE903
:1065000006019DED020B53EC1A2B51EC100B04F01D
:1065100041FE53EC1A2B04F093FB9FED3B0B41EC37
:106520001A0B53EC102B9DED060B51EC100B05F0E4
:106530003DF89DED060B41EC1B0B53EC102B9DED34
:10654000020B51EC100B04F025FE53EC1B2B04F056
:1065500033FC53EC1A2B05F029F89DED021B53EC8C
:10656000112B05F023F853EC192B04F047FFCDE96C
:10657000020101EB065001150029C8BF039015DC8C
:106580009DED020B324651EC100B05F0A6F9FFF71A
:1065900093F8042808BF00F047FD32469DED020B3A
:1065A00051EC100B05F099F9CDE902019DED020BBC
:1065B00051EC180B53EC102B04F0ECFDFFF73ABB39
:1065C0000000904000000000FE822B654715973CBC
:1065D00000CC904000346F3F01FCFFFF0000E03F23
:1065E000D8700000FFFF0F0000000000432EE63FC0
:1065F000396CA80C615C20BEEF39FAFE422EE63FF2
:10660000A86F000000000000000000000000004033
:1066100000B52DED048BB0EE409AF0EE609A83B099
:1066200051EC190B04F0F6FE41EC180B18EE100AB1
:1066300018EE901A8DED008B002818BF012008433A
:1066400020F00040C0F17F6000F1E040C00F14D0A6
:1066500019EE101A19EE900A8DED009B002918BF53
:106660000121084320F00040C0F17F6000F1E040CC
:10667000C00F04BF0120F9F79BFFB0EE480A03B03A
:10668000F0EE680ABDEC048B00BD000000000000C5
:1066900010B51D499FED1A1B2DED020B84B0059816
:1066A00020F000408842DCBF01209DED040B21DD7D
:1066B0001649884209D1049840B94FF00100F9F712
:1066C00077FF00F091FC06B010BD05DB9DED040BDB
:1066D00000F076FC06B010BD68469DED040B00F09E
:1066E00017F800F001000121A1EB40009DED021B15
:1066F0009DED000B00F0A4FA06B010BD00000000F4
:106700000000000000000000FB21E93F0000F07FD6
:106710002DE9F14F04462DED020B2DED088B8AB0CB
:106720009FEDE70B80ED020B139EE74826F0004536
:1067300085420ADC9DED120B002084ED000B0AB0AF
:10674000BDEC088B03B0BDE8F08FE0489FEDE0ABF7
:106750009FEDE1BBA84247DDE14F9FEDE39B9FED3D
:10676000E48B9DED120B53EC1A2B51EC100B002E09
:106770001CDD04F01BFF41EC100BBD4208D053ECB4
:106780001B2B51EC100B04F011FFC4E900010BE0CE
:1067900053EC192B51EC100B04F008FF53EC182BA1
:1067A00004F004FFC4E900010120C8E704F048FA3E
:1067B00041EC100BBD4208D053EC1B2B51EC100BDD
:1067C00004F03EFAC4E900010BE053EC192B51EC44
:1067D000100B04F035FA53EC182B04F031FAC4E92D
:1067E00000014FF0FF30AAE7C348A84279DB9DEDD6
:1067F000120B51EC100B00F02DFE41EC180B9FED2D
:10680000C00B53EC102B04F0C5FC9FEDBF1B53ECE9
:10681000112B04F015FA04F027FC074604F053FC92
:1068200041EC190B53EC1A2B04F0B4FC53EC182B6D
:1068300004F0E4FD41EC180B53EC1B2B51EC190B4D
:1068400004F0A8FCDFF8C8A241EC100B4FEA155881
:106850000125FA4453EC102B51EC180B04F0A6FE62
:10686000032DC4E900013DD0C1F30A5005EB4511E9
:10687000A8EB00001139814234DA0AEB051BB0EEB7
:1068800048AA9BED000BF0EE68AA53EC102B51ECDC
:10689000190B04F07FFC41EC1B0B51EC1A0B53EC71
:1068A0001B2B04F083FE41EC180B51EC1A0B53EC3C
:1068B000182B04F07BFE53EC1B2B04F077FE9BEDB2
:1068C000020B41EC1A0B53EC102B51EC190B04F09A
:1068D00061FC53EC1A2B04F069FE41EC100B6D1CAB
:1068E000B8E70EE0002EA8BF3846BFF628AF94EDFB
:1068F000000B51EC100B04F065F9C4E9000178427B
:106900001DE7C6F3130040F4801EC6F30A50A0F240
:10691000F530471100F01F05C5F12000DDF848B043
:1069200008900020069007900520EC467949002D3C
:1069300007EB0002794408BF51F8221009D051F842
:10694000223001EB8201AB404A68089922FA01F13A
:106950001943A1FB0E26A1FB0B131A449A4234BF24
:106960000123002303EB06080CEB8003D3E901A607
:106970000E448E4234BF0121002192448A4411B159
:10698000924502D903E0924501D2012100E00021A5
:10699000C3E901A641444CF82010011EA0F10100FA
:1069A000C4DC029800F10050850F0298DDE903670E
:1069B0008000DDF8148004F086FB41EC1A0B3046B1
:1069C00004F098FB9FED541B53EC112B04F0E2FBF9
:1069D00041EC1B0B384604F08DFB9FED511B53EC33
:1069E000112B04F0D7FB41EC180B404604F082FB5E
:1069F0009FED4D1B53EC112B04F0CCFB41EC190B1C
:106A000051EC180B53EC192B04F01AF953EC1B2B17
:106A100004F016F953EC1A2B04F012F9CDE9080131
:106A2000002008909DED080B53EC1A2B51EC100B35
:106A300004F0BCFD53EC1B2B04F0B8FD53EC182BF9
:106A400004F0B4FD53EC192B04F0D8FC9FED381B77
:106A500053EC112B04F09EFB9FED370B41EC180B10
:106A600053EC102B9DED080B51EC100B04F092FB36
:106A700053EC182B04F0E4F89FED310B41EC180BAC
:106A800053EC102B9DED080B51EC100B04F082FB26
:106A900053EC182B04F0D4F841EC100B139810F0C1
:106AA000004F06D06D4251EC100B04F08BF841EC16
:106AB000100B284684ED000B41E6000000000000AA
:106AC0000000000000000000FB21E93F7CD90240EB
:106AD00000004054FB21F93F3163621A61B4D03D9C
:106AE000FB21F93F000000000000601A61B4D03DB6
:106AF0007370032E8A19A33BFB213941000000006B
:106B000083C8C96D305FE43F000000000000E03F33
:106B1000626C0000B06B0000000000000000103E3E
:106B2000000000000000103C000000000000103ACF
:106B3000182D4454FB21F93D3326A611460B113C78
:106B400000000054FB21F93D70B504462DED028B89
:106B50004D1E00EBC500B0EE408AF0EE608A90ED6D
:106B6000000B35F0060017D053EC182B51EC100B2E
:106B700004F010FB41EC100B6D1E04EBC50090ED12
:106B8000001B51EC100B53EC112B04F059F841ECA5
:106B9000100B35F00600E7D1022D36D0042D1CD0A5
:106BA000062D1CBFBDEC028B70BD53EC182B51ECB5
:106BB000100B04F0EFFA94ED0A1B53EC112B04F0C8
:106BC0003FF853EC182B04F0E5FA94ED081B53EC56
:106BD000112B04F035F841EC100B53EC182B51EC51
:106BE000100B04F0D7FA94ED061B53EC112B04F0B4
:106BF00027F853EC182B04F0CDFA94ED040B53EC6A
:106C0000102B04F01DF841EC100B53EC182B51EC39
:106C1000100B04F0BFFA94ED021B53EC112B04F09F
:106C20000FF853EC182B04F0B5FA94ED001B53EC5D
:106C3000112B04F005F8BDEC028B41EC100B70BD7C
:106C4000F1B506462DED040BBD482DED0C8B8AB039
:106C5000B0EE418AF0EE618A179D25F000449FED69
:106C6000BABB9FEDBBCB844208DA9DED160B51EC0D
:106C7000100B04F0F9F9002800F0E980B64FA742A4
:106C800031DC002D0DDA9DED160B51EC100B03F0ED
:106C900099FFCDE9160151EC180B03F093FF41EC7D
:106CA000180B9FEDAF0B53EC102B9DED160B51EC19
:106CB000100B04F0A3FB53EC182B9FEDAB0BCDE9AD
:106CC000040151EC100B04F071FC41EC100B53EC7F
:106CD000102B9DED040B51EC100B03F0B1FF9FED59
:106CE000A48BCDE916019DED160B53EC102B51EC46
:106CF000100B04F04FFACDE904019DED040B53ECA9
:106D0000102B51EC100B04F045FA41EC190B9A488A
:106D10000621B0EE490AF0EE690A7844FFF714FF45
:106D20009648B0EE40DAF0EE60DAB0EE490AF0EEE6
:106D3000690A06217844FFF707FF9DED041B51EC1B
:106D4000100B53EC112B04F025FA9DED040B41ECD4
:106D50001A0B53EC102B9DED160B51EC100B04F09D
:106D600019FA41EC190B53EC1A2B51EC1D0B03F0E3
:106D700067FF53EC192B04F00DFA53EC182B03F0BA
:106D80005FFF9DED041B53EC112B04F003FA53EC51
:106D9000182B03F055FF41EC180B9FED790B51ECCC
:106DA000190B53EC102B04F0F5F953EC182B03F0EE
:106DB00047FF41EC190B9DED160B53EC192B51ECD1
:106DC000100B03F03DFF41EC180BA74269DC304685
:106DD00004F079F941EC1A0B51EC180B53EC1A2B17
:106DE00003F02EFF41EC1B0B53EC182B51EC180B4E
:106DF00004F0D0F953EC1B2B03F0DEFF53EC192BFE
:106E000004F0D4FB9DED161B53EC112B04F0F6FAA5
:106E10009FED5D1B53EC112B04F0BCF953EC1A2BC6
:106E200004F0ECFA41EC180B022000EAA570C0F166
:106E3000010004F048F953EC182B04F0ABF900BF43
:106E400041EC100B0AB0BDEC0C8B05B0F0BD711C11
:106E50001698214308430CD09DED160B012E1CBF44
:106E600053EC102B51EC1C0B10D000BF03F0A4FF0F
:106E7000E6E79DED160B51EC100B00F0EBFA41EC40
:106E8000100B51EC1B0B53EC102BEFE751EC100BDC
:106E9000FEF712FC042808BF00F0C6F89DED160BA3
:106EA000D0E7012E04BFB0EE480AF0EE680AC9D060
:106EB0008DED048B002404949DED040B53EC102BFA
:106EC0009DED160B51EC100B04F098FA53EC192BB6
:106ED00004F094FA41EC190B53EC182B51EC1C0BF9
:106EE00003F06AFF41EC180B8DED008B00949DEDD3
:106EF000040B53EC102B9DED000B51EC100B04F028
:106F000049F953EC1B2B03F09BFE9DED000B41EC6C
:106F10001A0B53EC192B51EC100B04F03BF953EC0A
:106F20001A2B03F08DFE53EC182B04F033F99DED72
:106F3000001B53EC112B03F083FE81E700000000DF
:106F40000000303E00000000000000000000F03FA4
:106F5000000000000000F0BF2894E53F00000000A2
:106F6000182D4454FB21E93F075C143326A6813CCD
:106F70000000000000000000626800007868000067
:106F8000635555555555D53F0000000000000040A1
:106F90009FED070B10B553EC102B9FED070B51EC39
:106FA000100B03F009FF41EC100B10BD00000000B6
:106FB0000000000000000000000000000000F03FA2
:106FC00010B553EC102B51EC100B03F039FE41ECD3
:106FD000100B10BD10B553EC112B51EC100B03F03E
:106FE0002FFE41EC100B10BD9FED050B10B553ECBF
:106FF000102B51EC100B03F0DFFE41EC100B10BD19
:1070000000000000000000009FED050B10B553ECE0
:10701000102B51EC100B04F0BDF841EC100B10BD1F
:1070200000000000000000709FED050B10B553EC50
:10703000102B51EC100B04F0ADF841EC100B10BD0F
:1070400000000000000000107047000030B5224A28
:10705000D2F80042214B00212CB1D981D2F8005244
:10706000012425B106E0DC89641CDC81F6E71D798A
:1070700005B91C715D794DB91D79012D03D19D793B
:107080006D1C9D715C719C79022C04D0D2F8002299
:10709000012A04D005E099719981022030BD19714F
:1070A00059719A79012A14D19A89521C92B29A8103
:1070B000824206D9DA89824203D2997199810120EC
:1070C00030BDD889B0F5FA7F03D999719981032031
:1070D00030BD002030BD00000000424220000020F2
:1070E00008B500F0D7F90A4C00903221684602F04A
:1070F00067FD20680028F8D100F00CF8FDF7A4FF28
:10710000FEF7A0F9FEF7ACF9FAF754FAEDE7000044
:107110005C0100202DE9F041914C7B202DED068B88
:10712000F5EE004AF6EE00AA20767D20DFF83882E0
:107130008E4E84F82E00D8ED000A96ED001A8C4F82
:107140008C4970EE811A97ED003AD1ED002A8548FE
:1071500031EE830A884A0078884B30EE220A20EE0E
:10716000240A9FED878A61EEAA1A92ED002A20EE8A
:10717000080A002561EE881A0628FDEEC03A93ED54
:10718000000AFDEEE11A32EE004A31EE602A6FD2BB
:10719000DFE800F003209898879830EEC10A13EEDC
:1071A000900A608330EE030A30EE620A20EE240A71
:1071B00020EE080ABDEEC00A10EE100AB1EE600A19
:1071C000A08330EE410A30EE030A30EE220A20EEB0
:1071D000240A74E09FED6B0BFFF71AFA9FED6B1B0F
:1071E00051EC100B53EC112B03F0D4FF97ED00AAD8
:1071F000D6ED008A41EC190B3AEE680A20EE2A0A15
:1072000010EE100A04F0BCFA53EC192B03F0D4FD75
:107210009FED601B53EC112B03F0BCFF03F024FF28
:10722000608398ED000AB0EE001AF0EE680A50EEA6
:10723000010A30EE280A70EECA1AF0EE080A81EE52
:10724000A01A21EE081ABDEEC11A11EE100A30EE96
:107250000A1AA083514881EE200A90ED001AC0EE70
:10726000010A20EE880ABDEEC00A10EE100AE08383
:107270004B48DFF830C14C4FB0F9023063840188CD
:1072800049420AB2A284B0F90410E184BCF90200B8
:107290002085BCF80060764236B266853F78C7B17B
:1072A00019E0B1EE410A13EE900A30EE600A6083F5
:1072B000A58330EE030A30EE220A20EE2A0AC0EE41
:1072C000040ACEE7C2EE000A11EE900A6083A5839D
:1072D000C7E7BCF80450A585344D95ED000A20EEB3
:1072E000080ABDEEC00A10EE105A258494F818C0A2
:1072F00084F800C06770678B4FEA172C84F802C0CF
:10730000E770A78B4FEA172C84F804C06771E78BEE
:107310004FEA172C84F806C0E7711F0A27726372C0
:10732000130AA372E2720A0A22736173010AA1733B
:10733000E073300A20746674A08D010AA174E074B1
:10734000280A2075657501211620FAF75FF9A075E6
:1073500094F82E00E075BDEC068BBDE8F0810000CE
:10736000AE06002045010020705A0020845A0020FB
:10737000985A0020AC5A0020B4010020B00100202F
:1073800000007A44000000000000084000000000F7
:107390000000E03F0000000000408F40B8010020E6
:1073A0004602002040020020440100201800002076
:1073B00010B504460420FCF7F1FD0A484FF47A7139
:1073C000047014FB01F1012242804FF0E0200269B9
:1073D00042F0020202614161016941F00101016173
:1073E00010BD0000B400002070B5044603F08EF913
:1073F00001280CD0094D6888844203D3B4FBF0F017
:1074000002F0A8FB6888B4FBF0F100FB11444FF4D4
:107410007A706043BDE8704000F002B8B40000200C
:1074200070B54FF0E02500216C69094AAB6912780C
:107430005043AA699A42FCD002D2A3EB020302E0B5
:10744000A4EB02063344194413468142F1D370BDC4
:10745000B400002082B0CDE9000121F0004001908D
:107460009DED000B02B051EC100B7047B5EEC00A59
:10747000F1EE10FA01DAB1EE400A704704490A88C9
:107480005206FCD5024AC1B2121D1180704700009D
:107490000044004010B503F039F9012803D0BDE8DD
:1074A000104003F041B90148406810BDB40000200D
:1074B000054C064DD4F8B002C043C4F8B0022868A9
:1074C00002F048FBF6E700000000404234000020D4
:1074D0001CB501F0A3FF07490120CDE9000102021C
:1074E000002305A1074803F0E5F802F0E9FC0020BD
:1074F0001CBD00000000002073746172745F746131
:10750000736B00002D9300080346012000E05843F0
:10751000491EC9B2FBD270472DE9F04FFF4C4FF422
:10752000AD702DED028B81B020600A210920FAF7A1
:1075300075FEFB490860216890FBF1F5052D00DD23
:107540000525F84890ED000ADFEDF70AF74820EE30
:10755000200ABDEEC00A80ED050A0169491C0161DF
:107560004FF48061F248F8F7F8FFF248F24EF34F1B
:107570000068DFF8CCB39FEDF38ADFEDF38ADFF824
:10758000CCA3DFF8CC830C2430B1DFF8C89399F892
:107590000000002875D0E6E3062D0BD2DFE805F0E9
:1075A00003051A1C1E20ECA200E0EDA200210846F3
:1075B000FBF7DEFDDFF8B09399F8000090B10128E9
:1075C00010D002282ED003282CD004282AD0052839
:1075D00028D050E3E5A2E9E7E6A2E7E7E7A2E5E77E
:1075E000E8A2E3E7E9A200213720FBF7C1FDB8F9E3
:1075F00004004546002809DAE5A200215020FBF7E7
:10760000B7FD0094B5F90400424207E0E1A2002171
:107610005020FBF7ADFD0094B5F9042005230021AF
:107620005A201EE0DCA200213720FBF7A1FDDC4D33
:10763000B5F90400002809DAD5A200215A20FBF789
:1076400097FD0094B5F90400424207E0D1A2002161
:107650005A20FBF78DFD0094B5F904200323002187
:107660006420FBF749FD99F8000058B1012809D0C2
:10767000042807D0022850D003284ED005284CD02B
:10768000F9E25CE3C7A20A210020FBF771FD96ED49
:10769000020AB5EEC00AF1EE10FA0AD2BCA20A2123
:1076A0000F20FBF765FD009496ED020A20EE080A14
:1076B00009E0B8A20A210F20FBF75AFD009496EDCD
:1076C000020A20EE280A05230A211420BCEEC00A73
:1076D00010EE102AFBF710FD96ED000AB5EEC00A79
:1076E000F1EE10FA0AD2AAA20A213C20FBF740FDD3
:1076F000009496ED000A20EE080A09E0A5A20A21EE
:107700003C20FBF735FD009496ED000A20EE280A98
:10771000BCEEC00A10EE102A1BE0A3A20A21002032
:10772000FBF726FDB8F904004546002809DA98A2BF
:107730000A213C20FBF71CFD0094B5F904004242ED
:1077400007E094A20A213C20FBF712FD0094B5F952
:10775000042005230A214B20FBF7CEFC99F80000FA
:10776000C84650B1012808D0042806D002287DD090
:1077700003287BD0052879D07DE28DA2142100203A
:10778000FBF7F6FC97ED020AB5EEC00AF1EE10FA2F
:107790000AD27FA214210F20FBF7EAFC009497ED98
:1077A000020A20EE080A09E07AA214210F20FBF752
:1077B000DFFC009497ED020A20EE280A142105232D
:1077C0000846BCEEC00A10EE102AFBF795FC97EDB8
:1077D000000AB5EEC00AF1EE10FA0AD26CA214212A
:1077E0003C20FBF7C5FC009497ED000A20EE080A48
:1077F00009E068A214213C20FBF7BAFC009497ED45
:10780000000A20EE280A052314214B20BCEEC00AF2
:1078100010EE102AFBF770FC66A21E210020FBF779
:10782000A7FC9BED020A5D46B5EEC00AF1EE10FA28
:107830000AD257A21E210F20FBF79AFC009495ED67
:10784000020A20EE080A09E052A21E210F20FBF7CF
:107850008FFC009495ED020A20EE280A05231E21D4
:107860001420BCEEC00A10EE102A00E01AE0FBF76C
:1078700043FC95ED000AB5EEC00AF1EE10FA08D20D
:1078800043A21E213C20FBF773FC009495ED000AF7
:10789000E4E040A21E213C20FBF76AFC009495ED39
:1078A000000AE7E044A214210020FBF761FC96EDFA
:1078B000020AB5EEC00AF1EE10FA0AD234A214217F
:1078C0000F20FBF755FC009496ED020A20EE080A03
:1078D00009E030A214210F20FBF74AFC009496ED3A
:1078E000020A20EE280A142105230846BCEEC00A2D
:1078F00010EE102AFBF700FC96ED000AB5EEC00A68
:10790000F1EE10FA5AD222A214213C20FBF730FCEF
:10791000009496ED000A20EE080A5AE09401002037
:10792000D8010020180000200000C84224020020D6
:10793000640200205C010020705A0020845A00205C
:10794000985A002000007AC400007A44AC5A002003
:1079500040020020680100204D6563200000000007
:107960004F6D6E690000000045010020416B6D20E5
:10797000000000004469666600000000345744209F
:107980000000000054616E6B00000000475A0000C8
:107990002D0000002B000000424941530000000070
:1079A0004C020020410000004759524F5F5A3A00F4
:1079B00042000000430000004C3A0000AFF22C02ED
:1079C00014213C20FBF7D4FB009496ED000A20EE36
:1079D000280A052314214B20BCEEC00A10EE102A01
:1079E000FBF78AFBF8A21E210020FBF7C1FB97EDF5
:1079F000020AB5EEC00AF1EE10FA0BD2AFF2700235
:107A00001E210F20FBF7B4FB009497ED020A20EE35
:107A1000080A0AE0AFF284021E210F20FBF7A8FB40
:107A2000009497ED020A20EE280A05231E21142057
:107A3000BCEEC00A10EE102AFBF75EFB97ED000AC1
:107A4000B5EEC00AF1EE10FA0BD2AFF2BC021E2165
:107A50003C20FBF78DFB009497ED000A20EE080A0E
:107A60000AE0AFF2D0021E213C20FBF781FB00941C
:107A700097ED000A20EE280A05231E214B20BCEEBC
:107A8000C00A10EE102AFBF737FB98F8000050B13F
:107A9000042808D0012859D0022878D0032875D0AE
:107AA000052873D0E7E0C9A228210020FBF760FB7E
:107AB0009AED020A5546B5EEC00AF1EE10FA0BD265
:107AC000AFF2341228210F20FBF752FB009495ED02
:107AD000020A20EE080A0AE0AFF2481228210F201D
:107AE000FBF746FB009495ED020A20EE280A0523D9
:107AF00028211420BCEEC00A10EE102AFBF7FCFA75
:107B000095ED000AB5EEC00AF1EE10FA0BD2AFF215
:107B1000801228213C20FBF72BFB009495ED000AF6
:107B200020EE080A0AE0AFF2941228213C20FBF76D
:107B30001FFB009495ED000A20EE280ABCEEC00A57
:107B400010EE102A052328214B2092E0A0A2282124
:107B50000020FBF70DFBA04DB5F91A0000280ADA4A
:107B6000AFF2D41228213C20FBF702FB0094B5F9B8
:107B70001A004242E6E7AFF2E41228213C20FBF76C
:107B8000F7FA0094B5F91A20DCE700E01FE093A2B1
:107B900028210020FBF7ECFA924D286800280ADA29
:107BA000AFF2142228213C20FBF7E2FA0094286867
:107BB0000423424208E0AFF2242228213C20FBF7B4
:107BC000D7FA00942A6804232821502051E086A285
:107BD00028210020FBF7CCFA96ED010AB5EEC00A89
:107BE000F1EE10FA0BD2AFF2582228211420FBF745
:107BF000BFFA009496ED010AB1EE400A08E0AFF238
:107C00006C2228211420FBF7B3FA009496ED010AA8
:107C100004232821BCEEC00A1E2010EE102AFBF718
:107C20006BFA72A228213C20FBF7A2FA97ED010A19
:107C3000B5EEC00AF1EE10FA0BD2AFF2AC22282159
:107C40005020FBF795FA009497ED010AB1EE400A37
:107C500008E0AFF2C02228215020FBF789FA0094F7
:107C600097ED010A04232821BCEEC00A5A2010EE29
:107C7000102AFBF741FA5E480078012813D05D48CE
:107C80000078012811D05C48007801280FD05B48AB
:107C9000007801280DD05A485A49007809780843DD
:107CA00009D059A208E05AA206E05BA204E05CA257
:107CB00002E05DA200E05EA232210020FBF758FA4C
:107CC0005D48D0F80C02012802D15C48007898B3D6
:107CD0005BA232212D20FBF74BFA5A4E642502237A
:107CE0007069322190FBF5F24B200094FBF704FA07
:107CF00055A232215820FBF73BFA7069022390FB12
:107D0000F5F105FB1102322162200094FBF7F4F932
:107D10004EA232216E20FBF72BFA706990FBF5F131
:107D200005FB11000A2806DA0223002232215C201A
:107D30000094FBF7E1F9FCE3FFE745A2C9E7002166
:107D400044A20846FBF7E4F847A210210020FBF705
:107D5000DFF84AA220210020FBF7DAF84CA23221FA
:107D60006820FBF705FA99F80000012825D1FBF7F8
:107D70003DFA48A209210820FBF7E0F8062D0DD2B4
:107D8000DFE805F00306A6A9ACAFAFF2344201E08C
:107D9000AFF234420A215C20FBF7EAF941A2162136
:107DA0000C20FBF7CBF844A222210020FBF7B0F80F
:107DB00046A232216820FBF7DBF999F8000002287F
:107DC00000D0A5E090E00000523A0000440000001E
:107DD0004D4F56455F5A0000AE060020534552569F
:107DE0004F3A0000980100204D4100004D42000034
:107DF00054010020550100205601002057010020A9
:107E0000BC010020BD010020555341525400000028
:107E1000505332202000000041505020200000002C
:107E2000522D43202000000043414E20200000003E
:107E3000524F5320200000000080414244010020A6
:107E40004F464600240200202E000000560000008D
:107E50004F204E00C7EBCFC8D4C4B6C1CAB9D3C3F4
:107E6000CAD6B2E1000000002020B5A5BBF7D3C3FD
:107E7000BBA7B0B4BCFC20200000000020202020C4
:107E8000C8B7C8CFBFAACABC20202020000000006D
:107E9000302F3800C7EBD7AAB6AFB5E7CEBBC6F7D1
:107EA000A3BA0000CDCBB3F6C7B0D0E8B5F7BBD8C6
:107EB000D4ADB3B5D0CD00002020C4A3CABDA3BAB1
:107EC000B5E7CEBBC6F7202000000000312F3800F8
:107ED000AFF268525EE7AFF264525BE7AFF2645212
:107EE00058E7AFF2605255E7FAA200211820FBF7DD
:107EF0000FF8FBA210210020FBF70AF8FDA22021B9
:107F00001820FBF705F8FEA232216820FBF730F9B4
:107F100099F8000003287DD196ED000AB5EEC00A5D
:107F2000F1EE10FA0AD2F7A205210020FBF720F9A2
:107F3000009496ED000A20EE080A09E0F2A205215D
:107F40000020FBF715F9009496ED000A20EE280AB0
:107F5000052319461420BCEEC00A10EE102AFBF7C8
:107F6000CBF897ED000AB5EEC00AF1EE10FA0AD28E
:107F7000E6A205214620FBF7FBF8009497ED000AE6
:107F800020EE080A09E0E2A205214620FBF7F0F8FE
:107F9000009497ED000A20EE280A052319465A207E
:107FA000BCEEC00A10EE102AFBF7A6F89BED000A03
:107FB0005E46B5EEC00AF1EE10FA0AD2D5A214213F
:107FC0000020FBF7D5F8009496ED000A20EE080A91
:107FD00009E0D1A214210020FBF7CAF8009496ED25
:107FE000000A20EE280A142105230846BCEEC00A28
:107FF00010EE102AFBF780F89AED000A5646B5EE0F
:10800000C00AF1EE10FA0CD2C4A214214620FBF7EC
:10801000AFF800E022E0009496ED000A20EE080A96
:1080200009E0BFA214214620FBF7A2F8009496EDC8
:10803000000A20EE280A052314215A20BCEEC00AAB
:1080400010EE102AFBF758F8AAA220211820FAF700
:108050005FFFABA232216820FBF78AF899F8000095
:108060004E4604280ED10021AEA20846FAF750FF72
:10807000B1A220210020FAF74BFFB4A232216820E0
:10808000FBF776F8307805287ED10021B0A20846AB
:10809000FAF73EFFB3A210210020FBF769F8B8F908
:1080A0000000474600280ADAAFF21C721021084689
:1080B000FBF75EF80094B7F90000424208E0AFF227
:1080C0002C7210210846FBF753F80094B7F90020F2
:1080D000052310211820FBF70FF8B7F9020000283C
:1080E0000ADAAFF254721A211020FBF741F800941B
:1080F000B7F90200424208E0AFF268721A2110207C
:10810000FBF736F80094B7F9022005231A2118204E
:10811000FAF7F2FFB7F9040000280ADAAFF290721A
:1081200024211020FBF724F80094B7F90400424200
:1081300008E0AFF2A07224211020FBF719F8009498
:10814000B7F90420052324211820FAF7D5FF86A2C9
:1081500010214020FBF70CF883A21A214020FBF7E6
:1081600007F881A224214020FBF702F8AFF2CC727D
:1081700010214820FAF7FCFF7C4FB7F900000028D7
:108180000CDAAFF2F47200E055E010215020FAF75B
:10819000EFFF0094B7F90000424208E0AFF60C028E
:1081A00010215020FAF7E4FF0094B7F900200523CE
:1081B00010215820FAF7A0FFB7F9020000280ADAC8
:1081C000AFF634021A215020FAF7D2FF0094B7F923
:1081D0000200424208E0AFF644021A215020FAF7AA
:1081E000C7FF0094B7F9022005231A215820FAF797
:1081F00083FFB7F9040000280ADAAFF66C022421E5
:108200005020FAF7B5FF0094B7F90400424208E0A5
:10821000AFF6800224215020FAF7AAFF0094B7F9A4
:108220000420052324215820FAF766FF47A23221B3
:108230006820FAF79DFF307806280ED1002139A278
:108240000846FAF765FE4AA220210820FAF760FEE8
:108250004BA232216820FAF78BFF3078072809D02B
:10826000082807D0092805D00A2803D00B2801D0F8
:108270000C282DD1002143A20846FAF779FF424F7E
:1082800000940523002110203A68FAF735FF3FA239
:1082900000214020FAF76CFF0094052300215020B4
:1082A0007A68FAF729FF3AA20A210020FAF760FF5C
:1082B000009405230A211020BA68FAF71DFF35A2A1
:1082C0000A214020FAF754FF052300940A2163E0B5
:1082D0008AE00000BCDCBFD5B3B5C2D6BAF300005B
:1082E000B5A5BBF7BFAACABCB8DFCBD9D7AAB6AF72
:1082F00000000000C4A3CABDA3BAB5E7BBFA0000E2
:10830000322F3800412D0000412B0000422D00008B
:10831000422B0000432D0000432B0000442D0000A1
:10832000442B000020202020B5A5BBF7BDF8C8EBEA
:1083300020202020000000002020C4A3CABDA3BA32
:10834000CDD3C2DDD2C7202000000000332F38007B
:10835000BBCEB6AFD0A1B3B5B9DBB2ECCAFDBEDDC2
:1083600000000000470000007C00000046020020E2
:10837000C4A3CABDA3BAC1F9C2B7B6E6BBFA00002E
:10838000342F3800313A000074010020323A0000E6
:10839000333A0000343A00005020FA68FAF7ACFE95
:1083A000A7A214210020FAF7E3FE0094052314216C
:1083B00010203A69FAF7A0FEA2A214214020FAF791
:1083C000D7FE00940523142150207A69FAF794FE11
:1083D000AFF2640220210820FAF79AFDAFF26002A2
:1083E00032216820FAF7C4FE30780D280FD1AFF2A1
:1083F000CC0200210846FAF78BFD93A22021002031
:10840000FAF786FD95A232216820FAF7B1FE30789E
:108410000E2818D192A210211820FAF779FD93485E
:10842000D0F8A002012812D091A210215820FAF70A
:108430006FFD85A220210020FAF76AFD87A2322174
:108440006820FAF795FE30780F2802D01FE089A245
:10845000EBE7002188A20846FAF75AFD8BA210210B
:108460002020FAF755FD8B48D0F80C02012812D0D5
:108470007FA210215020FAF74BFD87A2202108206F
:10848000FAF746FD88A232216820FAF771FE3078AB
:10849000102802D015E077A2EBE7002183A208465E
:1084A000FAF736FD86A210211820FAF731FD87A2CF
:1084B00020211820FAF72CFD87A232216820FAF734
:1084C00057FE3078112828D184A200210820FAF71D
:1084D0001FFD86480078012808D0022808D003280C
:1084E00008D0042808D0052808D00CE080A206E0B7
:1084F00081A204E082A202E083A200E084A2102113
:108500003020FAF705FD71A220211820FAF700FDAE
:1085100071A232216820FAF72BFE3078122824D17C
:108520007DA200210820FAF7F3FC10217EA214207E
:1085300000E071E0FAF7ECFC7DA210214420FAF78C
:1085400036FE7CA210215C20FAF7E2FC7AA2202100
:108550001420FAF7DDFC7BA220216420FAF727FE25
:1085600079A232216820FAF703FE3078132827D148
:10857000002176A20846FAF7CBFC76A2002124203F
:10858000FAF715FE74A200213020FAF7C1FC75A29B
:1085900010210820FAF7BCFC75A210214820FAF738
:1085A00006FE65A220211420FAF7B2FC65A2202164
:1085B0006420FAF7FCFD64A232216820FAF7D8FDA6
:1085C0003078142823D100216BA20846FAF7A0FCCA
:1085D0006EA210210020FAF79BFC71A220210C2032
:1085E000FAF796FC062D0DD2DFE805F003061D20F4
:1085F0002326AFF69C4201E0AFF69C4220215C208E
:10860000FAF7D5FD50A232216820FAF7B1FD67A232
:1086100032210020FAF792FC01B0BDEC028BBDE8DC
:10862000F04FFAF751BCAFF6BC42E7E7AFF6BC42F9
:10863000E4E7AFF6B842E1E7AFF6B842DEE70000A4
:10864000353A0000363A00002020C4A3CABDA3BAC0
:10865000B7E4C3F9C6F7202000000000352F38002A
:10866000B7E4C3F9C6F7A3BA000000000000404217
:10867000B9D80000BFAA00002020B2A6B6AFCAB980
:10868000C4DCBFAAB9D8202000000000BFAAB9D816
:10869000A3BA000000804142C4A3CABDA3BACAB9AC
:1086A000C4DCBFAAB9D80000362F3800C8B7C8CF7D
:1086B000C0B6D1C0BAECB5C6B3A3C1C100000000BA
:1086C000BAF3B5A5BBF7BDF8C8EB0000C4A3CABD9B
:1086D000A3BAC0B6D1C00000372F3800D0A1B3B5BF
:1086E000D0D0B6AFD7B4CCACA3BA00008D01002077
:1086F000CFF2C7B000000000CFF2D3D200000000DC
:10870000CFF2BAF300000000CFF2D7F30000000070
:10871000CDA3D6B900000000CAB9D3C3CAFDBEDDDF
:10872000CFDFC1ACBDD30000D6D0BCE4B5C40000DF
:1087300055534200BFDA0000C4A3CABDA3BAB4AE09
:10874000BFDA000033000000382F3800B7A2CBCDCD
:108750000000000023000000BDE1CEB2B5C4CAFD98
:10876000BEDD0000B2A8CCD8C2CAA3BA0000000087
:108770003131353230300000BCB4BDABCDCBB3F6B7
:10878000D6CABCECC4A3CABD00000000C7EBD7AA80
:10879000B6AFB5E7CEBBC6F7BBD8B5BD000000008D
:1087A000B5B1C7B0B3B5D0CDA3BA0000B5A5BBF77E
:1087B000BCCCD0F8CBABBBF7CDCBB3F60000000000
:1087C0002DE9F041184E0F460446F5683068001D4B
:1087D00001F036F838B9306890F82C100120884044
:1087E000316981433161601C07D137B13168BDE81F
:1087F000F0410E48091D01F05BB830682C44AC42D2
:108800004460316805D2B06BBDE8F041091D01F04C
:1088100037B8706B091D01F033F8B06A844200D29A
:10882000B462BDE8F0810000D0000020100A0020F2
:108830002DE9F041054601F047F82D4EB068401C87
:10884000B06030682B4F10B1706930B32BE03560E9
:10885000B068012827D1002404EB840007EB8000D6
:1088600001F000F8641C202CF6D3234800F0FAFF36
:108870002148143000F0F6FF1F48283000F0F2FFC6
:108880001D483C3000F0EEFF1B48503000F0EAFF7E
:10889000194870631430B06305E03068E96AC06A53
:1088A000884200D83560706A0121401C706268649B
:1088B000E86A326981401143316100EB800007EBC7
:1088C0008000291D00F0F4FF01F03AF870690028DB
:1088D0000CD03068E96AC06A884207D207494FF075
:1088E00080500860BFF34F8FBFF36F8FBDE8F081FA
:1088F000D000002040070020C009002004ED00E067
:1089000010B500F0E1FF0E4C2068A0B90D4800F052
:10891000A9FF0C48143000F0A5FF0A48E0601430AD
:10892000206100221021052001F0FAFB206010B127
:1089300005A101F0DBF8BDE8104001F001B800002E
:108940000C010020240A0020546D72510000000028
:1089500070B5124E124D1CE001F0FCFA306820B1E7
:10896000002402F001F8A4B901E00124F9E700F0C5
:10897000ABFFF068C468201D00F062FFA868401ECD
:10898000A8606868401E686000F0DAFF204600F0CA
:1089900052F868680028DFD170BD0000FC09002093
:1089A000D000002030B4026C0B46002A0BD0C16806
:1089B0001144C1604468A14201D30168C16030BC68
:1089C0001846F7F77DBD30BC70472DE9F041856B47
:1089D000174604460026026C82B1C7B1E068F7F77B
:1089E0006FFDE168206C091AE1602268914202D2B1
:1089F0006168081AE060022F16D017E02068A8B955
:108A0000606801F00BFF0646002060600EE0A06881
:108A1000F7F756FD216CA0680844A06061688842A1
:108A200004D32068A06001E005B16D1E6D1CA56334
:108A30003046BDE8F08110B50446006B00F0B2FF8F
:108A40002046BDE8104000F0ADBF000010484FF4D4
:108A5000A041420706D0C01D0D4920F00700411A71
:108A6000C1F5A0410B4A00230144C2E900030839C3
:108A7000103A21F0070111604B600B600B1AC0E93E
:108A8000001393604FF000405360D06070470000C7
:108A90004C0A00203C010020074E4FF08054074D47
:108AA000FFF756FF30680128FAD92C60BFF34F8FCB
:108AB000BFF36F8FF4E700004007002004ED00E0F3
:108AC0002DE9F047DDE909840E46174682469100FC
:108AD0009946089DA522206BF7F737FD6FF003013B
:108AE000206B01EB8701084420F00707780705D0C9
:108AF00040F22B3219A11EA0F7F73CFC00202218EF
:108B0000315C82F83410315C11B1401C1028F6D36E
:108B1000002684F84360202D00D31F25E562C4E9B8
:108B20001356201D00F0A9FE04F1180000F0A5FE68
:108B30002461C5F120006462A061666584F8586014
:108B40004A465146384600F00FFB2060B8F1000F4E
:108B500001D0C8F80040BDE8F08700002E2E5C462A
:108B600072656552544F535C7461736B732E63006E
:108B70004572726F723A25732C25640D0A0000004D
:108B800030B5114900E011460A688242FBD34B68B8
:108B90005C18844203D14068184448600846436822
:108BA0001C18944209D1084C103C2468A24209D0F8
:108BB00052681A4442600A6812680260814200D01A
:108BC000086030BD0460F9E73C01002070B5002466
:108BD00041600B4D0061914206D8D11A82699142E1
:108BE00006D2011D286907E09A4203D2994201D3B7
:108BF000012403E0011DE86800F042FE204670BD3C
:108C00000C01002010B5044600F05EFEA06B20B100
:108C1000002400F095FE204610BD0124F9E7000075
:108C20002DE9F34100980F460026846C2CB940F6DC
:108C3000CE1216A11AA0F7F79DFBA06BE16B88423C
:108C400005D340F6CF1211A115A0F7F793FBA06B47
:108C5000E16B88420CD294F945503A466946204669
:108C6000FFF7B3FE0646681C05D06D1C84F845501E
:108C70003046BDE8FC81606A0028F9D004F1240088
:108C800001F026FE0028F3D00126F1E72E2E5C46E7
:108C900072656552544F535C71756575652E63003E
:108CA0004572726F723A25732C25640D0A0000001C
:108CB000F8B5054614480E46C068C068C468201D53
:108CC00000F0BEFDE069012817D1A0692B464119CB
:108CD00032462046FFF77AFF78B10020034601466E
:108CE00000902A46204601F025FF30B907494FF48D
:108CF000027201F11800F7F73DFB616A01B02046EE
:108D0000BDE8F040084700000C01002098AA0008C8
:108D100070B586B02F4E53E00198002806DADDE9E1
:108D20000301029A90470198002849DB039C60697F
:108D300010B1201D00F084FD05A800F0A7F805463D
:108D400001980A283CD2DFE800F00505053B2738EA
:108D500005053B270298A169034601442A4620469F
:108D6000FFF734FF00282BD0616A20468847E0696E
:108D7000012825D1002000900298A1690023421803
:108D80001946204601F0D6FED0B940F2213212A198
:108D900017A0F7F7EFFA13E00298A06128B94FF493
:108DA0004E720DA112A0F7F7E5FAA0692B46411902
:108DB0001A462046FFF70AFF02E0204600F0F2FDC7
:108DC00000231A4601A9306801F0E6F90028A3D172
:108DD00006B070BD0C0100202E2E5C4672656552F7
:108DE000544F535C74696D6572732E63000000000C
:108DF0004572726F723A25732C25640D0A000000CB
:108E0000F8B50D46064601F0A5F8684600F03EF8B4
:108E10000446009810B101F0A7FDF8BD1148ADB1AE
:108E200001690968D9B10025311B2A46006800F0A4
:108E30006FFE01F099FD0028EFD10B494FF08050F3
:108E40000860BFF34F8FBFF36F8FF8BDA642EBD81A
:108E500001F08AFD21463046FFF72AFFF8BD0125C3
:108E6000E2E700000C01002004ED00E00648416B41
:108E7000096829B1416BC968C9684968816270474E
:108E80004FF0FF31FAE70000D000002070B5054632
:108E900001F04AFC064E0446B068844203D200F05A
:108EA00009F8012000E0002028602046B46070BD71
:108EB0000C010020F8B5184E26E0C068C4680568AB
:108EC000201D00F0BDFC616A20468847E06901284A
:108ED0001AD1A0692844A84206D924616060211DE6
:108EE000F06800F0CDFC0FE0002003460146009042
:108EF0002A46204601F01EFE30B9084940F292325F
:108F000001F11800F7F736FAF06801680029D4D1AA
:108F10003169C6E90310F8BD0C01002098AA0008C9
:108F200008484068401C05D040F20F1206A111A06D
:108F3000F7F720FA502080F31188BFF34F8FBFF36B
:108F40006F8FFEE7200100202E2E5C467265655271
:108F5000544F535C706F727461626C655C5256441E
:108F6000535C41524D5F434D34465C706F72742EBA
:108F7000630000004572726F723A25732C25640DF0
:108F80000A000000084CE068016839B1002139B1DD
:108F90000020FFF735FFFFF7BBFEF4E70121F6E7FE
:108FA000C0680068F5E700000C0100202DE9F041E1
:108FB000044600F089FC94F9455004F1240610E0C1
:108FC000A06C20B100212046FFF72AFE04E0606A71
:108FD00048B1304601F07CFC08B100F0ADFE6D1EDA
:108FE0006DB2002DECDC4FF0FF3684F8456000F0E8
:108FF000A7FC00F069FC94F9445004F1100709E063
:10900000206948B1384601F063FC08B100F094FED5
:109010006D1E6DB2002DF3DC84F84460BDE8F041B4
:1090200000F08EBC08B5FEF735FA00900A216846BC
:1090300000F0C6FDFAF708FAF8E700002DE9F04164
:109040000546002600F086FF324F386808B9FFF762
:10905000FDFCF86805424FD1002D4DD0083568075A
:109060000BD005F00700C0F108000544680704D0E4
:10907000BF2229A132A0F7F77DF9002D3CD07868F6
:10908000854239D8234910310846046801E0214659
:1090900004466068A84202D220680028F7D13868E8
:1090A000B846844228D00E68206808606068083698
:1090B000401B10280ED96719780704D0EC2216A19E
:1090C0001FA0F7F757F96068401B78603846656065
:1090D000FFF756FD6168D8F804004246401AC8F808
:1090E0000400D8F80830984200D29060D8F80C00FC
:1090F00001430020C4E9000101F036FC700705D0EF
:109100004FF4967204A10EA0F7F734F93046BDE88B
:10911000F08100002C0100202E2E5C467265655205
:10912000544F535C706F727461626C655C4D656D19
:109130004D616E675C686561705F342E630000008E
:109140004572726F723A25732C25640D0A00000077
:109150000449086818B10868026D521C0265086865
:1091600070470000D000002010B5031F4FF080743E
:109170001C601B1F21F001011960191F044B0B60BB
:1091800014390A60091F6FF0020244380A6010BDEA
:10919000218F000808B5FEF77DF93F4E3F4FDFF8FD
:1091A00000B1404D4FF001094FF000084FF0020AA6
:1091B000009000246421684600F002FD3A480068EF
:1091C000322801DA484603E03338312802D24046DB
:1091D000C6F8A002A86801280BD0E868012808D0CA
:1091E0006868052809DA401C6860052805DA4846E1
:1091F00006E04046C5F80480F5E7052802D1404660
:10920000C6F8A002F9F722F8D7ED000A641C0A2C70
:1092100030EE200A87ED000AF4DBF0EE400AB2EEF1
:10922000041A80EE810ADFED210A8BED000AC7EDFA
:10923000000AA968012901D1C5F808A0E968012937
:1092400001D1C5F80CA010EE101A194A914204DBA6
:109250009FED180A8BED000A18E010EE100A16496F
:109260000844B0F5002F05D2A868022802DA401C95
:10927000A8600BE010EE100A0F494942884205DA57
:10928000A868022802DAE868401CE860F7F754FB97
:10929000FEF742F98DE70000000040421C0000206C
:1092A0001800002024020020E4010020000000003B
:1092B0009A9949419A9949410000E0BE00B52DEDC7
:1092C000048B83B041EC190B02F0A4F841EC180BAD
:1092D00018EE100A18EE901A8DED008B002818BFBA
:1092E0000120084320F00040C0F17F6000F1E04021
:1092F000C00F14D019EE101A19EE900A8DED009BD4
:10930000002918BF0121084320F00040C0F17F6010
:1093100000F1E040C00F04BF0120F7F749F951EC1C
:10932000180B03B0BDEC048B00BD00002DE9FC411F
:1093300000F0CAFA00240425CDE900544FF4007867
:10934000234642461AA11E4801F0B4F90326CDE98E
:109350000064AF0100233A461AA11E4801F0AAF9A1
:10936000CDE90064002342461BA11E4801F0A2F98A
:10937000CDE90064002380221BA11E4801F09AF968
:10938000CDE9005400233A461BA11E4801F092F992
:10939000CDE90054002342461BA11E4801F08AF982
:1093A0001D48006800F062FCBDE8FC4100F0C8BA4E
:1093B00042616C616E63655F7461736B00000000F5
:1093C000710B00084D5055363035305F7461736B4A
:1093D00000000000192B000873686F775F746173D9
:1093E0006B000000959100086C65645F7461736B9D
:1093F00000000000B1740008505354574F5F74616F
:10940000736B000025900008444154415F74617300
:109410006B000000E17000080000002038B54FF438
:109420004070F9F763FCA820FDF7C2FFF9F786FA50
:10943000F7F75EFEF8F764FBF9F7AEFCF9F7D0F941
:109440002C48D0F800222C49002422B1D0F8000288
:10945000012803D003E00120086000E00C604FF415
:10946000E135284600F062F84FF4165000F0B4F8E9
:10947000284600F005F9284600F05AF9F7F7F8FAFF
:10948000F7F736FB03230622072101200094F7F7A4
:1094900049FEFAF7A7FBF8F74BFBF8F7B7FBF8F72D
:1094A00013FCF8F76FFC42F20F7453212046FAF7D1
:1094B0008FFEA7212046FBF7D1F844F29F1400212C
:1094C0002046FAF7EDFE00212046FBF7EDF90021DA
:1094D0002046FAF7D9FD00212046FAF725FEF8F7D5
:1094E0000BFFF9F7C4FAF9F785FFBDE83840FAF742
:1094F00071B80000000042425C010020B4EEE00AB6
:10950000F1EE10FA02D2B0EE600A7047B4EEC10A72
:10951000F1EE10FAF9DDB0EE410A7047884201DA47
:10952000084670479042FCDD10467047F0B507468C
:10953000012187B00846FAF77FF901211020FAF7D8
:1095400093F9234E072209213046F8F7B5FC07228C
:109550000A213046F8F7B0FC4FF4C06004900220B6
:109560008DF8140000248DF816408DF815000125A3
:109570008DF8175004A93046F8F762FC25208DF8C5
:1095800018008DF819508DF81A408DF81B5006A858
:10959000F9F77AFBADF80440ADF80640ADF80840A5
:1095A000ADF80C400C200B4CADF80A000097694652
:1095B0002046FBF7A5FF012240F225512046FBF78C
:1095C00086FF01212046FBF759FF07B0F0BD0000E0
:1095D0000000024000100140F0B5074687B00121AD
:1095E0000820FAF729F901214804FAF731F9224E47
:1095F000072205213046F8F75FFC07220621304696
:10960000F8F75AFC6020049002208DF81400002422
:109610008DF816408DF8150001258DF8175004A916
:109620003046F8F70DFC26208DF818008DF81950FB
:109630008DF81A408DF81B5006A8F9F725FBADF8F8
:109640000440ADF80640ADF80840ADF80C400C20E1
:109650000A4CADF80A00009769462046FBF750FF18
:10966000012240F225512046FBF731FF012120461F
:10967000FBF704FF07B0F0BD000C024000440040BF
:109680002DE9F041804688B001210820FAF7D4F88E
:1096900001218804FAF7DCF8234F07220821384615
:1096A000F8F70AFC072209213846F8F705FC0225DD
:1096B0008DF8145000244FF440708DF8164004903B
:1096C0008DF8155001268DF8176004A93846F8F773
:1096D000B7FB27208DF818008DF819508DF81A4027
:1096E0008DF81B6006A8F9F7CFFAADF80440ADF885
:1096F0000640ADF80840ADF80C400C200B4CADF81E
:109700000A00CDF8008069462046FBF7F9FE0122E9
:1097100040F225512046FBF7DAFE01212046FBF7F7
:10972000ADFE08B0BDE8F081000C024000480040EA
:109730002DE9F043814687B001210420FAF77CF837
:1097400001210820FAF778F801210805FAF780F8D6
:109750002B4F08220C213846F8F7AEFBDFF8A48027
:10976000082202214046F8F7A7FB02258DF8045095
:109770000024B8148DF8064000908DF8055001269D
:109780008DF8076069463846F8F75AFB8DF80450A3
:1097900004208DF8064000908DF805508DF8076084
:1097A00069464046F8F74CFB35208DF818008DF8D7
:1097B00019508DF81A408DF81B6006A8F9F764FA65
:1097C000ADF80C40ADF80E40ADF81040ADF81440C7
:1097D0000C200D4CADF81200CDF8089002A92046DF
:1097E000FBF78EFE012240F225512046FBF76FFE6B
:1097F00001212046FBF742FE07B0BDE8F0830000E0
:1098000000080240000C02400050004002498880DD
:1098100008884006FCD570470010014003490880C5
:10982000081F01884906FCD5704700000448004025
:109830000249888008884006FCD5704700500040E7
:10984000D0E9013201699A60D0E901235A604A687F
:10985000824201D182684A60002202610868401E8B
:109860000860704700F108014FF0FF32C0E90112B3
:10987000C1600161002101607047002101617047F2
:1098800030B50C68621C02D000F1080202E00269E7
:1098900004E01A4653681D68A542FAD953684B6024
:1098A00099608A60516008610168491C016030BD9F
:1098B00042684A6093688B60936859609160086160
:1098C0000168491C01607047502080F31188BFF384
:1098D0004F8FBFF36F8F09494868401C48600128CB
:1098E0000AD10748006810F0FF0F05D040F2B91206
:1098F00004A10FA0F6F73EBD704700002001002034
:1099000004ED00E02E2E5C4672656552544F535CA8
:10991000706F727461626C655C525644535C415264
:109920004D5F434D34465C706F72742E63000000CF
:109930004572726F723A25732C25640D0A0000007F
:1099400010B5084C606828B94FF4E07206A111A068
:10995000F6F710FD6068401E606001D180F3118849
:1099600010BD0000200100202E2E5C46726565525D
:10997000544F535C706F727461626C655C525644F4
:10998000535C41524D5F434D34465C706F72742E90
:10999000630000004572726F723A25732C25640DC6
:1099A0000A00000070B500282AD0164DA0F1080466
:1099B0006068E968084205D14FF4A07212A11CA0AA
:1099C000F6F7D8FC206828B140F241120EA118A089
:1099D000F6F7D0FC6068E968084211D02268002AD6
:1099E0000ED18843606000F0B5FA60686968084489
:1099F00068602046FFF7C4F8BDE8704000F0B4BFCF
:109A000070BD00002C0100202E2E5C467265655250
:109A1000544F535C706F727461626C655C4D656D20
:109A20004D616E675C686561705F342E6300000095
:109A30004572726F723A25732C25640D0A0000007E
:109A400006484FF47A710068B0FBF1F14FF0E02066
:109A5000491E416107210161704700000400002098
:109A600010B5F6F761FC104C10280CD300F1E02083
:109A700090F8F0032178884205D24FF440720BA190
:109A800015A0F6F777FC18480068A16800F4E060BC
:109A9000884207D9BDE810404FF4447203A10EA0DC
:109AA000F6F768BC10BD0000200100202E2E5C4699
:109AB00072656552544F535C706F727461626C656D
:109AC0005C525644535C41524D5F434D34465C708A
:109AD0006F72742E630000004572726F723A2573C4
:109AE0002C25640D0A0000000CED00E010B5074BBA
:109AF000002253F832401CB1521C082AF9D310BD81
:109B000043F8321003EBC201486010BD000700208B
:109B100070B515460E460446FFF7D6FE94F944107C
:109B20000020491C01D184F8440094F94510491CD7
:109B300001D184F84500FFF703FFA06B28B92A463E
:109B4000314604F1240000F027F92046BDE87040BA
:109B5000FFF72CBA10B5040012D00E49096B29B1D9
:109B600040F2CF420CA111A0F6F704FC00F0F2F98C
:109B700000212046FEF724FE00F0F6FE002807D163
:109B80000E494FF080500860BFF34F8FBFF36F8FC7
:109B900010BD0000D00000202E2E5C46726565527C
:109BA000544F535C7461736B732E63004572726F14
:109BB000723A25732C25640D0A00000004ED00E0C4
:109BC0002DE9F0410E4605004FF0000405D140F2AA
:109BD00079421BA11FA0F6F7CDFB2EB940F27A42C5
:109BE00017A11CA0F6F7C6FB1E4F386B28B140F238
:109BF0007B4213A117A0F6F7BDFB00F0ABF9FA68A2
:109C000028688119904202D9884202D804E088422B
:109C100001D8914200D9012429601CB1881A002181
:109C2000FEF7CEFD00F0A0FE002807D10E494FF050
:109C300080500860BFF34F8FBFF36F8FBDE8F08196
:109C40002E2E5C4672656552544F535C7461736B83
:109C5000732E63004572726F723A25732C25640D62
:109C60000A000000D000002004ED00E070B50446BA
:109C7000FFF72AFE234D04B92C68201DFFF7E0FDF5
:109C800058B9E06A204A00EB800152F8211021B94E
:109C900001218140286988432861A06A18B104F134
:109CA0001800FFF7CDFD686A401C6862286884428E
:109CB00007D1211D1548FFF7FBFD6868401C68604F
:109CC00007E0A868401EA8602046FEF7B4FEFFF734
:109CD000CDF8FFF735FE6869002812D02868844265
:109CE0000FD1286B28B140F2654209A10DA0F6F70B
:109CF00041FB10494FF080500860BFF34F8FBFF316
:109D00006F8F70BDD000002040070020FC090020AC
:109D10002E2E5C4672656552544F535C7461736BB2
:109D2000732E63004572726F723A25732C25640D91
:109D30000A00000004ED00E001490120C8617047FD
:109D4000D000002070B50D46040005D140F6063263
:109D500007A10CA0F6F70EFB0E480168204618314B
:109D6000FFF78EFD2846BDE870400121FEF728BDB3
:109D70002E2E5C4672656552544F535C7461736B52
:109D8000732E63004572726F723A25732C25640D31
:109D90000A000000D000002070B514460E460500F1
:109DA00005D140F6313209A10DA0F6F7E3FA1048CB
:109DB000016828461831FFF77BFD0CB14FF0FF36E4
:109DC00021463046BDE87040FEF7FABC2E2E5C46B8
:109DD00072656552544F535C7461736B732E6300EC
:109DE0004572726F723A25732C25640D0A000000CB
:109DF000D000002070B5040039D01D4DE06A2968FC
:109E0000C96A884233D2A069002804DB2868C06A86
:109E1000C0F12000A061E06A164E00EB800061698D
:109E200006EB800081421FD1201DFFF709FD0121B3
:109E300050B9E06A00EB800256F8222022B92A6964
:109E400001FA00F082432A612868C06AE0622A6948
:109E500081401143296100EB800006EB8000211D49
:109E6000BDE87040FFF724BD2868C06AE06270BD9D
:109E7000D00000204007002010B5040005D140F6B6
:109E8000C13205A109A0F6F775FA0C48016A2160F4
:109E9000C068606010BD00002E2E5C467265655281
:109EA000544F535C7461736B732E63004572726F11
:109EB000723A25732C25640D0A000000D0000020A2
:109EC0001CB517480024CDE900402346822215A185
:109ED000164800F0EFFB012803D100F0F1FD012846
:109EE0000AD0401C1BD102B040F28472BDE8104081
:109EF0000FA114A0F6F73EBA502080F31188BFF3EB
:109F00004F8FBFF36F8F06484FF0FF312C388162BF
:109F100001214161C460BDE81C4000F061B81CBD76
:109F2000FC00002049444C4500000000998A0008CC
:109F30002E2E5C4672656552544F535C7461736B90
:109F4000732E63004572726F723A25732C25640D6F
:109F50000A0000000248016B491C016370470000C1
:109F6000D000002070B5134D286B10B10120E861BE
:109F700070BD0020E86128690F4EB0FA80F0C0F192
:109F80001F0000EB800456F8240028B940F6F622A2
:109F90000AA10FA0F6F7EEF906EB840000F1080223
:109FA000416849684160914201D149684160C8688F
:109FB000286070BDD0000020400700202E2E5C4697
:109FC00072656552544F535C7461736B732E6300FA
:109FD0004572726F723A25732C25640D0A000000D9
:109FE0001CB5304C20683049884205D140F25912E6
:109FF0002EA139A0F6F7BEF920682B49491E8842E8
:10A0000005D14FF4AD7229A133A0F6F7B3F9364C60
:10A0100020780190FF20207020788DF800009DF8B6
:10A0200000009DF8001000F0F000884205D040F2DA
:10A0300073121EA128A0F6F79DF99DF800002B4A87
:10A0400000F0500010700720906007E09068401EFC
:10A0500090609DF8000040008DF800009DF8000021
:10A060000006F3D4107A000200F4E06090600198DA
:10A0700020700C482030016841F4700101600168D3
:10A0800041F070410160FFF7DBFC00205060F6F703
:10A0900013F91748016841F040410160F6F7FCF8F8
:10A0A00000201CBD00ED00E071C20F412E2E5C4669
:10A0B00072656552544F535C706F727461626C6567
:10A0C0005C525644535C41524D5F434D34465C7084
:10A0D0006F72742E630000004572726F723A2573BE
:10A0E0002C25640D0A00000000E400E0200100209F
:10A0F00034EF00E010B5502080F31188BFF34F8F8C
:10A10000BFF36F8F00F016FB18B104494FF0805079
:10A110000860002080F3118810BD000004ED00E00D
:10A120002DE9F04117460E46050005D14FF4C472E3
:10A1300010A115A0F6F71EF9BEB105FB06F05430CC
:10A14000FEF77CFF04000ED004F154007EB12060C5
:10A15000C4E90F562046012100F0E0F884F8507061
:10A1600000212046A164BDE8F0810020E7E72460DB
:10A17000EEE700002E2E5C4672656552544F535C2C
:10A1800071756575652E63004572726F723A25733D
:10A190002C25640D0A0000002DE9FF4F83B09B467B
:10A1A0008A4604004FF0000605D140F2DC4251A17E
:10A1B00055A0F6F7DFF8BAF1000F07D1206C28B1EF
:10A1C00040F2DD424BA150A0F6F7D4F800F09EFA21
:10A1D00038B9059828B14FF49C6246A14AA0F6F719
:10A1E000C9F84FF000094FF08057DFF82C81FFF7D6
:10A1F0006BFBA56B45B351462046E668FEF7D2FBE4
:10A20000BBF1000F13D0E660606A50B104F1240086
:10A2100000F05EFB28B1C8F80070BFF34F8FBFF3AA
:10A220006F8FFFF78DFB012007B0BDE8F08F6D1E2B
:10A23000A563206810B9FEF78BFF606020690028D5
:10A24000EFD004F11000E3E7059808B11EB106E075
:10A25000FFF776FB27E06846FFF70EFE0126FFF7C3
:10A260006FFBFFF777FEFFF72FFB94F94400401CCC
:10A2700001D184F8449094F94500401C01D184F840
:10A280004590FFF75DFB05A9684600F0CFF900286F
:10A2900020460AD0FEF78AFE00F066FB2046FEF755
:10A2A000B1FC0028A3D00020BEE7FEF7ABFCD8B17C
:10A2B000206830B9FFF708FB6068FFF79BFDFFF7E8
:10A2C0003FFB04F124000599FFF73CFD2046FEF713
:10A2D0006DFE00F049FB002889D1C8F80070BFF37B
:10A2E0004F8FBFF36F8F82E72046FEF75FFE00F0CF
:10A2F0003BFB7CE72E2E5C4672656552544F535CE7
:10A3000071756575652E63004572726F723A2573BB
:10A310002C25640D0A00000004ED00E070B50D4628
:10A32000040005D140F21B121CA121A0F6F722F86F
:10A33000FFF7CAFAD4E90F20216802FB001161601F
:10A340000021A1632168A1600A46D4E90F01401EE3
:10A3500000FB0121E16021464FF0FF3001F8440F7E
:10A36000487004F110004DB1FFF77CFA04F12400AD
:10A37000FFF778FAFFF7E4FA012070BD21690029A0
:10A38000F8D000F0A5FA0028F4D00D494FF0805025
:10A390000860BFF34F8FBFF36F8FEBE72E2E5C4645
:10A3A00072656552544F535C71756575652E630017
:10A3B0004572726F723A25732C25640D0A000000F5
:10A3C00004ED00E02DE9FF4F83B099468B46040071
:10A3D0004FF0000605D140F2D92252A156A0F5F760
:10A3E000C9FFBBF1000F07D1206C28B140F2DA227F
:10A3F0004CA151A0F5F7BEFFB9F1020F08D1E06BF7
:10A40000012805D040F2DB2246A14BA0F5F7B2FFB0
:10A4100000F07CF938B9059828B140F2DE2241A15C
:10A4200045A0F5F7A7FF4FF0000A4FF08057DFF87F
:10A430001881FFF749FAA06BE16B884206D3B9F1A6
:10A44000020F03D0059800B316B325E04A465946DB
:10A450002046FEF7BAFAA16C21B149462046FEF724
:10A46000DFFB05E0616A19B104F1240000F030FA65
:10A4700028B1C8F80070BFF34F8FBFF36F8FFFF79D
:10A480005FFA012007B0BDE8F08FFFF759FA21E02D
:10A490006846FFF7F1FC0126FFF752FAFFF75AFD75
:10A4A000FFF712FA94F94400401C01D184F844A04B
:10A4B00094F94500401C01D184F845A0FFF740FA0B
:10A4C00005A9684600F0B2F830B12046FEF76EFDEF
:10A4D00000F04AFA0020D5E7FFF7F6F9A06BE16B30
:10A4E000884201D1012500E00025FFF729FA95B146
:10A4F00004F110000599FFF725FC2046FEF756FDF4
:10A5000000F032FA002894D1C8F80070BFF34F8FE2
:10A51000BFF36F8F8DE72046FEF748FD00F024FA69
:10A5200087E700002E2E5C4672656552544F535CDF
:10A5300071756575652E63004572726F723A257389
:10A540002C25640D0A00000004ED00E02DE9F04721
:10A55000984615468946040005D140F29F322AA14B
:10A560002EA0F5F707FFB9F1000F07D1206C28B135
:10A570004FF4687224A129A0F5F7FCFEB8F1020F90
:10A5800008D1E06B012805D040F2A1321EA123A022
:10A59000F5F7F0FEFFF764FA5020EFF3118780F330
:10A5A0001188BFF34F8FBFF36F8FA06BE16B8842B1
:10A5B00007D3B8F1020F04D0002087F31188BDE85B
:10A5C000F08794F94560424649462046FEF7FDF97A
:10A5D000701C04D0761C84F845600120EDE7A06C67
:10A5E000012620B141462046FEF71AFB06E0606ACC
:10A5F0000028F2D004F1240000F06AF90028ECD021
:10A60000002DEAD02E60E8E72E2E5C46726565527A
:10A61000544F535C71756575652E63004572726F9A
:10A62000723A25732C25640D0A00000070B50D46A2
:10A63000040005D140F6CB3214A119A0F5F79AFE1B
:10A640002DB940F6CC3211A115A0F5F793FEFFF716
:10A650003BF9174AD06829684B1C0FD02368126A4F
:10A66000934202D0626882420AD96268801A8842A4
:10A6700006D2081A28602046FFF7FEFB002400E0FF
:10A680000124FFF75DF9204670BD00002E2E5C46C8
:10A6900072656552544F535C7461736B732E630023
:10A6A0004572726F723A25732C25640D0A00000002
:10A6B000D00000202DE9FF5F8346DDE90E87994633
:10A6C00016468A469000FEF7B9FC05001AD05C20B9
:10A6D000FEF7B4FC040012D025630021CDE902414D
:10A6E000CDE900874B46324651465846FEF7E8F919
:10A6F0002046FEF79DF8012004B0BDE8F09F2846F3
:10A70000FFF750F94FF0FF30F6E7000005484169C8
:10A7100019B1006B18B1002070470120704702206A
:10A7200070470000D00000200148C068704700005A
:10A73000D00000202DE9F0412D4F0026386B40B1AC
:10A74000B869401CB861F86900B101263046BDE81F
:10A75000F081FD686D1CFD6011D1786B006828B137
:10A7600040F6D91223A128A0F5F704FE786BB96B47
:10A770007963B863386A401C3862FEF777FBB86AC1
:10A78000DFF89480854209D3786B006880B1786BDC
:10A79000C068C468606885420DD2B8623868C06A13
:10A7A00000EB800158F821000128CCD90126CAE726
:10A7B0004FF0FF30F1E7201DFFF742F8A06A18B113
:10A7C00004F11800FFF73CF8E06A01213A69814082
:10A7D0001143396100EB800108EB8100211DFFF777
:10A7E00067F8E06A3968C96A8842CDD30126CBE7A9
:10A7F000D00000202E2E5C4672656552544F535C8B
:10A800007461736B732E63004572726F723A2573B5
:10A810002C25640D0A0000004007002070B50400DC
:10A820004FF000063CD01F4D2868844205D040F60A
:10A83000C7621DA121A0F5F79DFD206D28B940F646
:10A84000C96219A11DA0F5F795FD206D401E206578
:10A85000E26CE16A914223D010BB201DFEF7F0FFAD
:10A860001A49012250B9E06A00EB800351F8233005
:10A8700023B92B6902FA00F083432B61E06CE0629C
:10A88000C0F12000A061E06A2B6982401A432A616E
:10A8900000EB800001EB8000211DFFF709F8012685
:10A8A000304670BDD00000202E2E5C467265655289
:10A8B000544F535C7461736B732E63004572726FF7
:10A8C000723A25732C25640D0A0000004007002011
:10A8D0002DE9F041C068C4682CB940F6613216A178
:10A8E0001AA0F5F747FD04F118000746FEF7A8FF88
:10A8F0001A4D286B012660B139461948FEF7D8FF7A
:10A90000E06A2968C96A884213D90120EE61BDE86E
:10A91000F081201DFEF794FFE06A2A6906FA00F133
:10A92000114329610F4900EB800001EB8000211DDC
:10A93000E4E70020EBE700002E2E5C4672656552CE
:10A94000544F535C7461736B732E63004572726F66
:10A95000723A25732C25640D0A000000D0000020F7
:10A96000E8090020400700202DE9F0472B4D002486
:10A970002746286B28B94FF4FD6229A12DA0F5F7D1
:10A98000F9FCFEF7A1FF286B401E2863286BE8BB8B
:10A99000A8682C490126C8B3A1F52A798846D8F8B9
:10A9A0000010E9B1D8F80C00C46804F11800FEF7F3
:10A9B00047FF201DFEF744FFE06A2A6906FA00F10E
:10A9C0001143296100EB800109EB8100211DFEF795
:10A9D0006FFFE06A2968C96A8842E0D3EE61DEE76A
:10A9E0000CB1FEF743FAAC693CB1FFF7A3FE00B12E
:10A9F000EE61641EF9D10020A861E86930B1124906
:10AA0000012738070860BFF34F8F00E001E0BFF374
:10AA10006F8FFEF795FF3846BDE8F087D000002025
:10AA20002E2E5C4672656552544F535C7461736B95
:10AA3000732E63004572726F723A25732C25640D74
:10AA40000A000000E809002004ED00E02DE9F047CD
:10AA50000746994616460D462C20DDF820A0FEF745
:10AA6000EDFA040014D0B8464F46D1462DB94FF444
:10AA7000C67209A10EA0F5F77DFCFDF741FF04F1B8
:10AA80001801C4F8008081E8E002201DFEF7F5FE01
:10AA90002046BDE8F08700002E2E5C4672656552A8
:10AAA000544F535C74696D6572732E63000000002F
:10AAB0004572726F723A25732C25640D0A000000EE
:10AAC0001CB50024FDF71CFF0C48006868B10B4959
:10AAD0001F20091DCDE9000100234FF4827208A157
:10AAE0000948FFF7E7FD040005D140F2331207A142
:10AAF0000CA0F5F73FFC20461CBD00000C01002017
:10AB0000546D722053766300858F00082E2E5C46AC
:10AB100072656552544F535C74696D6572732E6330
:10AB2000000000004572726F723A25732C25640D87
:10AB30000A0000002DE9FF47DDF830A09946904655
:10AB40000D4606004FF0000705D14FF4D37212A155
:10AB500017A0F5F70FFC1A4C206880B1CDE900581A
:10AB60000296062D11DAFFF7D1FD02284FF00003FF
:10AB700009D0002269462068FFF724FC074604B08C
:10AB80003846BDE8F0875246F4E700234A46694656
:10AB9000FFF7DCFCF2E700002E2E5C467265655282
:10ABA000544F535C74696D6572732E63000000002E
:10ABB0004572726F723A25732C25640D0A000000ED
:10ABC0000C01002081F00041704780F00040704788
:10ABD00021F00041704720F00040704721F0004212
:10ABE000A2F16052B2F5801F01F0004328BFD2F1FC
:10ABF0007F6C0BD95FEA001C43EAC20242EB507043
:10AC000018BF704728BF20F001007047B2F5801FC1
:10AC1000BCBF184670474FEA410C1CF5001F02D21A
:10AC2000084600F023BE70B500F05EFB000000890E
:10AC3000FFF7F6BF4FF00040A0F58000704700001E
:10AC400010B591EA030F48BF83F0004300F1B684CA
:10AC5000841A71EB030C05D2121943EB0C03001B91
:10AC600061EB0C01DFF824E14FEA1154A4EB135C13
:10AC70001EEA430F18BF9EEA445F73D023EA0E0317
:10AC8000DCF1200E21EA045143F4801332D322FA7E
:10AC90000CFE10EB0E0023FA0CFE41EB0E01CCF182
:10ACA000200E03FA0EFE10EB0E0051F10001B1F57B
:10ACB000801FCCF1200E32D201EB045112FA0EF2B9
:10ACC000BDE8104058BF7047401C38BF5FEA4202E1
:10ACD00018BF7047002814BF20F0010041F10001A7
:10ACE0004FEA410313F5001F38BF7047A1F1C0417F
:10ACF00000F048BB012A43EB0302ACF1200CDCF16D
:10AD00001F0E32BF4FF0000E23FA0CF310EB0300BE
:10AD100041EB0451B4EB115FD0D0A1EB045101F52C
:10AD2000801149085FEA300001EB04510ED350F165
:10AD3000000038BF12FA0EFE08D1BDE81040C9E786
:10AD4000401C38BF5FEA4202CAD1C3E7BDE81040E9
:10AD50004FEA410313F5001F38BF7047A1F1C0410E
:10AD600000F010BB9EEA445F08D011EA5E0FBDE818
:10AD7000104004BF01F0004100207047BDE81040C2
:10AD800070B500F0B1FA00BF64FBBE3E0000E0FF0A
:10AD900002494FF0000000F06EBD00BF0000F87FD8
:10ADA000491058BFC1F140415B1058BFC3F1404347
:10ADB0008B42EFF3008070472DE9C04130B4DFF8DB
:10ADC000A0C23CEA111418BF3CEA131400F0EC8056
:10ADD00081EA03051CEA111444EAD57418BF1CEA81
:10ADE000131500F0C780A4EB05044FF0004545EAB9
:10ADF000C12145EAC32341EA505143EA525304F1C9
:10AE00007F74994204F500344FEAC0204FEAC22211
:10AE100008BF904200F09C804FEA13650FF2401685
:10AE2000765D4FEA134506FB05F7C7F1807706FB11
:10AE300007F74FEAD737A7FB03687642C8F5803893
:10AE4000A7FB06CE38BFA8F1010807FB08E64FF0C4
:10AE5000000EA6FB028CE6FB03CEDCF1000CCEF16B
:10AE6000004E38BFAEF1010EA6FB0C584FF00007A4
:10AE70004FF00005E6FB0E87A1FB08C6A0FB07CE3E
:10AE800016EB0E0645F10005E1FB076515F1E04EF6
:10AE90007EBFA4F580345FEA46066D4116F1800757
:10AEA00045F100054FEA17274FEA066647EA0567AE
:10AEB000A6F1DE46B6F1805F4FEA15251FD9384668
:10AEC00024F0010C05EBC471BCF1FE6F01EB0C1119
:10AED00002D8F0BCBDE8008124425CBF01F5801EB1
:10AEE0009EEAC47F02D4F0BCBDE80081244238D47D
:10AEF000F0BCA1F1C041BDE8004100F043BA4FEA07
:10AF0000D22242EA43524FEAD323A7FB02864FEAFA
:10AF1000D02040EA415007FB03661EEA0E0F4FEABD
:10AF2000D12105FB026658BFA6EB0056B6EB0056D2
:10AF30004FEA520E4EEAC37E18EB0E0E56EB530E3E
:10AF4000BDD518EB02085E417F1C55F10005B6E740
:10AF50004FF480154FF000074FF000064FF0000847
:10AF6000ADE7F0BC4FF0000001F1C04101F000413D
:10AF7000BDE8008111EA0C1F0CEA131500D00CE0AB
:10AF800013EA0C1F00F025804FF00000F0BC81EAAE
:10AF9000030101F00041BDE80081F0BCBDE80041C3
:10AFA00081EA030100F0EEB9F0BCBDE8004170B5E4
:10AFB00000F09AF9097EFC3E00F007B881EA03012F
:10AFC0004FF0000001F00041704781EA030100F0FA
:10AFD000D9B9F0BCBDE800414FF0000021497047ED
:10AFE000FFFDFBF9F7F5F4F2F0EEEDEBE9E8E6E44E
:10AFF000E3E1E0DEDDDBDAD8D7D5D4D3D1D0CFCDD5
:10B00000CCCBCAC8C7C6C5C4C2C1C0BFBEBDBCBB0D
:10B01000BAB9B8B7B6B5B4B3B2B1B0AFAEADACAB08
:10B02000AAA9A8A8A7A6A5A4A3A3A2A1A09F9F9EE2
:10B030009D9C9C9B9A999998979796959594939394
:10B04000929191908F8F8E8E8D8C8C8B8B8A89892B
:10B0500088888787868585848483838282818180AE
:10B060000000FF070000F87F4FEA41034FEA535307
:10B07000A3F58063D3F11E03C8BFD3F1210C0CDD0F
:10B080004FF0004242EAC12242EA505232FA03FC37
:10B090008CEAE17CACEBE1707047102BC4BF002060
:10B0A000704703F5787CBCF1FF3F04D06FF000429D
:10B0B00082EA2100704770B500F016F949922480A9
:10B0C00000207047F2E710F0004248BF4042B0FA5B
:10B0D00080F310FA03F10AD0C3F11D0303F5806376
:10B0E0004FEA415002EB035202EBD12170474FF07F
:10B0F00000007047B0FA80F310FA03F10AD0C3F1F0
:10B100001D0303F580634FEA41504FEA035202EBFF
:10B11000D12170474FF000007047000051EA030C46
:10B1200017D41CF5801F58BFBCF5801F00F10680A6
:10B13000994218BF704708BF9042704707D711F572
:10B14000801F58BF13F5801F19D499427047894258
:10B1500070471CF5801F08D5BCF5801FF7D58B42C2
:10B1600018BF704708BF824270474FF4001C1CEBA9
:10B17000410F38BF1CEB430F01D28B42704770B5B3
:10B1800000F0B2F8922449004FF000514FF0805384
:10B19000FFF706BEDFF848C170B51CEA111E1EBFDE
:10B1A0001CEA13159EEA0C0F95EA0C0F00F06F8055
:10B1B00081EA030423EA4C134EEAD47E21EA4C11BF
:10B1C00041F4801143F48013AE44A1FB024CA0FB78
:10B1D0000365AEF17F7E361955EB0C05A1FB034CE0
:10B1E0004CF10003A0FB021C16EB0C06654153F169
:10B1F0000003094218BF46F0010613F4007F0BD18B
:10B200004FEA03314FEA0530340341EA155140EA71
:10B2100016506FF003020AE04FEAC3214FEAC5203F
:10B22000F40241EA555140EA56506FF0020202EB37
:10B230002E4201EB025585EACE710AD05FEA440C3A
:10B2400018BF24F0004450F1000041F1000120EA51
:10B25000D47040F2FE7C624500D270BDA84214BF9B
:10B260004FF080444FF04044002E08BF0024BEF150
:10B27000806FA8BFA1F1C041BDE8704080F282801C
:10B280004FF0000001F1C04101F0004170479EEA1B
:10B290000C0F0CEA131518BF95EA0C0F06D04FF0EF
:10B2A000000081EA030E0EF0004170BD00F01CF8B2
:10B2B0008900013E00F007B800F009B84FEA430CDE
:10B2C0005FEA5C5C08D081EA030100F05BB84FEAFA
:10B2D000410C5FEA5C5CF6D14FF000000149704719
:10B2E0000000FF070000F87F0EF1020E2EF0030EA3
:10B2F0005EF8046B364205D4012A43EB030515F5CD
:10B30000001F12D8012841EB010C1CF5001F0CD8BE
:10B310000ED14FEAD17C15F5001F0CEB4C0C0CF153
:10B32000020C08BF4CEBD37C04E04FF0080C01E0AA
:10B330004FEAD37C0CEB4C0526FA05F606F007061F
:10B34000B6F1040C06D20EEB860CBDE870404CF052
:10B35000010C6047DFE80CF0090B02024FF00041DE
:10B360004FF00000A1F5002170BD194610460128DC
:10B3700051EB010418BFD4F5001484BF002001F084
:10B38000004170BD0808A0F500114FEA3101704777
:10B3900053EA010C17D41CF5801F58BFBCF5801F61
:10B3A00000F106808B4218BF704708BF8242704789
:10B3B00007D713F5801F58BF11F5801F19D48B4292
:10B3C00070479B4270471CF5801F08D5BCF5801F55
:10B3D000F7D5994218BF704708BF904270474FF4A5
:10B3E000001C1CEB430F38BF1CEB410F01D29942EC
:10B3F00070470FB40CBC03BCFFF7C1BE91EA030F4A
:10B4000010B581F000413FF523AC83F0004300F01C
:10B41000D5B800002DE9F04101F5801CBCF5001FF6
:10B42000C0F2A9804FEA115C21EA0C510CF1FD0C2D
:10B4300041F480115FEA5C0C0CF5C07C01D3400044
:10B44000494130A4890241EA905187028E0E0A0CCC
:10B45000A45D04FB04F602FB06F6C6F14046A4FB1D
:10B460000662F60D46EA422606FB06F4A4FB01231B
:10B470005242C3F1404338BF5B1EA6FB0242002488
:10B48000E6FB0324D20B42EA4446A6FB0623A1FBBB
:10B4900002E2A3FB07E4E3FB61426442C2F1404ED7
:10B4A00038BFAEF1010EA6FB04234FF00002E6FB0D
:10B4B0000E32A2FB03463400E2FB6264A1FB06E607
:10B4C000A4FB07E8E4FB61687642C8F1405838BF46
:10B4D000A8F10108A2FB06E4A3FB08E5E2FB68541F
:10B4E000A1FB05E6A7FB04E8E1FB648618F1200553
:10B4F00056F10006A809A8F11B08B10908F03F0899
:10B50000B8F10A0F40EA86601CD901EB0C51BDE886
:10B51000F08100BFFCF5EEE8E2DDD8D3CFCBC7C3A6
:10B52000C0BDB9B6B4B1AEACA9A7A5A3A19F9D9B60
:10B530009A9896959392908F8D8C8B898887868523
:10B5400084838281A0FB006800FB01F208EB4208C3
:10B55000B8EB872807D5341858EB0104D5D5401C23
:10B5600051F10001D1E7341A78EB0104CDD4401E2B
:10B5700071F10001C9E75FEA4C0C5FEA9C5C0DD1F8
:10B5800005D34FF0000001F00041BDE8F081BDE8B7
:10B59000F04170B5FFF7A8FE6DDBFFBEBDE8F041DE
:10B5A0004FF00000004970470000F87F10B591EAA5
:10B5B000030F48BF83F000433FF54AAB841A71EB99
:10B5C000030C07D212198CF0004C43EB0C03001B48
:10B5D00061EB0C01DFF8A4E14FEA1154A4EB135C1A
:10B5E0001EEA430F18BF9EEA445F00F0B08023EAD2
:10B5F0006E03524221EA0451C3EB6E0338BF5B1E57
:10B60000DCF1200E25D322FA0CFE10EB0E0043FADB
:10B610000CFE41EB0E01CCF1200E03FA0EFE10EBF6
:10B620000E0051F10001CCF1200E29D412FA0EF2D5
:10B6300001EB0451BDE8104058BF7047401C1CBFCF
:10B64000B2F1004F704700280CBF491C20F00100E8
:10B65000704712EB020E43EB030218BF4FF0010ECE
:10B660004EEA4202ACF1200CDCF11E0E54D943FA32
:10B670000CFE10EB0E0051F1FF31CCF11E0ED5D5B2
:10B680000EF1010E12FA0EFE404141EB010101EBF9
:10B69000445C5FEA5C5C10D910EBDE7001EB045196
:10B6A00038BFBEF1004FBDE8104018BF70470028FA
:10B6B0000CBF491C20F00100704730D24FEAD42C57
:10B6C00011F5001124F400641BD0B1FA81F20B3A99
:10B6D000A41AA41ED2F12003914030FA03F31943B7
:10B6E000904001EBCC71002C01EB0451BDE81040FF
:10B6F000A8BF704701F1C0414FF0000001F00041C8
:10B700007047B0FA80F310FA03F100D110BDE41ACB
:10B71000173C4805C90AE4E701EB045110BD491084
:10B7200001EB0451BDE810404FEA300002E04FF059
:10B73000000170474A0008BF0042F8D0B2F5001F70
:10B7400028BF704701F000414FF0000070479EEAAB
:10B75000445F07D011EA5E0FBDE8104004BF00212E
:10B7600000207047BDE8104070B5FFF7BDFD00BF79
:10B7700040DFF63E83F00041104670470000E0FFD6
:10B7800043004FEAD30C4FEA3C0C43401FBF400735
:10B790000CF1605113F0FE4F70471CF0006F03D1A5
:10B7A00000200CF0004170470CF0004343EA507059
:10B7B00010B540EACC0000F00EF800BF0000009287
:10B7C0004FEA0001FFF7DEBD4FF000414FF00000EF
:10B7D000A1F5002170470EF1020E2EF0030E5EF867
:10B7E000044B244204D44FEA4102B2F17F4F11D8F6
:10B7F0004FEA4003B3F17F4F0CD80ED14FEAD07C13
:10B80000B2F17F4F0CEB4C0C0CF1020C08BF4CEB6F
:10B81000D17C04E04FF0080C01E04FEAD17C0CEB46
:10B820004C0324FA03F404F00704B4F1040C06D228
:10B830000EEB840CBDE810404CF0010C6047DFE8D3
:10B840000CF0070802024FF00040A0F5800010BD88
:10B850000846420018BFD2F1807288BF00F0004055
:10B8600010BD4FF04070E1EE100A7047FF2141EA31
:10B87000D050C00570470CF00F03092B08BF0820FB
:10B8800000F059800A2B0BD0082B18BF704708BF57
:10B890001CF0400F0AD04FF000004FF0000170473D
:10B8A0001CF0400F18BF4FF0004070471CF0100F05
:10B8B00008D020F0704300F07F4242EAD3014FEA03
:10B8C0004370704700F0604021F07F4242EA00027E
:10B8D00001F07F4040EA727070474FF0FF0C4CF46B
:10B8E000E06C1CEA11531CBF9CEA030C9445C2BFD8
:10B8F000DA4201EB02517047002B0DD0BCF1000F72
:10B900000FD0002A01F00041A4BF41F0E04141F016
:10B910007F614FF00000704701F000414FF00000E0
:10B92000704750EA01334FF09B0C18BF4CF0806C0D
:10B930007FF42EAA70471CF4801F11D01CF4E02F56
:10B9400003D06FEACC31490070474FF04050EFF31D
:10B95000008222F0704242EA000282F300887047BF
:10B960004FF00000704700000000000000000000E1
:10B970000000000000003F40000000000000000048
:10B980003000400030004000000009000BC03D00C6
:10B990000BC03D00090018C024407FE022403180E8
:10B9A0000000180024C01B000D803240018003807D
:10B9B0001C4027401C800740004010006000000031
:10B9C0000000000000000000000000001F80204078
:10B9D00040200000402020401F800000000009009F
:10B9E00006001F80060009000000040004003F80DC
:10B9F00004000400000000100060000000000000CF
:10BA00000000040004000400040004000000000022
:10BA100000400000000000000000002001C00600FF
:10BA20003800400000001F802040204020401F8040
:10BA30000000000010403FC000400000000018C09F
:10BA40002140224024401840000010802040244023
:10BA500024401B80000002000D0011003FC0014087
:10BA600000003C80244024402440238000001F80AC
:10BA7000244024403440038000003000200027C0D0
:10BA80003800200000001B802440244024401B80FC
:10BA900000001C0022C0224022401F800000000045
:10BAA00000000840000000000000000000000460EA
:10BAB000000000000000000004000A0011002080C7
:10BAC00040400900090009000900090000000000C9
:10BAD0004040208011000A0004001800200023408C
:10BAE0002400180000001F802040274029401F40EC
:10BAF0000000004007C039000F0001C00040204096
:10BB00003FC0244024401B8000001F802040204074
:10BB100020403080000020403FC0204020401F8057
:10BB2000000020403FC024402E4030C00000204094
:10BB30003FC024402E00300000000F001080204045
:10BB400022403380020020403FC0040004003FC078
:10BB50002040204020403FC02040204000000060A6
:10BB6000202020203FC02000200020403FC0244053
:10BB70000B0030C0204020403FC02040004000402B
:10BB800000C03FC03C0003C03C003FC0000020405C
:10BB90003FC00C4023003FC020001F8020402040B9
:10BBA00020401F80000020403FC024402400180097
:10BBB00000001F802140214020E01FA00000204005
:10BBC0003FC02440260019C0004018C02440244033
:10BBD000224031800000300020403FC02040300033
:10BBE000000020003F80004000403F8020002000F7
:10BBF0003E0001C0070038002000380007C03C00AC
:10BC000007C038000000204039C0060039C020407D
:10BC100000002000384007C03840200000003040BD
:10BC200021C02640384020C00000000000007FE016
:10BC3000402040200000000070000C000380004005
:10BC400000000000402040207FE0000000000000D5
:10BC50002000400020000000000000100010001034
:10BC60000010001000100000000040000000000064
:10BC70000000000002800540054003C00040200095
:10BC80003FC00440044003800000000003800440E3
:10BC900004400640000000000380044024403FC0F0
:10BCA0000040000003800540054003400000000004
:10BCB00004401FC0244024402000000002E0055042
:10BCC00005500650042020403FC00440040003C03B
:10BCD00000400000044027C00040000000000010A9
:10BCE0000010041027E00000000020403FC0014089
:10BCF000070004C00440204020403FC000400040F6
:10BD0000000007C0040007C0040003C00000044096
:10BD100007C00440040003C000400000038004404A
:10BD2000044003800000041007F004500440038026
:10BD30000000000003800440045007F0001004409D
:10BD400007C0024004000400000000000640054057
:10BD5000054004C00000000004001F8004400040B3
:10BD60000000040007800040044007C000400400B9
:10BD7000070004C0018006000400060001C007009F
:10BD800001C006000000044006C0010006C00440D7
:10BD900000000410071004E0018006000400000009
:10BDA000044005C0064004400000000000000400FC
:10BDB0007BE040200000000000000000FFF00000D9
:10BDC0000000000040207BE0040000000000400074
:10BDD0008000400020002000400000000000000023
:10BDE0000000000000000000000000000000000053
:10BDF0001FCC000C00000000000000000800300014
:10BE000060000800300060000000022003FC1E20DB
:10BE1000022003FC1E200220000000000E18110466
:10BE20003FFF10840C78000000000F0010840F38D2
:10BE300000C0077818840078000000780F8410C4D0
:10BE400011240E9800E400840008080068007000C7
:10BE500000000000000000000000000000000000E2
:10BE600007E01818200440020000000040022004EF
:10BE7000181807E0000000000000024002400180A6
:10BE80000FF001800240024000000080008000802E
:10BE90000FF800800080008000000001000D000EFF
:10BEA0000000000000000000000000000080008092
:10BEB000008000800080008000800000000C000CEA
:10BEC0000000000000000000000000000006001854
:10BED00000600180060018002000000007F008083C
:10BEE00010041004080807F000000000080408040B
:10BEF0001FFC000400040000000000000E0C1014E1
:10BF00001024104411840E0C000000000C181004C2
:10BF10001104110412880C700000000000E00320DE
:10BF2000042408241FFC0024000000001F98108433
:10BF300011041104108810700000000007F0088838
:10BF40001104110418880070000000001C0010008B
:10BF500010FC13001C001000000000000E381144FB
:10BF60001084108411440E38000000000700088C73
:10BF700010441044088807F0000000000000000092
:10BF8000030C030C00000000000000000000000192
:10BF900001060000000000000000000000800140D9
:10BFA00002200410080810040000022002200220D1
:10BFB00002200220022002200000000010040808D5
:10BFC0000410022001400080000000000E0012005A
:10BFD000100C106C10800F00000003E00C1813E42C
:10BFE000142417C4082807D000000004003C03C430
:10BFF0001C40074000E4001C000410041FFC110456
:10C00000110411040E880070000003E00C181004E5
:10C010001004100410081C10000010041FFC100471
:10C0200010041004080807F0000010041FFC11049D
:10C03000110417C410040818000010041FFC110498
:10C04000110017C010000800000003E00C181004D5
:10C05000100410441C780040000010041FFC1084E1
:10C060000080008010841FFC1004000010041004E5
:10C070001FFC100410040000000000030001100168
:10C0800010011FFE10001000000010041FFC11041E
:10C0900003801464181C1004000010041FFC10041A
:10C0A000000400040004000C000010041FFC1F002A
:10C0B00000FC1F001FFC1004000010041FFC0C04F7
:10C0C000030000E010181FFC100007F0080810041F
:10C0D00010041004080807F0000010041FFC10846E
:10C0E0001080108010800F00000007F00818102446
:10C0F0001024101C080A07F2000010041FFC110491
:10C10000110011C011300E0C000400000E1C1104AF
:10C110001084108410441C38000018001000100413
:10C120001FFC100410001800000010001FF810047D
:10C130000004000410041FF8100010001E0011E09D
:10C14000001C007013801C0010001FC0103C00E099
:10C150001F0000E0103C1FC000001004180C163433
:10C1600001C001C01634180C100410001C00130488
:10C1700000FC13041C00100000000804101C1064D4
:10C18000108413041C0410180000000000000000BC
:10C190007FFE4002400240020000000030000C0020
:10C1A00003800060001C0003000000004002400209
:10C1B00040027FFE000000000000000000002000A0
:10C1C000400040004000200000000001000100018C
:10C1D00000010001000100010001000040004000DA
:10C1E0002000000000000000000000000098012472
:10C1F00001440144014400FC000410001FFC0088BD
:10C200000104010400880070000000000070008834
:10C21000010401040104008800000000007000888F
:10C220000104010411081FFC0004000000F801448F
:10C2300001440144014400C800000000010401045D
:10C240000FFC1104110411001800000000D6012990
:10C250000129012901C90106000010041FFC008406
:10C2600001000100010400FC0004000001041904A5
:10C2700019FC00040004000000000000000300019D
:10C280000101190119FE0000000010041FFC002428
:10C29000004001B4010C010400000000100410046F
:10C2A0001FFC0004000400000000010401FC010464
:10C2B000010001FC0104010000FC010401FC0084F8
:10C2C00001000100010400FC0004000000F801046A
:10C2D00001040104010400F80000010101FF0085D0
:10C2E0000104010400880070000000000070008854
:10C2F00001040104010501FF00010104010401FC26
:10C3000000840104010001800000000000CC012431
:10C310000124012401240198000000000100010013
:10C3200007F80104010400000000010001F8000406
:10C3300000040004010801FC0004010001800170F8
:10C34000000C001001600180010001F0010C0030C0
:10C3500001C00030010C01F0010000000104018C5B
:10C3600000740170018C0104000001010181017160
:10C37000000E001801600180010000000184010C22
:10C38000013401440184010C0000000000000000A1
:10C39000000001003EFC40024002000000000000DE
:10C3A0000000FFFF0000000000000000400240020B
:10C3B0003EFC010000000000000000006000800062
:10C3C00080004000400020002000B5A5101008208B
:10C3D00004483FFC210821083FF8210821083FF8C4
:10C3E00021000104FFFE010001000100BBF7010074
:10C3F000010001087FFC0100010001000104FFFEB3
:10C40000010001002108210821083FF82008D3C3BA
:10C4100000083FFC2108210821083FF821082108D5
:10C4200021083FF8210821082108410841288010EF
:10C43000BBA70100008000843FFE200420042004EC
:10C440003FFC20042000200020002000400040008D
:10C450008000B0B410401020100013FEFA02144403
:10C4600010403FFED08810881108109010601050C6
:10C47000508C2304BCFC20102710397C411482FE10
:10C480007A14247C2710F97C2110251422FE2A100E
:10C4900035102896007CC8B700400440FE78109004
:10C4A000112423FE25247D24A5FC2524252425FCF8
:10C4B00025243D242224040CC8CF004040403040B5
:10C4C000104000400040F0A010A010A0111011106A
:10C4D00015101A08120804060804BFAA00087FFCF9
:10C4E00008200820082008200824FFFE0820082033
:10C4F000082008201020102020204020CABC104016
:10C50000104010401080FC88250427FE24022404DB
:10C5100049FE290411042904450485FC0104B5E3FE
:10C5200002000200020803FC020002103FF8201083
:10C53000201020103FF00000291024C8444480043B
:10C54000BCCC10201220222023244AACFA701220E6
:10C5500023FC4220FA7042AC03241A20E22443FE5A
:10C560000000D0F81040105023F820404840FFFC55
:10C57000112420A84220F92407FE00401C60E0900E
:10C58000410C0204CBAB00000004FDFE0484448493
:10C5900044842888284810481050282028304450C7
:10C5A0004488810E0604CDCB03F84208320813F804
:10C5B00002080208F3FC120812D012201290130C89
:10C5C00012042800440603FCB3F601000100210810
:10C5D0002108210821083FF82108010041044104F5
:10C5E0004104410441047FFC4004D7AA104010409C
:10C5F0001048FDFC204028444BFE7C80088009FC4C
:10C600001C08E8104890086008200810B6AF0040E9
:10C6100008407C40004405FEFE4410441044204481
:10C6200024444284FE844104010402280410B5E736
:10C630000200020002107FF8421042107FF0421008
:10C6400042107FF0421002000204020401FC0000CC
:10C65000CEBB088008400840100817FC3000520884
:10C66000920811101110109010A010241FFE10003D
:10C670001000C6F73EF82288228822883EF8012062
:10C680000114FFFE02800C603018FEFE2288228812
:10C6900022883EF8BCDC100010087EFC128812884C
:10C6A00012882AF844800104FFFE03800540092017
:10C6B000111C61080100BFD5020001007FFE40028D
:10C6C00084440C301018200800003FF801000100DD
:10C6D00001000104FFFE0000C2D61040104020A05F
:10C6E000FCA021105108520EFD04111011301DC084
:10C6F000F1005104110410FC1000B3B5020002084F
:10C700007FFC04000900110021203FF0010001041A
:10C71000FFFE01000100010001000100BAF300105A
:10C7200000783F80200020043FFE2000200827FCE6
:10C730002408240824084408440887F80408B8DFBB
:10C7400002000104FFFE00001FF0101010101FF087
:10C7500000047FFE40044FE4482448244FE4400C8A
:10C76000CBD90040404437FE104007FC0444F44459
:10C7700017FC144410E0115812481440284647FC96
:10C780000000BDF80220422022282FFC02200220B7
:10C79000E22022282FFC22202220222024205026A2
:10C7A0008FFC0000C8EB0400020001000100010042
:10C7B00002800280028004400440082008201010FB
:10C7C0002010400E8004BBFA1000101011F8111058
:10C7D000FD10111031103910551051109110111019
:10C7E00011121212140E1800BBCE00083FFC2008D4
:10C7F0003FF820083FF8010011100924FFFE044013
:10C800000440044008421042603EB9DB000801FCCD
:10C810007D08052845282928292811481148294834
:10C82000256844A080A001220622181EB2EC020056
:10C8300001007FFE48028EF412902C60682017D011
:10C84000200E5FF481000920111825080200CAFD9E
:10C85000084049402A400884FFFE19082C884A886D
:10C860001088FE902250222014501888250E420471
:10C87000BEDD100413FE12041204FFFC1220162465
:10C880001BFE3220D22413FE15041504150459FC96
:10C890002104C1F900000400020003000104FFFEAE
:10C8A0000000000004400C2008101018100C200C90
:10C8B00040040000C2B704407E4044FC4588465016
:10C8C00044207C50508E13045DFE510451045104E9
:10C8D0005D04E1FC0104B6E6084010203C0025FEA2
:10C8E00035022E042480FC88249034A02CC024809F
:10C8F00024844484947C0800BCC60040204010403E
:10C90000104000400044F7FE10401040104010401E
:10C9100012401440184010400040B7E410801080CE
:10C9200010FC15887E50542054DE572454F87C2087
:10C9300051FC14201DFCE42040200020C3F90040DD
:10C9400008887DFC49084948490849284910490494
:10C9500049FE7804482407F4000400140008B9D8FC
:10C9600010100818042004487FFC01000100010495
:10C97000FFFE01000280028004400830300EC00437
:10C98000B2A61040105012481240FFFE10801480D2
:10C9900018F811083190D250122014501888510EF6
:10C9A0002204CAB9104010441FFE204027FC6444F2
:10C9B000A444244427FC24442240218020C0213068
:10C9C000260E2804C4DC10801088249844A0FEC0E1
:10C9D00002847C84447C7C00448844987CA044C0CD
:10C9E00044825482487EC0B608200824FFFE0820F6
:10C9F000049024F825002640242004083FFC244805
:10CA000024482448FFFE0000D1C000087FFC0040FD
:10CA100010401040204020447FFE0140024004406E
:10CA200008403040C04001400080B7A20100112002
:10CA3000111021047FFE0200020007F006100A20F8
:10CA400009401080214042308C0E3004CBCD0208CA
:10CA5000411030A017FC00400040F0441FFE104081
:10CA60001040108010A011182A08440603FCBDD302
:10CA70001080104817FC1000FD1010A017FC188043
:10CA80003084DFFE1090111010A010605098230821
:10CA9000CAD5088008800880488448FE490849882B
:10CAA0004A88488858506850482008500888090E1D
:10CAB0000E04B5C41040104022447F7E42844304DB
:10CAC000420442847E6442244204420442047E04BE
:10CAD00042280010A3BA000000000000000000007F
:10CAE000000006000F000F000600000006000F0007
:10CAF0000F0006000000A1A10000000000000000DF
:10CB00000000000000000000000000000000000025
:10CB10000000000000000000C4A3111011141FFE4B
:10CB20001110FD1813FC32083BF8560853F89040DA
:10CB30001FFE104010B0110E1604CABD008000A0E8
:10CB400000900084FFFE008000803E800880084046
:10CB5000084009200E227012200A0004C7EB00488A
:10CB600047FC204023F80040EFFE200823FC220869
:10CB700023F8220823F82A08320822280210CDD3ED
:10CB800000407C20440049FE490252044880488805
:10CB9000449044E04480688050824082407E40005F
:10CBA000C2DD100411FE112415FC7F2455FC542015
:10CBB000544855F07C2451FC14201CA8E52642A2C0
:10CBC0000040D2C70800088008641224120432080A
:10CBD00051089110109010A0104010A011101208D0
:10CBE000140E1804BAEC1000100823FC2020442076
:10CBF000F820102020204020FC20402000201C2075
:10CC0000E02447FE0000B5C61000100417FE1020F7
:10CC10005420582050209020102010201020282030
:10CC20002420442080A00040B3A30100111009205B
:10CC30007FFE40028FE408200FE001101FF8111062
:10CC400011101110115001200100C1C101087FFC19
:10CC500000101FF8101010101FF000007FFE40227F
:10CC60008FF40820082008221022601ED0A10100A5
:10CC7000010001000100010005400520091009081C
:10CC80001104210441000100010005000200CFDF72
:10CC90000840085010481040227C7FC00844107E95
:10CCA00023C07C48005000201C60E092430A00062C
:10CCB000C1AC008040882FFC210001400250E7F801
:10CCC0002040204020482FFC2040204050468FFC30
:10CCD0000000C5D4020001087FFC082004407FFE4C
:10CCE000420281047FFC040007F0041008100810C1
:10CCF00010A06040B1DF008020801080108807FC09
:10CD00000088F088108811081108110812501420AA
:10CD1000280647FC0000B4AE010001083FFC2108D2
:10CD200021083FF8010001047FFE410441047FFC1B
:10CD30004104010001000100BFDA000000083FFCCF
:10CD400020082008200820082008200820082008A3
:10CD500020083FF8200800000000D6D001000100A4
:10CD600001047FFE41044104410441047FFC41046D
:10CD7000010001000100010001000100BCE42004E9
:10CD80001BFE080440244FF44824482448244FE460
:10CD90004824482448244FE4482440144008D7B489
:10CDA000084008500848484028442FFE08400840E2
:10CDB00018A028A04910C91009080A0E0C04080080
:10CDC000CCAC01000104FFFE0100028004400A30E7
:10CDD000310EC0040200291029082824482407E045
:10CDE0000000CFF20200040008047FFE400440244B
:10CDF0004FF448244824482448244FE4482440045D
:10CE000040144008D7F3020002000208FFFC0400AF
:10CE10000400040008100FF810801080208040806B
:10CE200080847FFE0000D3D2020002000204FFFED5
:10CE300004000400080008081FFC280848088808A7
:10CE4000080808080FF80808C7B010100C30044490
:10CE5000FFFE00003E08224822483E482248224861
:10CE60003E48220822082A282410CDA3108010480A
:10CE700017FC200023F86208A3F820002FFE2802E8
:10CE800033F420402040204021402080D6B90100CA
:10CE90000100010011001100111011F81100110022
:10CEA00011001100110011001104FFFE0000BDE18E
:10CEB00008200820102423FE4420782009FC1000BC
:10CEC00020047DFE010401040D04710421FC010411
:10CED000CEB200083FFC200820083FF820202FF0A9
:10CEE000210821FC2F00210821FC5F004102810262
:10CEF00000FEB2A800404040304017FC0444844883
:10CF000044400FF814082510E4A0244028A029105C
:10CF1000320E2404CCD810401040504853FC7C40C2
:10CF2000904417FE18103014D7FE11101090109076
:10CF3000101010501020C2CA020001087FFC01002E
:10CF400042442788111022484FE401200104FFFECB
:10CF50000100010001000100D0D008080BFC100006
:10CF600020004000080417FE3010501090101010E0
:10CF700010101010101010501020BCB400047EFED1
:10CF8000428442847E84428442847E84408444A4D9
:10CF900044944A887280408000800080BDAB10803D
:10CFA000108011F89108731034A0104010941FFEE7
:10CFB00030105210D1901090101010501020D6CA7E
:10CFC00000783F80208020843FFE208020882FFC36
:10CFD0002808288828882888490842708C0C300442
:10CFE000BCEC1040104010A010A0FD10120E35F443
:10CFF000300058405648914C1148115010041FFE03
:10D000001000BBD8000000047FFE4004404447E409
:10D01000444444444444444447C4444440047FFC9E
:10D0200040040000B5BD01047F84080410242224BC
:10D0300041247FA408A40A247F2408240824080487
:10D040000F84F8140008B5B101002108191809204F
:10D05000010001087FFC0008000800083FF80008F4
:10D06000000800087FF80008D0CD01047F84122456
:10D0700012241224FFA4122412241204231441089F
:10D080007FFC01000104FFFE0000CFC80100110079
:10D0900011101FF8110021000104FFFE048004801C
:10D0A0000480088008821082207E4000D4C42004BE
:10D0B00017FE5004444442844FE4482448244FE47B
:10D0C0004AA442844294449448745004400CB6C12B
:10D0D0000020202813FC1020002007FEF09210549E
:10D0E0001110109417FE102014201850108C0304F7
:10D0F000CAD6001000F87F00010001103FF80100BF
:10D1000001000104FFFE0100010001000100050013
:10D110000200B2E102081F7C12481248124812486D
:10D120001248FFFE1248124812481248124812488C
:10D1300026A84110B5A5208011007FC044407FC0C3
:10D1400044407FC00400FFE0040004000400BBF77B
:10D15000040004007FC004000400FFE00400444019
:10D16000444044407FC00040BCCC2080248046A086
:10D1700095C0E48027E04480F5C006A03480C480D8
:10D1800007E0D0F8210027C0410097E0E02022808E
:10D190004580F2800FE03100C2400C20CBAB000094
:10D1A000FBE00A200A208A20514051402080208044
:10D1B000514052408420CDCB4FC028400FC0084082
:10D1C000EFC02A2029402A802C40284050008FE0C0
:10D1D000B3F604004440444044407FC004000400CF
:10D1E000842084208420FFE00020C7EB82005FE0E1
:10D1F00002000FC0C2005FE048404FC048404FC02F
:10D20000684048C0D7AA41004100EFC04200A200D8
:10D21000AFE0F40027C03040E68021802040B6AF68
:10D2200001007100010003E0F9202120412051207C
:10D230008920FA20022004C0B5E708000800FF801A
:10D2400088808880FF8088808880FF8088200820F0
:10D2500007E0CEBB2200210040005FE0C000484054
:10D26000484044404480448041005FE0C6F77BC0B2
:10D270004A407BC004800440FFE00A003180C06067
:10D280007BC04A407BC0A3BA000000000000000041
:10D2900030003000000000003000300000000000CE
:10D2A000CDCB4FC028400FC00840EFC02A202940F6
:10D2B0002A802C40284050008FE0B3F60400444000
:10D2C000444044407FC00400040084208420842023
:10D2D000FFE00020C7B020801100FFE000007C408C
:10D2E00045407D4045407D40454044404CC0D0E8ED
:10D2F0007FC00400FFE0B5A0040075C00000FFE09F
:10D3000004007FC04A404AC0B5F78FE0482009209A
:10D310000BA0C9204FE048204BA04AA06BA048209A
:10D3200010E0BBD800007FE0402040204F20492083
:10D3300049204F20402040207FE04020D4AD000015
:10D340007FE044005FC050405FC050405FC042007B
:10D350004A805240A620B3B508000800FFE0100044
:10D36000240044007FC004000400FFE00400040027
:10D37000D0CD00207EA024A024A0FEA024A0442084
:10D38000806004007FC00400FFE000000000000097
:10D390004FBB610567ACDD3F182D4454FB21E93FCD
:10D3A0009BF681D20B73EF3F182D4454FB21F93FBC
:10D3B000E2652F227F2B7A3C075C143326A6813C42
:10D3C000BDCBF07A8807703C075C143326A6913CED
:10D3D000C4EB98999999C9BF711623FEC671BCBF59
:10D3E0006D9A74AFF2B0B3BF9AFDDE522DDEADBFC1
:10D3F0002F6C6A2C44B4A2BF0D5555555555D53FD9
:10D40000FF8300922449C23F6E204CC5CD45B73FF3
:10D41000513DD0A0660DB13FEB0D76244B7BA93F6B
:10D4200011DA22E33AAD903F000000000000F03F27
:10D43000000000000000F83F0000000000000000B5
:10D440000000004003B8E23F0000000000000000C0
:10D4500006D0CF43EBFD4C3E033333333333E33F4E
:10D46000FFAB6FDBB66DDB3F4D268F515555D53F7A
:10D4700001411DA96074D13F65DBC9934A86CD3F48
:10D48000EF4E454A287ECA3F3E5555555555C53F36
:10D4900093BDBE166CC166BF2CDE25AF6A56113F28
:10D4A000F16BD2C541BDBBBED0A4BE726937663E2A
:10D4B000000000000000000000004054FB21F93F84
:10D4C0003163621A61B4D03D0000601A61B4D03D8E
:10D4D0007370032E8A19A33B0000002E8A19A33B08
:10D4E000C14920259A837B3900000000000000001C
:10D4F0006E83F9A22915444ED15727FCC0DD34F5BF
:10D50000999562DB4190433CAB6351FE61C5BBDE44
:10D510003A6E24B7E0D24D42EA2E49061C92D10958
:10D520001CEB1DFE3EA729B1F53582E88444BB2ED5
:10D5300026709CE9417E5FB439D69139F439538322
:10D540008B5F849C3B28F9BDFF97F81F0F9805DE81
:10D550008B112FEF1F6D0A5ACF7E366DB709CB277F
:10D56000663F464F2DEA5F9EC7BA27757BF1E5EB14
:10D57000F739073DEA92528AB15FFB6B085D8D1F58
:10D580007AFE10111111C13F37D60684F464963F1C
:10D59000280356C9226D6D3F0165F2F2D844433F1E
:10D5A000A69237A0887E143F735360DBCB75F3BE21
:10D5B000FE41B31BBAA1AB3F93846EE9E326823FE1
:10D5C0001583E0FEC8DB573F68108D1AF726303F01
:10D5D000E9A7F0320FB8123FD47ABF74702AFB3E2D
:10D5E00000D600080000002064020000C40100080A
:10D5F00068D60008640200201C5F000020020008BA
:10D6000051847A030A780901020304060708091005
:10D6100001135AF4156B0142241202120312041270
:10D62000051206120712081209120A120B120C1226
:10D630000D120E120F0215100B1CDC0504012C2913
:10D64000B4E9B8014C1AAA01091B805123FA435AC4
:10D65000960401161A2C290A19F4041119F8034E1C
:08D660009F41024764023B19DF
:040000050800018965
:00000001FF
